類・品目,教養娯楽,教養娯楽用耐久財,テレビ,携帯型オーディオプレーヤー,電子辞書,ビデオレコーダー,パソコン（デスクトップ型）,パソコン（ノート型）,プリンタ,カメラ,ビデオカメラ,ピアノ,学習机,教養娯楽用品,文房具,ボールペン,マーキングペン,ノートブック,ＯＡ用紙,セロハン粘着テープ,筆入れ,運動用具,ゴルフクラブ,グローブ,テニスラケット,釣ざお,トレーニングパンツ,水着,がん具,家庭用ゲーム機（据置型）,家庭用ゲーム機（携帯型）,ゲームソフト,人形,がん具自動車,組立がん具,切り花,切り花（カーネーション）,切り花（きく）,切り花（バラ）,他の娯楽用品,記録型ディスク,メモリーカード,コンパクトディスク,ビデオソフト,ペットフード（ドッグフード）,ペットフード（キャットフード）,植木鉢,園芸用土,園芸用肥料,乾電池,プリンタ用インク,書籍・他の印刷物,新聞代,新聞代,新聞代（地方・ブロック紙）,新聞代（全国紙）,雑誌,月刊誌,週刊誌,書籍,辞書,単行本Ａ,単行本Ｂ,教養娯楽サービス,宿泊料,宿泊料,パック旅行,外国パック旅行,月謝類,月謝（英会話）,月謝（書道）,月謝（音楽）,月謝（ダンス）,月謝（水泳）,月謝（料理）,自動車教習料,他の教養娯楽サービス,受信料,放送受信料（ＮＨＫ）,放送受信料（ケーブル）,放送受信料（ＮＨＫ・ケーブル以外）,入場・ゲーム代,映画観覧料,演劇観覧料,サッカー観覧料,プロ野球観覧料,ゴルフ練習料金,ゴルフプレー料金,テニスコート使用料,ボウリングゲーム代,プール使用料,フィットネスクラブ使用料,美術館入館料,テーマパーク入場料,競馬場入場料,カラオケルーム使用料,他の娯楽サービス,写真プリント代,ビデオソフトレンタル料,インターネット接続料,音楽ダウンロード料,獣医代,ペット美容院代,諸雑費,理美容サービス,入浴料,理髪料,パーマネント代,ヘアーカット代,ヘアカラーリング代,エステティック料金,理美容用品,理容器具,電気かみそり,歯ブラシ,石けん類,化粧石けん,ボディーソープ,洗顔料,シャンプー,ヘアコンディショナー,歯磨き,化粧品,整髪料,ヘアートニック,化粧クリームＡ,化粧クリームＢ,化粧水,乳液Ａ,乳液Ｂ,ファンデーションＡ,ファンデーションＢ,口紅Ａ,口紅Ｂ,ヘアカラー,身の回り用品,かばん類,ハンドバッグ,ハンドバッグ（輸入品）,通学用かばん,旅行用かばん,腕時計・指輪,指輪,腕時計,他の身の回り用品,男子洋傘,ハンカチーフ,たばこ,たばこ（国産品）,たばこ（輸入品）,他の諸雑費,傷害保険料,保育所保育料,介護料,印鑑証明手数料,戸籍抄本手数料,パスポート取得料,振込手数料,生鮮食品,生鮮魚介（再掲）,生鮮野菜（再掲）,生鮮果物（再掲）,生鮮食品を除く総合,生鮮食品を除く食料,持家の帰属家賃を除く総合,持家の帰属家賃を除く住居,持家の帰属家賃を除く家賃,持家の帰属家賃及び生鮮食品を除く総合,エネルギー,食料（酒類を除く）及びエネルギーを除く総合,教育関係費,教養娯楽関係費,情報通信関係費
Group/Item,Culture & recreation,Recreational durable goods,TV sets,Mobile audio players,Electronic dictionaries,Video recorders,Personal computers (desktop),Personal computers (notes),PC Printers,Cameras,Video cameras,Pianos,Desks,Recreational goods,Stationery,Ball-point pens,Marking pens,Notebooks,Papers for office automation,Cellophane adhesive tape,Pencil cases,Sporting goods,Golf clubs,Baseball gloves,Tennis rackets,Fishing rods,Pants for exercise,Swimming suits,Toys,TV games (stationary),TV games (portable),Game software,Dolls,Toy cars,Building blocks,Cut flowers,(Carnations),(Chrysanthemums),(Roses),Other recreational goods,Recordable disc media,Memory cards,Compact discs,Video soft wares,Pet foods (dog foods),Pet foods (cat foods),Flowerpots,Gardening earth,Horticultural fertilizer,Dry batteries,Ink cartridges for printer,Books & other reading materials,Newspapers,Newspapers,(local･block),(national),Magazines,Monthly magazines,Weekly magazines,Books,Dictionaries,Books-A,Books-B,Recreational services,Hotel charges,Hotel charges,Package tours,Package tours to overseas,Lesson fees,(English conversation school),(calligraphy school),(music school),(dancing school),(swimming school),(cooking school),"Lesson fees, driving school",Other recreational services,Charges for TV license,Charges for NHK TV license,Charges for cable TV license,Charges for other TV license,Admission & game charges,"Admission, movies","Admission, theater","Admission, soccer","Admission, professional baseball games",Charges for practicing golf,Charges for playing golf,Tennis court charges,"Game charges, bowling",Swimming pool charges,Fitness club fees,Admission fees to the art museum,Admission fees to the theme park,Admission fees to the racecourse,"""karaoke room"" charges",Other recreational services,Photo processing charges,Charges for video rental,Internet connection charges,Music download service fees,Veterinary surgeon fees,Grooming parlor fees,Miscellaneous,Personal care services,Bathing charges,Men's haircut charges,Permanent wave charges,Women's haircut charges,Hair dyeing charges,Charges for beauty-treatment,Toilet articles,Toilet utensils,Electric shavers,Toothbrushes,Soap & others,Toilet soap,Body soaps,Facial wash,Shampoo,Hair conditioner,Toothpaste,Cosmetics,Hair liquid,Hair tonic,Face cream-A,Face cream-B,Toilet lotion,Milky lotion-A,Milky lotion-B,Foundation-A,Foundation-B,Lipsticks-A,Lipsticks-B,Hair dyeing,Personal effects,Bags,Handbags,Handbags (imported),School knapsacks,Suitcases,Watches & rings,Rings,Wrist watches,Other personal effects,Men's umbrellas,Handkerchiefs,Tobacco,(domestics),(imported),Other miscellaneous,Charges for accident insurance,Nursery school fees,Charges for nursing care,Charges for certificates of registered stamps,Charges for certificates of permanent registration,Charges for acquisition of passport,Charges for transfer commission,Fresh food,Fresh fish & seafood (reentry),Fresh vegetables (reentry),Fresh fruits (reentry),"All items, less fresh food","Food, less fresh food","All items, less imputed rent","Housing, less imputed rent","Rent, less imputed rent","All items, less imputed rent & fresh food",Energy,"All items, less food (less alcoholic beverages) and energy",Expenses for education,Expenses for culture & recreation,Expenses for information & communication
類・品目符号(Group/Item code),0122,0123,9013,9033,9082,9034,9078,9079,9081,9043,9042,9051,9061,0128,0129,9111,9115,9121,9127,9124,9125,0130,9142,9141,9143,9144,9145,9149,0131,9154,9155,9156,9151,9152,9153,0132,9181,9182,9183,0133,9198,9199,9172,9174,9193,9196,9191,9190,9189,9195,9128,0134,0135,9200,9204,9205,0136,9226,9230,0137,9251,9261,9263,0138,0139,9300,0177,9305,0140,9328,9329,9326,9319,9313,9317,9320,0141,0142,9330,9368,9367,0143,9341,9342,9345,9350,9353,9357,9358,9361,9359,9362,9374,9372,9379,9395,0144,9382,9391,9397,9403,9396,9188,0145,0146,9504,9511,9521,9531,9532,9505,0147,0148,9602,9611,0149,9621,9626,9627,9622,9624,9623,0150,9631,9641,9650,9652,9661,9690,9692,9670,9672,9680,9682,9625,0151,0152,9721,9722,9711,9731,0153,9741,9751,0154,9701,9761,0155,9799,9798,0156,9928,9921,9914,9901,9911,9912,9920,0157,0158,0159,0160,0161,0172,0163,0164,0165,0166,0167,0168,0162,0173,0169
含類総連番(Serial number),578,579,580,581,582,583,584,585,586,587,588,589,590,591,592,593,594,595,596,597,598,599,600,601,602,603,604,605,606,607,608,609,610,611,612,613,614,615,616,617,618,619,620,621,622,623,624,625,626,627,628,629,630,631,632,633,634,635,636,637,638,639,640,641,642,643,644,645,646,647,648,649,650,651,652,653,654,655,656,657,658,659,660,661,662,663,664,665,666,667,668,669,670,671,672,673,674,675,676,677,678,679,680,681,682,683,684,685,686,687,688,689,690,691,692,693,694,695,696,697,698,699,700,701,702,703,704,705,706,707,708,709,710,711,712,713,714,715,716,717,718,719,720,721,722,723,724,725,726,727,728,729,730,731,732,733,734,735,736,737,738,739,740,741,742,743,744,745,746,747,748,749,750
ウエイト(Weight),361490033,53953767,30557016,667605,1427629,4109028,3181369,6362711,1060597,2243601,1050617,2380142,913452,68666913,7087127,839584,559698,1848016,1848016,569159,1422654,15460827,1448557,250500,250500,1751923,9146389,2612958,8313865,706463,706463,2008140,978597,1957101,1957101,10481940,2621194,5239552,2621194,27323154,757336,504383,2267294,1511269,4927425,3696432,1894799,2843208,4738767,1789295,2392946,44733243,30337359,30337359,12671123,17666236,4719863,3776496,943367,9676021,483315,2419530,6773176,194136110,33912611,33912611,16577852,16577852,33452649,3218034,3513497,7319238,4932917,10408757,646106,3414100,110192998,24531146,13672595,9307859,1550692,43461136,5488637,3658637,517978,1541427,1379943,13183224,345075,689077,1034122,4500098,3001933,6172426,648877,1299682,42200716,4484117,1466355,25626407,846738,5949803,3827296,179635015,37344406,5619803,10066209,8150613,8771099,2488632,2248050,43764297,2662005,1479201,1182804,11667183,913341,1826323,1826323,2981222,2195209,1924765,29435109,2519840,1356598,6636175,737115,7328754,2203312,389076,3114554,777893,1089039,466992,2815761,19974306,13929990,5208163,5208163,1913898,1599766,3707452,1534256,2173196,2336864,1471921,864943,16643680,9986409,6657271,61908326,38565800,16426097,3630449,821495,821495,821495,821495,125020321,40456237,55384707,29179377,3032966069,672508078,2665834914,178117385,96833670,2540814593,243745915,2156138193,130460394,391175486,148323958
ウエイト１万分比(Weight per 10000),1145,171,97,2,5,13,10,20,3,7,3,8,3,217,22,3,2,6,6,2,5,49,5,1,1,6,29,8,26,2,2,6,3,6,6,33,8,17,8,87,2,2,7,5,16,12,6,9,15,6,8,142,96,96,40,56,15,12,3,31,2,8,21,615,107,107,52,52,106,10,11,23,16,33,2,11,349,78,43,29,5,138,17,12,2,5,4,42,1,2,3,14,10,20,2,4,134,14,5,81,3,19,12,569,118,18,32,26,28,8,7,139,8,5,4,37,3,6,6,9,7,6,93,8,4,21,2,23,7,1,10,2,3,1,9,63,44,16,16,6,5,12,5,7,7,5,3,53,32,21,196,122,52,11,3,3,3,3,396,128,175,92,9604,2130,8442,564,307,8046,772,6828,413,1239,470
197001,38.4,1361.2,,,,,,,,2330.6,,36.1,,38.6,32.6,62.3,,27.9,,,30.1,37.4,,19.9,,,42.9,,65.8,,,,54.1,,,20.7,20.3,22.1,,62.7,,,,,,,,,,,,19.9,19.0,19.0,,,28.8,,21.9,18.5,26.4,19.3,,24.7,27.5,27.5,,,13.7,,,,,,10.6,14.0,43.9,35.4,33.9,,,36.5,26.2,,,13.1,,,,46.5,,,,,,,112.4,,,,,,,29.9,14.8,,14.0,17.8,,,,67.3,102.3,,82.0,75.2,52.2,,,75.1,,100.4,64.2,68.4,51.3,89.7,,46.8,,,48.6,,59.4,,,28.4,24.1,35.2,,16.1,52.1,29.1,13.2,101.2,50.6,75.8,26.2,30.9,30.5,,11.8,,,,14.4,11.1,,,29.7,29.1,27.2,36.1,32.0,32.3,32.6,24.1,28.8,32.8,,31.3,,,
197002,38.6,1358.3,,,,,,,,2322.5,,36.1,,39.2,32.8,62.3,,27.9,,,30.4,37.7,,20.1,,,42.9,,66.0,,,,54.2,,,22.1,20.7,24.5,,62.7,,,,,,,,,,,,20.0,19.0,19.0,,,29.5,,21.9,18.5,26.4,19.3,,24.8,27.6,27.6,,,13.7,,,,,,10.6,14.1,43.9,35.4,33.9,,,36.4,25.8,,,13.1,,,,46.5,,,,,,,112.7,,,,,,,30.0,15.0,,14.1,17.9,,,,67.5,102.5,,82.1,75.2,52.2,,,75.1,,100.4,64.3,69.2,51.6,89.7,,47.0,,,48.6,,59.4,,,28.5,24.4,35.4,,16.4,52.5,29.1,13.2,101.2,50.9,76.2,26.4,30.9,30.5,,11.8,,,,14.4,11.1,,,30.6,28.2,29.3,37.6,32.0,32.4,32.8,24.2,29.0,32.8,,31.4,,,
197003,38.6,1356.8,,,,,,,,2322.5,,36.1,,39.4,33.2,62.3,,28.3,,,31.1,37.8,,20.2,,,42.6,,66.1,,,,54.1,,,22.1,20.2,25.3,,62.9,,,,,,,,,,,,20.0,19.0,19.0,,,28.8,,21.9,18.5,26.4,19.3,,24.8,27.6,27.6,,,13.8,,,,,,10.6,14.1,43.9,35.4,33.9,,,36.4,25.9,,,13.1,,,,46.5,,,,,,,112.7,,,,,,,30.1,15.1,,14.3,18.1,,,,67.8,102.5,,82.1,75.2,52.2,,,75.1,,100.6,64.7,70.9,51.6,89.7,,47.9,,,48.6,,59.4,,,28.8,24.8,35.7,,17.0,53.3,29.1,13.2,101.2,51.2,76.5,26.4,30.9,30.5,,11.8,,,,14.4,11.1,,,32.6,28.9,31.8,41.0,32.1,32.3,33.1,24.4,29.2,32.9,,31.5,,,
197004,39.2,1356.8,,,,,,,,2319.8,,36.1,,39.2,33.2,62.3,,28.4,,,31.4,38.3,,20.9,,,43.0,,67.3,,,,54.2,,,20.8,19.5,23.2,,62.9,,,,,,,,,,,,20.0,19.0,19.0,,,29.5,,21.9,18.5,26.4,19.3,,25.7,27.6,27.6,,,15.4,,,,,,11.7,15.7,44.0,35.4,33.9,,,36.6,26.1,,,13.2,,,,46.5,,,,,,,112.9,,,,,,,30.3,15.3,,14.7,18.4,,,,68.2,102.5,,82.3,75.2,52.2,,,75.1,,100.6,65.1,72.1,51.6,89.7,,49.1,,,48.6,,59.4,,,29.1,25.2,36.3,,17.3,54.1,29.2,13.2,101.3,51.3,76.9,26.5,30.9,30.5,,11.8,,,,14.5,11.1,,,33.4,28.0,34.2,41.7,32.4,32.5,33.3,24.6,29.4,33.2,,31.8,,,
197005,39.2,1355.3,,,,,,,,2317.1,,36.1,,39.2,33.4,60.2,,28.5,,,31.6,38.5,,20.9,,,43.0,,67.8,,,,54.3,,,20.3,19.2,22.4,,63.0,,,,,,,,,,,,20.0,19.0,19.0,,,29.2,,21.9,18.5,26.4,19.3,,25.7,27.6,27.6,,,15.4,,,,,,11.7,15.7,44.0,35.4,33.9,,,36.7,26.1,,,13.2,,,,46.5,,,,,,,112.9,,,,,,,30.5,15.6,,14.7,18.7,,,,68.7,102.5,,82.1,75.2,52.2,,,75.1,,100.5,65.8,72.8,51.7,89.7,,51.3,,,48.6,,59.4,,,29.2,25.3,36.6,,17.3,54.7,29.4,13.2,101.6,51.4,77.1,26.6,30.9,30.5,,11.8,,,,14.5,11.1,,,30.9,26.9,31.9,36.9,32.5,32.5,33.2,24.8,29.7,33.3,,32.0,,,
197006,39.2,1353.8,,,,,,,,2319.8,,36.1,,38.9,33.5,60.2,,28.7,,,31.9,38.6,,21.0,,,43.0,,68.4,,,,54.3,,,18.8,17.6,21.0,,65.5,,,,,,,,,,,,20.2,19.0,19.0,,,30.9,,21.9,18.5,26.4,19.3,,25.7,27.6,27.6,,,15.4,,,,,,11.8,15.7,44.0,35.4,33.9,,,36.7,26.1,,,13.2,,,,46.5,,,,,,,112.9,,,,,,,30.5,15.6,,14.8,18.8,,,,68.9,102.5,,82.2,75.4,52.2,,,75.3,,100.6,66.0,73.9,51.7,89.7,,51.9,,,48.6,,59.4,,,29.2,25.4,36.6,,17.4,54.7,29.4,13.2,101.6,51.4,77.2,26.6,30.9,30.5,,11.8,,,,14.5,11.1,,,30.0,26.6,25.7,43.3,32.6,32.5,33.1,25.1,29.9,33.4,,32.1,,,
197007,39.1,1350.9,,,,,,,,2327.9,,36.1,,38.7,33.6,60.2,,28.8,,,32.0,38.6,,21.0,,,43.1,,68.7,,,,54.6,,,18.2,17.5,19.7,,65.7,,,,,,,,,,,,20.0,19.0,19.0,,,28.9,,21.9,18.5,26.4,19.3,,25.8,27.6,27.6,,,15.4,,,,,,11.8,15.7,44.0,35.4,33.9,,,36.7,26.1,,,13.2,,,,46.5,,,,,,,113.0,,,,,,,30.7,15.9,,15.0,19.0,,,,69.0,102.5,,82.2,75.2,52.2,,,75.3,,100.5,66.3,74.9,51.7,89.7,,52.6,,,48.6,,59.4,,,29.3,25.4,36.7,,17.5,55.0,29.5,13.3,101.5,51.6,77.2,26.7,30.9,30.5,,11.8,,,,14.5,11.1,,,28.8,28.1,23.0,40.4,32.7,32.6,33.1,24.9,30.1,33.5,,32.2,,,
197008,39.4,1358.3,,,,,,,,2352.4,,40.3,,39.2,33.6,59.1,,29.1,,,31.9,38.5,,21.1,,,42.9,,68.8,,,,54.9,,,19.2,18.4,20.8,,65.8,,,,,,,,,,,,20.1,19.0,19.0,,,30.6,,25.0,18.5,26.4,19.3,,25.8,27.6,27.6,,,15.5,,,,,,11.8,15.8,44.0,35.4,33.9,,,36.7,26.3,,,13.2,,,,46.5,,,,,,,113.0,,,,,,,30.8,15.9,,15.1,19.2,,,,69.2,102.6,,82.3,75.4,52.2,,,75.3,,100.5,66.5,75.2,51.9,89.7,,53.2,,,48.6,,59.4,,,29.5,25.6,37.0,,17.5,55.5,29.5,13.3,101.5,51.8,77.2,26.9,30.9,30.5,,11.8,,,,14.5,11.1,,,27.2,29.2,22.7,32.9,32.7,32.9,33.0,25.1,30.4,33.5,,32.2,,,
197009,39.6,1350.9,,,,,,,,2376.8,,40.3,,39.1,33.6,59.2,,29.1,,,31.9,38.4,,21.1,,,42.7,,69.0,,,,55.2,,,18.9,18.3,20.3,,65.9,,,,,,,,,,,,20.0,19.0,19.0,,,29.9,,21.9,18.5,26.4,19.3,,26.2,27.6,27.6,,,16.0,,,,,,11.7,17.1,44.3,35.4,33.9,,,36.7,26.4,,,13.2,,,,46.5,,,,,,,114.3,,,,,,,30.8,16.0,,15.2,19.4,,,,69.3,102.8,,82.6,75.2,52.2,,,75.3,,100.5,66.6,76.8,51.9,89.7,,53.3,,,48.6,,59.4,,,29.6,26.0,37.4,,17.6,56.0,29.6,13.3,101.5,52.1,77.8,27.0,30.9,30.5,,11.8,,,,14.5,11.1,,,29.9,29.9,25.8,38.0,33.1,33.1,33.6,25.3,30.5,33.8,,32.5,,,
197010,39.7,1355.3,,,,,,,,2387.6,,40.3,,39.8,33.8,59.2,,29.4,,,32.2,38.6,,21.1,,,43.0,,69.7,,,,55.3,,,20.4,20.3,21.3,,66.1,,,,,,,,,,,,20.0,19.0,19.0,,,29.5,,21.9,18.5,26.4,19.3,,26.2,27.6,27.6,,,16.1,,,,,,11.7,17.1,44.4,35.4,33.9,,,36.8,26.4,,,13.2,,,,46.5,,,,,,,115.2,,,,,,,30.9,16.3,,15.5,19.7,,,,69.6,103.0,,82.7,75.2,52.1,,,75.3,,100.5,66.8,78.1,51.9,89.7,,53.5,,,48.6,,59.4,,,29.7,26.1,37.7,,17.8,56.2,29.6,13.3,101.5,52.3,78.0,27.1,30.9,30.5,,11.8,,,,14.5,11.1,,,32.1,29.8,32.3,36.9,33.4,33.6,34.1,25.5,30.8,34.2,,32.9,,,
197011,40.1,1364.2,,,,,,,,2452.7,,40.3,,40.1,34.0,59.2,,29.5,,,32.5,38.6,,21.1,,,43.0,,69.8,,,,55.4,,,20.8,20.7,21.9,,66.2,,,,,,,,,,,,21.0,19.0,19.0,,,29.5,,21.9,22.2,33.9,19.3,,26.2,27.7,27.7,,,16.1,,,,,,11.7,17.1,44.5,35.4,33.9,,,36.8,26.4,,,13.2,,,,46.5,,,,,,,115.6,,,,,,,31.1,16.6,,15.8,20.1,,,,69.6,103.0,,82.7,75.2,52.1,,,75.2,,100.5,66.9,78.6,52.0,89.7,,53.6,,,48.6,,59.3,,,29.7,26.2,37.7,,17.8,56.7,29.7,13.3,101.5,52.3,78.1,27.2,30.9,30.5,,11.8,,,,14.5,11.1,,,30.4,30.9,28.8,33.7,33.6,33.9,34.1,25.6,30.9,34.4,,33.1,,,
197012,40.4,1355.3,,,,,,,,2450.0,,40.3,,40.9,34.2,59.2,,29.7,,,32.7,38.8,,21.1,,,43.5,,69.5,,,,55.7,,,23.0,23.0,24.0,,66.2,,,,,,,,,,,,21.4,19.0,19.0,,,33.7,,21.9,22.2,33.9,19.3,,26.2,27.7,27.7,,,16.1,,,,,,11.7,17.1,44.6,35.4,33.9,,,36.8,26.6,,,13.2,,,,46.5,,,,,,,116.5,,,,,,,31.3,16.8,,16.1,20.5,,,,69.8,103.0,,82.8,75.2,52.1,,,75.2,,100.5,67.1,78.9,52.0,89.7,,54.1,,,48.6,,59.4,,,29.9,26.3,37.9,,17.8,57.3,29.7,13.3,101.5,52.4,78.1,27.3,30.9,30.5,,11.8,,,,14.5,11.1,,,30.4,32.6,28.1,32.7,33.9,34.3,34.3,25.9,31.1,34.7,,33.3,,,
197101,40.4,1352.3,,,,,,,,2450.0,,40.3,,41.4,34.4,59.2,,29.8,,,32.8,38.9,,21.3,,,43.5,,69.8,,,,56.0,48.5,,24.1,24.4,24.6,,65.9,,,,,,,,,,,,21.3,19.0,19.0,,,32.0,,25.0,22.2,33.9,19.3,,26.3,27.7,27.7,,,16.3,,,,,,11.7,17.6,45.0,35.4,33.9,,,37.5,28.2,,,13.2,,,,47.2,,,,,,,117.6,179.0,,,,,,31.4,17.1,,16.4,21.1,,,,69.8,103.2,,82.8,75.2,52.1,,,75.2,,100.5,67.1,78.9,52.0,89.7,,54.3,,,48.6,,59.4,,,30.3,27.0,38.7,,18.7,58.3,29.7,13.3,101.5,53.6,79.5,28.3,30.9,30.5,,11.9,,,,14.6,11.1,,,32.3,34.0,31.2,33.4,34.0,34.4,34.7,26.1,31.3,34.8,,33.3,,,
197102,40.5,1342.0,,,,,,,,2450.0,,40.3,,41.7,34.7,59.2,,30.0,,,33.3,39.6,,21.4,,,44.9,,69.4,,,,56.5,47.3,,24.5,24.3,25.7,,65.9,,,,,,,,,,,,21.3,19.0,19.0,,,32.9,,25.0,22.2,33.9,19.3,,26.4,27.7,27.7,,,16.3,,,,,,11.7,17.6,45.0,35.4,33.9,,,37.6,28.2,,,13.2,,,,47.2,,,,,,,117.6,179.0,,,,,,31.6,17.2,,16.4,21.2,,,,71.0,103.3,,83.1,75.2,52.1,,,75.2,,100.5,68.7,79.0,66.5,89.7,,54.3,,,48.6,,59.4,,,30.5,27.3,38.8,,19.2,58.1,29.7,13.3,101.5,53.5,79.5,28.3,30.9,30.5,,11.9,,,,14.6,11.1,,,32.2,33.2,31.1,34.2,34.0,34.5,34.7,26.1,31.5,34.8,,33.4,,,
197103,40.5,1339.1,,,,,,,,2447.3,,40.3,,41.9,34.9,59.2,,30.1,,,33.7,39.8,,21.7,,,45.4,,69.4,,,,56.8,47.2,,24.9,23.7,27.1,,65.9,,,,,,,,,,,,21.3,19.0,19.0,,,32.5,,25.8,22.2,33.9,19.3,,26.4,27.7,27.7,,,16.4,,,,,,11.7,17.6,45.1,35.4,33.9,,,37.9,28.3,,,13.2,,,,47.7,,,,,,,117.5,178.3,,,,,,31.7,17.3,,16.6,21.3,,,,71.0,103.3,,83.1,75.2,52.1,,,75.2,,100.5,68.7,79.0,66.5,89.7,,54.4,,,48.6,,59.4,,,30.5,27.3,38.9,,19.5,57.9,29.7,13.3,101.5,53.5,79.5,28.3,30.9,30.5,,11.9,,,,14.6,11.1,,,31.5,33.5,28.2,35.5,34.2,34.6,34.8,26.3,31.6,35.0,,33.5,,,
197104,42.7,1336.1,,,,,,,,2447.3,,40.3,,41.7,35.0,59.2,,30.2,,,33.9,40.1,,22.1,,,45.4,,70.6,,,,56.9,48.2,,23.7,21.4,27.4,,65.9,,,,,,,,,,,,23.5,22.3,22.3,,,33.1,,25.0,22.2,33.9,19.3,,28.5,30.7,30.7,,,17.7,,,,,,13.4,18.6,45.6,35.4,33.9,,,39.6,28.7,,,14.0,,,,50.2,,,,,,,117.1,176.9,,,,,,31.8,17.5,,16.9,21.6,,,,71.0,103.3,,83.1,75.2,52.1,,,75.1,,100.4,68.7,79.1,66.5,89.7,,54.4,,,48.6,,59.4,,,30.6,27.5,39.4,,19.6,57.5,29.8,13.3,101.4,53.5,79.3,28.3,30.9,30.5,,11.9,,,,14.7,11.1,,,32.3,33.2,29.3,37.7,34.6,34.6,35.2,26.7,32.0,35.4,,34.1,,,
197105,42.6,1330.2,,,,,,,,2441.9,,40.3,,41.5,35.1,59.2,,30.3,,,34.1,40.0,,22.3,,,45.2,,70.7,,,,56.9,47.2,,22.8,22.1,24.6,,65.9,,,,,,,,,,,,23.8,22.8,22.8,,,32.4,,25.0,22.2,33.9,19.3,,28.5,30.7,30.7,,,17.7,,,,,,13.4,18.6,45.6,35.4,33.9,,,39.7,28.7,,,14.0,,,,50.6,,,,,,,116.5,174.3,,,,,,31.8,17.6,,17.0,21.8,,,,71.0,103.3,,83.1,75.2,52.1,,,75.1,,100.4,68.7,79.1,66.5,89.7,,54.5,,,48.6,,59.4,,,30.7,27.6,39.5,,19.7,57.9,29.9,13.3,101.4,53.6,79.3,28.4,30.9,30.5,,11.9,,,,14.7,11.1,,,30.5,33.8,26.3,33.9,34.8,34.8,35.2,27.0,32.3,35.6,,34.4,,,
197106,42.5,1322.8,,,,,,,,2441.9,,40.3,,40.7,35.5,59.2,,31.0,,,34.4,39.7,,22.3,,,44.3,,70.9,,,,56.9,47.2,,20.5,19.3,22.6,,65.9,,,,,,,,,,,,23.9,22.8,22.8,,,33.6,,25.0,22.2,33.9,19.3,,28.5,30.7,30.7,,,17.7,,,,,,13.4,18.6,45.7,35.4,33.9,,,39.8,29.0,,,14.0,,,,50.6,,,,,,,116.6,174.5,,,,,,31.9,17.8,,17.1,21.9,,,,71.0,103.5,,83.1,75.2,52.1,,,75.1,,100.4,68.7,79.0,66.2,89.7,,54.4,,,48.6,,59.4,,,30.7,27.7,39.5,,19.7,57.9,29.9,13.3,101.3,53.6,79.3,28.5,30.9,30.5,,11.9,,,,14.7,11.1,,,30.2,33.7,24.8,35.4,35.1,35.0,35.4,27.1,32.6,35.8,,34.6,,,
197107,42.5,1321.3,,,,,,,,2433.8,,42.1,,40.7,35.6,59.2,,31.1,,,34.7,39.1,,22.5,,,42.5,,71.2,,,,56.9,47.2,,20.7,18.6,23.9,,65.9,,,,,,,,,,,,23.8,22.8,22.8,,,32.6,,26.5,22.2,33.9,19.3,,28.5,30.7,30.7,,,17.7,,,,,,13.4,18.7,45.7,35.4,33.9,,,39.8,29.1,,,14.0,,,,50.6,,,,,,,116.6,174.5,,,,,,32.0,18.0,,17.3,22.1,,,,71.0,103.5,,82.9,75.2,52.2,,,75.2,,100.2,68.7,79.0,66.5,89.7,,54.4,,,48.6,,59.4,,,30.8,27.7,39.6,,19.7,57.6,29.9,13.3,101.2,53.9,79.3,28.8,30.9,30.5,,11.9,,,,14.7,11.1,,,29.1,35.0,18.6,39.1,35.1,35.0,35.3,27.2,32.8,35.8,,34.6,,,
197108,42.6,1321.3,,,,,,,,2420.2,,42.1,,40.8,35.9,59.2,,31.3,,,34.7,39.1,,22.5,,,42.5,,71.3,,,,56.9,47.2,,20.7,19.1,23.5,,65.9,,,,,,,,,,,,24.0,22.8,22.8,,,34.1,,28.0,22.2,33.9,19.3,,28.5,30.7,30.7,,,17.7,,,,,,13.4,18.7,45.7,35.4,33.9,,,40.0,29.1,,,14.0,,,,50.7,,,,,,,116.6,174.5,,,,,,32.1,18.1,,17.5,22.2,,,,71.0,103.7,,82.9,75.2,52.2,,,75.2,,100.2,68.7,78.9,66.5,89.7,,54.3,,,48.6,,59.4,,,30.9,27.8,39.7,,19.8,57.6,30.0,13.3,101.2,53.8,79.3,28.6,30.9,30.5,,11.9,,,,14.7,11.1,,,29.0,36.1,21.4,32.3,35.1,35.3,35.3,27.3,32.8,35.9,,34.4,,,
197109,42.6,1324.3,,,,,,,,2420.2,,42.1,,41.0,36.1,59.2,,31.3,,,34.8,39.1,,22.5,,,42.5,,72.1,,,,57.2,47.6,,21.0,20.2,22.8,,65.9,,,,,,,,,,,,23.8,22.8,22.8,,,33.0,,26.5,22.2,33.9,19.3,,28.6,30.7,30.7,,,17.8,,,,,,13.4,18.7,45.7,35.4,33.9,,,40.3,29.3,,,14.0,,,,51.2,,,,,,,116.7,172.4,,,,,,32.3,18.3,,17.6,22.3,,,,71.0,104.8,,82.9,75.2,52.2,,,75.2,,100.5,68.7,78.9,66.5,89.7,,54.4,,,48.6,,59.4,,,30.9,27.9,39.8,,19.9,58.7,30.0,13.3,101.2,53.9,79.3,28.7,30.9,30.5,,11.9,,,,14.8,11.1,,,35.7,37.0,33.3,39.5,35.4,35.7,36.2,27.4,32.9,36.2,,34.8,,,
197110,42.7,1322.8,,,,,,,,2414.8,,42.1,,41.4,36.3,59.2,,31.4,,,35.3,39.2,,22.5,,,42.6,,72.1,,,,57.6,47.5,,21.7,21.8,22.5,,65.8,,,,,,,,,,,,23.8,22.8,22.8,,,33.4,,26.5,22.2,33.9,19.3,,28.7,30.7,30.7,,,17.9,,,,,,14.4,18.7,45.7,35.4,33.9,,,40.3,29.4,,,14.0,,,,51.2,,,,,,,116.7,172.4,,,,,,32.3,18.4,,17.8,22.5,,,,71.0,104.9,,82.9,75.4,52.2,,,75.3,,100.6,68.7,79.0,66.5,89.7,,54.5,,,48.6,,59.4,,,31.0,28.0,40.0,,19.9,58.7,30.1,13.3,101.2,53.9,79.3,28.7,30.9,30.5,,11.9,,,,14.8,11.1,,,35.2,35.7,33.8,38.5,35.5,35.7,36.3,27.7,33.1,36.3,,34.9,,,
197111,42.7,1322.8,,,,,,,,2409.3,,42.1,,41.2,36.5,59.2,,31.5,,,35.5,39.2,,22.5,,,42.6,,72.2,,,,57.7,47.5,,21.1,21.5,21.4,,65.8,,,,,,,,,,,,23.8,22.8,22.8,,,32.7,,27.3,22.2,33.9,19.3,,28.7,30.7,30.7,,,17.9,,,,,,14.4,18.7,45.9,35.4,33.9,,,40.6,29.4,,,14.0,,,,51.3,,,,,,,116.9,172.5,,,,,,32.4,18.6,,18.1,22.7,,,,71.1,104.9,,82.9,75.4,52.2,,,75.3,,100.6,68.8,79.0,66.5,89.7,,54.6,,,48.6,,59.4,,,31.0,28.0,40.0,,19.9,58.7,30.1,13.3,101.2,53.8,79.2,28.8,30.9,30.5,,11.9,,,,14.8,11.1,,,30.4,33.8,25.3,35.2,35.6,35.8,35.9,27.9,33.4,36.4,,35.0,,,
197112,43.0,1321.3,,,,,,,,2398.5,,42.1,,42.1,36.7,59.2,,31.6,,,35.8,39.2,,22.5,,,42.6,,72.8,,,,57.7,47.6,,23.0,23.9,23.0,,65.8,,,,,,,,,,,,24.3,22.8,22.8,,,37.1,,27.3,22.2,33.9,19.3,,28.7,30.7,30.7,,,18.0,,,,,,14.4,18.7,45.9,35.4,33.9,,,40.6,29.5,,,14.0,,,,51.3,,,,,,,117.1,172.5,,,,,,32.5,19.0,,18.4,23.3,,,,71.0,105.3,,82.9,75.4,52.2,,,75.3,,100.6,68.7,79.0,66.5,89.7,,54.5,,,48.6,,59.4,,,31.0,28.1,40.2,,20.0,58.9,30.1,13.3,101.2,53.8,79.2,28.8,30.9,30.5,,11.9,,,,14.8,11.1,,,29.1,35.0,22.0,33.5,35.7,36.2,35.9,28.1,33.5,36.5,,35.1,,,
197201,43.2,1318.4,,,,,,,,2395.8,,42.1,,42.5,37.1,59.2,,32.1,,,35.7,39.4,,22.4,,,42.2,,73.1,,,,58.2,47.6,,23.9,23.8,24.9,,65.8,,,,,,,,,,,,24.3,22.8,22.8,,,37.9,,28.0,22.2,33.9,19.3,,28.7,30.7,30.7,,,18.1,,,,,,14.4,19.0,46.1,35.4,33.9,,,42.1,31.3,,,14.0,,,,53.4,,,,,,,115.0,165.2,,,,,,32.6,19.1,,18.7,23.6,,,,71.0,105.7,,82.9,75.4,52.2,,,75.3,,100.6,68.7,78.9,66.5,89.7,,54.4,,,48.6,,59.3,,,31.1,28.3,40.2,,20.2,59.0,30.2,13.3,101.3,53.9,79.3,28.8,30.9,30.5,,11.9,,,,14.8,11.1,,,29.8,36.5,22.5,33.7,35.8,36.0,36.0,28.3,33.7,36.5,,35.1,,,
197202,43.2,1318.4,,,,,,,,2395.8,,42.1,,43.2,37.0,59.2,,31.8,,,35.6,39.8,,22.5,,,42.7,,73.1,,,,57.9,47.6,,25.4,25.6,26.1,,65.8,,,,,,,,,,,,24.1,22.8,22.8,,,35.4,,27.3,22.2,33.9,19.3,,28.9,30.7,30.7,,,18.2,,,,,,14.4,19.1,46.1,35.4,33.9,,,42.1,31.3,,,14.0,,,,53.4,,,,,,,115.3,166.0,,,,,,32.7,19.2,,18.7,23.7,,,,71.1,106.4,,83.1,75.4,52.2,,,75.3,,100.6,68.7,79.2,66.5,89.7,,54.4,,,48.6,,59.4,,,31.2,28.4,40.0,,20.7,59.5,30.2,13.4,101.3,53.9,79.3,28.8,30.9,30.5,,11.9,,,,14.8,11.1,,,30.1,35.3,23.7,34.5,35.9,36.0,36.0,28.3,33.8,36.7,,35.3,,,
197203,43.5,1321.3,,,,,,,,2387.6,,42.1,,44.2,37.5,59.2,,32.4,,,36.1,40.3,,23.0,,,42.9,,74.6,,,,57.9,50.3,,26.9,25.4,29.6,,65.8,,,,,,,,,,,,24.3,22.8,22.8,,,35.4,,28.0,23.3,33.9,23.1,,28.9,30.7,30.7,,,18.2,,,,,,14.4,19.1,46.1,35.4,33.9,,,42.2,31.2,,,14.0,,,,53.4,,,,,,,114.9,162.8,,,,,,32.8,19.4,,19.0,24.0,,,,71.2,106.4,,83.1,75.5,52.2,,,75.4,,100.6,68.8,79.2,66.5,89.7,,54.5,,,48.6,,59.4,,,31.3,28.5,40.2,,20.9,59.6,30.3,13.4,101.3,54.0,79.5,28.8,30.9,30.5,,11.9,,,,14.8,11.1,,,31.7,35.3,25.1,39.0,36.1,36.3,36.5,28.5,34.0,36.8,,35.4,,,
197204,44.2,1318.4,,,,,,,,2382.2,,42.1,,44.2,38.2,59.2,,32.6,,,36.6,41.1,,23.1,,,43.9,,74.3,,,,57.7,50.3,,26.0,24.4,28.9,,65.8,,,,,,,,,,,,24.4,22.8,22.8,,,36.1,,27.3,23.3,33.9,23.1,,29.8,30.8,30.8,,,19.9,,,,,,16.0,20.2,46.3,35.4,33.9,,,42.8,31.6,,,15.0,,,,54.1,,,,,,,114.7,162.3,,,,,,32.9,19.7,,19.2,24.3,,,,71.2,106.4,,82.9,75.5,52.2,,,75.4,,100.7,68.8,79.2,66.5,89.7,,54.6,,,48.6,,59.4,,,31.3,28.5,40.0,,21.1,59.9,30.3,13.4,101.5,54.0,79.2,29.0,30.9,30.5,,12.0,,,,15.1,11.1,,,33.2,35.7,28.6,38.8,36.4,36.5,36.8,28.9,34.5,37.1,,35.9,,,
197205,44.5,1324.3,,,,,,,,2602.0,,42.1,,45.6,38.4,59.2,,32.9,,,36.8,41.3,,23.2,,,43.9,,74.8,,,,58.2,50.3,,29.6,32.1,27.9,,65.9,,,,,,,,,,,,24.4,22.8,22.8,,,36.2,,28.0,23.3,33.9,23.1,,29.9,30.8,30.8,,,19.9,,,,,,16.0,20.2,46.3,35.4,33.9,,,42.9,31.7,,,15.0,,,,54.2,,,,,,,115.0,161.8,,,,,,33.0,19.9,,19.4,24.6,,,,71.1,106.4,,82.7,75.4,52.2,,,75.3,,100.6,68.8,79.0,66.5,89.7,,54.6,,,48.6,,59.4,,,31.3,28.4,39.8,,21.0,59.6,30.3,13.4,101.4,53.5,78.7,28.7,30.9,30.5,,12.0,,,,15.1,11.1,,,32.9,35.1,30.7,35.1,36.5,36.4,36.9,29.0,34.8,37.2,,36.1,,,
197206,44.2,1322.8,,,,,,,,2612.8,,42.1,,43.7,38.6,59.2,,33.1,,,36.9,41.3,,23.2,,,43.9,,76.7,,,,58.5,51.2,,22.0,21.4,23.5,,73.3,,,,,,,,,,,,24.5,22.8,22.8,,,36.7,,27.3,23.3,33.9,23.1,,29.9,30.8,30.8,,,19.9,,,,,,16.0,20.3,46.2,35.4,33.9,,,42.9,31.9,,,15.0,,,,54.2,,,,,,,114.3,159.2,,,,,,33.2,20.2,,19.6,24.8,,,,71.1,106.6,,82.7,75.4,52.2,,,75.4,,100.6,68.7,79.0,66.5,89.7,,54.5,,,48.6,,59.4,,,31.5,28.5,39.9,,21.0,60.0,30.8,13.8,101.4,53.7,78.8,28.8,30.9,30.5,,12.0,,,,15.1,11.1,,,31.4,34.7,26.4,36.2,36.8,36.6,36.9,29.3,35.2,37.5,,36.3,,,
197207,44.2,1321.3,,,,,,,,2615.5,,42.1,,44.1,38.9,59.2,,33.3,,,37.5,41.4,,23.4,,,43.9,,76.8,,,,58.5,51.1,,22.3,21.4,24.4,,76.4,,,,,,,,,,,,24.4,22.8,22.8,,,36.1,,27.3,23.3,33.9,23.1,,29.9,30.8,30.8,,,20.0,,,,,,16.0,20.4,46.2,35.4,33.9,,,42.8,31.8,,,15.0,,,,54.1,,,,,,,114.1,158.1,,,,,,33.2,20.4,,19.8,25.3,,,,71.0,106.6,,82.7,75.2,52.0,,,75.4,,100.6,68.7,79.0,66.5,89.7,,54.5,,,48.6,,59.4,,,31.5,28.5,40.1,,21.0,60.0,30.8,13.8,101.3,53.7,78.8,28.8,30.9,30.5,,12.0,,,,15.1,11.1,,,30.5,36.6,23.0,35.1,36.9,36.6,36.9,29.5,35.3,37.5,,36.6,,,
197208,44.4,1321.3,,,,,,,,2621.0,,42.1,,44.8,39.0,59.2,,33.4,,,37.5,41.4,,23.5,,,43.9,,76.2,,,,58.4,50.1,,24.2,22.7,27.1,,76.6,,,,,,,,,,,,24.7,22.8,22.8,,,38.6,,30.2,23.3,33.9,23.1,,29.9,30.8,30.8,,,20.0,,,,,,16.0,20.4,46.2,35.4,33.9,,,42.8,32.1,,,15.0,,,,53.8,,,,,,,113.8,158.1,,,,,,33.3,20.5,,19.9,25.5,,,,71.1,106.7,,82.7,75.4,52.2,,,75.3,,100.6,68.7,79.0,66.5,89.7,,54.5,,,48.6,,59.4,,,31.6,28.6,40.4,,21.0,60.1,30.8,13.8,101.3,53.5,78.5,28.8,30.9,30.5,,12.0,,,,15.1,11.1,,,33.1,37.0,26.8,39.3,36.9,36.7,37.3,29.6,35.5,37.5,,36.4,,,
197209,44.3,1321.3,,,,,,,,2621.0,,42.1,,43.9,39.1,59.2,,33.4,,,37.5,41.7,,23.5,,,44.3,,75.9,,,,58.4,49.9,,21.7,21.2,23.1,,76.7,,,,,,,,,,,,24.5,22.8,22.8,,,37.1,,29.5,23.3,33.9,23.1,,30.1,30.9,30.9,,,20.1,,,,,,16.0,20.5,46.2,35.4,33.9,,,42.9,32.4,,,15.0,,,,53.8,,,,,,,114.1,157.5,,,,,,33.6,20.8,,20.1,25.8,,,,71.1,106.4,,82.5,75.4,52.2,,,75.3,,100.6,68.8,79.1,66.5,89.7,,54.6,,,48.6,,59.4,,,31.9,29.2,41.6,,21.3,60.2,30.9,13.8,101.2,53.8,78.8,28.9,30.9,30.5,,12.1,,,,15.3,11.1,,,33.2,35.9,26.7,41.6,37.1,37.0,37.4,29.6,35.8,37.7,,36.7,,,
197210,44.4,1322.8,,,,,,,,2618.2,,42.1,,44.5,39.1,59.2,,33.5,,,37.5,42.0,,23.9,,,44.7,,76.1,,,,58.6,49.8,,23.0,23.1,23.9,,76.8,,,,,,,,,,,,24.5,22.8,22.8,,,37.3,,29.5,23.3,33.9,23.1,,30.1,30.9,30.9,,,20.1,,,,,,16.0,20.5,46.2,35.4,33.9,,,42.9,32.5,,,15.0,,,,53.7,,,,,,,114.2,157.1,,,,,,33.6,21.1,,20.2,26.4,,,,71.1,106.7,,82.5,75.4,52.2,,,75.3,,100.6,68.8,79.1,66.5,89.7,,54.6,,,48.6,,59.4,,,32.1,29.5,41.9,,21.5,60.3,31.0,13.8,101.2,53.7,78.8,28.9,30.9,30.5,,12.1,,,,15.3,11.1,,,32.1,35.1,26.3,39.0,37.5,37.7,37.8,29.8,36.1,38.1,,37.0,,,
197211,44.7,1325.8,,,,,,,,2618.2,,42.1,,44.6,39.1,58.2,,33.5,,,37.7,41.9,,23.9,,,44.3,,76.7,,,,58.6,49.3,,23.2,23.1,24.3,,77.0,,,,,,,,,,,,25.2,22.8,22.8,,,35.5,,30.2,26.3,40.0,23.1,,30.1,30.9,30.9,,,20.1,,,,,,16.0,20.6,46.2,35.4,33.9,,,42.9,32.6,,,15.0,,,,53.7,,,,,,,114.2,156.8,,,,,,33.9,21.4,,20.6,26.8,,,,71.2,106.9,,82.6,75.4,52.2,,,75.3,,100.6,68.8,79.2,66.5,89.7,,54.5,,,48.6,,59.4,,,32.4,30.0,42.8,,21.8,60.7,31.1,13.8,101.3,53.9,79.0,29.0,30.9,30.5,,12.1,,,,15.3,11.1,,,29.3,35.9,23.3,31.0,37.7,37.9,37.6,30.0,36.3,38.3,,37.1,,,
197212,45.1,1327.3,,,,,,,,2618.2,,42.1,,45.9,39.1,58.2,,33.7,,,37.6,42.1,,24.3,,,44.3,,76.7,,,,58.8,49.3,,26.5,26.8,27.3,,77.0,,,,,,,,,,,,25.7,22.8,22.8,,,40.8,,29.5,26.3,40.0,23.1,,30.1,30.9,30.9,,,20.1,,,,,,16.0,20.6,46.2,35.4,33.9,,,42.9,32.9,,,15.0,,,,53.6,,,,,,,114.1,156.6,,,,,,34.1,21.9,,21.1,27.4,,,,71.2,106.7,,82.6,75.4,52.2,,,75.3,,100.6,68.8,79.2,66.5,89.7,,54.5,,,48.6,,59.4,,,32.7,30.6,44.1,,22.0,61.0,31.3,13.9,101.4,53.9,78.8,29.1,30.9,30.5,,12.1,,,,15.3,11.1,,,29.7,37.2,26.5,25.7,37.9,38.3,37.8,30.2,36.4,38.6,,37.3,,,
197301,45.3,1328.7,,,,,,,,2618.2,,42.1,,46.7,39.5,58.2,,34.3,,,38.1,42.7,,24.7,,,44.3,,77.0,,,,59.2,49.5,,27.9,27.1,30.0,,77.4,,,,,,,,,,,,25.4,22.8,22.8,,,38.0,,31.0,26.3,40.0,23.1,,30.4,30.9,30.9,,,20.7,,,,,,16.5,21.5,46.3,35.4,33.9,,,43.3,35.0,,,15.0,,,,53.3,,,,,,,114.1,154.9,,,,,,34.4,22.3,,21.4,27.8,,,,71.2,107.3,,83.1,75.4,52.2,,,75.3,,100.5,68.8,79.2,66.5,89.7,,54.6,,,48.6,,59.4,,,33.0,31.1,44.6,,22.6,61.3,31.4,13.9,101.9,53.9,78.8,29.2,30.9,30.5,,12.1,,,,15.3,11.1,,,32.0,40.0,29.6,25.9,38.1,38.4,38.2,30.5,36.6,38.7,,37.6,,,
197302,45.6,1328.7,,,,,,,,2615.5,,42.1,,47.5,39.7,58.2,,34.4,,,38.2,44.2,,26.6,,,45.2,,77.4,,,,59.7,49.8,,28.9,27.3,31.7,,77.6,,,,,,,,,,,,25.5,22.8,22.8,,,39.2,,29.5,26.3,40.0,23.1,,30.5,30.9,30.9,,,20.9,,,,,,16.5,21.9,46.4,35.4,33.9,,,43.3,35.0,,,15.0,,,,53.3,,,,,,,114.3,155.3,,,,,,34.2,22.5,,21.7,28.1,,,,67.3,107.6,,83.1,75.4,52.2,,,75.3,,100.5,63.9,79.1,66.5,73.9,,54.6,,,48.6,,59.4,,,33.6,32.1,45.7,,24.0,62.1,31.5,13.9,101.9,54.3,79.2,29.5,30.9,30.5,,12.1,,,,15.3,11.1,,,31.3,37.5,29.1,27.8,38.5,39.2,38.6,30.9,36.8,39.2,,37.7,,,
197303,45.9,1331.7,,,,,,,,2615.5,,42.1,,49.0,40.0,59.5,,34.7,,,38.9,45.5,,27.8,,,47.2,,78.3,,,,60.2,49.8,,31.5,30.1,34.5,,77.6,,,,,,,,,,,,25.4,22.8,22.8,,,38.0,,31.0,26.3,40.0,23.1,,30.5,30.9,30.9,,,20.9,,,,,,16.5,22.0,46.4,35.4,33.9,,,43.2,35.4,,,15.0,,,,52.9,,,,,,,114.6,154.6,,,,,,34.5,22.9,,22.1,28.8,,,,67.3,108.0,,83.1,75.4,52.3,,,75.3,,100.5,63.9,79.1,66.5,73.9,,54.6,,,48.6,,59.4,,,34.2,33.0,47.4,,24.8,62.6,31.6,14.0,101.9,55.7,80.3,30.8,30.9,30.5,,12.1,,,,15.3,11.1,,,34.7,38.7,32.7,33.9,39.2,40.1,39.6,31.5,37.0,39.9,,38.2,,,
197304,46.3,1328.7,,,,,,,,2615.5,,42.1,,48.6,40.0,59.5,,34.7,,,39.0,46.4,,28.8,,,48.2,,80.1,,,,60.5,53.0,,29.2,27.1,32.6,,77.8,,,,,,,,,,,,25.4,22.8,22.8,,,38.6,,31.0,26.3,40.0,23.1,,31.3,30.9,30.9,,,22.3,,,,,,17.7,22.7,46.5,35.4,33.9,,,43.1,35.9,,,15.0,,,,52.5,,,,,,,115.8,154.5,,,,,,34.8,23.3,,22.6,29.4,,,,67.3,108.0,,83.1,75.4,52.3,,,75.3,,100.5,63.9,79.1,66.5,73.9,,54.6,,,48.6,,59.4,,,34.6,33.6,48.2,,25.1,63.0,31.8,14.1,101.9,57.1,81.3,32.2,30.9,30.5,,12.2,,,,15.4,11.1,,,36.5,39.4,35.1,36.4,39.8,40.3,40.3,32.2,37.3,40.5,,39.0,,,
197305,46.8,1342.0,,,,,,,,2612.8,,47.7,,50.9,40.1,60.4,,34.7,,,39.2,46.9,,29.1,,,49.3,,81.0,,,,61.8,51.8,,34.1,37.9,31.2,,77.8,,,,,,,,,,,,25.4,22.8,22.8,,,38.6,,31.0,26.3,40.0,23.1,,31.3,30.9,30.9,,,22.4,,,,,,17.7,22.8,46.5,35.4,33.9,,,42.9,35.7,,,15.4,,,,52.1,,,,,,,116.1,154.8,,,,,,35.0,23.5,,22.9,29.7,,,,67.3,108.2,,83.1,75.4,52.3,,,75.3,,100.5,63.9,79.1,66.5,73.9,,54.6,,,48.6,,59.4,,,35.2,34.0,49.0,,25.3,63.6,32.5,14.7,101.7,57.7,81.7,32.9,30.9,30.5,,12.2,,,,15.4,11.1,,,38.6,40.1,40.6,35.5,40.3,40.5,41.0,32.6,37.7,41.1,,39.7,,,
197306,48.1,1342.0,,,,,,,,2621.0,,47.7,,48.1,40.2,59.5,,34.8,,,39.3,47.7,,29.6,,,50.4,,83.8,,,,62.6,53.0,,24.9,24.6,26.2,,77.8,,,,,,,,,,,,25.6,22.8,22.8,,,40.0,,31.0,26.3,40.0,23.1,,33.9,36.8,36.8,,,22.5,,,,,,17.7,22.9,46.7,35.4,33.9,,,43.1,35.9,,,15.4,,,,52.1,,,,,,,116.9,155.3,,,,,,35.3,23.9,,23.2,30.2,,,,67.3,108.2,,82.8,75.4,52.4,,,75.4,,100.4,63.9,79.1,66.5,73.9,,54.4,,,48.6,,59.4,,,35.5,34.2,49.5,,25.5,63.6,32.8,15.1,101.2,58.2,82.1,33.4,30.9,30.5,,12.2,,,,15.4,11.1,,,35.0,37.9,31.0,39.0,40.8,40.9,41.1,33.0,38.1,41.6,,40.2,,,
197307,49.1,1345.0,,,,,,,,2612.8,,47.7,,48.1,40.4,59.5,,35.0,,,39.9,48.8,,29.7,,,53.2,,84.3,,,,63.0,54.6,,24.0,23.6,25.3,,77.8,,,,,,,,,,,,28.3,27.3,27.3,,,38.9,,31.0,26.3,40.0,23.1,,33.9,36.8,36.8,,,22.5,,,,,,17.7,23.0,46.7,35.4,33.9,,,42.9,36.3,,,15.4,,,,51.6,,,,,,,117.5,154.5,,,,,,35.5,24.4,,23.6,30.3,,,,67.3,108.2,,82.7,75.4,52.3,,,75.4,,100.5,63.9,79.2,66.5,73.9,,54.4,,,48.6,,59.4,,,36.0,34.4,49.8,,25.5,63.8,33.6,15.9,100.6,58.4,82.2,33.8,30.9,30.5,,14.6,,,,15.4,15.5,,,35.2,38.9,29.0,41.5,41.1,41.3,41.4,33.2,38.4,41.8,,40.7,,,
197308,49.7,1365.6,,,,,,,,2618.2,,47.7,,49.6,40.5,59.3,,35.2,,,40.0,49.1,,29.9,,,53.6,,84.9,,,,64.1,55.9,,27.6,25.1,31.5,,77.8,,,,,,,,,,,,28.9,28.0,28.0,,,40.7,,32.5,26.3,40.0,23.1,,34.0,36.8,36.8,,,22.5,,,,,,17.8,23.0,46.8,35.4,33.9,,,43.2,37.4,,,15.4,,,,51.6,,,,,,,117.3,150.6,,,,,,35.9,24.7,,23.8,30.6,,,,67.3,108.3,,82.8,75.4,52.3,,,75.4,,100.4,63.9,79.2,66.5,73.9,,54.4,,,48.6,,59.4,,,36.4,34.7,50.2,,25.5,64.3,34.5,16.7,100.1,58.5,82.2,34.0,30.9,30.5,,14.6,,,,15.4,15.5,,,37.3,41.9,29.8,44.5,41.2,41.6,41.7,33.6,38.6,42.0,,40.8,,,
197309,50.3,1376.0,,,,,,,,2621.0,,47.7,,50.1,41.4,59.9,,35.8,,,41.2,50.2,,29.9,,,56.2,,85.5,,,,66.5,55.4,,26.9,25.4,29.8,,78.6,,,,,,,,,,,,30.2,28.0,28.0,,,41.2,,32.5,30.9,49.2,23.1,,34.1,36.8,36.8,,,22.6,,,,,,17.9,23.2,46.9,35.4,33.9,,,43.2,37.8,,,15.4,,,,51.3,,,,,,,119.0,151.8,,,,,,36.2,25.0,,24.2,30.9,,,,67.3,108.3,,82.6,75.5,52.5,,,75.3,,100.4,63.8,79.1,66.5,73.9,,54.3,,,48.6,,59.4,,,37.8,35.9,52.1,,26.1,68.1,36.0,18.2,100.1,59.2,82.4,34.9,30.9,30.5,,14.6,,,,15.6,15.5,,,41.7,40.3,41.8,46.0,42.1,42.5,43.0,34.3,38.9,42.9,,41.5,,,
197310,50.4,1384.8,,,,,,,,2626.4,,47.7,,50.5,43.0,59.9,,37.4,,,42.4,50.3,,30.4,,,56.5,,88.5,,,,68.2,59.7,,25.4,26.3,25.4,,78.9,,,,,,,,,,,,30.1,28.0,28.0,,,40.9,,32.5,30.9,49.2,23.1,,34.1,36.8,36.8,,,22.6,,,,,,17.9,23.2,47.1,35.4,33.9,,,43.3,38.0,,,15.4,,,,51.3,,,,,,,119.5,151.8,,,,,,36.4,25.5,,24.7,31.6,,,,67.3,108.2,,82.3,75.4,52.4,,,75.3,,100.4,63.8,79.1,66.5,73.9,,54.4,,,48.6,,59.4,,,38.1,36.6,53.2,,26.3,70.1,35.9,18.0,99.7,59.7,82.8,35.3,30.9,30.5,,14.6,,,,15.6,15.5,,,38.5,40.2,35.8,42.3,42.6,43.1,43.1,34.7,39.1,43.4,,41.9,,,
197311,50.8,1395.2,,,,,,,,2634.5,,47.7,,52.0,45.9,61.1,,41.6,,,43.0,50.5,,30.6,,,56.7,,90.7,,,,70.2,62.2,,26.5,27.2,26.7,,79.1,,,,,,,,,,,,30.1,28.0,28.0,,,40.1,,32.5,30.9,49.2,23.1,,34.2,36.8,36.8,,,22.6,,,,,,17.8,23.3,47.3,35.4,33.9,,,43.3,38.2,,,15.4,,,,50.8,,,,,,,120.6,150.6,,,,,,36.8,26.1,,25.4,32.6,,,,67.6,108.2,,82.5,76.6,55.0,,,75.4,,100.4,63.9,79.1,66.5,73.9,,54.6,,,48.6,,59.4,,,38.6,37.2,54.2,,26.6,71.9,36.1,18.0,99.7,60.3,83.3,36.0,30.9,30.5,,14.6,,,,15.6,15.5,,,35.6,42.6,32.4,32.7,43.2,44.1,43.5,35.3,39.2,44.2,,42.4,,,
197312,52.1,1424.7,,,,,,,,2648.1,,55.0,,56.4,50.6,61.3,,50.2,,,44.8,52.4,,31.1,,,58.9,,93.2,,,,73.3,62.3,,33.6,34.2,34.4,,79.2,,,,,,,,,,,,30.5,28.0,28.0,,,44.8,,34.7,30.9,49.2,23.1,,34.3,36.9,36.9,,,22.9,,,,,,19.4,23.3,47.7,35.4,33.9,,,43.3,38.5,,,15.4,,,,50.8,,,,,,,123.4,152.7,,,,,,37.8,27.7,,27.0,35.2,,,,69.6,109.9,,84.3,85.4,70.4,,,76.3,,106.0,63.9,79.1,66.5,73.9,,54.7,,,48.6,,59.4,,,39.1,37.9,55.2,,27.0,73.4,36.5,18.1,99.6,61.3,84.3,36.6,30.9,30.5,,14.6,,,,15.6,15.5,,,37.7,46.0,35.9,30.8,44.6,45.7,45.1,37.3,39.3,45.7,,43.3,,,
197401,53.1,1486.7,,,,,,,,2658.9,,55.0,,58.4,58.2,62.6,,60.1,,,49.3,55.9,,32.0,,,63.4,,94.0,,,,78.0,63.8,,31.4,32.2,31.7,,79.3,,,,,,,,,,,,30.5,28.0,28.0,,,44.1,,40.5,30.9,49.2,23.1,,35.0,36.9,36.9,,,23.9,,,,,,19.5,25.4,48.2,35.4,33.9,,,44.3,43.2,,,15.4,,,,50.6,,,,,,,125.1,152.5,,,,,,38.8,28.9,,28.1,36.6,,,,71.9,116.9,,91.9,96.2,85.0,,,77.7,,118.1,64.2,79.2,66.6,73.9,,55.4,,,48.6,,59.5,,,40.4,40.1,56.8,,30.9,75.3,37.0,18.5,99.6,62.4,85.7,37.6,30.9,30.5,,14.6,,,,15.6,15.5,,,43.4,49.7,45.9,32.7,46.1,48.2,47.1,38.4,39.5,47.3,,44.3,,,
197402,55.5,1563.5,,,,,,,,3065.9,,55.0,,63.6,58.3,63.1,,55.7,,,52.5,60.0,,33.1,,,65.7,,98.0,,,,80.3,64.1,,41.0,40.3,43.6,,80.5,,,,,,,,,,,,32.3,28.0,28.0,,,47.4,,37.6,37.0,61.6,23.1,,35.3,37.0,37.0,,,24.1,,,,,,19.6,25.8,49.1,35.4,33.9,,,44.6,43.4,,,15.4,,,,50.8,,,,,,,131.6,155.5,,,,,,39.6,29.6,,29.0,37.0,,,,73.6,121.0,,96.2,102.3,92.5,,,80.5,,124.3,64.5,79.2,66.5,73.9,,56.7,,,48.6,,59.6,,,41.9,41.2,58.0,,31.7,78.9,38.8,20.1,99.8,63.4,87.2,38.1,30.9,30.5,,14.6,,,,15.6,15.5,,,47.4,49.2,54.6,35.7,47.3,49.7,48.6,39.2,39.7,48.7,,45.4,,,
197403,56.1,1579.7,,,,,,,,3150.0,,55.0,,64.8,57.9,62.6,,53.3,,,53.3,61.8,,33.7,,,67.7,,105.0,,,,81.9,65.4,,40.2,38.8,43.6,,81.1,,,,,,,,,,,,32.5,28.0,28.0,,,49.3,,38.4,37.0,61.6,23.1,,35.4,37.0,37.0,,,24.3,,,,,,19.6,25.9,50.4,35.4,33.9,,,44.5,43.3,,,15.4,,,,50.6,,,,,,,140.5,166.6,,,,,,40.2,30.4,,29.7,38.3,,,,74.4,123.3,,98.1,105.0,94.0,,,86.1,,126.3,64.7,79.2,66.8,73.9,,57.2,,,48.6,,59.6,,,42.9,41.7,58.7,,32.0,80.7,40.3,21.4,99.8,64.2,88.6,38.3,30.9,30.5,,14.6,,,,15.6,15.5,,,46.6,48.5,50.2,40.7,47.7,50.1,49.0,39.6,40.0,49.0,,45.8,,,
197404,57.4,1590.0,,,,,,,,3198.9,,55.0,,63.2,58.4,62.5,,53.0,,,54.6,62.5,,34.0,,,67.8,,108.6,,,,83.0,65.3,,33.5,32.6,35.8,,81.3,,,,,,,,,,,,32.8,28.0,28.0,,,51.8,,39.8,37.0,61.6,23.1,,37.7,37.2,37.2,,,27.8,,,,,,22.8,28.5,51.7,35.4,33.9,,,45.8,44.3,,,19.2,,,,50.8,,,,,,,147.0,170.6,,,,,,40.7,31.0,,30.4,39.2,,,,74.8,126.2,,100.6,105.8,92.8,,,89.8,,127.1,65.0,79.3,66.8,73.9,,58.5,,,48.6,,59.6,,,44.2,42.0,59.1,,32.2,81.3,42.6,23.4,99.5,64.6,89.4,38.4,30.9,30.5,,15.0,,,,16.5,15.5,,,51.7,52.4,54.8,48.9,48.5,50.6,50.4,40.2,40.2,50.0,,46.7,,,
197405,57.4,1595.9,,,,,,,,3209.7,,55.0,,62.9,59.1,61.6,,53.8,,,55.0,62.9,,34.1,,,67.7,,108.7,,,,83.8,64.7,,31.6,31.5,33.0,,81.4,,,,,,,,,,,,32.7,28.0,28.0,,,50.7,,40.5,37.0,61.6,23.1,,37.9,37.3,37.3,,,27.9,,,,,,23.4,28.6,52.1,35.4,33.9,,,45.8,44.4,,,19.2,,,,50.8,,,,,,,150.0,170.4,,,,,,41.5,32.3,,30.9,39.8,,,,75.6,126.9,,101.0,107.0,93.2,,,92.7,,128.3,65.6,79.2,66.8,73.9,,60.7,,,48.6,,59.6,,,44.6,42.3,59.5,,32.3,83.2,43.4,24.0,99.5,65.1,90.2,38.6,30.9,30.5,,15.0,,,,16.5,15.5,,,45.8,50.9,41.1,48.5,49.3,51.4,50.5,40.7,40.5,50.8,,47.5,,,
197406,57.5,1600.4,,,,,,,,3228.7,,55.0,,62.5,59.3,61.9,,53.9,,,55.2,63.4,,34.4,,,68.3,,108.4,,,,83.3,64.4,,30.2,30.4,31.2,,82.4,,,,,,,,,,,,32.8,28.0,28.0,,,51.6,,39.1,37.0,61.6,23.1,,37.9,37.3,37.3,,,28.0,,,,,,23.4,28.7,52.4,35.4,33.9,,,45.9,44.7,,,19.2,,,,50.8,,,,,,,152.0,174.0,,,,,,41.8,32.8,,31.7,40.6,,,,76.0,127.8,,101.8,107.9,93.9,,,93.8,,128.8,65.9,79.2,66.8,73.9,,61.9,,,48.6,,59.6,,,45.2,42.5,59.8,,32.3,83.3,44.1,24.8,99.5,66.1,90.9,39.5,30.9,30.5,,15.0,,,,16.7,15.5,,,42.8,49.8,33.8,49.4,49.9,51.6,50.8,41.1,40.9,51.4,,47.9,,,
197407,61.0,1622.5,,,,,,,,3247.7,,64.2,,63.9,59.7,62.8,,53.8,,,56.8,63.6,,34.6,,,68.5,,109.2,,,,83.0,64.9,,33.5,32.7,35.8,,82.5,,,,,,,,,,,,41.5,41.4,41.4,,,51.3,,42.0,37.0,61.6,23.1,,38.1,37.3,37.3,,,28.2,,,,,,23.4,29.2,52.5,35.4,33.9,,,46.2,45.0,,,19.2,,,,50.9,,,,,,,152.3,174.0,,,,,,42.6,34.1,,32.4,41.6,,,,76.2,129.2,,102.7,108.0,94.0,,,94.2,,128.9,66.2,79.2,66.8,73.9,,62.6,,,48.6,,59.6,,,45.7,42.6,59.9,,32.4,83.6,45.4,25.9,99.3,66.1,90.9,39.6,30.9,30.5,,15.0,,,,16.7,15.5,,,47.1,54.2,40.3,50.3,50.5,52.1,51.8,41.5,41.1,52.1,,48.8,,,
197408,61.9,1622.5,,,,,,,,3258.6,,64.2,,64.8,61.4,65.4,,54.0,,,57.0,63.7,,34.6,,,68.6,,110.1,,,,83.1,65.3,,34.3,32.9,37.4,,82.7,,,,,,,,,,,,43.2,43.0,43.0,,,52.6,,41.3,38.8,61.6,29.5,,38.2,37.4,37.4,,,28.3,,,,,,23.4,29.3,52.9,35.4,33.9,,,46.9,48.4,,,19.2,,,,51.0,,,,,,,153.2,173.8,,,,,,43.0,34.9,,33.6,42.5,,,,76.3,129.9,,103.3,108.3,94.3,,,94.8,,129.2,66.3,79.2,66.8,73.9,,63.4,,,48.6,,59.4,,,46.1,42.6,59.8,,32.5,83.9,46.1,26.5,99.4,66.2,91.1,39.8,30.9,30.5,,15.0,,,,16.7,15.5,,,50.8,56.8,42.1,58.9,50.7,52.8,52.3,41.9,41.4,52.3,,48.7,,,
197409,62.0,1627.0,,,,,,,,3258.6,,64.2,,64.5,61.8,67.7,,54.4,,,57.8,63.8,,34.8,,,68.9,,110.5,,,,84.4,66.0,,32.7,31.4,35.4,,82.8,,,,,,,,,,,,43.2,43.0,43.0,,,52.4,,39.8,38.8,61.6,29.5,,38.4,37.4,37.4,,,28.6,,,,,,23.5,29.7,53.1,35.4,33.9,,,47.3,49.3,,,19.2,,,,51.2,,,,,,,154.3,173.8,,,,,,43.4,35.6,,34.3,43.3,,,,76.9,131.5,,104.5,108.8,94.5,,,95.5,,129.5,66.6,79.3,66.8,73.9,,64.6,,,48.6,,59.4,,,46.5,42.9,60.3,,32.7,85.0,46.6,26.8,100.6,66.2,90.9,39.9,30.9,30.5,,15.0,,,,16.6,15.5,,,52.1,54.9,51.5,51.8,51.4,53.7,53.1,42.2,41.6,53.0,,49.2,,,
197410,63.1,1637.3,,,,,,,,3253.1,,64.2,,68.7,62.2,68.3,,54.5,,,58.4,63.9,,34.9,,,69.1,,112.3,,,,84.1,66.9,,43.4,42.4,46.2,,82.8,,,,,,,,,,,,43.2,43.0,43.0,,,53.2,,41.3,38.8,61.6,29.5,,38.8,37.4,37.4,,,29.1,,,,,,23.9,30.7,53.4,35.4,33.9,,,47.6,49.4,,,19.2,,,,51.3,,,,,,,155.4,174.3,,,,,,43.8,36.5,,35.5,44.5,,,,76.9,132.6,,105.3,109.0,94.9,,,96.3,,129.3,66.7,79.3,66.8,73.9,,64.8,,,48.6,,59.4,,,47.0,43.1,60.8,,32.8,85.6,47.5,27.0,103.8,66.3,91.0,40.0,30.9,30.5,,15.0,,,,16.6,15.5,,,48.0,53.0,46.5,46.0,53.0,56.4,54.4,42.5,42.0,54.8,,50.3,,,
197411,63.0,1637.3,,,,,,,,3253.1,,64.2,,67.8,62.3,69.6,,54.5,,,58.6,64.1,,34.9,,,69.4,,112.4,,,,84.1,65.8,,40.6,40.6,42.1,,82.8,,,,,,,,,,,,43.3,43.0,43.0,,,53.3,,41.3,38.8,61.6,29.5,,38.9,37.6,37.6,,,29.2,,,,,,23.9,31.0,53.5,35.4,33.9,,,47.6,49.6,,,19.2,,,,51.3,,,,,,,156.3,174.0,,,,,,44.3,37.3,,36.7,45.8,,,,77.1,133.5,,105.8,109.4,95.1,,,97.3,,129.2,66.8,79.3,66.8,73.9,,65.3,,,48.6,,59.4,,,47.2,43.4,61.2,,32.9,85.9,47.8,27.2,104.5,66.7,91.6,40.0,30.9,30.5,,15.0,,,,16.6,15.5,,,46.2,55.9,42.8,40.1,53.7,57.1,54.7,42.8,42.3,55.5,,50.6,,,
197412,63.2,1637.3,,,,,,,,3264.0,,64.2,,67.6,62.2,70.2,,54.3,,,58.9,64.6,,35.0,,,69.2,,113.5,,,,83.8,66.3,,39.1,40.0,39.7,,82.8,,,,,,,,,,,,43.7,43.0,43.0,,,58.1,,41.3,38.8,61.6,29.5,,39.0,37.6,37.6,,,29.4,,,,,,23.9,31.2,53.5,35.4,33.9,,,47.7,49.6,,,19.2,,,,51.3,,,,,,,156.1,173.3,,,,,,44.8,38.1,,37.7,47.0,,,,77.3,134.3,,106.5,109.5,95.1,,,98.1,,129.3,66.9,79.2,66.8,73.9,,65.6,,,48.6,,59.4,,,47.7,43.5,61.2,,33.1,86.1,48.6,27.8,105.3,66.7,91.5,40.1,30.9,30.5,,15.0,,,,16.6,15.5,,,45.4,57.2,40.3,38.8,54.0,57.8,54.9,43.1,42.5,55.7,,50.8,,,
197501,64.1,1662.4,,,,,,,,3258.6,,64.2,71.7,69.4,62.2,70.8,,54.9,,,58.6,65.9,,35.0,,,70.2,,113.6,,,,85.4,67.7,,43.4,44.6,43.7,,82.9,,,,,,,,,,,,43.5,43.1,43.1,,,55.2,,42.8,38.8,61.6,29.5,,39.9,37.6,37.6,,,30.5,,,,,,25.4,33.0,53.7,35.4,33.9,,,47.8,51.6,,,19.2,,,,51.3,,,,,,,160.4,173.3,,,,,,45.7,38.7,,38.0,47.8,,,,78.4,137.0,,108.9,109.4,94.9,,,99.1,,129.5,68.7,79.0,67.1,78.5,,65.9,,,47.8,,59.4,,,49.2,44.3,62.0,,34.0,87.1,50.7,29.0,106.6,67.1,91.7,40.5,30.9,30.5,,15.1,,,,16.6,15.5,,,49.3,59.8,42.2,48.8,54.3,57.9,55.5,43.4,42.8,56.0,,51.2,29.8,,
197502,64.2,1662.4,,,,,,,,3258.6,,64.2,71.3,69.6,62.3,71.1,,55.0,,,58.6,66.4,,35.3,,,70.5,,113.2,,,,85.1,67.9,,43.5,44.8,43.9,,83.7,,,,,,,,,,,,43.5,43.1,43.1,,,54.9,,41.3,38.8,61.6,29.5,,40.0,37.6,37.6,,,30.8,,,,,,25.5,33.4,53.6,35.4,33.9,,,47.7,51.9,,,19.2,,,,50.9,,,,,,,160.1,173.1,,,,,,45.9,38.9,,38.3,48.0,,,,78.8,137.2,,109.0,109.6,94.9,,,99.6,,129.3,69.2,78.9,67.1,80.0,,66.1,,,48.6,,59.4,,,49.8,44.8,62.5,,34.8,87.4,51.4,29.6,107.7,67.3,91.9,40.5,30.9,30.5,,15.1,,,,16.6,15.5,,,49.2,57.9,42.4,50.3,54.4,58.2,55.5,43.6,43.1,56.1,,51.2,29.9,,
197503,64.5,1662.4,,,,,,,,3258.6,,64.2,71.1,70.8,62.0,71.4,,54.3,,,58.3,66.0,,35.5,,,69.6,,112.9,,,,84.9,68.1,,47.9,48.5,49.1,,84.0,,,,,,,,,,,,43.5,43.1,43.1,,,55.2,,42.8,38.8,61.6,29.5,,40.1,37.7,37.7,,,30.9,,,,,,25.5,33.4,53.7,35.4,33.9,,,47.8,52.1,,,19.2,,,,50.9,,,,,,,160.6,173.2,,,,,,46.1,39.2,,38.6,48.6,,,,79.0,137.6,,109.0,109.7,95.0,,,100.1,,129.2,69.3,78.9,67.1,80.0,,66.6,,,48.6,,59.4,,,50.3,45.1,62.6,,35.4,88.1,52.2,30.6,107.9,67.3,91.8,40.5,30.9,30.5,,15.1,,,,16.6,15.5,,,51.6,57.1,44.4,57.0,54.6,58.9,56.2,43.8,43.5,56.4,,51.3,29.9,,
197504,68.1,1662.4,,,,,,,,3266.7,,64.2,70.5,72.1,62.1,72.2,,54.2,,,58.0,66.5,,35.7,60.7,,70.1,,111.5,,,,84.5,68.0,,52.3,45.0,62.2,,84.5,,,,,,,,,,,,43.5,43.1,43.1,,,55.2,,41.3,38.8,61.6,29.5,,45.4,46.3,46.3,,,34.1,,,,,,30.0,34.9,54.7,35.4,33.9,,,49.2,52.2,,,23.1,,,,50.8,,,,,,,161.4,173.8,,,,,,46.3,39.7,,39.0,49.1,,,,79.1,137.6,,108.9,109.7,94.5,,,100.5,,129.2,69.5,78.9,67.1,80.0,,67.4,,,48.6,,59.4,,,50.4,45.2,62.6,,35.4,88.4,52.8,31.2,107.9,67.3,92.0,40.7,30.9,30.5,,15.2,,,,17.1,15.5,,,52.3,58.2,44.3,58.5,55.6,59.0,57.2,44.3,44.0,57.4,,52.8,33.4,,
197505,67.6,1656.5,,,,,,,,3269.4,,64.2,68.8,69.5,62.2,73.1,,54.1,,,58.2,66.3,,35.7,60.9,,69.5,,112.6,,,,84.2,68.8,,43.6,42.7,46.2,,85.7,,,,,,,,,,,,43.5,43.1,43.1,,,55.7,,45.7,38.8,61.6,29.5,,45.4,46.3,46.3,,,34.1,,,,,,30.0,35.0,54.8,35.4,33.9,,,49.5,52.8,,,23.1,,,,50.8,,,,,,,160.8,172.5,,,,,,46.7,40.5,,39.1,49.5,,,,80.2,137.9,,109.1,109.6,94.3,,,100.5,,129.2,70.7,78.9,67.1,83.6,,67.7,,,48.6,,59.4,,,50.6,45.2,62.6,,35.4,88.7,53.2,31.5,108.1,67.3,91.8,40.8,30.9,30.5,,15.2,,,,17.1,15.5,,,52.9,57.5,47.3,57.0,55.9,58.8,57.4,44.7,44.6,57.6,,53.2,33.4,,
197506,67.5,1658.0,,,,,,,,3266.7,,64.2,69.0,67.8,62.3,73.4,,54.3,,,57.8,66.3,,35.7,60.8,,69.4,,113.3,,,,84.1,68.7,,37.3,36.6,39.5,,86.4,,,,,,,,,,,,43.6,43.1,43.1,,,56.2,,43.5,38.8,61.6,29.5,,45.6,46.7,46.7,,,34.1,,,,,,30.0,35.2,54.9,35.4,33.9,,,49.6,52.9,,,23.1,,,,50.8,,,,,,,161.3,172.5,,,,,,47.1,41.4,,39.2,49.6,,,,80.3,138.1,,108.8,109.2,92.3,,,100.8,,129.3,70.8,78.7,69.3,83.6,,67.7,,,48.6,,59.4,,,50.8,45.2,62.7,,35.4,88.7,53.8,32.2,108.2,67.3,91.6,41.0,30.9,30.5,,15.2,,,,17.1,15.5,,,49.7,56.9,39.3,57.5,56.2,59.1,57.4,45.1,45.0,57.9,,53.5,33.4,,
197507,67.9,1655.0,,,,,,,,3255.9,,64.2,68.7,67.0,62.5,73.2,,54.4,,,58.3,66.4,,35.8,60.5,,69.5,,112.6,,,,83.9,67.8,,35.3,35.1,37.1,,86.5,,,,,,,,,,,,43.5,43.1,43.1,,,55.1,,43.5,38.8,61.6,29.5,,46.4,48.2,48.2,,,34.4,,,,,,30.2,35.7,55.0,35.4,33.9,,,49.9,54.1,,,23.1,,,,50.9,,,,,,,160.8,171.8,,,,,,47.2,41.6,,39.4,49.8,,,,80.5,138.3,,108.8,108.9,92.0,,,100.4,,129.2,71.2,78.9,72.1,83.6,,68.1,,,48.6,,59.4,,,50.8,45.3,62.8,,35.4,89.7,53.8,32.2,108.2,67.3,91.6,41.0,30.9,30.5,,15.2,,,,17.1,15.5,,,48.7,58.6,37.6,54.4,56.5,59.7,57.4,45.3,45.3,58.2,,53.6,33.4,,
197508,68.4,1650.6,,,,,,,,3253.1,,64.2,68.3,69.4,62.4,73.2,,54.5,,,58.3,66.3,,35.9,60.4,,69.2,,112.3,,,,84.3,67.5,,42.9,40.0,47.9,,86.7,,,,,,,,,,,,43.7,43.1,43.1,,,56.8,,46.5,38.8,61.6,29.5,,46.5,48.2,48.2,,,34.4,,,,,,30.2,35.8,55.3,35.4,33.9,,,50.3,55.1,,,23.1,,,,50.8,,,,,,,160.8,171.4,,,,,,47.2,42.0,,39.7,50.3,,,,80.6,138.3,,108.7,108.9,91.9,,,100.6,,129.2,71.4,78.9,74.0,83.6,,68.2,,,48.6,,59.4,,,50.8,45.2,62.6,,35.3,89.3,53.8,32.1,108.5,67.4,91.5,41.5,30.9,30.5,,15.2,,,,17.1,15.5,,,49.0,61.8,40.2,48.1,56.2,60.0,57.4,45.4,45.6,57.9,,53.3,33.4,,
197509,68.1,1650.6,,,,,,,,3253.1,,64.2,68.1,67.8,62.4,73.3,,54.5,,,58.3,66.3,,35.9,60.5,,69.1,,112.4,,,,84.0,68.0,,38.0,36.6,41.0,,86.8,,,,,,,,,,,,43.7,43.1,43.1,,,56.7,,47.1,38.8,61.6,29.5,,46.5,48.2,48.2,,,34.5,,,,,,30.7,35.9,55.2,35.4,33.9,,,50.2,54.6,,,23.1,,,,50.9,,,,,,,161.2,171.3,,,,,,47.4,42.3,,40.0,50.6,,,,80.7,138.6,,108.3,108.9,91.8,,,100.7,,129.1,71.5,78.9,75.1,83.6,,68.3,,,48.6,,59.4,,,51.0,45.4,63.0,,35.4,89.8,53.9,32.2,108.5,67.5,91.6,41.3,30.9,30.5,,15.2,,,,17.1,15.5,,,52.9,62.0,45.1,55.1,57.2,61.4,58.6,45.7,45.7,59.0,,54.0,33.5,,
197510,68.8,1646.1,,,,,,,,3247.7,,64.2,68.2,70.6,62.5,73.3,,54.8,,,58.2,66.1,,36.1,60.6,,68.7,,112.3,,,,84.4,67.9,,46.8,44.6,50.9,,86.9,,,,,,,,,,,,43.7,43.1,43.1,,,57.0,,48.7,38.8,61.6,29.5,,46.8,48.8,48.8,,,34.7,,,,,,30.7,36.0,55.3,35.4,33.9,,,50.3,54.4,,,23.1,,,,51.2,,,,,,,160.6,170.6,,,,,,47.7,42.6,,40.5,51.0,,,,81.8,139.2,,108.2,109.0,91.8,,,101.1,,128.9,72.7,78.9,76.2,86.9,,68.8,,,48.6,,59.4,,,51.3,45.9,63.7,,35.7,91.0,54.1,32.3,108.7,67.9,91.7,42.0,30.9,30.5,,15.2,,,,17.1,15.5,,,59.8,61.4,56.6,64.5,57.6,61.8,59.5,45.9,46.0,59.3,,54.4,33.5,,
197511,68.8,1649.1,,,,,,,,3277.6,,64.2,68.1,69.8,62.4,73.3,,54.8,,,58.2,66.4,,36.2,60.7,,69.6,,112.4,,,,84.4,68.2,,43.9,43.7,45.9,,86.9,,,,,,,,,,,,43.6,43.1,43.1,,,55.8,,45.0,38.8,61.6,29.5,,47.0,49.2,49.2,,,34.7,,,,,,30.8,36.0,55.2,35.4,33.9,,,50.3,54.2,,,23.1,,,,51.3,,,,,,,160.6,170.4,,,,,,47.9,42.9,,40.8,51.6,,,,81.9,139.2,,108.2,109.0,91.7,,,101.3,,128.9,72.7,78.9,76.5,86.9,,68.8,,,48.6,,59.4,,,51.6,46.0,63.8,,35.9,91.3,54.5,32.7,108.9,67.9,91.6,42.2,30.9,30.5,,15.2,,,,17.1,15.5,,,54.2,63.7,50.6,50.2,57.8,62.0,59.3,46.2,46.4,59.5,,54.6,33.5,,
197512,69.0,1646.1,,,,,,,,3293.8,,64.2,68.0,69.4,62.5,73.3,,55.0,,,59.1,66.3,,36.2,60.9,,69.2,,112.3,,,,84.6,68.7,,42.9,44.0,43.5,,86.9,,,,,,,,,,,,44.3,43.1,43.1,,,62.1,,45.0,38.8,61.6,29.5,,47.3,49.7,49.7,,,34.7,,,,,,30.8,36.1,55.3,35.4,33.9,,,50.5,54.6,,,23.1,,,,51.3,,,,,,,160.4,170.2,,,,,,48.1,43.6,,41.6,52.6,,,,82.0,139.7,,108.3,109.2,91.6,,,101.4,,129.1,72.8,78.9,76.8,86.9,,69.0,,,48.6,,59.4,,,51.6,46.0,64.0,,35.9,90.7,54.7,32.8,109.0,67.9,91.6,42.2,30.9,30.5,,15.2,,,,17.1,15.5,,,51.8,64.7,45.9,47.0,58.0,62.3,59.3,46.3,46.7,59.7,,54.9,33.5,,
197601,69.5,1644.7,,,,,,,,3299.3,,64.2,68.3,71.7,62.4,73.1,,55.1,,,59.2,66.7,,36.5,61.5,,69.6,,112.9,,,,84.9,69.8,,49.6,48.5,52.7,,86.9,,,,,,,,,,,,44.1,43.1,43.1,,,58.5,,46.5,39.4,61.6,29.5,39.6,47.5,49.7,49.7,,,34.9,,,,,,30.8,36.6,55.8,35.4,33.9,,,51.3,57.0,,,23.1,,,,51.5,,,,,,,160.1,169.6,,,,,,55.2,44.3,,42.5,53.3,,,,82.1,139.3,,108.3,109.2,91.6,,,101.9,,128.9,73.0,78.9,77.6,86.9,,69.0,,,49.1,,59.4,,,52.1,46.4,64.2,,36.4,91.8,55.1,33.2,109.3,68.3,91.7,42.5,46.0,45.4,,15.2,,,,17.1,15.5,,,57.3,67.6,57.4,47.2,58.7,62.6,60.4,46.7,46.9,60.5,,55.7,33.8,,
197602,69.5,1644.7,,,,,,,,3307.4,,64.2,68.4,71.1,62.3,73.2,,55.6,,,59.2,67.0,,37.0,62.0,,69.8,,112.4,,,,85.2,69.1,,47.6,47.9,49.1,,86.9,,,,,,,,,,,,44.1,43.1,43.1,,,58.1,,48.7,39.6,61.6,29.5,39.9,47.5,49.7,49.7,,,35.1,,,,,,30.8,37.0,55.8,35.4,33.9,,,51.3,57.1,,,23.1,,,,51.4,,,,,,,160.1,169.5,,,,,,55.3,44.5,,42.7,53.5,,,,82.0,139.7,,108.2,109.2,91.5,,,102.2,,128.8,72.9,78.9,77.8,86.9,,68.8,,,49.1,,59.4,,,52.2,46.7,64.4,,37.3,92.0,55.2,33.2,109.4,68.3,91.7,42.7,46.0,45.4,,15.2,,,,17.1,15.5,,,59.0,64.6,61.2,51.5,59.0,63.2,60.8,47.1,47.4,60.8,,55.9,33.8,,
197603,70.1,1641.7,,,,,,,,3310.1,,64.2,67.7,73.2,62.2,73.2,,55.6,,,59.2,67.5,,37.9,63.4,,70.0,,113.0,,,,85.1,69.0,,53.9,53.6,56.3,,86.9,,,,,,,,,,,,44.8,43.1,43.1,,,58.0,,45.0,41.5,67.7,29.5,40.0,47.5,49.7,49.7,,,35.1,,,,,,30.8,37.1,55.7,35.4,33.9,,,51.3,57.1,,,23.1,,,,51.2,,,,,,,159.1,168.2,,,,,,55.4,44.9,,43.4,54.3,,,,82.4,139.7,,108.2,109.3,91.3,,,102.4,,128.8,73.3,78.9,78.0,86.9,,69.0,,,50.2,,59.4,,,52.2,46.9,64.7,,37.3,92.2,54.7,32.7,109.3,68.6,91.9,43.1,46.0,45.4,,15.2,,,,17.1,15.5,,,58.2,64.2,55.9,56.6,59.2,63.5,61.1,47.6,47.7,61.0,,56.2,34.0,,
197604,71.8,1641.7,,,,,,,,3312.8,,64.2,67.7,76.6,62.2,73.3,,56.0,,,59.7,67.9,,38.2,64.1,,70.0,,113.8,,,,85.2,69.3,,63.7,55.7,75.0,,86.9,,,,,,,,,,,,44.7,43.1,43.1,,,57.6,,45.0,41.5,67.7,29.5,40.1,49.0,49.7,49.7,,,38.5,,,,,,34.3,38.5,56.8,35.4,33.9,,,53.2,58.6,,,26.6,,,,51.6,,,,,,,159.0,167.1,,,,,,55.7,45.6,,43.9,55.1,,,,82.6,139.7,,108.3,109.2,91.3,,,102.4,,128.7,73.4,79.4,78.8,86.9,,69.3,,,50.2,,59.4,,,52.4,47.0,64.8,,37.5,92.6,54.8,32.5,109.3,68.9,92.0,43.4,46.0,45.4,,17.2,,,,23.6,15.5,,,63.0,65.2,68.3,55.3,60.3,63.9,62.5,48.3,48.4,62.2,,57.6,38.3,,
197605,71.1,1640.2,,,,,,,,3310.1,,64.2,67.3,72.5,62.4,73.3,,56.5,,,59.7,68.1,,38.7,64.3,,70.2,,115.7,,,,85.4,70.3,,48.8,47.3,52.5,,88.5,,,,,,,,,,,,44.8,43.1,43.1,,,58.0,,45.0,41.5,67.7,29.5,40.1,49.1,49.7,49.7,,,38.5,,,,,,34.3,38.5,57.0,35.4,33.9,,,53.5,59.1,,,26.6,,,,52.0,,,,,,,158.3,166.0,,,,,,56.6,46.4,,44.5,55.3,,,,82.6,139.9,,108.5,109.2,91.2,,,102.5,,128.7,73.4,80.4,78.8,86.9,,69.2,,,50.2,,59.4,,,52.6,47.2,65.1,,37.5,92.8,55.2,32.8,109.3,68.9,92.1,43.4,46.0,45.4,,36.0,,,,23.6,44.5,,,61.1,66.4,60.5,57.9,60.8,64.1,62.7,48.8,49.0,62.6,,58.2,38.5,,
197606,71.7,1640.2,,,,,,,,3312.8,,64.2,67.6,71.6,62.6,73.3,,56.8,,,59.7,68.2,,39.2,64.6,,70.1,,114.8,,,,84.5,70.0,,46.0,43.7,50.3,,90.4,,,,,,,,,,,,44.9,43.1,43.1,,,58.7,,45.7,41.5,67.7,29.5,40.1,50.0,49.7,49.7,,,38.6,,,,,,34.3,38.7,61.4,53.4,51.7,,,53.5,59.1,,,26.6,,,,51.9,,,,,,,158.3,166.0,,,,,,56.8,47.5,,44.9,55.6,,,,82.7,140.0,,108.5,109.3,91.2,,,102.6,,128.7,73.6,81.5,79.1,86.9,,69.6,,,50.2,,59.4,,,52.7,47.3,65.3,,37.5,93.1,55.2,32.7,109.5,68.9,92.2,43.5,46.0,45.4,,36.0,,,,23.6,44.5,,,58.6,65.6,50.6,63.6,61.1,64.2,62.8,49.2,49.6,62.9,,58.7,38.6,,
197607,71.6,1638.8,,,,,,,,3315.5,,64.2,67.0,71.5,62.6,73.4,,57.1,,,59.7,68.6,,39.7,64.6,,70.4,,115.1,,,,84.9,69.4,,44.6,42.7,48.3,,91.5,,,,,,,,,,,,44.8,43.1,43.1,,,58.1,,45.0,41.5,67.7,29.5,40.1,50.2,49.7,49.7,,,38.7,,,,,,34.4,38.8,61.7,53.4,51.7,,,54.1,60.8,,,26.6,,,,52.0,,,,,,,157.5,164.9,,,,,,57.2,48.1,,45.4,56.8,,,,83.8,140.4,,108.5,109.3,91.2,,,102.7,,128.7,74.8,82.5,79.3,86.9,,73.7,,,50.2,,59.4,,,52.6,47.3,65.5,,37.6,93.2,54.8,32.0,109.5,69.2,92.2,43.8,46.0,45.4,,36.0,,,,23.6,44.5,,,59.0,69.5,44.8,68.5,61.5,64.4,63.1,49.6,50.0,63.3,,58.8,38.6,,
197608,72.2,1638.8,,,,,,,,3312.8,,64.2,67.0,71.8,62.6,73.4,,57.1,,,59.8,68.9,,40.4,64.6,,70.6,,115.0,,,,84.8,69.2,,45.6,44.2,48.8,,93.0,,,,,,,,,,,,45.7,43.1,43.1,,,59.4,,46.5,43.7,67.7,35.9,40.3,50.4,50.2,50.2,,,38.7,,,,,,34.4,38.8,62.1,53.4,51.7,,,54.9,62.8,,,26.6,,,,52.1,,,,,,,156.2,163.1,,,,,,57.5,48.6,,45.9,57.4,,,,84.6,141.1,,108.5,109.3,91.1,,,103.0,,128.5,75.7,83.5,79.4,86.9,,74.6,,,53.4,,59.4,,,52.8,47.7,66.0,,37.6,93.4,54.7,32.0,109.5,69.4,92.4,44.0,46.0,45.4,,36.0,,,,23.6,44.5,,,55.6,72.2,45.2,52.7,61.4,64.6,62.6,49.9,50.3,63.2,,58.5,38.6,,
197609,72.4,1638.8,,,,,,,,3312.8,,64.2,67.2,72.5,62.6,73.4,,57.2,,,59.5,70.9,,41.3,64.7,,74.6,,115.9,,,,85.1,70.6,,45.3,44.8,47.8,,94.0,,,,,,,,,,,,45.9,43.1,43.1,,,60.4,,49.5,43.7,67.7,35.9,40.3,50.6,50.3,50.3,,,38.9,,,,,,34.5,39.0,62.0,53.4,51.7,,,55.0,63.1,,,26.6,,,,52.0,,,,,,,155.6,162.0,,,,,,57.8,49.1,,46.5,58.0,,,,84.8,142.0,,108.5,109.4,91.1,,,103.4,,128.5,76.0,84.0,79.4,86.9,,75.4,,,53.4,,59.4,,,53.5,48.5,67.7,,37.9,93.4,55.1,32.2,109.5,69.5,92.4,44.3,46.0,45.4,,36.5,,,,25.5,44.5,,,62.3,74.8,55.4,59.6,62.4,65.6,64.3,50.3,50.5,64.3,,59.4,38.7,,
197610,72.8,1640.2,,,,,,,,3312.8,,64.2,67.7,74.4,62.7,73.4,,57.6,,,59.9,71.6,,41.6,64.6,,76.1,,116.8,,,,85.8,71.0,,49.9,54.6,46.7,,94.6,,,,,,,,,,,,45.8,43.1,43.1,,,59.3,,45.7,44.0,67.7,35.9,41.2,50.6,50.3,50.3,,,38.9,,,,,,34.6,39.0,62.0,53.4,51.7,,,55.0,63.1,,,26.6,,,,52.1,,,,,,,155.5,161.7,,,,,,57.9,49.4,,46.8,58.3,,,,84.9,144.1,,108.4,109.4,91.1,,,103.4,,128.5,76.1,84.7,79.6,86.9,,75.6,,,53.4,,59.4,,,53.5,48.8,68.3,,38.1,93.4,54.8,31.7,109.5,69.9,92.8,44.7,46.0,45.4,,36.6,,,,25.6,44.5,,,63.0,74.7,55.5,62.1,62.7,65.8,64.7,50.5,50.7,64.6,,59.9,38.7,,
197611,72.9,1640.2,,,,,,,,3304.7,,64.2,68.0,74.7,62.7,73.5,,57.7,,,59.9,71.9,,41.7,64.6,,76.5,,117.5,,,,86.6,71.4,,50.2,53.2,48.9,,94.6,,,,,,,,,,,,45.8,43.1,43.1,,,59.3,,45.7,44.0,67.7,35.9,41.2,50.7,50.6,50.6,,,39.0,,,,,,34.6,39.0,62.0,53.4,51.7,,,55.0,63.1,,,26.6,,,,52.1,,,,,,,155.0,161.1,,,,,,58.2,49.7,,47.3,58.9,,,,86.2,145.4,,108.7,109.3,91.1,,,103.4,,128.5,77.5,85.4,79.8,86.9,,75.9,,,58.8,,59.4,,,53.7,49.0,68.9,,38.1,91.8,54.8,31.5,109.5,70.0,92.9,44.9,46.0,45.4,,36.6,,,,25.6,44.5,,,58.4,76.7,44.4,58.6,63.2,65.9,64.7,50.9,51.1,65.1,,60.4,38.8,,
197612,73.9,1641.7,,,,,,,,3304.7,,64.2,68.8,78.4,62.8,73.6,,57.8,,,59.9,72.5,,42.5,65.1,,76.4,,118.1,,,,86.9,72.2,,61.2,59.3,65.8,,93.9,,,,,,,,,,,,46.6,43.1,43.1,,,66.5,,50.2,44.0,67.7,35.9,41.3,50.7,50.8,50.8,,,39.0,,,,,,34.6,39.0,62.0,53.4,51.7,,,55.1,63.3,,,26.6,,,,52.4,,,,,,,154.0,159.6,,,,,,58.4,50.6,,48.1,59.9,,,,86.3,145.9,,108.4,109.3,91.1,,,103.3,,128.3,77.6,85.7,79.8,86.9,,76.0,,,58.8,,59.4,,,53.9,49.3,69.4,,38.5,92.5,54.7,31.4,109.5,70.4,93.7,44.9,46.0,45.4,,36.6,,,,25.6,44.5,,,57.4,74.2,41.9,61.7,64.1,66.3,65.4,51.3,51.8,66.1,,61.5,38.8,,
197701,74.2,1643.2,,,,,,,,3307.4,,64.2,70.3,80.1,63.1,73.7,,58.3,,,60.4,72.9,,43.0,65.3,,76.6,,117.8,,,,86.9,71.8,,66.4,59.5,76.7,,94.0,,,,,,,,,,,,45.9,43.1,43.1,,,60.4,,47.1,44.0,67.7,35.9,41.3,51.0,50.8,50.8,,,39.2,,,,,,34.8,39.6,62.4,53.4,51.7,,,56.0,65.4,,,26.6,,,,52.6,,,,,,,154.0,159.5,,,,,,59.0,50.9,,48.3,60.5,,,,88.7,146.8,,108.3,109.3,91.1,,,103.2,,128.4,80.3,86.7,79.8,86.9,,85.7,,,58.8,,63.7,,,54.2,49.7,69.8,,39.0,92.8,54.8,31.3,109.4,70.9,94.1,45.2,46.0,45.4,,36.6,,,,25.6,44.5,,,63.6,76.6,51.7,67.2,64.1,66.6,66.0,51.7,52.1,66.0,,61.5,39.0,,
197702,74.1,1649.1,,,,,,,,3310.1,,64.2,72.0,79.3,63.4,73.6,,58.8,,,61.2,73.5,,43.6,66.4,,77.2,,117.9,,,,86.5,72.0,,63.2,59.7,69.4,,94.1,,,,,,,,,,,,46.0,43.1,43.1,,,61.1,,47.1,44.0,67.7,35.9,41.5,51.0,50.8,50.8,,,39.4,,,,,,34.8,39.9,62.4,53.4,51.7,,,56.0,65.4,,,26.6,,,,52.6,,,,,,,153.5,158.9,,,,,,59.0,51.0,,48.5,60.6,,,,88.8,147.4,,108.2,109.2,91.1,,,103.2,,128.2,80.4,87.2,79.8,86.9,,86.0,,,58.8,,63.7,,,54.5,50.3,70.1,,40.5,93.3,54.8,31.2,109.4,70.8,93.9,45.4,46.0,45.4,,36.6,,,,25.6,44.5,,,66.9,75.6,59.7,69.2,64.2,66.7,66.3,51.9,52.5,66.1,,61.4,39.0,,
197703,74.1,1644.7,,,,,,,,3307.4,,64.2,70.0,79.4,63.9,73.6,,59.3,,,61.6,74.4,,44.5,66.7,,78.2,,119.3,,,,86.6,72.0,,61.5,57.5,68.4,,94.1,,,,,,,,,,,,46.0,43.1,43.1,,,60.8,,47.1,44.0,67.7,35.9,41.5,51.1,50.9,50.9,,,39.4,,,,,,34.8,40.1,62.4,53.4,51.7,,,56.1,65.0,,,26.6,,,,53.0,,,,,,,153.2,158.1,,,,,,59.3,51.3,,48.8,61.1,,,,88.9,148.6,,107.9,109.3,91.0,,,103.4,,128.3,80.5,87.7,79.8,86.9,,86.0,,,58.8,,63.7,,,54.9,50.9,71.0,,41.2,93.3,54.8,31.1,109.6,70.8,93.8,45.5,46.0,45.4,,36.6,,,,25.6,44.5,,,68.0,76.3,60.2,71.7,64.5,67.3,66.7,52.2,52.8,66.4,,61.7,39.0,,
197704,75.3,1649.1,,,,,,,,3310.1,,64.2,71.3,78.6,63.9,73.6,,59.8,,,61.1,74.5,,44.9,66.9,,77.8,,120.0,,,,86.7,72.4,,58.6,54.7,65.0,,94.2,,,,,,,,,,,,46.1,43.2,43.2,,,61.4,,47.1,44.1,67.7,35.9,41.7,53.1,51.2,51.2,,,43.2,,,,,,39.3,41.4,64.0,53.4,51.7,,,58.6,65.5,,,30.6,,,,55.0,,,,,,,153.3,158.0,,,,,,59.9,51.7,,49.4,61.6,,,,92.3,149.5,,107.8,109.3,91.0,,,103.3,,128.3,84.4,87.7,79.9,86.9,,85.8,,,75.0,,63.7,,,55.2,51.3,71.8,,41.3,93.5,54.9,31.2,109.6,70.9,93.9,45.6,46.0,45.4,,38.2,,,,31.3,44.5,,,69.6,79.7,60.6,72.9,65.5,67.2,67.8,52.8,53.5,67.5,,63.1,42.7,,
197705,77.0,1649.1,,,,,,,,3310.1,,64.2,71.1,77.5,64.0,73.6,,59.9,,,61.3,74.9,,45.0,67.0,,78.5,,120.8,,,,86.6,73.4,,53.9,50.8,59.4,,94.2,,,,,,,,,,,,46.2,43.2,43.2,,,61.6,,47.9,44.1,67.7,35.9,41.9,55.9,57.7,57.7,,,43.2,,,,,,39.3,41.4,64.0,53.4,51.7,,,58.6,65.4,,,30.6,,,,55.0,,,,,,,153.1,157.3,,,,,,60.1,52.3,,49.6,61.9,,,,92.3,149.5,,107.6,109.3,90.9,,,103.5,,128.3,84.4,87.9,79.9,86.9,,86.0,,,75.0,,63.7,,,55.4,51.6,72.1,,41.4,94.9,55.1,31.2,109.6,71.2,94.3,45.7,46.0,45.4,,38.2,,,,31.3,44.5,,,70.0,80.6,58.7,75.8,66.2,67.7,68.5,53.3,54.1,68.1,,64.0,42.8,,
197706,76.7,1649.1,,,,,,,,3304.7,,64.2,70.8,75.4,64.9,73.6,,60.1,,,61.3,75.1,,45.2,67.8,,78.5,,122.3,,,,86.6,74.0,,45.8,44.0,49.6,,94.3,,,,,,,,,,,,46.3,43.2,43.2,,,62.8,,51.6,44.1,67.7,35.9,42.0,55.9,57.7,57.7,,,43.3,,,,,,39.6,41.4,64.0,53.4,51.7,,,58.6,65.5,,,30.6,,,,55.2,,,,,,,152.6,156.6,,,,,,60.4,53.2,,49.7,62.4,,,,92.3,149.7,,107.3,109.3,90.9,,,103.5,,128.2,84.4,87.9,79.9,86.9,,85.9,,,75.0,,63.7,,,55.4,51.6,72.1,,41.4,95.2,55.1,31.2,110.0,71.2,94.2,45.9,46.0,45.4,,38.2,,,,31.3,44.5,,,64.2,81.6,48.7,67.9,66.4,68.1,68.1,53.7,54.7,68.3,,64.1,42.8,,
197707,76.9,1646.1,,,,,,,,3299.3,,64.2,71.1,76.6,65.0,73.6,,60.0,,,61.3,75.2,,45.3,67.8,,78.5,,123.0,,,,86.3,74.4,,48.8,46.1,53.7,,94.6,,,,,,,,,,,,46.3,43.2,43.2,,,62.8,,51.6,44.1,67.7,35.9,42.0,56.0,57.7,57.7,,,43.3,,,,,,39.6,41.5,64.1,53.4,51.7,,,58.9,65.9,,,30.6,,,,55.2,,,,,,,153.1,156.8,,,,,,60.5,53.4,,50.0,62.6,,,,92.3,149.8,,107.3,109.3,90.9,,,103.6,,128.2,84.4,88.0,79.9,86.9,,85.8,,,75.0,,63.7,,,55.5,51.6,72.1,,41.5,95.3,55.2,31.2,110.1,71.3,94.2,46.1,46.0,45.4,,38.2,,,,31.3,44.5,,,60.2,83.4,41.6,61.3,66.6,68.5,68.0,53.9,55.0,68.5,,64.2,42.8,,
197708,77.4,1644.7,,,,,,,,3299.3,,64.2,71.7,78.3,65.0,73.6,,60.0,,,61.3,75.2,,45.6,67.9,,78.5,,123.0,,,,86.2,74.6,,54.3,49.5,61.6,,94.7,,,,,,,,,,,,46.4,43.2,43.2,,,64.2,,49.5,44.1,67.7,35.9,42.0,56.2,57.7,57.7,,,43.3,,,,,,39.6,41.6,64.7,53.4,51.7,,,59.7,68.8,,,30.6,,,,55.1,,,,,,,152.9,156.6,,,,,,60.7,53.9,,50.4,63.1,,,,93.1,150.2,,107.3,109.3,90.9,,,103.6,,128.2,85.5,88.0,79.9,88.0,,85.8,,,75.0,,70.3,,,55.6,51.7,72.2,,41.5,95.3,55.1,31.0,110.3,71.5,94.3,46.3,46.0,45.4,,38.2,,,,31.3,44.5,,,63.7,88.9,49.7,56.3,66.3,68.8,68.0,54.2,55.4,68.2,,63.9,42.8,,
197709,76.9,1644.7,,,,,,,,3299.3,,64.2,72.1,75.7,65.0,73.6,,60.1,,,61.4,75.4,,45.8,67.9,,78.5,,124.1,,,,86.3,75.1,,45.0,46.3,45.4,,95.0,,,,,,,,,,,,46.4,43.2,43.2,,,64.1,,51.6,44.2,67.7,35.9,42.1,56.2,57.7,57.7,,,43.5,,,,,,39.6,41.7,64.6,53.4,51.7,,,59.7,68.1,,,30.6,,,,55.3,,,,,,,152.5,155.9,,,,,,60.9,54.2,,50.7,63.4,,,,93.2,150.7,,107.3,109.3,90.9,,,103.6,,128.2,85.5,88.0,79.9,88.0,,85.9,,,75.0,,70.3,,,56.0,52.5,73.9,,41.6,95.3,55.0,30.7,110.4,71.7,94.1,46.8,46.0,45.4,,38.3,,,,31.4,44.5,,,67.8,89.0,57.0,60.7,67.1,69.8,69.2,54.5,55.5,69.0,,64.5,42.9,,
197710,77.0,1644.7,,,,,,,,3296.6,,64.2,72.0,76.3,65.0,73.6,,60.1,,,61.5,75.6,,45.9,68.1,,79.1,,124.5,,,,86.3,75.5,,46.4,48.9,45.7,,95.1,,,,,,,,,,,,46.4,43.2,43.2,,,63.8,,51.6,44.2,67.7,35.9,42.2,56.2,57.7,57.7,,,43.5,,,,,,39.8,41.8,64.4,53.4,51.7,,,59.3,66.8,,,30.6,,,,55.3,,,,,,,152.5,155.9,,,,,,61.0,54.3,,50.9,63.4,,,,93.2,151.8,,107.3,109.3,90.9,,,103.7,,128.2,85.5,88.0,80.0,88.0,,85.9,,,75.0,,70.3,,,56.2,52.6,74.2,,41.6,95.3,55.1,30.8,110.5,71.7,93.9,47.1,46.0,45.4,,38.3,,,,31.4,44.5,,,68.7,87.9,52.1,72.0,67.5,70.0,69.5,54.7,55.9,69.4,,64.9,42.9,,
197711,76.9,1643.2,,,,,,,,3288.4,,64.2,72.3,75.4,65.0,73.7,,60.2,,,61.6,75.7,,46.0,68.1,,79.1,,124.9,,,,86.6,75.3,,43.6,46.8,41.8,,95.2,,,,,,,,,,,,46.4,43.2,43.2,,,64.2,,53.1,44.2,67.7,35.9,42.3,56.2,57.7,57.7,,,43.6,,,,,,39.8,41.8,64.6,53.4,51.7,,,59.7,68.3,,,30.6,,,,55.3,,,,,,,152.6,155.9,,,,,,61.1,54.5,,51.2,63.7,,,,93.3,152.7,,107.5,109.3,91.0,,,103.7,,128.2,85.5,88.1,80.0,88.0,,86.0,,,75.0,,70.3,,,56.2,52.8,74.3,,41.7,95.9,55.2,30.9,110.4,72.0,94.3,47.2,46.0,45.4,,38.3,,,,31.4,44.5,,,59.3,85.7,39.2,58.8,67.6,70.2,68.6,54.9,56.2,69.5,,65.0,42.9,,
197712,77.5,1641.7,,,,,,,,3280.3,,64.2,73.0,77.8,65.0,73.7,,60.1,,,61.5,75.9,,46.5,68.8,,78.9,,125.4,,,,86.8,76.2,,50.7,54.3,48.7,,95.2,,,,,,,,,,,,47.2,43.2,43.2,,,69.9,,47.9,44.3,67.7,35.9,42.4,56.2,57.7,57.7,,,43.6,,,,,,39.8,41.9,64.7,53.4,51.7,,,59.9,68.4,,,30.6,,,,55.5,,,,,,,152.2,155.5,,,,,,61.2,54.8,,51.7,64.0,,,,93.3,152.7,,107.3,109.3,90.9,,,103.7,,128.0,85.5,88.1,80.0,88.0,,86.0,,,75.0,,70.3,,,56.3,52.9,74.5,,41.9,95.9,55.2,30.9,110.5,71.9,94.0,47.4,46.0,45.4,,38.3,,,,31.4,44.5,,,55.6,81.4,38.2,51.9,67.8,70.5,68.6,55.2,56.4,69.6,,65.1,42.9,,
197801,77.5,1640.2,,,,,,,,3277.6,,64.2,73.1,78.3,65.2,73.7,,60.3,,,61.7,76.0,,46.8,70.0,,78.5,,125.5,,,,87.0,76.0,,51.9,54.3,51.3,,95.2,,,,,,,,,,,,46.5,43.2,43.2,,,64.2,,49.5,44.3,67.7,35.9,42.5,56.5,57.7,57.7,,,43.9,,,,,,39.8,42.7,65.1,53.4,51.7,,,60.6,69.9,,,30.6,,,,55.9,,,,,,,152.0,155.2,,,,,,61.3,55.1,,51.8,64.1,,,,93.3,153.2,,107.6,109.3,90.9,,,103.7,,128.0,85.5,88.1,80.0,88.0,,86.1,,,75.0,,70.3,,,56.6,53.0,74.5,,42.4,96.1,55.6,30.9,110.5,72.6,95.2,47.6,46.0,45.4,,38.3,,,,31.4,44.5,,,59.9,85.8,46.1,51.3,67.7,70.5,68.8,55.4,56.7,69.5,,65.0,42.9,,
197802,78.4,1643.2,,,,,,,,3274.8,,64.2,73.4,82.0,65.2,73.7,,60.3,,,61.9,76.5,,47.7,70.6,,78.8,,125.5,,,,86.9,76.1,,63.1,62.9,65.9,,95.3,,,,,,,,,,,,46.8,43.2,43.2,,,65.5,,51.6,44.5,67.7,35.9,43.6,56.5,57.7,57.7,,,44.1,,,,,,39.8,43.1,65.1,53.4,51.7,,,60.8,69.9,,,30.6,,,,56.3,,,,,,,150.4,153.0,,,,,,61.4,55.2,,51.9,64.3,,,,93.3,153.2,,107.6,109.3,90.9,,,103.7,,128.0,85.6,88.2,80.0,88.0,,86.4,,,75.0,,70.3,,,57.0,53.6,74.9,,43.8,96.8,55.5,30.9,110.3,72.8,95.2,47.7,46.0,45.4,,38.3,,,,31.4,44.5,,,62.5,83.3,51.6,55.9,67.8,70.5,69.1,55.6,57.0,69.6,,65.2,43.1,,
197803,79.6,1638.8,,,,,,,,3272.1,,64.2,73.1,85.4,65.2,73.7,,60.3,,,62.1,77.4,,48.7,70.8,,80.2,,124.8,,,,86.7,76.1,,73.7,73.5,76.8,,95.6,,,,,,,,,,,,48.1,45.9,45.9,,,64.4,,47.9,44.5,67.7,35.9,43.6,56.6,57.7,57.7,,,44.2,,,,,,39.8,43.4,65.1,53.4,51.7,,,60.8,69.9,,,30.6,,,,56.3,,,,,,,150.0,152.0,,,,,,61.6,55.4,,52.0,64.5,,,,93.5,153.4,,107.5,109.3,90.9,,,103.6,,128.0,85.7,88.1,80.1,88.0,,86.7,,,75.0,,70.3,,,57.1,54.0,75.0,,44.2,98.3,55.5,30.7,110.3,72.8,95.2,48.0,46.0,45.4,,38.3,,,,31.4,44.5,,,66.3,83.2,55.0,64.9,68.1,70.6,69.7,55.8,57.4,69.9,,65.6,43.1,,
197804,79.6,1637.3,,,,,,,,3250.4,,64.2,73.0,82.1,65.4,73.6,,60.3,,,62.9,77.7,,49.5,71.1,,80.3,,125.2,,,,86.9,76.1,,62.5,56.3,71.7,,95.8,,,,,,,,,,,,48.2,46.0,46.0,,,64.6,,47.9,44.6,67.7,35.9,43.7,57.7,57.7,57.7,,,46.6,,,,,,43.4,44.4,66.5,53.4,51.7,,,63.2,70.0,,,35.8,,,,57.3,,,,,,,150.3,152.3,,,,,,61.7,55.6,,52.5,64.7,,,,93.5,153.6,,107.3,109.2,90.8,,,103.5,,128.0,85.8,88.1,80.1,88.0,,86.9,,,75.0,,70.3,,,57.4,54.1,75.3,,44.3,98.7,55.6,30.9,110.1,73.0,95.4,48.1,46.0,45.4,,38.8,,,,33.2,44.5,,,67.9,82.8,57.0,68.4,68.7,70.8,70.5,56.4,58.1,70.5,,66.5,46.6,,
197805,80.0,1638.8,,,,,,,,3253.1,,64.2,73.4,83.5,65.4,73.6,,60.4,,,62.7,77.9,,49.7,71.3,,80.4,,126.4,,,,87.0,76.0,,66.1,72.0,62.5,,95.5,,,,,,,,,,,,48.2,46.0,46.0,,,64.3,,47.9,44.6,67.7,35.9,43.7,57.7,57.7,57.7,,,46.6,,,,,,43.4,44.4,66.5,53.4,51.7,,,63.3,70.2,,,35.8,,,,57.3,,,,,,,149.8,151.7,,,,,,61.8,56.1,,52.7,64.8,,,,93.6,153.6,,107.2,109.2,90.8,,,103.5,,128.0,85.9,88.1,80.1,88.0,,87.2,,,75.0,,70.3,,,57.4,54.3,75.6,,44.4,98.9,55.8,31.0,110.7,72.9,95.3,48.1,46.0,45.4,,38.8,,,,33.2,44.5,,,67.7,81.0,56.5,70.0,69.3,71.1,70.9,56.8,58.6,71.0,,67.4,46.7,,
197806,79.3,1638.8,,,,,,,,3245.0,,64.2,73.7,78.3,65.4,73.3,,60.4,,,62.7,78.1,,49.8,71.5,,80.6,,125.2,,,,86.8,76.3,,50.0,49.9,52.2,,95.4,,,,,,,,,,,,49.0,47.3,47.3,,,64.8,,47.9,44.6,67.7,35.9,43.7,57.7,57.7,57.7,,,46.7,,,,,,43.4,44.6,66.3,53.4,51.7,,,63.2,70.0,,,35.8,,,,57.3,,,,,,,148.7,149.8,,,,,,62.0,56.5,,52.7,64.9,,,,93.6,153.8,,107.2,109.3,90.8,,,103.6,,128.2,85.9,88.1,80.1,88.0,,87.1,,,75.0,,70.3,,,57.4,54.3,75.8,,44.4,97.9,55.8,31.0,110.4,73.0,95.3,48.2,46.0,45.4,,38.8,,,,33.2,44.5,,,63.1,81.7,44.6,69.5,69.3,71.2,70.5,57.2,59.2,71.0,,67.4,46.7,,
197807,79.6,1680.1,,,,,,,,3239.6,,64.2,74.0,78.4,65.3,73.3,,60.3,,,62.7,78.2,,50.0,71.5,,80.7,,125.7,,,,87.0,76.4,,50.5,48.9,54.2,,95.4,,,,,,,,,,,,49.0,47.5,47.5,,,64.3,,47.9,44.6,67.7,35.9,43.6,57.8,57.7,57.7,,,46.8,,,,,,43.4,44.8,66.5,53.4,51.7,,,63.7,71.5,,,35.8,,,,57.2,,,,,,,148.0,149.1,,,,,,62.2,56.8,,53.2,65.0,,,,94.7,153.8,,107.1,109.3,90.9,,,103.6,,127.9,87.2,88.4,80.1,88.0,,93.0,,,75.0,,70.3,,,57.4,54.2,75.7,,44.4,97.6,55.8,31.0,110.7,73.3,95.5,48.7,46.0,45.4,,38.8,,,,33.2,44.5,,,64.5,84.0,51.2,62.8,69.4,71.3,70.8,57.4,59.3,71.1,,67.6,46.8,,
197808,80.3,1678.6,,,,,,,,3231.4,,64.2,73.9,81.7,65.3,73.4,,60.5,,,62.5,78.3,,50.3,71.4,,81.0,,125.8,,,,87.0,76.3,,60.9,55.0,69.7,,95.3,,,,,,,,,,,,49.2,47.5,47.5,,,65.7,,47.9,44.6,67.7,35.9,43.7,57.8,57.7,57.7,,,46.8,,,,,,43.4,44.8,66.6,53.4,51.7,,,63.7,71.9,,,35.8,,,,57.0,,,,,,,147.7,148.7,,,,,,62.2,56.9,,53.5,65.2,,,,94.9,153.9,,107.2,109.2,90.8,,,103.5,,127.9,87.3,88.4,80.1,88.0,,93.3,,,75.0,,70.3,,,57.3,53.9,74.9,,44.3,97.9,55.8,30.9,110.7,73.0,95.2,48.3,46.0,45.4,,38.8,,,,33.2,44.5,,,69.5,90.4,58.8,62.7,69.2,71.4,70.8,57.5,59.6,70.8,,67.0,46.8,,
197809,80.1,1678.6,,,,,,,,3228.7,,64.2,73.8,80.7,65.4,73.4,,60.5,,,62.8,78.4,,50.5,71.4,,81.2,,126.3,,,,87.2,76.3,,56.9,56.0,60.0,,95.4,,,,,,,,,,,,49.2,47.6,47.6,,,65.6,,50.2,44.6,67.7,35.9,43.7,57.8,57.7,57.7,,,46.9,,,,,,43.4,45.0,66.4,53.4,51.7,,,63.5,71.2,,,35.8,,,,57.1,,,,,,,147.4,148.2,,,,,,62.4,57.1,,53.6,65.3,,,,95.0,154.1,,107.2,109.2,90.8,,,103.5,,127.9,87.3,88.5,80.1,88.0,,93.6,,,75.0,,70.3,,,57.6,54.6,76.3,,44.3,98.7,55.8,30.9,110.5,73.3,95.6,48.6,46.0,45.4,,38.8,,,,33.2,44.5,,,72.5,87.9,64.7,67.9,69.7,71.7,71.7,57.8,60.1,71.4,,67.9,46.8,,
197810,80.2,1675.7,,,,,,,,3228.7,,64.2,73.8,79.5,65.3,73.4,,60.3,,,62.8,78.4,,50.4,71.5,,81.0,,126.9,,,,87.1,76.4,,53.2,57.5,50.7,,95.3,,,,,,,,,,,,50.4,49.9,49.9,,,64.8,,50.2,44.6,67.7,35.9,43.7,57.8,57.7,57.7,,,46.9,,,,,,43.4,45.0,66.3,53.4,51.7,,,63.3,70.7,,,35.8,,,,57.1,,,,,,,147.9,148.8,,,,,,62.4,57.3,,53.9,65.4,,,,95.0,154.8,,107.3,109.2,90.9,,,103.5,,127.9,87.3,88.5,80.1,88.0,,93.8,,,75.0,,70.3,,,57.8,54.9,76.9,,44.3,98.9,55.8,30.9,110.5,73.4,95.8,48.6,46.0,45.4,,38.8,,,,33.2,44.5,,,73.2,85.3,61.0,78.8,69.8,71.6,71.8,58.1,60.4,71.5,,68.3,46.8,,
197811,80.5,1668.3,,,,,,,,3217.9,,64.2,72.2,80.1,65.2,73.4,,60.3,,,62.5,78.5,,50.5,71.6,,81.2,,128.2,,,,87.3,76.5,,54.3,56.0,54.5,,95.3,,,,,,,,,,,,51.0,50.0,50.0,,,64.8,,50.2,46.5,67.7,41.1,43.9,57.8,57.7,57.7,,,46.9,,,,,,43.4,45.0,66.3,53.4,51.7,,,63.3,70.5,,,35.8,,,,57.1,,,,,,,147.2,148.0,,,,,,62.5,57.6,,54.3,66.0,,,,95.0,154.8,,107.3,109.2,90.8,,,103.6,,127.9,87.3,88.5,80.3,88.0,,93.7,,,75.0,,70.3,,,58.0,55.2,77.4,,44.4,99.3,55.9,31.0,110.3,73.8,96.0,49.0,46.0,45.4,,38.8,,,,33.2,44.5,,,63.8,82.4,49.2,64.9,69.9,71.7,71.1,58.3,60.7,71.5,,68.4,46.8,,
197812,81.0,1669.8,,,,,,,,3226.0,,64.2,72.0,81.5,65.3,73.4,,60.3,,,62.4,78.6,,50.5,71.6,,81.4,,128.5,,,,87.6,76.6,,58.1,59.0,59.3,,95.3,,,,,,,,,,,,52.0,50.0,50.0,,,72.6,,50.2,46.5,67.7,41.1,44.0,57.8,57.7,57.7,,,47.0,,,,,,43.6,45.0,66.3,53.4,51.7,,,63.3,70.5,,,35.8,,,,57.1,,,,,,,147.2,148.0,,,,,,62.7,57.8,,54.7,66.1,,,,95.0,154.7,,107.2,109.2,90.8,,,103.6,,127.8,87.3,88.7,80.3,88.0,,93.7,,,75.0,,70.3,,,58.2,55.4,77.6,,44.6,99.3,55.9,31.0,110.0,73.9,96.0,49.1,46.0,45.4,,38.8,,,,33.2,44.5,,,61.1,81.2,44.1,63.7,70.0,71.8,71.0,58.5,60.8,71.7,,68.7,46.9,,
197901,80.8,1666.8,,,,,,,,3223.3,,64.2,71.5,80.2,65.2,73.4,,60.2,,,62.8,78.7,,50.6,71.6,,81.6,,127.3,,,,87.7,76.6,,55.1,55.1,57.1,,95.3,,,,,,,,,,,,51.3,50.0,50.0,,,67.0,,53.9,46.5,67.7,41.1,44.1,58.1,57.7,57.7,,,47.5,,,,,,44.4,45.6,66.4,53.4,51.7,,,63.7,71.6,,,35.8,,,,57.2,,,,,,,145.9,146.0,,,,,,62.7,57.9,,54.8,66.4,,,,95.0,153.9,,106.5,109.2,90.8,,,103.6,,127.8,87.3,88.7,80.3,88.0,,93.7,,,75.0,,70.3,,,58.3,55.5,77.7,,45.0,99.5,55.9,31.0,110.1,74.0,96.1,49.3,46.0,45.4,,38.8,,,,33.2,44.5,,,64.0,84.9,47.1,65.6,69.9,71.7,71.0,58.7,61.1,71.5,,68.4,47.0,,
197902,80.7,1665.3,,,,,,,,3212.4,,64.2,71.5,80.1,65.3,73.2,,60.3,,,62.8,78.9,,50.9,71.6,,81.8,,127.6,,,,87.9,76.8,,54.3,54.3,56.4,,95.2,,,,,,,,,,,,51.3,50.0,50.0,,,67.0,,52.4,46.5,67.7,41.1,44.1,58.1,57.7,57.7,,,47.7,,,,,,44.4,45.9,66.3,53.4,51.7,,,63.7,71.1,,,35.8,,,,57.3,,,,,,,146.0,146.0,,,,,,62.9,58.1,,55.0,66.5,,,,95.1,154.3,,106.9,109.2,90.8,,,103.6,,127.8,87.5,88.7,80.3,88.0,,93.7,,,75.0,,71.6,,,58.5,55.7,77.7,,45.7,98.9,56.1,31.3,110.1,74.2,96.3,49.5,46.0,45.4,,38.8,,,,33.2,44.5,,,63.2,82.8,45.7,67.1,69.8,71.6,70.8,59.0,61.2,71.3,,68.3,47.0,,
197903,81.8,1663.9,,,,,,,,3209.7,,64.2,71.1,85.3,65.3,73.2,,60.3,,,62.8,79.0,,51.4,71.6,,81.7,,127.9,,,,88.2,77.1,,70.0,66.9,76.2,,95.2,,,,,,,,,,,,51.3,50.1,50.1,,,66.3,,52.4,46.5,67.7,41.1,44.2,58.2,57.7,57.7,,,47.9,,,,,,44.4,45.9,66.3,53.4,51.7,,,63.7,71.0,,,35.8,,,,57.3,,,,,,,145.3,145.0,,,,,,62.9,58.2,,55.3,66.7,,,,95.1,153.9,,106.4,109.0,90.8,,,103.5,,127.4,87.6,88.8,80.3,88.0,,93.8,,,75.0,,71.6,,,59.1,56.3,79.0,,45.9,98.8,56.7,32.0,110.1,74.2,95.8,49.9,46.0,45.4,,38.8,,,,33.2,44.5,,,66.6,82.9,52.1,70.1,70.1,71.7,71.4,59.1,61.2,71.7,,68.7,47.0,,
197904,82.2,1662.4,,,,,,,,3204.3,,64.2,71.1,81.7,65.2,73.2,,60.2,,,62.8,79.8,,51.8,71.5,,83.5,,127.6,,,,88.2,77.1,,58.6,57.2,62.5,,95.2,,,,,,,,,,,,51.4,50.1,50.1,,,67.0,,52.4,46.5,67.7,41.1,44.3,59.7,59.3,59.3,,,49.8,,,,,,46.6,46.9,66.9,53.4,51.7,,,64.7,71.4,,,38.2,,,,57.5,,,,,,,144.9,144.5,,,,,,63.0,58.4,,55.5,66.8,,,,95.1,154.8,,106.4,109.0,90.7,,,103.5,,127.4,87.6,88.8,80.4,88.0,,93.8,,,75.0,,71.6,,,59.3,56.5,79.4,,45.8,99.8,57.0,32.3,110.3,74.4,96.2,49.9,46.0,45.4,,38.9,,,,33.4,44.5,,,69.4,86.7,56.7,69.5,70.8,71.9,72.3,59.5,61.6,72.5,,69.3,49.7,,
197905,83.1,1662.4,,,,,,,,3204.3,,64.2,71.7,84.8,65.2,73.2,,60.1,,,62.9,80.0,,52.1,71.4,,83.7,,126.9,,,,88.0,77.1,,68.4,79.7,59.1,,95.2,,,,,,,,,,,,51.4,50.1,50.1,,,67.0,,52.4,46.6,67.7,41.1,44.5,60.3,60.4,60.4,,,49.8,,,,,,46.7,47.0,66.8,53.4,51.7,,,64.7,71.6,,,38.2,,,,57.4,,,,,,,144.0,143.0,,,,,,63.3,58.9,,55.8,67.0,,,,95.1,154.8,,106.5,109.0,90.8,,,103.5,,127.3,87.6,88.7,80.4,88.0,,93.8,,,75.0,,71.6,,,59.5,56.8,80.0,,46.0,99.3,57.1,32.6,110.3,74.6,96.3,50.3,46.0,45.4,,38.9,,,,33.5,44.5,,,70.8,87.3,55.4,75.5,71.4,72.0,73.1,59.9,61.9,73.0,,70.1,49.9,,
197906,81.8,1659.4,,,,,,,,3204.3,,64.2,71.7,80.1,65.2,73.2,,60.2,,,63.1,80.4,,52.8,71.5,,84.2,,126.7,,,,88.1,77.1,,53.6,53.9,55.4,,95.2,,,,,,,,,,,,51.3,50.1,50.1,,,66.3,,52.4,46.6,67.7,41.1,44.5,59.7,59.3,59.3,,,49.9,,,,,,46.7,47.1,66.7,53.4,51.7,,,64.7,71.3,,,38.2,,,,57.4,,,,,,,144.0,143.0,,,,,,63.5,59.4,,56.2,67.1,,,,95.1,154.8,,106.3,109.0,90.7,,,103.4,,127.4,87.6,88.8,80.4,88.0,,93.8,,,75.0,,71.6,,,60.0,57.1,80.4,,46.1,100.5,57.7,33.3,110.3,74.9,96.6,50.3,46.0,45.4,,38.9,,,,33.5,44.5,,,67.1,87.3,46.9,74.2,71.8,72.0,73.1,60.2,62.1,73.5,,70.3,49.9,,
197907,81.8,1658.0,,,,,,,,3198.9,,64.2,71.2,80.9,65.4,73.2,,60.1,,,63.4,81.0,,54.0,71.4,,84.3,,126.6,,,,87.9,77.1,,55.8,53.1,61.0,,95.2,,,,,,,,,,,,51.3,50.1,50.1,,,66.3,,52.4,46.6,67.7,41.1,44.5,59.6,58.7,58.7,,,50.0,,,,,,46.7,47.2,66.7,53.4,51.7,,,64.8,71.6,,,38.2,,,,57.5,,,,,,,143.4,142.3,,,,,,63.8,59.8,,57.0,67.4,,,,95.1,154.8,,106.3,108.9,90.7,,,103.4,,127.4,87.6,88.8,80.4,88.0,,93.8,,,75.0,,71.6,,,60.4,57.2,80.6,,46.4,99.9,58.8,34.8,110.1,75.0,96.7,50.6,46.0,45.4,,38.9,,,,33.5,44.5,,,72.6,88.7,63.3,69.3,72.0,72.1,73.7,60.7,62.3,73.7,,70.4,49.9,,
197908,82.4,1656.5,,,,,,,,3190.7,,64.2,71.1,80.0,66.1,73.2,,60.3,,,63.5,81.1,,54.4,71.4,,84.3,,126.6,,,,87.7,77.1,,52.3,51.4,55.3,,95.2,,,,,,,,,,,,51.6,50.1,50.1,,,68.6,,53.9,46.6,67.7,41.1,44.5,60.7,61.1,61.1,,,50.0,,,,,,46.7,47.3,66.8,53.4,51.7,,,64.8,72.1,,,38.2,,,,57.5,,,,,,,142.8,141.4,,,,,,64.0,60.1,,57.2,67.5,,,,95.2,154.8,,106.3,109.0,90.6,,,103.4,,127.6,87.8,88.8,80.4,88.0,,93.8,,,75.0,,73.4,,,61.0,57.9,81.8,,46.6,100.6,59.3,35.5,110.3,75.0,96.6,50.6,46.0,45.4,,38.9,,,,33.5,44.5,,,67.7,92.6,51.6,63.6,71.7,72.3,73.1,60.9,62.4,73.3,,69.8,49.9,,
197909,82.3,1655.0,,,,,,,,3190.7,,64.2,71.7,81.1,66.6,73.2,,60.3,,,63.8,81.3,,55.3,71.2,,84.3,,126.4,,,,87.9,77.1,,55.1,55.9,56.6,,95.2,,,,,,,,,,,,51.4,50.1,50.1,,,67.0,,52.4,46.6,67.7,41.1,44.9,60.3,60.1,60.1,,,50.2,,,,,,46.7,47.5,66.7,53.4,51.7,,,64.8,71.8,,,38.2,,,,57.5,,,,,,,142.8,141.2,,,,,,64.3,60.5,,57.7,67.6,,,,95.2,154.7,,106.3,109.0,90.7,,,103.4,,127.6,87.8,88.9,80.4,88.0,,93.8,,,75.0,,73.4,,,62.5,59.9,86.3,,46.9,101.2,59.9,36.0,111.1,75.2,96.8,50.9,46.0,45.4,,39.0,,,,33.6,44.5,,,68.9,89.5,56.9,64.2,72.5,72.6,74.0,61.3,62.6,74.2,,70.7,50.1,,
197910,82.6,1653.5,,,,,,,,3174.5,,64.2,72.1,83.0,67.2,73.2,,60.5,,,64.1,81.4,,55.6,71.2,,84.3,,127.5,,,,87.7,77.1,,60.2,64.4,58.1,,95.2,,,,,,,,,,,,51.5,50.1,50.1,,,66.3,,52.4,47.1,67.7,41.1,46.6,60.2,60.0,60.0,,,50.2,,,,,,46.8,47.5,66.7,53.4,51.7,,,64.8,71.6,,,38.2,,,,57.5,,,,,,,142.8,141.0,,,,,,64.7,60.8,,58.1,68.1,,,,95.2,154.1,,106.2,109.0,90.7,,,103.4,,127.4,87.8,88.9,80.4,88.0,,93.9,,,75.0,,73.4,,,63.5,60.7,87.8,,47.0,101.9,61.4,37.9,111.0,75.4,97.2,50.9,46.0,45.4,,39.0,,,,33.6,44.5,,,75.7,90.6,67.2,73.0,72.8,72.5,74.9,61.7,62.8,74.6,,71.3,50.1,,
197911,83.1,1656.5,,,,,,,,3174.5,,64.2,73.7,82.8,67.7,73.2,,60.6,,,64.2,81.6,,55.8,71.2,,84.6,,127.6,,,,88.0,77.1,,59.0,62.3,57.9,,95.2,,,,,,,,,,,,51.5,50.1,50.1,,,66.3,,52.4,47.2,67.7,41.1,47.0,60.9,61.5,61.5,,,50.3,,,,,,46.8,47.5,66.8,53.4,51.7,,,64.8,71.6,,,38.2,,,,57.6,,,,,,,142.6,140.9,,,,,,65.0,61.5,,58.6,68.5,,,,95.2,154.5,,106.2,109.2,90.8,,,103.4,,127.5,87.8,88.8,80.4,88.0,,93.9,,,75.0,,73.4,,,64.4,61.2,88.7,,47.0,102.6,63.2,40.2,111.2,75.6,97.2,51.1,46.0,45.4,,39.0,,,,33.6,44.5,,,70.4,90.1,63.2,60.3,73.0,72.7,74.6,62.0,63.0,74.8,,71.5,50.2,,
197912,83.5,1659.4,,,,,,,,3169.0,,64.2,75.5,84.7,68.2,73.2,,60.6,,,63.9,82.5,,56.0,72.9,,85.7,,128.7,,,,87.7,77.4,,62.9,65.3,62.8,,96.0,,,,,,,,,,,,52.4,50.1,50.1,,,73.4,,52.4,47.3,67.7,41.1,47.3,60.4,60.4,60.4,,,50.4,,,,,,46.8,47.5,66.6,53.4,51.7,,,64.8,71.6,,,38.2,,,,57.6,,,,,,,141.4,139.1,,,,,,65.6,62.0,,59.4,69.1,,,,95.3,154.8,,106.2,109.3,91.5,,,103.4,,127.5,87.8,88.8,80.4,88.0,,93.9,,,75.0,,73.4,,,66.1,62.2,90.5,,47.5,103.2,66.8,44.8,111.2,75.7,97.2,51.3,46.0,45.4,,39.0,,,,33.6,44.5,,,71.1,89.4,69.1,55.3,73.5,73.1,75.0,62.3,63.1,75.2,,71.6,50.2,,
198001,84.5,1665.3,,,,,,,,3174.5,,64.2,77.4,85.6,70.0,73.3,,61.2,,81.3,64.8,84.0,155.2,57.2,76.6,,86.2,,125.7,,,,87.7,77.4,75.9,67.0,68.3,68.4,,94.7,,,,,,,52.4,,,,,51.9,50.0,50.0,,,68.0,,53.8,46.8,67.7,41.1,47.4,61.8,64.6,64.6,,,50.8,,,,,56.9,47.1,48.6,67.9,53.4,51.7,,,66.1,73.3,,,38.2,,,,58.9,,,,,,,143.6,138.0,,,,,,67.3,62.6,,59.7,69.6,59.9,,,95.2,154.8,,106.2,109.4,92.2,,,103.4,,127.5,87.9,89.0,80.4,88.0,,93.9,83.8,,75.0,,73.4,,,71.0,62.9,91.4,,48.1,104.5,78.6,50.6,111.1,76.1,98.1,51.5,46.2,45.6,,38.8,,,,34.0,44.5,,,78.1,96.8,80.3,56.2,73.6,72.9,75.9,63.2,63.3,75.3,,72.1,50.5,81.0,
198002,85.1,1663.9,,,,,,,,3171.7,,64.2,76.5,88.5,70.3,73.3,,61.5,,81.4,64.5,85.5,159.8,57.7,79.5,,87.0,,127.5,,,,87.7,77.4,78.9,76.4,76.6,79.3,,95.1,,,,,,,52.9,,,,,51.9,50.0,50.0,,,68.2,,55.3,46.8,67.7,41.1,47.6,61.4,63.0,63.0,,,50.9,,,,,56.9,47.1,49.1,67.9,53.4,51.7,,,66.0,73.2,,,38.2,,,,58.9,,,,,,,143.3,137.6,,,,,,68.0,63.0,,60.0,69.8,60.1,,,95.3,154.8,,106.2,109.9,93.4,,,103.4,,127.5,87.9,89.1,80.4,88.0,,93.9,83.8,,75.0,,73.4,,,73.9,64.0,92.0,,50.5,105.3,86.1,67.6,111.0,76.3,98.3,51.6,46.2,45.6,,38.8,,,,34.0,44.5,,,82.8,93.5,90.1,63.2,73.9,73.4,76.4,63.5,63.4,75.6,,71.9,50.5,81.5,
198003,85.3,1663.9,,,,,,,,3169.0,,64.2,77.0,89.8,71.0,73.3,,63.1,,81.4,64.9,86.7,162.4,58.4,80.8,,87.2,,128.1,,,,87.7,77.4,80.3,78.6,79.6,80.6,,96.2,,,,,,,53.7,,,,,51.9,50.0,50.0,,,67.6,,53.8,46.8,67.7,41.1,47.6,61.4,61.7,61.7,,,51.0,,,,,57.0,47.1,49.3,68.1,53.4,51.7,,,66.3,73.4,,,38.2,,,,59.3,,,,,,,143.3,137.6,,,,,,68.4,63.3,,60.5,70.0,60.7,,,95.4,155.0,,106.2,110.2,94.4,,,103.5,,127.5,87.9,89.0,80.4,88.0,,93.9,83.8,,75.0,,73.4,,,75.3,64.9,93.4,,51.4,106.4,88.7,73.5,110.8,77.3,100.1,51.9,46.2,45.6,,38.8,,,,34.0,44.5,,,81.5,92.2,85.3,66.6,74.5,74.3,76.9,64.0,63.6,76.2,,72.3,50.7,82.0,
198004,86.2,1662.4,,,,,,,,3158.2,,64.2,76.9,88.2,71.6,73.2,,64.4,,81.4,65.4,87.4,163.3,59.3,81.5,,88.0,,129.3,,,,87.4,78.1,82.2,67.6,63.0,75.1,,98.9,,,,,,,56.3,,,,,51.9,50.0,50.0,,,68.0,,53.8,46.9,67.7,41.1,47.7,63.4,63.4,63.4,,,53.6,,,,,59.1,49.6,50.1,69.7,53.4,51.7,,,68.1,74.3,,,39.7,,,,61.4,,,,,,,144.1,138.4,,,,,,68.6,63.9,,61.3,70.7,61.3,,,95.5,155.2,,106.2,110.6,95.6,,,103.4,,127.5,87.9,88.9,80.4,88.0,,93.9,83.8,,75.0,,73.4,,,75.7,65.3,94.0,,51.6,106.6,89.1,74.3,111.0,77.8,100.5,52.3,46.2,45.6,,39.4,,,,35.0,44.5,,,77.5,93.4,72.0,69.3,76.2,75.0,78.3,64.5,64.0,78.2,,73.4,53.9,82.7,
198005,87.0,1656.5,,,,,,,,3152.8,,64.2,77.6,87.2,72.0,73.2,,65.5,,81.4,65.8,87.5,163.7,59.5,81.5,,87.8,,130.6,,,,87.3,79.2,83.7,60.6,59.7,63.9,,101.1,,,,,,,58.7,,,,,52.0,50.0,50.0,,,68.5,,53.8,47.0,67.7,41.1,47.9,64.8,64.9,64.9,,,53.7,,,,,59.1,49.8,50.1,72.1,66.2,64.1,,,68.6,75.5,,,39.7,,,,61.7,,,,,,,145.3,139.6,,,,,,72.5,64.3,,61.8,71.0,62.0,,,95.6,155.7,,106.3,110.9,96.5,,,103.4,,127.5,87.9,88.9,80.4,88.0,,94.2,83.8,,75.0,,73.4,,,76.1,65.6,94.6,,51.4,107.6,89.7,75.6,110.9,77.8,100.4,52.3,55.9,55.2,,39.4,,,,35.0,44.5,,,72.3,91.3,59.6,70.6,77.3,75.6,79.0,65.0,64.4,79.4,,74.7,54.0,83.6,
198006,88.6,1658.0,,,,,,,,3147.3,,64.2,77.3,87.0,72.1,73.2,,65.7,,81.5,65.6,88.0,163.5,59.6,81.5,,88.6,,131.3,,,,87.3,80.2,84.2,57.9,56.5,61.8,,102.1,,,,,,,60.5,,,,,58.4,62.7,62.7,,,68.8,,55.3,47.0,67.7,41.1,47.9,64.6,63.4,63.4,,,53.8,,,,,59.6,50.0,50.2,72.0,66.2,64.1,,,68.5,74.9,,,39.7,,,,61.7,,,,,,,145.1,139.3,,,,,,72.8,65.1,,62.2,71.4,62.5,,,95.7,156.8,,106.3,111.3,97.3,,,103.6,,127.5,87.9,89.0,80.4,88.0,,94.2,83.8,,75.0,,73.4,,,76.3,65.6,94.7,,51.4,107.7,90.1,76.5,110.9,78.3,100.8,52.8,55.9,55.2,,39.4,,,,35.0,44.5,,,71.3,89.6,58.3,70.7,77.8,75.9,79.4,65.4,64.7,79.9,,75.3,54.0,85.0,
198007,89.3,1655.0,,,,,,,,3139.2,,64.2,77.4,86.9,72.8,73.2,,66.9,,81.4,66.2,88.1,163.7,59.9,81.9,,88.4,,132.4,,,,87.5,81.2,85.0,55.7,54.1,59.5,,102.7,,,,,,,61.1,,,,,60.7,64.3,64.3,,,69.5,,56.8,50.6,67.7,48.8,47.9,64.7,62.9,62.9,,,53.8,,,,,59.7,50.0,50.4,72.4,66.2,64.1,,,69.1,76.1,,,39.7,,,,62.1,,,,,,,145.6,139.8,,,,,,73.0,65.8,,62.5,72.0,63.0,,,95.8,158.6,,106.5,111.6,97.9,,,103.9,,127.4,87.9,89.0,80.4,88.0,,94.2,83.8,,75.0,,73.4,,,76.5,65.9,95.1,,51.5,107.9,90.2,76.7,110.8,78.3,101.0,52.6,55.9,55.2,,39.4,,,,35.0,44.5,,,70.3,90.1,56.3,69.5,77.9,76.1,79.4,65.9,65.3,80.1,,75.4,54.0,85.5,
198008,90.3,1649.1,,,,,,,,3133.8,,64.2,77.3,89.3,73.1,73.2,,67.7,,81.3,66.2,87.9,163.7,60.0,81.9,,87.8,,133.0,,,,87.5,81.9,85.3,65.3,65.0,68.0,,104.6,,,,,,,63.3,,,,,60.9,64.3,64.3,,,71.2,,59.0,50.6,67.7,48.8,47.9,65.5,65.8,65.8,,,53.9,,,,,60.1,50.0,50.4,73.2,66.2,64.1,,,69.9,78.9,,,39.7,,,,62.3,,,,,,,145.1,139.3,,,,,,73.1,66.0,,62.8,72.3,63.1,,,95.9,160.2,,107.0,112.2,98.6,,,104.9,,127.5,87.9,88.9,80.4,88.0,,94.1,83.8,,75.0,,73.4,,,76.4,65.6,94.6,,51.5,108.3,90.3,76.5,110.9,78.3,101.2,52.7,55.9,55.2,,39.4,,,,35.0,44.5,,,72.3,91.7,62.6,65.8,77.5,76.5,79.2,66.2,65.4,79.6,,74.6,54.0,86.4,
198009,89.8,1649.1,,,,,,,,3114.8,,64.2,77.1,87.8,73.6,73.2,,68.8,,81.3,66.2,88.1,164.1,59.9,81.9,,88.0,,134.5,,,,87.7,84.3,85.6,56.8,58.4,57.5,,105.0,,,,,,,64.0,,,,,60.8,64.3,64.3,,,70.6,,59.0,50.7,67.7,48.8,48.1,65.3,64.0,64.0,,,54.0,,,,,60.1,50.3,50.5,73.2,66.2,64.1,,,69.9,78.5,,,39.7,,,,62.5,,,,,,,145.1,139.3,,,,,,73.3,66.3,,63.1,72.5,63.4,,,96.0,161.6,,107.6,112.9,99.1,,,106.2,,127.5,87.9,88.9,80.4,88.0,,94.2,83.8,,75.0,,73.4,,,77.1,66.5,96.4,,51.6,108.4,90.8,77.6,110.9,79.0,101.8,53.3,55.9,55.2,,39.4,,,,35.2,44.5,,,80.0,92.3,77.4,72.2,78.3,76.8,80.6,66.4,65.6,80.4,,75.8,54.2,86.0,
198010,90.5,1646.1,,,,,,,,3109.3,,64.2,77.4,90.8,74.3,73.2,,70.0,,81.4,66.5,88.2,164.3,60.2,82.4,,87.8,,136.6,,,,87.9,87.3,86.0,68.4,70.9,68.8,,105.3,,,,,,,64.2,,,,,60.7,64.3,64.3,,,69.5,,56.8,50.7,67.7,48.8,48.1,65.4,65.1,65.1,,,54.1,,,,,60.4,50.5,50.5,72.9,66.2,64.1,,,69.6,77.8,,,39.7,,,,62.5,,,,,,,144.7,139.0,,,,,,73.5,66.4,,63.3,72.6,63.3,,,96.3,164.8,,109.7,113.4,99.1,,,107.1,,127.6,87.9,89.0,80.4,88.0,,94.1,83.8,,75.0,,73.4,,,77.4,66.7,97.0,,51.6,109.1,91.3,78.8,110.9,79.1,101.7,53.5,55.9,55.2,,39.4,,,,35.2,44.5,,,76.6,92.3,64.4,77.9,78.8,77.3,80.7,66.6,65.8,81.0,,76.3,54.2,86.6,
198011,90.7,1650.6,,,,,,,,3112.1,,64.2,78.3,91.3,74.6,73.2,,70.3,,81.5,66.6,88.4,164.3,60.3,82.4,,87.9,,136.9,,,,88.0,88.0,86.1,69.2,74.1,67.1,,105.9,,,,,,,64.7,,,,,60.7,64.3,64.3,,,70.0,,59.0,50.7,67.7,48.8,48.1,65.5,65.5,65.5,,,54.1,,,,,60.3,50.5,50.7,73.0,66.2,64.1,,,69.8,78.1,,,39.7,,,,62.5,,,,,,,144.7,139.0,,,,,,73.7,66.7,,63.6,72.8,63.5,,,96.4,166.6,,111.5,113.6,99.5,,,107.5,,127.6,87.9,89.0,80.4,88.0,,94.1,83.8,,75.0,,73.4,,,77.7,67.0,97.3,,51.8,109.4,91.6,79.1,111.4,79.2,101.7,53.7,55.9,55.2,,39.4,,,,35.2,44.5,,,75.6,92.1,67.0,71.3,79.0,77.6,80.9,66.9,66.0,81.2,,76.5,54.3,86.7,
198012,91.0,1641.7,,,,,,,,3098.5,,64.2,78.2,92.1,74.7,73.2,,70.4,,81.4,66.7,88.9,164.3,60.6,83.0,,88.7,,137.2,,,,88.2,88.4,86.1,71.7,73.4,73.0,,106.4,,,,,,,65.0,,,,,61.8,64.3,64.3,,,78.7,,57.5,50.7,67.7,48.8,48.1,65.4,64.5,64.5,,,54.2,,,,,60.4,51.1,50.7,73.1,66.2,64.1,,,69.9,78.2,,,39.7,,,,62.5,,,,,,,144.3,138.6,,,,,,73.7,66.9,,63.9,73.0,64.2,,,96.5,167.7,,112.6,114.0,99.9,,,108.1,,127.5,87.9,89.1,80.4,88.0,,94.1,83.8,,75.0,,73.4,,,77.8,67.1,97.2,,52.2,109.5,91.9,79.4,111.5,79.2,101.8,53.7,55.9,55.2,,39.4,,,,35.2,44.5,,,71.1,93.1,58.2,66.0,79.1,77.9,80.6,67.1,66.2,81.3,,76.6,54.3,87.0,
198101,91.8,1641.7,,,,,,,,3095.8,,64.2,79.3,93.2,75.1,73.2,,71.0,,81.6,67.3,89.0,164.3,60.7,83.6,,88.7,,137.3,,,,88.1,88.5,86.2,76.2,75.4,80.1,,106.5,,,,,,,65.1,,,,,61.0,64.3,64.3,,,71.5,,57.5,50.8,67.7,48.8,48.3,66.5,66.9,66.9,,,54.4,,,,,60.3,50.6,51.5,74.4,66.2,64.1,,,71.6,81.6,,,39.7,,,,64.6,,,,,,,144.0,138.3,,,,,,73.9,67.2,,64.4,73.2,64.3,,,96.7,171.2,,115.8,114.3,100.3,,,108.9,,127.5,87.9,89.1,80.5,88.0,,94.1,83.8,,75.0,,73.4,,,78.1,67.5,97.4,,52.9,110.0,92.0,79.5,111.5,79.2,102.0,53.6,55.9,55.2,,39.4,,,,35.2,44.5,,,81.9,95.0,81.7,69.5,79.1,78.2,81.4,67.3,66.5,81.3,,76.4,54.4,87.7,
198102,91.6,1637.3,,,,,,,,3090.3,,64.2,79.6,92.8,75.5,73.2,,71.2,,81.5,67.9,89.6,165.0,61.6,83.9,,89.1,,137.5,,,,88.2,88.9,86.2,72.3,70.4,77.3,,107.2,,,,,,,66.0,,,,,61.0,64.3,64.3,,,71.7,,56.8,50.8,67.7,48.8,48.3,66.3,66.0,66.0,,,54.4,,,,,60.5,50.7,51.8,74.2,66.2,64.1,,,71.3,80.7,,,39.7,,,,64.6,,,,,,,143.4,137.7,,,,,,74.0,67.3,,64.5,73.4,64.3,,,96.7,171.8,,116.7,114.4,100.4,,,109.0,,127.4,87.9,89.1,80.5,88.0,,94.1,83.8,,75.0,,73.4,,,78.2,67.9,97.3,,54.2,110.4,91.6,79.3,110.9,79.3,102.0,53.8,55.9,55.2,,39.4,,,,35.2,44.5,,,82.5,90.7,84.2,72.8,79.0,78.5,81.3,67.5,66.6,81.1,,76.1,54.5,87.5,
198103,92.1,1631.4,,,,,,,,3079.5,,64.2,79.3,95.3,75.7,73.1,,71.7,,81.5,67.9,90.0,165.4,62.3,84.7,,89.2,,137.6,,,,88.0,89.2,86.2,82.8,78.7,90.4,,107.6,,,,,,,66.4,,,,,61.1,64.3,64.3,,,71.5,,57.5,51.0,67.7,48.8,48.7,66.3,66.3,66.3,,,54.5,,,,,60.3,50.7,51.8,74.2,66.2,64.1,,,71.3,80.5,,,39.7,,,,64.6,,,,,,,143.4,137.7,,,,,,74.2,67.4,,64.7,73.5,64.8,,,96.8,172.8,,117.3,114.7,100.4,,,109.5,,127.4,87.9,89.1,80.5,88.0,,94.2,83.8,,75.0,,73.4,,,78.6,68.6,98.5,,54.6,110.8,91.5,78.8,110.9,79.5,102.1,54.2,55.9,55.2,,39.4,,,,35.2,44.5,,,83.7,92.6,85.0,73.9,79.2,78.8,81.7,67.7,66.8,81.3,,76.4,54.5,88.0,
198104,92.8,1627.0,,,,,,,,3074.1,,64.2,78.6,93.6,76.1,73.1,,71.8,,81.5,68.4,90.4,167.0,61.8,84.8,,89.9,,137.8,,,,87.9,89.5,86.2,73.1,68.3,80.9,,108.1,,,,,,,67.1,,,,,61.2,64.3,64.3,,,73.0,,59.7,51.0,67.7,48.8,48.7,67.9,65.7,65.7,,,57.1,,,,,61.6,52.6,52.7,75.7,66.2,64.1,,,73.3,80.6,,,42.5,,,,65.6,,,,,,,142.9,137.3,,,,,,74.2,67.9,,65.0,73.9,65.3,,,96.8,173.4,,117.9,114.7,100.6,,,109.6,,127.4,87.9,89.5,81.1,88.0,,94.5,83.8,,75.0,,73.4,,,78.6,68.6,98.5,,54.9,110.8,91.4,78.8,110.9,79.7,102.6,54.0,55.9,55.2,,40.2,,,,36.5,44.5,,,85.0,92.8,86.8,75.7,79.8,78.8,82.4,68.0,67.3,81.9,,77.2,57.4,88.5,
198105,92.7,1625.5,,,,,,,,3074.1,,64.2,77.6,92.5,76.7,73.1,,72.4,,82.9,68.7,90.6,167.2,62.1,84.8,,89.9,,138.2,,,,88.7,89.8,86.2,66.9,65.6,71.1,,108.4,,,,,,,67.1,,,,,61.1,64.3,64.3,,,71.8,,61.2,51.0,67.7,48.8,48.7,68.3,67.0,67.0,,,57.1,,,,,61.8,52.6,52.8,75.9,66.2,64.1,,,73.5,81.5,,,42.5,,,,65.5,,,,,,,142.5,136.9,,,,,,74.5,68.4,,65.3,74.1,65.6,,,97.0,174.1,,118.0,114.9,100.6,,,109.9,,127.4,88.1,89.6,83.2,88.0,,94.8,83.8,,75.0,,73.4,,,78.6,68.8,98.7,,55.1,111.0,91.0,78.2,110.4,80.0,102.6,54.5,55.9,55.2,,40.2,,,,36.5,44.5,,,81.9,92.6,74.9,81.8,80.8,79.4,83.1,68.3,67.7,83.0,,78.2,57.6,89.6,
198106,92.4,1625.5,,,,,,,,3074.1,,64.2,78.2,91.1,76.7,73.1,,72.4,,82.9,68.8,90.8,167.6,62.1,84.8,,90.3,,138.2,,,,88.8,89.7,86.2,60.6,59.0,64.5,,108.2,,,,,,,67.0,,,,,61.0,64.3,64.3,,,71.0,,57.5,51.0,67.7,48.8,48.7,68.3,66.8,66.8,,,57.1,,,,,61.7,52.7,53.1,76.0,66.2,64.1,,,73.6,81.8,,,42.5,,,,65.5,,,,,,,142.3,136.7,,,,,,74.7,68.7,,65.3,74.1,65.6,,,97.2,174.4,,118.0,115.0,100.7,,,110.0,,127.4,88.4,90.0,85.9,88.0,,95.7,83.8,,75.0,,73.4,,,78.6,68.7,98.8,,54.9,111.1,90.9,78.0,110.4,79.9,102.7,54.3,55.9,55.2,,40.2,,,,36.5,44.5,,,80.9,92.1,68.9,87.3,81.0,79.5,83.1,67.8,68.0,83.2,,78.5,57.6,89.4,
198107,92.4,1621.0,,,,,,,,3065.9,,64.2,78.5,91.4,76.7,73.0,,72.5,,82.9,68.8,90.9,167.6,62.2,84.8,,90.5,,138.3,,,,89.2,89.7,86.2,61.6,59.3,66.3,,108.3,,,,,,,67.1,,,,,61.0,64.3,64.3,,,71.0,,57.5,51.1,67.7,48.8,48.9,68.3,66.4,66.4,,,57.2,,,,,62.0,52.8,53.3,76.1,66.2,64.1,,,73.7,82.0,,,42.5,,,,65.5,,,,,,,142.0,136.4,,,,,,74.8,68.9,,65.6,74.2,65.8,,,98.3,174.8,,118.2,115.0,100.9,,,110.1,,127.4,89.7,90.7,94.0,90.2,,97.1,83.8,,75.0,,73.4,,,78.2,68.5,98.3,,54.9,111.1,90.1,76.3,110.1,79.9,102.7,54.2,55.9,55.2,,40.2,,,,36.5,44.5,,,78.6,93.4,64.3,83.8,80.9,79.9,82.9,67.9,68.3,83.1,,78.3,57.7,89.5,
198108,93.9,1613.7,,,,,,,,3038.8,,64.2,78.1,96.9,76.8,73.0,,72.7,,82.9,69.2,91.0,167.6,62.4,84.8,,90.9,,138.6,,,,89.5,89.8,86.2,86.2,71.4,105.0,,107.8,,,,,,,66.3,,,,,61.2,64.3,64.3,,,72.3,,59.7,51.1,67.7,48.8,49.0,68.7,68.7,68.7,,,57.2,,,,,62.0,52.8,53.3,76.2,66.2,64.1,,,73.9,82.7,,,42.5,,,,65.5,,,,,,,141.6,136.0,,,,,,74.8,69.1,,65.8,74.4,66.1,,,98.7,175.0,,118.4,115.0,100.9,,,110.3,,127.0,90.2,91.1,100.5,90.2,,98.7,83.8,,75.0,,73.4,,,78.0,68.2,97.6,,54.9,111.1,89.8,75.8,110.0,79.8,102.7,54.2,55.9,55.2,,40.2,,,,36.5,44.5,,,76.3,96.1,62.5,75.2,80.7,80.1,82.5,68.1,68.4,82.7,,77.6,57.7,90.7,
198109,92.7,1609.2,,,,,,,,3033.4,,64.2,77.9,91.7,76.9,73.0,,72.9,,82.9,69.3,91.0,167.6,62.2,84.7,,91.2,,138.6,,,,89.6,89.8,86.2,62.7,66.5,61.4,,107.8,,,,,,,66.3,,,,,61.3,64.3,64.3,,,72.7,,57.5,51.2,67.7,48.8,49.1,68.5,67.6,67.6,,,57.4,,,,,62.0,53.0,53.5,76.2,66.2,64.1,,,73.9,82.8,,,42.5,,,,65.5,,,,,,,140.8,135.3,,,,,,75.1,69.2,,66.0,74.5,66.2,,,99.4,175.7,,118.8,115.1,101.1,,,110.6,,127.0,90.9,91.2,102.8,90.2,,101.3,83.8,,75.0,,73.4,,,78.3,68.7,98.7,,54.9,111.4,89.8,75.8,109.9,80.0,102.7,54.4,55.9,55.2,,40.7,,,,37.2,44.5,,,81.6,98.8,73.6,75.3,81.6,80.2,83.7,68.2,68.5,83.8,,79.0,57.8,89.7,
198110,92.5,1609.2,,,,,,,,3019.8,,64.2,77.7,90.8,77.1,73.0,,73.2,,82.9,69.3,91.2,167.6,62.3,84.7,,91.5,,138.6,,,,89.5,89.8,86.3,57.9,63.5,54.6,,107.6,,,,,,,66.1,,,,,61.4,64.3,64.3,,,73.5,,61.2,51.2,67.7,48.8,49.3,68.5,67.6,67.6,,,57.4,,,,,62.1,53.3,53.5,76.0,66.2,64.1,,,73.8,82.3,,,42.5,,,,65.5,,,,,,,139.9,134.3,,,,,,75.3,69.4,,66.1,74.6,66.4,,,99.9,176.0,,119.1,115.3,101.1,,,110.6,,127.1,91.6,91.3,103.8,90.2,,104.4,83.8,,75.0,,73.4,,,78.5,69.0,99.3,,54.9,111.4,89.7,75.9,109.6,80.0,102.8,54.5,55.9,55.2,,40.7,,,,37.2,44.5,,,80.6,98.6,66.4,82.4,82.0,80.5,84.1,68.3,68.7,84.2,,79.4,57.8,89.6,
198111,92.7,1603.3,,,,,,,,3011.7,,64.2,77.8,91.4,77.1,73.0,,73.1,,82.9,69.4,91.3,167.8,62.7,84.7,,91.5,,138.6,,,,89.5,89.8,86.3,60.6,66.4,56.9,,107.7,,,,,,,66.3,,,,,61.6,64.3,64.3,,,75.0,,61.2,51.2,67.7,48.8,49.3,68.6,67.6,67.6,,,57.6,,,,,62.4,53.3,53.7,76.0,66.2,64.1,,,73.8,82.3,,,42.5,,,,65.5,,,,,,,139.7,134.2,,,,,,75.4,69.4,,66.4,74.7,66.4,,,100.2,176.6,,119.4,115.1,101.2,,,110.6,,127.0,91.9,91.2,104.6,90.2,,105.6,83.8,,75.0,,73.4,,,78.4,69.1,99.5,,54.8,111.6,89.4,75.6,109.2,80.1,102.9,54.5,55.9,55.2,,40.7,,,,37.2,44.5,,,76.6,99.0,65.6,68.4,82.2,80.8,83.8,68.5,68.9,84.4,,79.5,57.8,89.8,
198112,93.6,1603.3,,,,,,,,2998.1,,64.2,78.1,94.7,77.2,73.0,,73.2,,82.9,69.4,91.6,167.8,62.5,84.8,,92.1,,138.8,,,,89.7,89.8,86.2,75.2,81.0,72.2,,107.7,,,,,,,66.2,,,,,62.4,64.3,64.3,,,81.6,,57.5,51.2,67.7,48.8,49.3,68.4,67.2,67.2,,,57.7,,,,,62.4,53.6,53.7,75.8,66.2,64.1,,,73.7,82.0,,,42.5,,,,65.5,,,,,,,138.5,133.1,,,,,,75.4,69.7,,66.7,74.8,66.6,,,100.3,176.9,,119.7,115.1,101.3,,,110.6,,126.9,92.1,91.2,105.1,90.2,,105.7,83.8,,75.0,,75.5,,,78.5,69.2,99.8,,54.9,111.7,89.1,74.9,109.1,80.2,102.9,54.7,55.9,55.2,,40.7,,,,37.2,44.5,,,76.8,97.5,67.3,68.5,82.3,81.0,84.1,68.7,69.1,84.5,,79.6,57.8,90.6,
198201,93.2,1597.4,,,,,,,,2990.0,,64.2,77.9,92.9,77.4,73.0,,73.3,,82.9,69.5,92.0,168.5,62.7,84.9,,93.3,,138.9,,,,89.8,89.8,86.3,65.9,65.6,68.8,,107.7,,,,,,,66.4,,,,,61.5,64.3,64.3,,,73.9,,57.5,51.2,67.7,48.8,49.3,68.9,69.1,69.1,,,57.7,,,,,62.4,53.4,54.6,76.1,66.2,64.1,,,74.0,83.1,,,42.5,,,,65.5,,,,,,,137.7,132.3,,,,,,75.6,69.9,,66.9,75.1,66.7,,,100.8,177.3,,120.0,115.3,101.3,,,110.6,,126.7,92.6,91.2,106.3,90.2,,107.6,83.8,,75.0,,75.5,,,78.5,69.4,99.9,,55.1,112.0,88.8,74.3,108.7,80.5,103.1,55.3,55.9,55.2,,40.7,,,,37.2,44.5,,,80.4,100.1,67.7,77.9,82.0,81.0,84.1,68.8,69.2,84.2,,79.2,57.8,90.4,
198202,93.2,1594.5,,,,,,,,2979.1,,64.2,77.6,94.1,77.4,73.0,,73.3,,82.9,69.6,92.1,168.5,63.0,85.8,,92.6,,138.9,,,,89.8,89.8,86.3,71.3,68.3,77.3,,107.7,,,,,,,66.4,,,,,61.5,64.4,64.4,,,73.9,,57.5,51.3,67.7,48.8,49.4,68.7,67.1,67.1,,,57.8,,,,,62.5,53.4,54.8,76.1,66.2,64.1,,,74.0,83.0,,,42.5,,,,65.5,,,,,,,137.6,132.1,,,,,,75.6,70.0,,67.0,75.2,67.4,,,100.8,177.5,,120.2,115.1,101.2,,,110.6,,126.9,92.7,91.2,106.3,90.2,,107.9,83.8,,75.0,,75.5,,,78.6,70.0,100.6,,56.0,112.3,88.4,73.8,108.3,80.5,102.8,55.5,55.9,55.2,,40.7,,,,37.2,44.5,,,81.3,98.8,70.1,79.4,81.8,80.9,83.8,69.1,69.4,83.9,,78.9,57.8,90.6,
198203,93.2,1591.5,,,,,,,,2971.0,,64.2,77.6,94.5,77.6,73.0,,73.6,,82.9,69.8,92.8,169.1,64.1,87.2,,92.9,,139.1,,,,90.3,89.8,86.3,71.3,69.8,75.7,,107.7,,,,,,,66.5,,,,,61.5,64.4,64.4,,,73.4,,57.5,51.3,67.7,48.8,49.5,68.5,66.7,66.7,,,57.9,,,,,62.6,53.5,54.9,76.0,66.2,64.1,,,73.9,82.6,,,42.5,,,,65.5,,,,,,,137.3,131.9,,,,,,75.7,70.2,,67.2,75.3,67.8,,,100.9,177.5,,120.3,115.1,101.3,,,110.5,,126.9,92.7,91.2,106.6,90.2,,108.0,83.8,,75.0,,75.5,,,78.8,70.5,101.1,,56.6,112.5,87.8,72.3,108.0,80.7,103.0,55.6,55.9,55.2,,40.7,,,,37.2,44.5,,,81.3,98.4,69.1,81.3,81.9,81.1,84.0,69.1,69.5,84.0,,79.1,57.8,90.6,
198204,94.1,1587.1,,,,,,,,2965.5,,64.2,76.8,93.2,77.6,73.0,,73.6,,82.9,69.8,93.1,166.1,64.6,88.7,,93.4,,139.4,,,,90.9,89.9,86.3,65.7,62.7,71.5,,107.0,,,,,,,65.5,,,,,61.6,64.5,64.5,,,73.9,,57.5,51.4,67.7,48.8,49.6,70.3,67.2,67.2,,,60.2,,,,,63.8,55.9,55.6,77.7,66.2,64.1,,,76.1,82.7,,,45.7,,,,66.3,,,,,,,136.1,130.7,,,,,,76.0,70.3,,67.5,75.4,68.2,,,101.3,177.6,,120.5,115.4,101.5,,,110.8,,126.9,93.3,91.2,106.8,91.0,,108.3,86.2,,75.0,,75.5,,,78.6,70.5,101.5,,56.3,112.7,87.1,71.2,107.7,80.5,103.0,55.4,55.9,55.2,,42.7,,,,40.8,44.5,,,82.5,100.9,71.9,78.8,82.5,81.4,84.6,69.7,70.3,84.6,,79.8,60.4,91.4,
198205,94.2,1585.6,,,,,,,,2973.7,,64.2,77.4,92.9,77.7,73.0,,73.8,,82.9,69.9,93.6,166.5,64.8,89.9,,94.3,,139.8,,,,91.5,90.0,86.4,63.0,63.2,65.5,,106.9,,,,,,,65.3,,,,,61.6,64.5,64.5,,,74.1,,61.2,51.4,67.7,48.8,49.7,70.5,68.4,68.4,,,60.2,,,,,64.2,55.9,55.6,77.7,66.2,64.1,,,76.1,82.6,,,45.7,,,,66.3,,,,,,,136.0,130.6,,,,,,76.0,70.7,,67.7,75.5,68.5,,,101.4,177.8,,120.5,115.4,101.5,,,111.0,,126.7,93.4,91.9,106.8,91.0,,108.4,86.2,,75.0,,75.5,,,78.5,70.5,101.5,,56.3,112.5,86.5,70.1,107.5,80.6,103.0,55.5,55.9,55.2,,42.7,,,,40.8,44.5,,,77.8,99.3,63.1,76.1,83.2,81.5,85.0,69.9,70.7,85.4,,80.7,60.5,92.0,
198206,94.3,1584.1,,,,,,,,2976.4,,64.2,77.8,93.1,77.7,73.1,,73.6,,82.9,69.8,93.6,165.6,64.8,89.9,,94.3,,140.0,,,,91.6,90.0,86.4,64.5,62.6,68.8,,106.5,,,,,,,64.9,,,,,61.6,64.5,64.5,,,74.1,,61.2,51.4,67.7,48.8,49.7,70.5,68.3,68.3,,,60.3,,,,,64.5,55.9,55.7,77.8,66.2,64.1,,,76.1,82.9,,,45.7,,,,66.3,,,,,,,135.9,130.5,,,,,,76.0,70.9,,67.8,75.6,68.6,,,101.4,177.6,,120.4,115.4,101.5,,,110.9,,126.6,93.4,92.7,106.8,91.0,,108.8,86.2,,75.0,,75.5,,,78.4,70.5,101.6,,56.1,112.7,86.2,69.1,107.6,80.7,103.0,55.6,55.9,55.2,,42.7,,,,40.8,44.5,,,75.4,99.1,59.4,73.0,83.4,81.6,85.0,70.1,70.9,85.6,,80.9,60.5,92.0,
198207,94.0,1576.8,,,,,,,,2973.7,,64.2,78.2,92.1,77.7,73.1,,73.5,,82.9,70.1,94.7,173.9,64.9,91.9,,94.5,,139.8,,,,91.4,90.0,86.3,57.4,59.3,57.9,,107.3,,,,,,,66.0,,,,,61.6,64.5,64.5,,,74.1,,61.2,51.4,67.7,48.8,49.7,70.5,68.3,68.3,,,60.3,,,,,64.8,55.9,55.9,77.8,66.2,64.1,,,76.4,83.3,,,45.7,,,,66.4,,,,,,,135.5,130.2,,,,,,76.0,71.2,,67.9,75.8,68.8,,,101.5,177.8,,120.4,115.4,101.5,,,111.0,,126.7,93.4,93.7,106.8,91.0,,108.8,86.2,,75.0,,75.5,,,77.9,69.9,100.5,,56.0,112.7,85.9,68.4,107.5,81.0,103.4,55.7,55.9,55.2,,42.7,,,,40.8,44.5,,,69.5,99.7,49.9,64.6,83.3,81.8,84.4,70.3,71.1,85.4,,80.6,60.5,91.9,
198208,95.5,1569.4,,,,,,,,2968.3,,64.2,76.3,97.3,77.7,73.0,,73.5,,82.9,70.1,95.2,173.9,65.1,93.2,,95.0,,140.0,,,,91.6,90.0,86.3,80.6,71.5,93.3,,106.4,,,,,,,64.8,,,,,62.0,64.5,64.5,,,76.4,,63.4,51.5,67.7,48.8,49.8,71.2,71.2,71.2,,,60.3,,,,,64.8,55.9,55.9,77.9,66.2,64.1,,,76.5,83.6,,,45.7,,,,66.4,,,,,,,135.1,129.8,,,,,,76.0,71.3,,68.1,75.8,68.8,,,101.5,177.8,,120.4,115.5,101.6,,,111.1,,126.6,93.5,94.5,106.8,91.0,,108.8,86.2,,75.0,,75.5,,,77.8,69.9,100.6,,56.0,112.7,85.6,67.8,107.6,80.7,102.9,55.8,55.9,55.2,,42.7,,,,40.8,44.5,,,81.7,105.4,72.6,69.3,83.0,81.9,85.0,70.3,71.1,85.1,,80.0,60.5,93.2,
198209,95.6,1562.0,,,,,,,,2960.1,,64.2,76.1,97.9,77.8,73.1,,73.2,,82.9,70.4,95.1,171.8,65.2,93.2,,95.1,,139.8,,,,91.5,90.0,86.3,83.7,73.4,97.7,,106.7,,,,,,,65.5,,,,,62.9,64.5,64.5,,,74.2,,59.0,54.5,67.7,55.2,49.8,70.6,68.5,68.5,,,60.4,,,,,64.7,56.4,56.0,77.8,66.2,64.1,,,76.5,83.3,,,45.7,,,,66.4,,,,,,,134.3,129.0,,,,,,76.3,71.4,,68.1,75.9,68.8,,,101.6,177.8,,120.3,115.5,101.6,,,111.0,,126.6,93.5,96.0,106.8,91.0,,108.9,86.2,,75.0,,75.5,,,78.6,70.8,102.5,,56.0,112.9,85.9,68.4,107.6,81.0,103.1,56.0,55.9,55.2,,42.9,,,,41.2,44.5,,,88.1,112.9,80.3,72.9,83.9,82.1,86.4,70.5,71.3,86.1,,81.3,60.7,93.2,
198210,95.3,1560.5,,,,,,,,2954.7,,64.2,76.5,96.3,77.9,73.1,,73.5,,82.9,70.5,95.2,171.6,65.4,93.6,,95.3,,139.5,,,,91.4,89.7,86.3,76.2,80.9,74.3,,106.6,,,,,,,65.6,,,,,62.9,64.5,64.5,,,74.5,,60.5,54.5,67.7,55.2,49.8,70.8,69.7,69.7,,,60.5,,,,,64.7,56.4,56.2,77.8,66.2,64.1,,,76.5,83.1,,,45.7,,,,66.6,,,,,,,133.6,128.3,,,,,,76.3,71.5,,68.4,75.9,68.9,,,101.6,178.0,,120.4,115.5,101.6,,,111.0,,126.7,93.6,96.6,106.8,91.0,,108.9,86.2,,75.0,,75.5,,,78.6,70.6,102.1,,55.7,112.9,86.6,70.2,107.6,80.9,103.0,56.0,55.9,55.2,,42.9,,,,41.2,44.5,,,86.7,107.5,75.5,81.0,84.3,82.3,86.7,70.6,71.3,86.4,,81.7,60.7,93.1,
198211,94.8,1556.1,,,,,,,,2941.1,,64.2,77.3,93.9,77.9,73.0,,73.5,,82.9,70.7,95.8,176.3,66.4,93.3,,95.3,,139.5,,,,91.4,89.7,86.3,64.0,68.4,61.9,,107.4,,,,,,,66.2,,,,,62.9,64.5,64.5,,,74.2,,59.0,54.6,67.7,55.2,50.0,70.8,69.1,69.1,,,60.6,,,,,64.7,56.9,56.2,77.9,66.2,64.1,,,76.6,83.4,,,45.7,,,,66.7,,,,,,,133.0,127.7,,,,,,76.4,71.6,,68.6,75.9,69.0,,,101.7,178.2,,120.5,115.6,101.7,,,111.0,,126.9,93.6,98.0,106.9,91.0,,108.9,86.2,,75.0,,75.5,,,78.8,70.8,102.4,,55.8,113.0,87.1,71.0,107.6,81.1,103.3,56.1,55.9,55.2,,42.9,,,,41.2,44.5,,,74.6,104.9,57.3,66.1,84.3,82.4,85.7,70.7,71.5,86.4,,81.7,60.7,92.6,
198212,95.3,1544.3,,,,,,,,2916.7,,64.2,77.7,95.2,78.0,73.0,,73.6,,82.9,70.4,96.1,176.8,66.5,93.0,,96.2,,139.7,,,,91.6,89.7,86.3,68.8,72.1,68.3,,107.0,,,,,,,65.9,,,,,64.1,64.5,64.5,,,83.6,,62.7,54.6,67.7,55.2,50.0,70.8,68.8,68.8,,,60.7,,,,,64.7,57.2,56.2,77.8,66.2,64.1,,,76.5,83.0,,,45.7,,,,66.7,,,,,,,132.6,127.4,,,,,,76.5,71.8,,68.9,76.1,69.2,,,102.0,178.2,,120.5,115.6,101.7,,,111.0,,127.3,93.9,99.4,106.9,91.0,,109.7,86.2,,75.0,,75.5,,,79.1,71.1,103.0,,56.2,113.1,87.1,71.1,107.6,81.1,103.3,56.3,55.9,55.2,,42.9,,,,41.2,44.5,,,72.5,102.3,57.1,62.2,84.4,82.4,85.6,71.0,71.7,86.5,,81.8,60.7,93.1,
198301,95.5,1539.8,,,,,,,,2908.6,,64.2,77.0,97.2,78.2,73.0,,73.8,,82.9,71.0,96.6,184.0,66.5,93.5,,95.1,,141.0,,,,94.1,89.8,86.3,76.7,76.5,80.1,,107.0,,,,,,,66.0,,,,,62.9,64.5,64.5,,,74.5,,59.0,54.6,67.7,55.2,50.0,71.1,69.4,69.4,,,60.8,,,,,64.8,57.1,57.0,78.1,66.2,64.1,,,76.8,84.0,,,45.7,,,,66.9,,,,,,,132.4,127.1,,,,,,76.5,71.9,,69.1,76.2,69.5,,,102.1,178.0,,120.4,116.0,101.7,,,110.9,,128.2,94.1,103.9,106.9,91.0,,109.7,86.2,,75.0,,75.5,,,79.0,71.1,102.3,,56.6,113.1,87.2,71.3,107.6,81.2,103.5,56.3,55.9,55.2,,42.9,,,,41.2,44.5,,,79.0,105.3,69.5,64.5,84.0,82.3,85.7,71.1,71.9,86.2,,81.3,60.7,93.3,
198302,95.5,1542.8,,,,,,,,2895.0,,64.2,77.3,97.0,78.3,73.2,,73.8,,83.0,71.2,96.9,184.8,66.7,93.6,,95.7,,141.5,,,,94.7,90.0,86.5,75.3,76.9,76.8,,106.7,,,,,,,65.8,,,,,63.1,64.5,64.5,,,75.4,,59.0,54.6,67.7,55.2,50.0,70.9,69.1,69.1,,,60.8,,,,,64.8,57.1,57.2,77.9,66.2,64.1,,,76.7,83.5,,,45.7,,,,67.1,,,,,,,131.9,126.7,,,,,,76.6,71.9,,69.2,76.2,69.5,,,102.1,177.8,,120.3,116.0,101.7,,,110.8,,128.4,94.1,104.5,106.9,91.0,,109.9,86.2,,75.0,,75.5,,,79.3,71.4,103.0,,56.9,113.3,87.2,71.4,107.5,81.4,103.5,56.7,55.9,55.2,,42.9,,,,41.2,44.5,,,80.1,103.9,70.5,68.8,83.6,82.5,85.4,71.3,72.1,85.7,,80.8,60.7,93.2,
198303,96.0,1536.9,,,,,,,,2884.1,,64.2,77.1,99.1,78.5,73.1,,73.8,,83.0,72.2,96.9,184.8,66.9,93.7,,95.6,,141.5,,,,94.8,90.0,86.5,84.3,78.8,93.3,,106.7,,,,,,,65.7,,,,,63.0,64.5,64.5,,,74.5,,59.0,54.6,67.7,55.2,50.1,71.1,68.9,68.9,,,61.0,,,,,64.8,57.1,57.2,78.2,66.2,64.1,,,77.0,83.9,,,45.7,,,,67.5,,,,,,,131.4,126.2,,,,,,76.8,72.1,,69.2,76.3,69.6,,,102.1,178.0,,120.4,115.8,101.7,,,110.8,,128.3,94.1,104.7,106.9,91.0,,109.9,86.2,,75.0,,75.5,,,79.8,71.9,104.0,,57.0,113.3,87.7,72.1,107.9,81.7,103.8,56.9,55.9,55.2,,42.9,,,,41.2,44.5,,,84.3,104.5,75.9,75.0,83.8,82.8,86.0,71.3,72.3,85.9,,81.0,60.8,93.7,
198304,97.0,1553.1,,,,,,,,2848.9,,70.4,77.1,98.4,78.7,73.0,,73.8,,83.9,72.2,96.8,184.8,66.4,93.6,,95.5,,141.8,,,,95.1,90.0,86.5,80.8,71.4,93.8,,106.7,,,,,,,65.7,,,,,63.1,64.5,64.5,,,75.2,,59.0,54.6,67.7,55.2,50.1,72.7,70.0,70.0,,,63.1,,,,,65.8,58.9,57.9,79.6,66.2,64.1,,,78.8,83.7,,,48.8,,,,68.1,,,,,,,131.3,126.1,,,,,,77.1,72.1,,69.4,76.5,69.8,,,102.9,178.2,,120.4,115.8,101.7,,,110.7,,128.4,94.9,104.9,107.0,93.8,,110.0,86.2,,75.0,,75.5,,,79.7,71.7,103.7,,57.0,113.3,87.7,72.1,107.7,81.6,103.6,57.0,55.9,55.2,,53.3,,,,42.3,66.7,,,83.8,104.8,75.0,74.8,84.2,82.9,86.3,71.6,72.7,86.4,,81.8,62.9,94.5,
198305,96.7,1548.7,,,,,,,,2819.0,,70.4,77.1,96.6,78.7,73.0,,73.8,,83.9,72.4,96.8,184.8,66.5,93.4,,95.6,,141.8,,,,95.3,90.0,86.5,72.6,68.9,79.4,,107.1,,,,,,,66.2,,,,,63.0,64.5,64.5,,,74.5,,59.0,54.6,67.7,55.2,50.1,72.8,70.2,70.2,,,63.2,,,,,65.9,58.9,58.1,79.6,66.2,64.1,,,78.8,83.7,,,48.8,,,,68.1,,,,,,,130.3,125.2,,,,,,79.8,72.5,,69.4,76.5,70.0,,,102.9,178.5,,120.6,116.0,101.7,,,110.7,,128.5,94.9,105.1,107.0,93.8,,109.9,86.2,,75.0,,75.5,,,79.8,71.7,103.9,,56.9,113.3,87.7,72.3,107.6,81.6,103.6,57.0,62.6,61.8,,53.3,,,,42.3,66.7,,,88.3,103.5,81.3,83.1,84.8,82.9,87.3,72.0,73.3,87.0,,82.8,63.0,94.3,
198306,96.1,1545.8,,,,,,,,2840.7,,70.4,77.5,94.1,78.7,73.0,,74.0,,83.9,72.3,96.8,184.8,66.5,93.4,,95.5,,141.9,,,,95.4,90.0,86.5,61.6,63.3,62.2,,106.9,,,,,,,65.6,,,,,63.0,64.5,64.5,,,74.5,,59.0,54.6,67.7,55.2,50.1,72.9,70.7,70.7,,,63.2,,,,,66.1,58.9,58.2,79.6,66.2,64.1,,,78.9,83.6,,,48.8,,,,68.1,,,,,,,129.6,124.5,,,,,,80.0,72.6,,69.5,76.5,70.1,,,104.0,178.9,,121.1,116.1,101.8,,,110.8,,128.7,96.3,105.2,107.0,93.8,,109.9,86.2,,81.2,,75.5,,,79.4,71.3,103.4,,56.1,113.3,87.8,72.3,107.7,81.8,103.7,57.3,62.6,61.8,,53.3,,,,42.3,66.7,,,79.9,100.5,63.5,82.0,84.9,83.1,86.6,72.2,73.6,87.0,,82.9,63.0,93.7,
198307,96.4,1541.3,,,,,,,,2832.6,,70.4,77.8,95.1,78.7,73.0,,73.8,,83.9,72.1,96.9,184.8,66.7,93.4,,95.8,,142.1,,,,95.6,90.0,86.5,65.6,67.7,66.3,,106.9,,,,,,,65.7,,,,,63.0,64.5,64.5,,,74.5,,59.0,54.6,67.7,55.2,50.2,73.1,71.2,71.2,,,63.2,,,,,66.1,58.9,58.3,79.7,66.2,64.1,,,79.1,84.4,,,48.8,,,,68.1,,,,,,,129.2,124.1,,,,,,80.1,72.7,,69.6,76.7,70.2,,,104.1,178.7,,120.9,116.3,101.7,,,110.8,,130.2,96.4,105.3,107.0,93.8,,109.9,86.2,,81.2,,75.5,,,79.4,71.1,103.4,,55.7,113.3,87.8,72.3,107.9,81.8,103.6,57.4,62.6,61.8,,53.3,,,,42.3,66.7,,,77.0,101.2,62.6,71.7,84.7,83.3,86.3,72.3,73.8,86.8,,82.6,63.0,94.0,
198308,97.3,1536.9,,,,,,,,2884.1,,70.4,77.1,97.1,78.9,73.1,,74.1,,83.9,72.4,96.9,184.8,66.4,93.4,,95.7,,142.1,,,,95.8,90.0,86.5,74.8,66.1,86.8,,107.0,,,,,,,65.7,,,,,63.2,64.5,64.5,,,76.0,,61.2,54.6,67.7,55.2,50.2,73.6,74.2,74.2,,,63.2,,,,,66.1,58.9,58.3,79.8,66.2,64.1,,,79.2,84.6,,,48.8,,,,68.1,,,,,,,128.7,123.6,,,,,,80.0,72.7,,69.8,76.7,70.2,,,104.1,178.9,,121.1,116.3,101.7,,,110.8,,130.1,96.3,105.3,107.0,93.8,,109.9,86.2,,81.2,,75.5,,,79.3,70.9,102.7,,55.7,113.1,87.8,72.3,107.9,81.9,103.6,57.5,62.6,61.8,,53.3,,,,42.3,66.7,,,82.6,102.8,72.8,75.6,84.1,83.4,86.0,72.5,73.9,86.1,,81.6,63.0,94.8,
198309,97.1,1531.0,,,,,,,,2914.0,,70.4,77.1,97.8,78.8,73.1,,74.1,,83.9,72.4,97.0,184.8,66.7,93.2,,95.9,,142.5,,,,96.0,90.3,86.6,77.7,72.6,86.0,,107.0,,,,,,,65.7,,,,,63.1,64.5,64.5,,,75.2,,59.0,54.7,67.7,55.2,50.3,73.3,71.3,71.3,,,63.3,,,,,66.6,59.1,58.3,80.1,66.2,64.1,,,79.5,84.5,,,48.8,,,,69.2,,,,,,,128.4,123.3,,,,,,80.1,72.8,,69.9,76.7,70.2,,,104.1,178.9,,121.1,116.2,101.7,,,110.6,,130.1,96.4,105.3,107.0,93.8,,109.9,86.2,,81.2,,75.5,,,79.5,71.4,103.8,,55.6,113.4,87.7,72.0,107.9,82.1,103.7,57.7,62.6,61.8,,53.8,,,,43.0,66.7,,,82.2,101.2,76.4,70.8,85.2,83.6,87.1,72.6,74.0,87.3,,83.2,63.0,94.6,
198310,97.4,1533.9,,,,,,,,2916.7,,70.4,76.9,98.2,79.1,73.1,,74.1,,83.9,72.4,97.1,184.8,67.1,93.1,,95.9,,142.7,,,,96.8,90.3,86.6,78.7,86.3,74.2,,107.0,,,,,,,65.6,,,,,63.2,64.5,64.5,,,76.0,,59.0,54.7,67.7,55.2,50.3,73.5,72.7,72.7,,,63.3,,,,,66.6,59.1,58.3,80.0,66.2,64.1,,,79.4,84.1,,,48.8,,,,69.2,,,,,,,128.1,123.1,,,,,,80.1,72.9,,70.1,76.8,70.2,,,104.1,178.9,,121.1,116.2,101.7,,,110.2,,130.0,96.4,105.6,107.0,93.8,,110.1,86.2,,81.2,,75.5,,,79.7,71.6,104.3,,55.6,113.6,87.8,72.5,107.6,82.2,103.7,58.1,62.6,61.8,,53.8,,,,43.0,66.7,,,87.1,99.9,80.3,84.4,85.6,83.9,87.9,72.9,74.5,87.7,,83.6,63.0,94.9,
198311,97.3,1531.0,,,,,,,,2911.3,,70.4,76.2,97.6,79.1,73.1,,74.1,,83.9,72.4,97.0,184.8,67.0,93.1,,95.7,,142.7,,,,96.8,90.3,86.5,75.6,83.9,70.2,,107.4,,,,,,,66.3,,,,,63.2,64.5,64.5,,,75.4,,60.5,54.8,67.7,55.2,50.5,73.5,72.8,72.8,,,63.4,,,,,66.6,59.1,58.4,80.1,66.2,64.1,,,79.6,84.3,,,48.8,,,,69.2,,,,,,,127.8,122.7,,,,,,80.1,73.0,,70.3,76.8,70.2,,,104.1,178.7,,120.6,116.2,101.7,,,110.6,,129.8,96.4,105.5,107.0,93.8,,110.0,86.2,,81.2,,75.5,,,79.7,71.6,104.1,,55.8,113.7,87.7,72.6,107.4,82.6,103.9,58.7,62.6,61.8,,53.8,,,,43.0,66.7,,,77.8,98.8,70.6,66.1,85.8,84.1,87.3,72.9,74.6,87.9,,83.8,63.0,94.8,
198312,97.6,1528.0,,,,,,,,2905.8,,70.4,76.5,98.4,79.0,73.1,,74.1,,84.1,72.4,97.2,184.8,67.6,93.1,,95.4,,142.7,,,,96.7,90.3,86.5,79.0,84.2,76.8,,107.8,,,,,,,67.0,,,,,64.4,64.5,64.5,,,85.5,,60.5,54.8,67.7,55.2,50.6,73.3,71.6,71.6,,,63.4,,,,,66.6,59.4,58.4,80.0,66.2,64.1,,,79.4,83.8,,,48.8,,,,69.2,,,,,,,127.6,122.6,,,,,,80.3,73.0,,70.4,76.8,70.3,,,104.4,178.5,,120.4,116.2,101.6,,,110.5,,129.7,96.8,105.7,107.0,93.8,,110.0,86.2,,81.2,,79.5,,,79.8,71.6,104.0,,56.1,113.6,87.7,72.6,107.4,82.8,104.1,59.1,62.6,61.8,,53.8,,,,43.0,66.7,,,74.7,97.9,66.4,62.2,85.7,84.4,87.1,73.0,74.7,87.9,,83.8,63.0,95.1,
198401,97.4,1525.1,,,,,,,,2905.8,,70.4,76.6,98.0,79.1,73.1,,74.2,,84.1,72.5,97.3,184.8,67.8,93.1,,95.3,,142.8,,,,96.8,90.4,86.5,77.0,78.4,78.5,,107.9,,,,,,,67.1,,,,,63.3,64.5,64.5,,,76.8,,59.0,54.8,67.7,55.2,50.6,73.6,72.7,72.7,,,63.5,,,,,66.6,59.1,59.0,80.1,66.2,64.1,,,79.8,84.6,,,48.8,,,,69.3,,,,,,,127.3,122.2,,,,,,80.3,73.0,,70.6,76.8,70.4,,,104.4,178.9,,120.8,116.2,101.6,,,110.9,,129.5,96.8,105.7,107.0,93.8,,110.1,86.2,,81.2,,79.5,,,79.7,71.6,103.5,,56.7,114.1,87.3,71.7,107.6,82.8,103.6,59.4,62.6,61.8,,53.8,,,,43.0,66.7,,,82.5,100.5,80.7,66.5,85.4,84.4,87.3,73.2,74.7,87.5,,83.3,63.0,95.0,
198402,97.6,1519.2,,,,,,,,2905.8,,70.4,76.1,99.2,79.2,73.1,,74.2,,84.2,72.7,97.5,184.8,68.2,93.1,,95.2,,143.0,,,,97.3,90.4,86.5,81.7,83.7,82.9,,107.9,,,,,,,66.9,,,,,63.5,64.5,64.5,,,77.5,,59.0,54.8,67.7,55.2,50.6,73.5,72.1,72.1,,,63.6,,,,,66.6,59.1,59.2,80.1,66.2,64.1,,,79.8,84.4,,,48.8,,,,69.5,,,,,,,127.1,122.1,,,,,,80.4,73.1,,70.8,76.8,70.5,,,104.4,178.9,,120.6,116.2,101.6,,,110.9,,129.5,96.8,105.9,107.0,93.8,,110.0,86.2,,81.2,,79.5,,,79.9,71.7,103.0,,57.7,114.2,87.8,72.5,107.6,83.5,104.9,59.7,62.6,61.8,,53.8,,,,43.0,66.7,,,91.4,100.3,100.3,70.7,85.3,84.8,87.9,73.3,74.9,87.3,,83.0,63.1,95.3,
198403,98.3,1514.7,,,,,,,,2897.7,,70.4,75.7,102.7,79.3,73.1,,74.3,,84.2,72.9,97.9,184.8,68.5,93.2,,95.4,,143.3,,,,97.6,90.4,86.5,96.6,97.6,99.6,,108.1,,,,,,,67.1,,,,,63.3,64.5,64.5,,,76.8,,59.0,54.8,67.7,55.2,50.6,73.5,71.9,71.9,,,63.6,,,,,66.6,59.2,59.3,80.2,66.2,64.1,,,79.8,84.5,,,48.8,,,,69.5,,,,,,,126.5,121.5,,,,,,80.5,73.3,,71.1,76.8,70.8,,,104.4,178.9,,120.8,116.2,101.7,,,110.9,,129.6,96.8,105.9,107.0,93.8,,109.9,86.2,,81.2,,79.5,,,80.2,72.3,103.8,,58.2,114.3,87.8,72.6,107.5,83.7,105.1,59.9,62.6,61.8,,53.8,,,,43.0,66.7,,,92.1,100.7,99.9,73.2,85.5,85.0,88.2,73.4,75.0,87.6,,83.1,63.1,96.0,
198404,98.5,1511.8,,,,,,,,2897.7,,70.4,74.5,97.5,79.3,73.1,,74.4,,84.2,72.7,98.3,184.8,68.9,93.1,,95.9,,143.7,,,,98.4,90.4,86.5,72.3,71.5,76.1,,108.1,,,,,,,66.8,,,,,63.5,64.5,64.5,,,77.5,,59.0,54.8,67.7,55.2,50.6,75.5,71.8,71.8,,,65.1,,,,,68.2,60.6,59.7,83.3,76.4,74.0,,,81.7,84.6,,,51.7,,,,69.8,,,,,,,126.2,121.2,,,,,,80.6,73.4,,71.3,76.9,70.9,,,104.7,178.4,,120.3,116.3,101.7,,,111.1,,129.7,97.1,106.0,107.0,93.8,,109.9,86.2,,81.2,,82.8,,,80.3,72.2,103.8,,58.1,114.4,88.0,72.7,107.9,83.7,105.2,59.7,62.6,61.8,,58.9,,,,52.1,66.7,,,89.5,102.5,91.2,74.3,85.9,85.0,88.3,73.6,75.3,88.1,,83.7,65.0,96.1,
198405,99.6,1507.4,,,,,,,,2886.9,,70.4,75.0,101.4,79.4,73.4,,74.4,,84.4,72.9,98.3,184.8,68.1,92.9,,96.2,,143.6,,,,98.3,90.4,86.5,89.9,100.4,82.7,,108.3,,,,,,,67.3,,,,,63.5,64.5,64.5,,,77.7,,60.5,54.8,67.7,55.2,50.6,76.1,74.2,74.2,,,65.1,,,,,68.4,60.7,59.7,83.5,76.4,74.0,,,82.0,84.6,,,51.7,,,,70.4,,,,,,,125.5,120.5,,,,,,80.6,73.5,,71.4,76.9,71.0,,,104.7,178.4,,120.2,116.3,101.8,,,111.1,,129.7,97.1,106.0,107.0,93.8,,109.9,86.2,,81.2,,82.8,,,80.2,72.1,103.9,,57.5,114.5,88.1,72.6,108.0,83.7,105.2,59.7,62.6,61.8,,58.9,,,,52.1,66.7,,,85.8,100.0,80.8,78.8,86.8,85.5,89.0,73.8,75.6,89.1,,85.1,65.1,97.9,
198406,98.4,1502.9,,,,,,,,2865.2,,70.4,73.9,96.3,79.3,73.4,,74.4,,84.1,72.8,98.2,184.8,68.0,92.9,,96.0,,143.6,,,,98.2,90.4,86.5,67.1,66.8,70.0,,108.6,,,,,,,67.7,,,,,63.3,64.5,64.5,,,76.8,,59.0,54.8,67.7,55.2,50.6,75.9,73.2,73.2,,,65.2,,,,,68.6,60.8,59.7,83.5,76.4,74.0,,,82.0,84.5,,,51.7,,,,70.5,,,,,,,125.1,120.2,,,,,,80.7,73.7,,71.6,77.0,71.0,,,104.7,178.2,,120.0,116.3,102.0,,,111.0,,129.5,97.1,106.1,107.0,93.8,,109.9,86.2,,81.2,,82.8,,,80.2,71.9,103.6,,57.5,115.1,88.1,72.3,108.2,83.5,105.0,59.7,62.6,61.8,,58.9,,,,52.1,66.7,,,78.9,101.1,64.8,75.7,86.7,85.5,88.2,73.9,75.8,88.9,,85.0,65.1,96.8,
198407,98.7,1500.0,,,,,,,,2848.9,,70.4,74.0,97.4,79.3,73.4,,74.3,,84.1,72.7,98.2,184.8,68.1,92.8,,95.8,,143.4,,,,97.9,90.4,86.5,71.6,68.6,77.7,,108.5,,,,,,,67.8,,,,,63.3,64.5,64.5,,,76.5,,59.0,54.8,67.7,55.2,50.6,76.0,73.0,73.0,,,65.2,,,,,68.9,60.8,59.9,83.6,76.4,74.0,,,82.1,85.0,,,51.7,,,,70.6,,,,,,,125.1,120.2,,,,,,80.8,74.1,,71.9,77.1,71.1,,,104.7,178.9,,120.6,116.3,102.1,,,110.9,,129.6,97.1,106.1,107.0,93.8,,109.9,86.2,,81.2,,82.8,,,79.9,71.6,102.7,,57.2,115.5,88.0,72.3,108.2,83.5,104.5,60.1,62.6,61.8,,58.9,,,,52.1,66.7,,,82.3,101.7,66.9,84.0,86.6,85.6,88.4,74.3,76.2,88.8,,84.8,65.1,97.2,
198408,98.9,1498.5,,,,,,,,2835.3,,70.4,74.0,96.9,79.3,73.4,,74.3,,84.1,72.7,98.3,184.8,68.1,92.8,,96.0,,143.1,,,,97.4,90.4,86.5,69.8,71.7,70.6,,108.4,,,,,,,67.9,,,,,63.5,64.6,64.6,,,77.9,,61.2,54.8,67.7,55.2,50.6,76.4,75.9,75.9,,,65.2,,,,,68.9,60.8,59.9,83.6,76.4,74.0,,,82.2,85.1,,,51.7,,,,70.6,,,,,,,124.4,119.5,,,,,,80.8,74.3,,72.1,77.1,71.2,,,104.8,179.1,,120.9,116.4,102.1,,,111.0,,129.6,97.2,106.1,107.0,93.8,,110.1,86.2,,81.2,,82.8,,,79.6,71.2,102.0,,57.2,115.8,87.4,72.3,106.6,83.9,104.9,60.4,62.6,61.8,,58.9,,,,52.1,66.7,,,79.3,105.6,64.2,72.8,86.1,85.8,87.6,74.3,76.3,88.2,,83.9,65.1,97.5,
198409,98.7,1494.1,,,,,,,,2816.3,,70.4,73.7,96.9,79.3,73.4,,74.3,,84.1,72.7,98.5,184.8,68.1,92.8,,96.4,,143.3,,,,97.5,90.4,86.5,69.8,76.0,66.3,,108.4,,,,,,,68.0,,,,,63.6,64.6,64.6,,,78.1,,60.5,54.8,67.7,55.2,50.6,76.0,73.3,73.3,,,65.3,,,,,68.9,60.9,59.9,83.6,76.4,74.0,,,82.0,84.6,,,51.7,,,,70.6,,,,,,,124.7,119.8,,,,,,81.0,74.4,,72.3,77.2,71.3,,,104.8,178.9,,120.6,116.3,102.2,,,110.9,,129.5,97.2,106.0,107.0,93.8,,110.0,86.2,,81.2,,82.8,,,79.8,71.8,103.2,,57.3,115.8,87.1,72.0,106.1,83.5,103.8,60.9,62.6,61.8,,59.7,,,,53.6,66.7,,,84.9,104.5,76.0,76.9,87.1,86.1,89.1,74.4,76.4,89.2,,85.1,65.1,97.2,
198410,98.9,1495.6,,,,,,,,2805.5,,70.4,74.0,98.4,79.3,73.8,,74.4,,84.1,72.8,98.5,184.8,68.1,92.9,,96.5,,143.4,,,,97.5,90.4,86.7,75.8,84.4,70.0,,108.5,,,,,,,68.0,,,,,63.5,64.6,64.6,,,77.2,,60.5,54.8,67.7,55.2,50.6,76.1,73.7,73.7,,,65.3,,,,,68.9,60.9,59.9,83.6,76.4,74.0,,,82.2,84.6,,,51.7,,,,70.7,,,,,,,124.4,119.5,,,,,,81.0,74.5,,72.3,77.2,71.3,,,104.8,178.9,,120.5,116.5,102.6,,,110.9,,129.6,97.1,106.0,107.0,93.8,,109.9,86.2,,81.2,,82.8,,,79.9,72.0,103.6,,57.5,116.1,87.1,71.9,106.0,83.8,104.1,61.1,62.6,61.8,,59.7,,,,53.6,66.7,,,86.3,105.3,69.5,90.9,87.6,86.1,89.8,74.5,76.6,89.9,,85.9,65.2,97.5,
198411,98.7,1494.1,,,,,,,,2805.5,,70.4,74.5,96.9,79.4,73.8,,74.6,,84.3,72.8,98.6,184.8,68.3,92.8,,96.6,,143.4,,,,97.7,90.4,86.7,69.3,75.3,65.9,,108.2,,,,,,,67.7,,,,,63.5,64.6,64.6,,,77.8,,60.5,54.8,67.7,55.2,50.6,76.1,74.0,74.0,,,65.3,,,,,68.9,60.9,59.9,83.6,76.4,74.0,,,82.2,84.6,,,51.7,,,,70.7,,,,,,,123.6,118.8,,,,,,81.4,74.5,,72.6,77.3,71.5,,,107.1,178.7,,120.3,116.7,103.1,,,110.8,,129.7,100.0,106.1,107.0,98.9,,110.0,91.1,,84.0,,82.8,,,80.2,72.5,104.5,,57.6,116.1,87.2,72.3,106.0,83.9,104.2,61.3,62.6,61.8,,59.7,,,,53.6,66.7,,,78.8,103.1,58.0,82.9,87.7,86.0,89.2,74.7,76.7,89.9,,86.1,65.3,97.3,
198412,99.3,1489.7,,,,,,,,2775.6,,70.4,73.9,98.4,79.4,73.8,,74.6,,84.3,72.9,98.9,184.8,69.1,93.3,,96.8,,143.4,,,,97.7,90.4,86.7,75.9,80.3,74.6,,108.1,,,,,,,67.5,,,,,64.9,64.6,64.6,,,88.6,,61.2,54.8,67.7,55.2,50.6,76.0,72.8,72.8,,,65.4,,,,,69.1,60.9,60.0,83.6,76.4,74.0,,,82.2,84.6,,,51.7,,,,70.7,,,,,,,123.5,118.6,,,,,,81.5,74.6,,72.8,77.3,71.2,,,107.0,178.5,,120.3,116.5,103.2,,,110.5,,129.6,100.0,106.2,107.0,98.9,,109.8,91.1,,84.0,,82.8,,,80.4,72.7,104.7,,57.9,116.2,87.1,72.3,105.7,84.0,104.3,61.4,62.6,61.8,,59.7,,,,53.6,66.7,,,81.2,102.8,57.4,92.7,87.7,86.2,89.4,74.8,77.0,89.9,,86.1,65.3,97.9,
198501,100.5,1501.5,,,,,,,,2772.9,,70.4,74.2,100.3,79.4,74.0,,74.5,,84.2,73.5,99.2,184.8,68.8,93.5,71.6,96.8,,146.8,,,,104.3,90.5,86.7,82.9,82.3,86.7,,108.4,,,,,127.6,,67.8,,,,,63.8,64.7,64.7,,,78.2,,59.8,55.0,67.8,55.2,50.6,77.4,78.9,78.9,,,65.8,,,69.9,,69.1,61.2,60.7,84.1,76.4,74.0,,,82.8,85.1,,,51.7,89.3,,,71.6,,,,59.7,,,123.3,118.4,,,,,,81.6,74.8,,73.0,77.4,71.8,,,107.3,180.9,275.1,119.7,117.1,104.8,,,110.6,,129.3,100.2,106.6,107.0,98.9,,109.8,91.1,,85.0,,82.9,,,80.5,72.5,104.2,,58.2,116.2,87.0,71.9,106.2,84.3,104.1,62.1,62.6,61.8,,60.3,,,,54.6,66.7,,,88.1,107.1,73.4,89.7,87.6,86.2,89.8,75.1,77.2,89.7,,85.9,65.1,99.0,
198502,99.7,1494.1,,,,,,,,2751.2,,70.4,74.2,99.2,79.5,74.0,,74.6,,84.2,73.6,99.3,184.4,68.8,94.2,71.5,97.0,,147.3,,,,105.3,90.5,86.7,76.3,79.1,76.6,,108.4,,,,,127.6,,67.9,,,,,63.8,64.7,64.7,,,78.7,,60.5,55.0,67.8,55.2,50.7,76.6,74.1,74.1,,,65.9,,,69.9,,69.1,61.2,60.8,84.1,76.4,74.0,,,82.8,84.9,,,51.7,89.3,,,71.6,,,,59.7,,,122.7,117.8,,,,,,81.7,74.9,,73.1,77.4,71.9,,,107.6,180.1,272.9,119.6,117.1,105.0,,,110.6,,129.3,100.6,106.4,107.0,98.9,,109.9,91.1,,86.4,,82.9,,,80.7,73.3,104.5,,60.4,116.1,86.5,71.4,105.9,84.4,104.3,62.2,62.6,61.8,,60.3,,,,54.6,66.7,,,85.2,103.4,70.3,88.3,87.3,86.4,89.3,75.2,77.3,89.4,,85.6,65.3,98.3,
198503,100.0,1488.2,,,,,,,,2743.1,,70.4,73.9,100.9,79.5,74.1,,74.5,,84.2,73.6,99.4,184.8,69.1,95.1,71.6,96.8,,148.0,,,,106.8,90.5,86.7,85.2,88.6,85.3,,108.2,,,,,127.8,,67.7,,,,,63.9,64.7,64.7,,,78.3,,60.5,55.4,70.8,55.2,50.8,76.7,73.5,73.5,,,66.0,,,69.9,,69.1,61.2,60.8,84.3,76.4,74.0,,,83.1,84.9,,,51.7,89.3,,,71.9,,,,61.3,,,122.2,117.4,,,,,,81.8,74.9,,73.4,77.4,71.9,,,107.6,180.7,274.0,119.7,117.3,105.2,,,110.5,,129.5,100.6,106.4,107.0,98.9,,109.9,91.1,,86.4,,82.9,,,80.7,73.5,104.6,,60.6,116.3,86.3,71.3,105.0,84.5,104.5,62.3,62.6,61.8,,60.3,,,,54.6,66.7,,,87.5,104.8,72.1,92.2,87.6,86.3,89.8,75.3,77.4,89.8,,85.9,65.4,98.6,
198504,100.7,1482.3,,,,,,,,2721.4,,70.4,73.7,101.5,79.5,74.1,,74.4,,84.2,73.6,99.6,184.8,69.5,96.0,71.3,97.1,,148.2,,,,107.2,90.5,86.7,87.8,82.9,96.1,,108.3,,,,,127.8,,67.7,,,,,63.8,64.7,64.7,,,77.8,,60.5,55.4,70.8,55.2,50.8,77.6,73.5,73.5,,,66.9,,,70.1,,69.7,62.5,61.3,85.6,76.4,74.0,,,84.8,85.1,,,54.9,89.6,,,72.1,,,,65.6,,,121.8,117.0,,,,,,81.8,75.0,,73.4,77.5,71.8,,,107.6,179.4,270.5,119.7,117.3,105.4,,,110.5,,129.3,100.6,106.6,107.0,98.9,,109.9,91.1,,86.4,,82.9,,,80.6,73.4,104.7,,60.2,116.4,86.1,71.3,104.6,84.6,104.4,62.5,62.6,61.8,,61.4,,,,56.7,66.7,,,88.8,105.8,77.8,86.8,88.1,86.4,90.3,75.6,77.7,90.2,,86.6,67.5,99.2,
198505,100.2,1477.8,,,,,,,,2707.8,,70.4,73.9,98.9,79.5,74.1,,74.6,,84.2,73.5,99.8,184.8,69.7,96.8,71.3,97.2,,148.3,,,,107.5,90.5,86.7,72.8,75.7,72.8,,108.5,,,,,127.9,,68.1,,,,,63.8,64.7,64.7,,,77.8,,60.5,55.4,70.8,55.2,50.8,77.8,73.8,73.8,,,67.3,,,71.4,,70.1,62.6,61.3,85.7,76.4,74.0,,,84.9,85.0,,,54.9,89.6,,,72.1,,,,65.8,,,121.6,116.8,,,,,,81.9,75.2,,73.6,77.5,71.8,,,107.6,179.1,269.4,119.9,117.3,105.5,,,110.3,,129.5,100.6,106.4,107.0,98.9,,110.0,91.1,,86.4,,82.9,,,80.6,73.5,104.9,,60.4,116.8,85.9,71.1,104.2,84.6,104.4,62.6,62.6,61.8,,61.5,,,,56.7,66.7,,,86.7,102.7,71.2,93.6,88.4,86.5,90.4,75.8,78.2,90.5,,87.1,67.6,99.2,
198506,100.4,1474.9,,,,,,,,2705.1,,70.4,73.9,99.4,79.6,75.2,,74.6,,84.2,73.5,99.8,184.8,69.8,96.7,71.7,97.3,,148.6,,,,108.2,90.5,86.7,75.4,78.7,75.1,,108.6,,,,,128.3,,68.2,,,,,63.8,64.7,64.7,,,77.8,,60.5,55.4,70.8,55.2,50.8,77.8,74.1,74.1,,,67.5,,,71.9,,70.1,62.7,61.3,85.5,76.4,74.0,,,84.7,85.0,,,54.9,89.9,,,72.1,,,,64.2,,,121.3,116.5,,,,,,81.9,75.2,,73.7,77.5,72.2,,,107.6,178.2,266.8,119.8,117.4,105.6,,,110.5,,129.5,100.6,106.4,107.0,98.9,,109.9,91.1,,86.4,,82.9,,,80.6,73.5,104.7,,60.4,117.0,85.9,71.1,103.9,84.8,104.5,62.9,62.6,61.8,,61.5,,,,56.7,66.7,,,85.5,102.5,69.4,91.9,88.4,86.7,90.4,76.0,78.4,90.6,,87.2,67.6,99.3,
198507,100.3,1470.5,,,,,,,,2696.9,,70.4,73.9,99.1,79.8,77.6,,74.4,,84.1,73.8,99.7,184.8,69.9,96.8,71.4,97.3,,148.6,,,,108.1,90.5,86.7,73.4,74.7,75.0,,108.7,,,,,128.0,,68.4,,,,,63.9,64.7,64.7,,,77.8,,60.5,55.4,70.8,55.2,50.8,77.8,73.8,73.8,,,67.5,,,71.9,,70.2,62.9,61.4,85.6,76.4,74.0,,,84.9,85.1,,,54.9,89.9,,,72.4,,,,64.5,,,120.7,116.0,,,,,,81.9,75.3,,73.9,77.5,72.4,,,107.8,177.3,264.4,119.7,117.4,105.8,,,110.5,,129.5,100.9,106.7,107.0,98.9,,110.0,91.1,,86.8,,85.3,,,80.5,73.5,104.5,,60.4,117.5,85.9,71.1,103.8,84.7,104.2,62.9,62.6,61.8,,61.5,,,,56.7,66.7,,,88.6,104.1,81.5,81.7,88.4,86.8,90.6,76.2,78.5,90.5,,87.1,67.6,99.3,
198508,101.3,1469.0,,,,,,,,2694.2,,70.4,73.9,101.0,79.9,80.0,,74.4,,84.1,74.1,99.9,184.8,70.0,96.8,71.6,97.4,,148.8,,,,108.4,90.5,86.9,82.6,77.2,91.1,,109.4,,,,,128.0,,69.9,,,,,65.1,64.7,64.7,,,80.2,,62.7,58.1,70.8,61.6,50.8,78.3,76.2,76.2,,,67.5,,,71.9,,70.2,62.9,61.4,85.7,76.4,74.0,,,85.0,85.2,,,54.9,89.9,,,72.4,,,,65.3,,,120.5,115.7,,,,,,81.9,75.4,,74.0,77.5,72.5,,,107.8,177.3,263.8,119.9,117.4,105.9,,,110.5,,129.3,100.9,106.7,107.0,98.9,,109.9,91.1,,86.8,,85.3,,,80.6,73.1,103.7,,60.4,117.7,86.3,71.6,103.9,84.8,104.3,63.0,62.6,61.8,,61.5,,,,56.7,66.7,,,88.5,107.9,74.3,88.8,88.2,86.8,90.4,76.3,78.6,90.3,,86.9,67.6,100.2,
198509,100.7,1470.5,,,,,,,,2694.2,,70.4,73.9,99.8,79.9,81.2,,74.4,,84.0,73.9,99.6,184.8,70.3,96.6,71.1,97.1,,149.2,,,,108.6,90.5,87.5,76.4,82.2,73.8,,109.5,,,,,128.4,,69.9,,,,,64.9,64.7,64.7,,,78.3,,60.5,58.1,70.8,61.6,50.8,77.9,74.7,74.7,,,67.5,,,71.9,,70.2,63.0,61.5,85.4,76.4,74.0,,,84.7,85.1,,,54.9,89.9,,,72.5,,,,63.4,,,120.0,115.3,,,,,,81.9,75.5,,74.1,77.6,72.5,,,107.8,176.8,262.5,119.9,117.5,105.9,,,110.7,,129.5,100.9,106.6,107.0,98.9,,109.9,91.1,,86.8,,85.3,,,80.6,73.2,103.8,,60.4,118.1,86.4,71.7,103.8,84.8,104.2,63.2,62.6,61.8,,61.5,,,,56.7,66.7,,,84.7,104.1,67.8,89.4,88.5,87.1,90.5,76.3,78.8,90.7,,87.4,67.6,99.6,
198510,101.2,1467.5,,,,,,,,2694.2,,70.4,73.9,101.4,79.9,82.0,,74.5,,84.0,73.9,100.2,185.1,70.4,96.5,70.9,98.0,,149.8,,,,108.7,90.5,88.4,83.8,90.2,80.7,,109.4,,,,,128.7,,69.6,,,,,64.8,64.7,64.7,,,77.8,,60.5,58.1,70.8,61.6,50.8,78.1,75.6,75.6,,,67.5,,,71.9,,70.3,63.0,61.5,85.5,76.4,74.0,,,84.7,85.0,,,54.9,90.0,,,72.5,,,,63.8,,,119.9,115.2,,,,,,81.9,75.5,,74.1,77.7,72.5,,,107.8,176.9,263.0,119.8,117.6,105.9,,,110.9,,129.3,100.9,106.6,107.0,98.9,,109.9,91.1,,86.8,,85.3,,,80.6,73.1,103.6,,60.4,118.5,86.3,71.6,103.8,85.0,104.3,63.4,62.6,61.8,,61.5,,,,56.7,66.7,,,93.8,105.5,79.9,103.4,88.8,87.1,91.3,76.5,78.9,91.0,,87.7,67.6,100.1,
198511,100.9,1463.1,,,,,,,,2688.8,,70.4,73.9,100.3,79.9,82.8,,74.5,,84.0,73.8,100.6,184.6,70.6,96.5,70.9,98.9,,151.3,,,,108.6,90.5,91.2,76.3,82.6,73.0,,109.4,,,,,128.7,,69.6,,,,,64.9,64.8,64.8,,,78.7,,60.5,58.1,70.8,61.6,50.8,78.1,75.9,75.9,,,67.6,,,72.0,,70.3,63.0,61.6,85.4,76.4,74.0,,,84.7,85.0,,,54.9,90.0,,,72.5,,,,63.7,,,119.8,115.0,,,,,,81.9,75.5,,74.2,77.7,72.2,,,107.8,175.9,260.9,119.6,117.6,106.0,,,110.9,,129.2,100.9,106.7,107.0,98.9,,109.9,91.1,,86.8,,85.3,,,80.5,73.1,103.6,,60.4,118.9,86.1,71.3,104.1,84.9,104.2,63.4,62.6,61.8,,61.5,,,,56.7,66.7,,,80.6,104.5,66.5,75.4,88.9,87.2,90.5,76.7,79.2,91.1,,87.8,67.7,99.8,
198512,101.3,1458.6,,,,,,,,2680.7,,70.4,73.9,101.7,80.1,82.8,,74.6,,84.0,74.1,100.6,184.6,70.6,96.5,71.1,98.8,,152.0,,,,108.7,90.5,92.3,83.0,87.2,82.2,,109.4,,,,,129.0,,69.6,,,,,66.4,64.9,64.9,,,89.4,,60.5,58.1,70.8,61.6,50.8,77.8,74.5,74.5,,,67.6,,,72.1,,70.3,63.0,61.6,85.3,76.4,74.0,,,84.5,84.7,,,54.9,90.0,,,72.5,,,,62.2,,,119.5,114.8,,,,,,81.9,75.6,,74.3,77.7,72.7,,,107.8,175.7,261.4,119.0,117.5,106.2,,,110.7,,128.9,100.9,106.7,107.0,98.9,,109.9,91.1,,86.8,,85.3,,,80.3,73.2,103.6,,60.4,119.0,85.7,70.8,103.9,85.0,104.3,63.5,62.6,61.8,,61.5,,,,56.7,66.7,,,81.2,105.1,71.0,69.4,89.0,87.3,90.6,76.7,79.2,91.1,,87.9,67.7,100.2,
198601,101.2,1452.7,,,,,,,,2669.8,,70.4,73.9,102.2,80.1,83.0,,74.6,,84.0,74.3,100.8,185.1,70.7,96.5,70.8,99.2,,152.9,,,,109.3,90.5,93.6,85.4,86.1,88.1,,109.1,,,,,129.0,,69.6,,,,,65.1,64.9,64.9,,,80.0,,61.9,58.1,70.8,61.6,50.8,77.9,74.5,74.5,,,67.7,,,72.1,,70.3,63.0,61.9,85.4,76.4,74.0,,,84.7,85.1,,,54.9,89.9,,,72.9,,,,63.0,,,119.2,114.5,,,,,,81.9,75.7,,74.4,77.8,72.8,,,107.8,176.0,262.0,119.2,117.6,106.2,,,110.9,,129.1,100.9,106.7,107.0,98.9,,109.9,91.1,,86.8,,85.3,,,80.1,72.7,102.5,,60.4,119.1,85.6,70.7,103.9,85.0,104.5,63.4,62.6,61.8,,61.5,,,,56.7,66.7,,,91.1,106.5,86.6,80.3,88.8,87.3,91.0,76.9,79.3,90.9,,87.5,67.7,100.1,
198602,101.2,1449.8,,,,,,,,2664.4,,70.4,75.1,102.3,80.2,83.1,,74.6,,84.0,74.4,100.9,185.1,70.9,96.9,70.6,99.1,,153.4,,,,109.3,90.5,94.4,85.7,86.1,88.7,,108.9,,,,,128.3,,69.5,,,,,65.1,65.0,65.0,,,79.0,,61.9,58.1,70.8,61.6,50.8,78.0,74.7,74.7,,,67.7,,,72.3,,70.3,63.0,61.9,85.4,76.4,74.0,,,84.7,84.9,,,54.9,90.0,,,72.9,,,,62.8,,,119.0,114.3,,,,,,82.0,75.7,,74.5,77.8,72.7,,,107.9,176.8,264.1,119.1,117.7,106.4,,,111.0,,129.2,100.9,106.7,107.0,98.9,,110.0,91.1,,86.8,,85.3,,,80.6,73.7,103.0,,63.0,119.5,85.5,70.7,103.9,85.0,104.4,63.4,62.6,61.8,,61.5,,,,56.7,66.7,,,90.1,104.9,86.3,78.5,88.7,87.3,90.9,77.0,79.4,90.8,,87.5,67.8,100.1,
198603,101.3,1442.4,,,,,,,,2661.7,,70.4,74.9,102.4,80.3,83.8,,74.5,,84.0,74.5,100.7,185.1,71.0,96.8,70.4,98.7,,153.8,,,,109.5,90.5,95.0,86.5,85.9,90.4,,108.8,,,,,127.9,,69.6,,,,,65.4,65.4,65.4,,,79.2,,61.9,58.1,70.8,61.6,50.8,78.1,75.0,75.0,,,67.9,,,72.7,,70.3,63.0,62.0,85.5,76.4,74.0,,,84.9,85.0,,,54.9,90.0,,,73.1,,,,63.7,,,118.7,114.0,,,,,,81.9,75.8,,74.5,77.8,72.7,,,107.9,176.8,264.1,119.1,117.7,106.4,,,110.9,,129.2,100.9,106.8,107.0,98.9,,110.0,91.1,,86.8,,85.3,,,80.1,73.8,103.2,,63.1,119.5,84.2,69.0,103.8,85.0,104.4,63.3,62.6,61.8,,61.5,,,,56.7,66.7,,,86.8,106.2,77.9,78.3,88.8,87.4,90.8,77.0,79.5,90.9,,87.6,67.8,100.3,
198604,102.0,1436.5,,,,,,,,2645.4,,70.4,74.8,101.4,80.3,84.1,,74.5,,84.0,74.3,100.8,185.0,70.9,96.9,70.2,98.8,,154.1,,,,109.8,90.5,95.1,81.0,81.3,84.0,,108.8,,,,,127.9,,69.6,,,,,65.4,65.9,65.9,,,78.1,,61.9,58.1,70.8,61.6,50.8,79.5,76.7,76.7,,,68.9,,,73.5,,70.8,65.2,62.6,86.8,76.4,74.0,,,86.6,85.1,,,58.2,90.1,,,73.7,,,,69.0,,,117.9,113.3,,,,,,81.9,75.8,,74.7,77.9,72.8,,,107.9,176.6,264.1,119.0,117.6,106.3,,,110.9,,128.9,100.9,106.7,107.0,98.9,,110.0,91.1,,86.8,,85.3,,,79.8,73.8,103.5,,62.7,119.5,83.4,67.8,104.0,85.2,104.7,63.5,62.6,61.8,,63.2,,,,59.8,66.7,,,85.6,105.1,74.2,80.9,89.1,87.5,91.0,77.2,79.6,91.2,,88.3,69.4,100.8,
198605,102.8,1430.6,,,,,,,,2634.5,,70.4,74.9,101.6,80.3,84.1,,74.7,,84.0,74.3,100.8,185.0,71.0,96.8,70.1,98.6,,154.6,,,,110.1,90.5,95.6,81.6,84.7,81.8,,108.7,,,,,127.9,,69.5,,,,,67.6,69.8,69.8,,,78.1,,61.9,58.1,70.8,61.6,50.8,79.7,77.1,77.1,,,69.1,,,73.8,,71.0,65.2,62.6,87.2,76.4,74.0,,,87.0,84.9,,,58.2,90.4,,,73.7,,,,71.8,,,117.3,112.7,,,,,,84.2,75.8,,74.7,77.9,72.8,,,107.9,177.8,266.8,119.2,117.7,106.3,,,111.0,,129.1,100.9,106.7,107.0,98.9,,109.9,91.1,,86.8,,85.3,,,79.5,73.9,103.5,,62.9,119.7,82.6,66.8,103.9,85.2,104.6,63.6,69.6,68.7,,63.2,,,,59.8,66.7,,,85.7,101.8,75.8,83.1,89.5,87.5,91.3,77.5,80.1,91.6,,88.8,69.4,101.4,
198606,102.4,1423.2,,,,,,,,2618.2,,70.4,74.9,100.3,80.3,84.1,,74.6,,84.0,74.3,101.1,185.0,71.0,96.8,70.1,98.8,,154.7,,,,110.4,90.5,95.8,74.4,75.0,76.8,,108.6,,,,,127.9,,69.5,,,,,67.7,69.9,69.9,,,78.1,,61.9,58.2,70.8,61.6,51.0,79.6,76.8,76.8,,,69.1,,,73.8,,71.1,65.5,62.7,87.0,76.4,74.0,,,86.9,85.1,,,58.2,90.4,,,73.9,,,,70.6,,,116.9,112.2,,,,,,84.3,75.9,,74.8,77.9,72.8,,,108.4,178.4,269.4,118.6,117.7,106.3,,,111.0,,128.9,101.6,106.7,107.0,98.9,,109.9,91.1,,90.1,,85.3,,,79.3,73.9,103.4,,62.9,119.7,82.1,66.3,103.7,85.5,104.5,64.1,69.6,68.7,,63.2,,,,59.8,66.7,,,83.1,101.0,65.9,90.2,89.1,87.4,90.8,77.6,80.3,91.1,,88.9,69.4,101.0,
198607,102.0,1417.3,,,,,,,,2615.5,,70.4,74.9,99.6,80.4,84.2,,74.4,,84.0,74.6,100.9,185.0,71.1,96.6,70.3,98.3,,154.9,,,,110.5,90.5,95.9,70.6,74.0,70.0,,108.8,,,,,127.9,,69.9,,,,,67.7,69.9,69.9,,,78.1,,61.9,58.2,70.8,61.6,51.1,79.6,76.8,76.8,,,69.2,,,73.8,,71.0,65.6,62.7,87.0,76.4,74.0,,,86.8,84.9,,,58.2,90.3,,,73.9,,,,70.1,,,116.7,112.1,,,,,,84.2,75.9,,74.8,77.9,72.9,,,108.5,178.4,268.6,119.1,117.6,106.3,,,110.9,,128.8,101.6,106.6,107.0,98.9,,110.0,91.1,,90.1,,85.3,,,79.1,73.8,103.3,,62.9,119.7,81.8,65.8,103.7,85.5,104.5,64.5,69.6,68.7,,63.2,,,,59.8,66.7,,,82.3,104.4,65.9,83.0,88.9,87.4,90.5,77.7,80.5,90.9,,88.7,69.4,100.8,
198608,103.0,1405.5,,,,,,,,2637.2,,70.4,74.9,101.6,80.4,84.2,,74.4,,84.0,74.6,101.2,185.0,71.2,96.9,70.3,98.4,,154.9,,,,110.6,90.5,95.9,80.5,79.3,84.7,,108.9,,,,,128.5,,69.9,,,,,67.9,70.0,70.0,,,79.8,,62.7,58.2,70.8,61.6,51.1,80.4,80.3,80.3,,,69.2,,,73.8,,71.0,65.7,62.8,87.2,76.4,74.0,,,87.2,85.2,,,58.2,90.6,,,74.2,,,,70.6,,,116.2,111.7,,,,,,84.3,76.1,,74.9,78.1,72.9,,,108.5,177.8,266.8,119.4,117.7,106.3,,,111.1,,128.8,101.7,106.6,107.0,98.9,,110.0,91.1,,90.1,,85.9,,,79.0,73.6,102.7,,62.9,119.7,81.6,65.7,103.6,85.6,104.5,64.7,69.6,68.7,,63.2,,,,59.8,66.7,,,83.7,108.8,65.5,83.7,88.6,87.4,90.2,77.8,80.6,90.6,,88.4,69.4,101.7,
198609,102.3,1396.6,,,,,,,,2705.1,,70.4,74.9,100.1,80.3,84.4,,74.4,,84.0,74.6,101.2,185.0,71.5,96.9,70.2,98.5,,154.9,,,,110.5,90.5,95.9,73.1,77.7,71.3,,108.7,,,,,128.5,,69.9,,,,,67.8,70.0,70.0,,,78.7,,61.9,58.2,70.8,61.6,51.1,79.9,78.0,78.0,,,69.3,,,73.8,,71.1,65.9,62.9,87.1,76.4,74.0,,,87.1,85.1,,,58.2,90.6,,,74.2,,,,70.0,,,116.0,111.4,,,,,,84.3,76.2,,75.0,78.1,73.1,,,108.5,176.6,263.3,119.3,117.7,106.4,,,111.1,,128.8,101.7,106.7,107.0,98.9,,109.9,91.1,,90.1,,85.9,,,78.9,74.1,103.7,,62.9,119.7,80.9,64.7,103.8,85.7,104.5,64.8,69.6,68.7,,63.4,,,,60.2,66.7,,,85.4,112.3,66.7,84.2,89.0,87.4,90.7,77.9,80.7,90.9,,89.0,69.5,101.5,
198610,102.7,1389.3,,,,,,,,2737.6,,70.4,74.9,101.5,80.4,84.4,,74.4,,84.0,74.6,101.4,185.0,71.5,96.9,70.1,98.7,,154.9,,,,110.6,90.5,95.7,80.2,89.8,73.8,,108.6,,,,,128.5,,69.9,,,,,67.8,70.0,70.0,,,78.1,,61.9,58.2,70.8,61.6,51.1,80.1,79.5,79.5,,,69.3,,,73.8,,71.2,65.9,62.9,86.9,76.4,74.0,,,86.8,85.0,,,58.2,90.6,,,74.2,,,,67.6,,,115.9,111.3,,,,,,84.3,76.2,,75.0,78.1,73.1,,,108.5,176.9,264.1,119.3,117.7,106.4,,,111.1,,128.7,101.7,106.6,107.0,98.9,,110.0,91.1,,90.1,,85.9,,,78.9,74.3,104.3,,62.9,119.9,80.5,64.1,103.8,85.9,104.5,65.2,69.6,68.7,,63.4,,,,60.2,66.7,,,84.6,108.3,67.4,84.8,89.1,87.5,90.8,78.0,80.8,91.1,,89.3,69.5,101.9,
198611,102.5,1381.9,,,,,,,,2743.1,,70.4,74.9,101.2,80.3,84.5,,74.4,,84.0,74.6,101.5,185.0,71.5,97.0,70.8,98.8,,154.7,,,,110.6,90.1,95.8,78.9,86.8,74.2,,108.3,,,,,128.7,,69.9,,,,,67.9,70.0,70.0,,,79.1,,62.7,58.2,70.8,61.6,51.1,79.9,78.4,78.4,,,69.3,,,73.8,,71.2,65.9,62.9,87.0,76.4,74.0,,,86.8,84.9,,,58.2,90.6,,,74.2,,,,68.0,,,115.6,111.1,,,,,,84.3,76.3,,75.1,78.2,73.2,,,108.5,176.9,264.6,119.1,117.6,106.4,,,111.1,,128.4,101.7,106.6,107.0,98.9,,109.9,91.1,,90.1,,85.9,,,78.9,74.4,104.4,,62.9,120.2,80.3,64.0,103.7,86.1,105.0,65.2,69.6,68.7,,63.4,,,,60.2,66.7,,,78.4,105.6,61.9,73.0,89.1,87.4,90.3,78.0,80.9,91.0,,89.3,69.5,101.7,
198612,102.5,1370.1,,,,,,,,2732.2,,70.4,74.9,101.1,80.3,84.5,,74.3,,84.0,74.3,101.4,185.0,71.5,97.1,70.6,98.7,,154.7,,,,110.8,90.1,95.8,78.4,85.0,74.8,,108.5,,,,,128.5,,69.8,,,,,69.3,70.0,70.0,,,90.0,,63.5,58.2,70.8,61.6,51.1,79.6,77.5,77.5,,,69.3,,,73.9,,71.2,65.9,62.9,86.7,76.4,74.0,,,86.6,84.7,,,58.2,91.0,,,74.3,,,,65.3,,,115.2,110.6,,,,,,84.3,76.4,,75.3,78.2,73.3,,,108.4,175.7,262.8,118.2,117.6,106.4,,,111.0,,128.5,101.7,106.6,107.0,98.9,,109.9,91.1,,90.1,,85.9,,,78.8,74.4,104.4,,62.9,120.3,80.2,63.9,103.2,86.1,105.0,65.1,69.6,68.7,,63.4,,,,60.2,66.7,,,76.0,103.3,60.6,68.3,89.1,87.5,90.1,78.2,81.0,91.0,,89.3,69.5,101.7,
198701,101.9,1362.7,,,,,,,,2737.6,,70.4,74.9,100.9,80.4,84.5,,74.4,,84.1,74.6,101.3,185.0,71.7,96.9,71.1,98.4,,154.9,,,,110.8,90.1,95.9,77.0,80.3,76.8,,108.5,,,,,128.4,,69.8,,,,,68.0,70.0,70.0,,,79.4,,62.7,58.2,70.8,61.6,51.1,79.5,76.7,76.7,,,69.4,,,74.1,,71.3,65.9,63.2,86.6,76.4,74.0,,,86.5,85.2,,,58.2,90.9,,,74.6,,,,64.7,,,115.0,110.5,,,,,,84.3,76.4,,75.4,78.2,73.2,,,108.4,174.4,259.8,118.0,117.6,106.8,,,110.9,,128.4,101.7,106.6,107.0,98.9,,109.9,91.1,,90.1,,85.9,,,78.7,74.2,103.9,,62.9,120.5,80.1,63.9,102.8,86.3,105.2,65.4,69.6,68.7,,63.4,,,,60.2,66.7,,,78.1,105.8,62.1,71.3,88.5,87.2,89.7,78.2,81.2,90.3,,88.9,69.5,101.3,
198702,102.0,1350.9,,,,,,,,2724.1,,70.4,73.0,101.3,80.5,85.1,,74.4,,84.1,74.9,101.2,185.0,71.6,97.2,70.1,98.4,,154.9,,,,110.6,90.1,95.9,79.4,79.1,82.7,,108.6,,,,,128.9,,69.9,,,,,68.0,70.0,70.0,,,80.3,,62.7,58.2,70.8,61.6,51.1,79.6,76.9,76.9,,,69.5,,,74.1,,71.3,65.9,63.2,86.8,76.4,74.0,,,86.7,85.2,,,58.2,91.2,,,74.7,,,,64.8,,,114.8,110.3,,,,,,84.3,76.4,,75.4,78.3,73.4,,,108.4,175.7,262.0,118.6,117.6,106.4,,,111.1,,128.3,101.7,106.6,107.0,98.9,,109.9,91.1,,90.1,,85.9,,,78.8,74.6,104.2,,63.5,120.8,80.0,63.8,102.6,86.2,105.0,65.5,69.6,68.7,,63.4,,,,60.2,66.7,,,77.0,103.9,60.5,71.9,88.6,87.2,89.6,78.4,81.4,90.4,,88.9,69.6,101.4,
198703,102.5,1345.0,,,,,,,,2705.1,,70.4,72.4,102.4,80.7,85.2,,74.4,,84.1,75.5,101.2,185.0,71.8,96.9,70.0,98.6,,154.7,,,,110.4,90.1,95.9,85.2,82.7,91.0,,108.5,,,,,128.5,,69.9,,,,,68.1,70.0,70.0,,,80.6,,62.7,58.2,70.8,61.6,51.1,79.9,77.9,77.9,,,69.5,,,74.1,,71.6,65.9,63.3,87.0,76.4,74.0,,,86.9,85.2,,,58.2,91.2,,,74.9,,,,65.6,,,114.7,110.2,,,,,,84.4,76.5,,75.4,78.3,73.6,,,108.4,175.9,262.2,118.6,117.6,106.4,,,111.0,,128.4,101.7,106.6,107.0,98.9,,109.9,91.1,,90.1,,85.9,,,78.8,74.6,104.5,,63.4,120.9,79.7,63.4,102.6,86.3,105.0,65.6,69.6,68.7,,63.4,,,,60.2,66.7,,,80.3,104.2,66.0,75.0,88.8,87.1,90.1,78.5,81.5,90.6,,89.2,69.6,101.8,
198704,103.0,1336.1,,,,,,,,2686.1,,70.4,72.0,102.3,80.7,85.1,,74.7,,84.1,75.6,101.3,185.0,71.8,97.5,70.1,98.7,,154.6,,,,110.3,90.1,95.9,84.5,82.7,89.4,,108.4,,,,,128.4,,69.9,,,,,68.1,70.0,70.0,,,80.6,,62.7,58.2,70.8,61.6,51.2,80.9,77.5,77.5,,,70.5,,,74.6,,72.7,67.0,63.7,88.3,76.4,74.0,,,88.7,85.0,,,61.5,91.4,,,75.5,,,,71.4,,,113.6,109.1,,,,,,84.4,76.6,,75.5,78.4,73.4,,,108.4,176.6,263.3,119.2,117.5,106.3,,,111.0,,128.3,101.7,106.6,107.0,98.9,,109.9,91.1,,90.1,,85.9,,,78.8,74.6,104.4,,63.2,121.1,80.0,63.7,102.6,86.1,104.7,65.6,69.6,68.7,,64.1,,,,61.7,66.7,,,85.7,104.9,78.2,75.4,89.2,86.9,90.9,78.9,82.1,91.1,,89.8,71.2,102.2,
198705,103.0,1325.8,,,,,,,,2669.8,,70.4,72.5,101.6,80.7,85.1,,74.5,,83.9,75.7,101.7,185.0,72.0,97.6,71.6,99.0,,154.6,,,,110.2,90.1,95.9,80.3,83.5,80.3,,108.4,,,,,128.5,,70.0,,,,,68.0,70.0,70.0,,,80.0,,62.7,58.3,70.8,61.6,51.3,81.1,78.9,78.9,,,70.5,,,74.8,,72.8,67.0,63.7,88.4,76.4,74.0,,,88.8,84.9,,,61.5,91.4,,,75.5,,,,71.9,,,113.6,109.1,,,,,,84.5,76.7,,75.5,78.4,73.5,,,108.4,176.0,263.3,118.6,117.5,106.2,,,111.0,,128.3,101.7,106.6,107.0,98.9,,109.9,91.1,,90.1,,85.9,,,78.9,74.6,104.3,,63.4,121.5,80.0,63.8,102.7,86.1,104.6,65.7,69.6,68.7,,64.1,,,,61.7,66.7,,,86.3,102.8,75.3,85.1,89.3,86.9,91.0,79.0,82.4,91.1,,90.0,71.4,102.2,
198706,102.6,1315.4,,,,,,,,2661.7,,70.4,72.5,100.4,80.7,85.1,,74.6,,84.0,75.4,101.8,185.0,72.0,97.4,71.5,99.3,,154.6,,,,110.2,90.1,95.9,73.5,74.6,75.1,,108.4,,,,,128.4,,70.0,,,,,68.1,70.0,70.0,,,80.0,,62.7,58.4,70.8,61.6,51.4,81.2,79.0,79.0,,,70.7,,,74.9,,73.2,67.0,63.8,88.3,76.4,74.0,,,88.7,84.8,,,61.5,91.5,,,75.5,,,,71.3,,,113.6,109.1,,,,,,84.5,76.7,,75.5,78.5,73.5,,,108.4,176.2,264.9,118.0,117.4,106.2,,,111.0,,127.8,101.7,106.6,107.0,98.9,,109.9,91.1,,90.1,,85.9,,,78.9,74.6,104.3,,63.4,121.5,80.1,63.9,102.8,86.3,104.6,66.0,69.6,68.7,,64.1,,,,61.7,66.7,,,83.2,99.8,72.3,81.5,89.4,86.8,90.8,79.5,83.1,91.1,,90.1,71.4,101.9,
198707,102.5,1302.2,,,,,,,,2645.4,,70.4,72.5,100.2,80.7,85.1,,74.5,,84.0,75.5,101.8,185.1,72.2,97.3,71.5,99.2,,154.7,,,,110.3,90.1,95.9,72.9,74.1,74.6,,108.3,,,,,128.4,,69.7,,,,,68.1,70.0,70.0,,,80.0,,62.7,58.4,70.8,61.6,51.4,81.2,78.7,78.7,,,70.7,,,75.1,,73.3,67.0,63.8,88.4,76.4,74.0,,,88.7,85.0,,,61.5,91.5,,,75.6,,,,71.2,,,113.6,109.1,,,,,,84.6,76.9,,75.6,78.5,73.6,,,108.6,176.4,264.6,118.5,117.4,106.4,,,110.9,,128.0,101.9,106.6,107.0,98.9,,109.9,92.0,,90.1,,86.6,,,78.9,74.4,103.9,,63.4,121.8,80.3,64.1,102.6,86.3,104.5,66.2,69.6,68.7,,64.1,,,,61.7,66.7,,,76.8,101.3,59.0,76.9,89.3,86.8,90.1,79.7,83.4,91.0,,90.1,71.4,101.9,
198708,103.4,1291.8,,,,,,,,2621.0,,72.7,72.5,101.7,80.7,85.5,,74.7,,84.0,75.0,101.9,185.1,72.2,97.6,71.3,99.3,,154.6,,,,110.2,90.1,95.9,80.9,83.7,81.2,,108.3,,,,,128.4,,69.7,,,,,68.4,70.0,70.0,,,82.7,,64.9,58.4,70.8,61.6,51.4,82.0,82.2,82.2,,,70.7,,,75.1,,73.3,67.0,63.8,88.7,76.4,74.0,,,89.1,85.2,,,61.5,91.5,,,75.6,,,,73.7,,,113.2,108.8,,,,,,84.6,76.9,,75.6,78.5,73.6,,,108.5,176.4,264.6,118.2,117.4,106.3,,,111.0,,127.9,101.9,106.6,107.0,98.9,,109.9,92.0,,90.1,,86.6,,,79.0,74.5,104.1,,63.4,121.9,80.3,64.1,102.5,86.0,103.9,66.2,69.6,68.7,,64.1,,,,61.7,66.7,,,80.7,102.0,67.2,77.6,89.1,86.8,90.3,79.8,83.5,90.8,,89.8,71.4,102.7,
198709,102.8,1284.4,,,,,,,,2607.4,,72.7,72.5,101.3,80.6,85.5,,74.4,,84.0,75.1,101.9,185.1,72.1,97.7,71.5,99.4,,154.6,,,,110.2,90.1,95.9,78.4,79.9,80.0,,108.1,,,,,128.4,,69.7,,,,,68.3,70.0,70.0,,,80.6,,62.7,59.1,77.0,61.6,51.5,81.3,79.3,79.3,,,70.7,,,75.1,,73.3,67.0,63.9,88.4,76.4,74.0,,,88.9,85.1,,,61.5,91.5,,,75.6,,,,71.7,,,112.9,108.4,,,,,,84.6,76.9,,75.6,78.5,73.6,,,108.6,177.3,266.2,118.7,117.5,106.4,,,110.9,,128.0,101.9,106.6,107.0,98.9,,109.9,92.0,,90.1,,86.6,,,79.0,74.6,104.1,,63.4,123.1,80.6,64.5,102.5,86.1,103.8,66.4,69.6,68.7,,65.0,,,,63.2,66.7,,,90.4,106.4,81.8,85.5,89.4,86.8,91.2,79.9,83.5,91.1,,90.2,71.5,102.1,
198710,102.7,1272.6,,,,,,,,2574.8,,72.7,72.5,100.9,80.7,85.6,,74.7,,84.0,75.0,101.8,185.1,72.0,97.6,71.9,99.1,,154.6,,,,110.2,90.1,95.9,76.6,83.3,73.0,,108.2,,,,,128.5,,69.7,,,,,68.4,70.1,70.1,,,80.9,,64.2,59.1,77.0,61.6,51.5,81.4,80.1,80.1,,,70.7,,,75.1,,72.9,67.1,63.9,88.4,76.4,74.0,,,88.9,85.1,,,61.5,91.7,,,75.8,,,,71.0,,,112.4,107.9,,,,,,84.6,76.9,,75.7,78.5,73.8,,,108.5,176.9,265.7,118.5,117.4,106.6,,,110.9,,127.8,101.8,106.6,107.0,98.9,,109.7,92.0,,90.1,,86.6,,,79.1,74.9,104.6,,63.4,123.3,80.4,64.4,102.2,85.9,103.5,66.3,69.6,68.7,,65.0,,,,63.2,66.7,,,88.3,103.2,76.7,90.2,89.6,86.9,91.2,80.1,83.6,91.2,,90.5,71.5,102.1,
198711,102.7,1259.3,,,,,,,,2558.6,,72.7,72.5,101.0,80.7,85.6,,74.7,,84.0,75.2,101.7,185.1,72.0,97.6,71.9,99.0,,154.4,,,,109.9,90.1,95.9,77.4,83.4,74.4,,107.8,,,,,128.0,,69.7,,,,,68.6,70.1,70.1,,,81.7,,64.2,59.1,77.0,61.6,51.5,81.5,80.5,80.5,,,70.7,,,75.1,,72.9,67.1,63.9,88.4,76.4,74.0,,,88.8,84.7,,,61.5,91.7,,,75.8,,,,71.2,,,112.3,107.8,,,,,,84.6,77.0,,75.7,78.5,74.0,,,108.5,177.8,268.1,118.6,117.3,106.3,,,110.8,,127.8,101.8,106.7,107.0,98.9,,109.7,92.0,,90.1,,86.6,,,79.3,74.9,104.8,,63.4,123.5,80.8,64.8,102.2,85.9,103.6,66.3,69.6,68.7,,65.0,,,,63.2,66.7,,,80.2,101.2,71.6,69.0,89.6,86.8,90.7,80.1,83.7,91.2,,90.6,71.5,102.0,
198712,103.2,1246.1,,,,,,,,2531.4,,72.7,72.5,103.1,80.8,85.6,,74.7,,84.0,75.1,101.5,185.1,71.8,97.7,71.8,98.7,,154.4,,,,109.8,90.1,96.0,88.8,91.8,89.1,,108.2,,,,,128.8,,69.9,,,,,70.0,70.1,70.1,,,92.6,,64.9,59.1,77.0,61.6,51.6,81.1,79.4,79.4,,,70.7,,,75.1,,72.9,67.1,64.0,88.1,76.4,74.0,,,88.4,85.0,,,61.5,92.0,,,75.8,,,,68.0,,,111.6,107.2,,,,,,84.6,77.0,,75.9,78.5,74.0,,,108.5,177.5,267.6,118.5,117.3,106.4,,,110.7,,127.6,101.8,106.7,107.0,98.9,,109.5,92.0,,90.1,,86.6,,,79.2,75.0,104.9,,63.4,123.6,80.5,64.6,102.1,85.9,103.5,66.4,69.6,68.7,,65.0,,,,63.2,66.7,,,79.2,98.2,77.7,58.7,89.6,86.9,90.6,80.2,83.8,91.3,,90.5,71.5,102.5,
198801,102.7,1238.7,,,,,,,,2507.0,,72.7,72.5,102.9,80.8,85.6,,74.7,,84.0,75.2,101.6,185.1,71.8,97.7,71.7,98.8,,155.0,,,,111.2,90.1,96.0,87.1,87.8,89.7,,108.3,,,,,129.3,,69.9,,,,,68.5,70.1,70.1,,,80.9,,64.2,59.3,77.0,61.6,52.0,81.2,79.2,79.2,,,70.8,,,75.1,,73.1,67.1,64.0,88.2,76.4,74.0,,,88.6,85.2,,,61.5,91.9,,,76.8,,,,68.0,,,111.3,106.9,,,,,,84.6,77.0,,75.9,78.5,74.1,,,108.5,177.1,267.0,118.2,117.1,106.6,,,110.6,,127.3,101.8,106.8,107.0,98.9,,109.7,92.0,,90.1,,86.6,,,79.2,74.9,104.5,,63.4,123.7,80.5,64.6,102.1,86.1,103.5,66.8,69.6,68.7,,65.0,,,,63.2,66.7,,,81.8,101.6,78.5,63.1,89.1,86.8,90.3,80.4,83.9,90.8,,90.0,71.5,102.1,
198802,102.8,1234.2,,,,,,,,2485.3,,72.7,75.1,103.2,80.9,85.6,,74.7,,84.0,75.5,101.7,184.8,71.9,97.6,71.5,99.0,,155.3,,,,111.8,90.1,96.0,88.7,86.6,94.3,,108.3,,,,,129.3,,69.9,,,,,68.7,70.1,70.1,,,82.1,,64.2,59.4,77.0,61.6,52.0,81.2,79.2,79.2,,,70.8,,,75.1,,73.1,67.1,64.1,88.2,76.4,74.0,,,88.6,85.1,,,61.5,92.0,,,76.8,,,,68.0,,,111.2,106.8,,,,,,84.7,77.0,,75.9,78.5,74.1,,,108.5,177.5,267.8,118.4,117.1,106.6,,,110.5,,127.4,101.8,106.6,107.0,98.9,,109.7,92.0,,90.1,,86.6,,,79.5,75.5,104.5,,65.5,123.9,80.5,64.6,102.1,86.2,103.8,66.9,69.6,68.7,,65.0,,,,63.2,66.7,,,81.1,100.4,75.5,67.0,89.1,86.8,90.1,80.5,84.1,90.6,,89.8,71.6,102.1,
198803,103.0,1229.8,,,,,,,,2441.9,,72.7,74.8,104.2,80.8,85.6,,74.7,,84.0,75.3,101.6,184.8,71.9,97.7,70.9,99.1,,155.6,,,,112.4,90.1,96.0,94.1,96.5,95.4,,108.2,,,,,129.4,,69.7,,,,,68.5,70.1,70.1,,,80.9,,64.2,59.4,77.0,61.6,52.1,81.3,79.3,79.3,,,70.8,,,75.1,,73.1,67.1,64.2,88.2,76.4,74.0,,,88.8,85.1,,,61.5,92.0,,,76.8,,,,68.7,,,111.0,106.7,,,,,,84.7,77.1,,76.0,78.6,74.2,,,108.5,177.5,267.8,118.4,117.0,106.6,,,110.3,,127.3,101.8,106.6,107.0,98.9,,109.7,92.0,,90.1,,86.6,,,79.5,75.5,104.8,,65.2,123.7,80.4,64.6,101.7,86.3,103.9,66.8,69.6,68.7,,65.0,,,,63.2,66.7,,,84.4,100.7,80.2,71.9,89.1,86.8,90.5,80.6,84.2,90.8,,90.1,71.6,102.3,
198804,103.4,1219.5,,,,,,,,2387.6,,72.7,74.7,103.0,81.0,85.6,,74.9,,84.0,75.7,101.8,184.8,72.1,97.9,71.0,99.2,,155.6,,,,112.6,90.1,96.0,87.1,87.0,90.6,,108.2,,,,,129.3,,69.9,,,,,68.5,70.1,70.1,,,80.9,,64.2,59.4,77.0,61.6,52.2,82.4,79.8,79.8,,,72.1,,,76.1,,73.7,70.4,64.6,89.6,76.4,74.0,,,90.4,85.1,,,64.4,92.3,,,77.1,,,,74.2,,,110.7,106.3,,,,,,84.8,77.2,,76.1,78.6,74.4,,,108.5,177.6,268.9,118.1,117.0,106.6,,,110.3,,127.4,101.8,106.4,107.0,98.9,,109.7,92.0,,90.1,,86.6,,,79.5,75.5,105.0,,64.8,124.3,80.3,64.5,101.5,86.7,104.3,67.2,69.6,68.7,,66.0,,,,65.1,66.7,,,85.3,101.9,80.2,73.8,89.5,86.8,90.9,80.9,84.6,91.1,,90.9,73.3,102.7,
198805,103.6,1212.1,,,,,,,,2363.2,,72.7,74.8,102.9,80.9,85.6,,74.7,,84.0,75.6,101.9,184.8,72.0,98.1,71.0,99.4,,155.8,,,,112.6,90.1,96.0,86.4,88.5,87.9,,107.9,,,,,129.3,,70.1,,,,,68.6,70.1,70.1,,,80.9,,64.2,59.5,77.0,61.6,52.3,82.8,81.4,81.4,,,72.2,,,76.4,,73.8,70.4,64.6,89.8,76.4,74.0,,,90.6,85.2,,,64.4,92.4,,,77.2,,,,75.0,,,110.6,106.2,,,,,,84.8,77.3,,76.1,78.6,74.4,,,108.5,177.3,267.3,118.2,116.9,106.6,,,110.2,,127.1,101.8,106.7,107.0,98.9,,109.8,92.0,,90.1,,86.6,,,79.4,75.5,104.5,,65.2,124.3,80.3,64.4,101.4,86.8,104.4,67.4,69.6,68.7,,66.0,,,,65.1,66.7,,,84.5,101.2,73.3,83.1,89.7,86.7,91.0,81.1,84.8,91.3,,91.1,73.3,102.8,
198806,103.0,1191.4,,,,,,,,2341.5,,72.7,74.8,101.5,80.9,85.6,,74.7,,84.0,75.7,102.0,184.8,72.2,98.5,70.2,99.9,,155.8,,,,112.7,90.1,96.0,79.0,79.7,81.4,,107.6,,,,,129.3,,70.0,,,,,68.6,70.1,70.1,,,80.9,,64.2,59.5,77.0,61.6,52.4,82.6,81.4,81.4,,,72.2,,,76.5,,73.8,70.4,64.7,89.3,76.4,74.0,,,90.1,84.8,,,64.4,92.3,,,77.1,,,,72.5,,,110.4,106.1,,,,,,84.8,77.4,,76.2,78.7,74.5,,,108.4,177.1,267.3,118.1,116.7,106.1,,,110.2,,126.7,101.8,106.6,107.0,98.9,,109.7,92.0,,90.1,,86.6,,,79.4,75.2,104.0,,65.2,124.5,80.3,64.5,101.5,87.2,104.6,68.0,69.6,68.7,,66.0,,,,65.1,66.7,,,82.3,97.9,70.4,83.5,89.7,86.7,90.8,81.1,85.0,91.2,,91.0,73.4,102.3,
198807,102.9,1185.5,,,,,,,,2322.5,,72.7,74.8,101.3,80.9,85.6,,74.6,,84.0,75.6,101.9,185.0,72.2,98.3,70.3,99.7,,156.2,,,,113.2,90.1,96.3,77.8,78.1,80.6,,107.7,,,,,129.4,,70.5,,,,,68.6,70.1,70.1,,,80.9,,64.2,59.5,77.0,61.6,52.4,82.5,80.9,80.9,,,72.2,,,76.5,,73.8,70.4,64.7,89.3,76.4,74.0,,,90.1,85.1,,,64.4,92.3,,,77.1,,,,72.4,,,110.4,106.1,,,,,,84.9,77.6,,76.2,78.7,74.5,,,108.4,176.9,267.0,117.9,116.5,106.2,,,110.0,,126.6,101.8,106.7,107.0,98.9,,109.7,92.0,,90.1,,86.6,,,79.4,75.3,104.2,,65.2,124.6,80.3,64.4,101.4,87.4,104.9,68.1,69.6,68.7,,66.0,,,,65.1,66.7,,,81.3,96.4,68.9,84.1,89.5,86.7,90.6,81.2,85.0,91.1,,90.9,73.4,102.3,
198808,103.8,1179.6,,,,,,,,2308.9,,72.7,74.8,102.8,80.9,85.6,,74.6,,84.1,75.6,102.3,185.0,72.2,98.1,70.2,100.4,,156.4,,,,113.6,90.1,96.3,85.3,87.0,87.0,,107.7,,,,,129.3,,70.6,,,,,68.8,70.1,70.1,,,82.1,,64.2,59.5,77.0,61.6,52.4,83.4,85.2,85.2,,,72.3,,,76.5,,73.8,70.4,64.8,89.4,76.4,74.0,,,90.2,85.1,,,64.4,92.4,,,77.1,,,,73.1,,,110.3,106.0,,,,,,84.9,77.6,,76.3,78.8,74.5,,,108.4,176.6,267.3,117.4,116.5,106.2,,,110.0,,126.5,101.8,106.7,107.0,98.9,,109.7,92.0,,90.1,,86.6,,,79.3,75.2,103.9,,65.2,125.0,80.0,64.1,101.5,87.1,104.3,67.9,69.6,68.7,,66.0,,,,65.1,66.7,,,86.9,99.9,78.8,85.1,89.4,86.9,90.9,81.3,85.1,91.0,,90.7,73.4,103.1,
198809,103.1,1172.2,,,,,,,,2273.7,,72.7,74.8,101.8,80.9,85.6,,74.7,,84.1,75.5,102.2,185.0,72.4,98.0,70.3,100.2,,156.4,,,,113.7,90.1,96.3,80.5,84.1,80.1,,107.5,,,,,129.3,,70.4,,,,,68.7,70.1,70.1,,,81.0,,64.9,59.6,77.0,61.6,52.5,82.7,82.2,82.2,,,72.3,,,76.5,,73.8,70.4,64.9,89.3,76.4,74.0,,,90.0,85.1,,,64.4,92.4,,,77.3,,,,71.5,,,110.3,106.0,,,,,,84.9,77.6,,76.3,78.8,74.5,,,108.4,175.5,263.8,117.4,116.4,106.1,,,110.0,,126.5,101.8,106.7,107.0,98.9,,109.7,92.0,,90.1,,86.6,,,79.4,75.5,104.3,,65.2,125.2,79.9,63.9,101.7,87.3,104.6,68.3,69.6,68.7,,66.0,,,,65.1,66.7,,,93.3,100.5,91.4,88.4,89.8,86.9,91.7,81.4,85.3,91.3,,91.1,73.4,102.4,
198810,103.9,1169.3,,,,,,,,2254.7,,72.7,74.8,104.8,81.0,85.6,,74.7,,84.1,75.8,102.2,185.0,72.5,98.2,70.4,100.2,,156.4,,,,113.6,90.1,96.3,96.6,99.8,97.1,,107.5,,,,,129.0,,70.4,,,,,68.9,70.1,70.1,,,82.7,,64.9,59.6,77.0,61.6,52.5,83.0,82.8,82.8,,,72.4,,,76.6,,73.8,70.5,64.9,89.5,76.4,74.0,,,90.3,85.1,,,64.4,92.3,,,77.3,,,,73.1,,,109.8,105.5,,,,,,84.9,77.6,,76.5,78.8,74.5,,,108.3,175.1,262.5,117.8,116.4,106.0,,,110.0,,126.3,101.8,106.7,107.0,98.9,,109.5,92.0,,90.1,,86.6,,,79.4,75.5,104.5,,65.2,125.3,79.9,63.9,101.7,87.3,104.3,68.7,69.6,68.7,,66.0,,,,65.1,66.7,,,96.9,98.9,101.1,88.0,90.0,87.1,92.1,81.7,85.7,91.6,,91.5,73.4,103.2,
198811,103.8,1161.9,,,,,,,,2235.7,,72.7,74.8,104.8,80.9,85.6,,74.7,,84.1,75.7,102.3,184.8,72.5,98.3,70.4,100.5,,156.5,,,,114.1,90.1,96.3,96.1,99.8,96.1,,107.6,,,,,128.9,,70.5,,,,,68.7,70.1,70.1,,,81.0,,64.9,59.6,77.0,61.6,52.5,82.9,82.3,82.3,,,72.4,,,76.6,,73.8,70.5,64.9,89.5,76.4,74.0,,,90.3,85.0,,,64.4,92.3,,,77.3,,,,73.3,,,109.7,105.4,,,,,,84.9,77.7,,76.5,78.9,74.7,,,108.4,176.6,266.0,117.9,116.4,106.1,,,110.0,,126.3,101.9,106.8,107.0,98.9,,109.8,92.0,,90.1,,86.6,,,79.4,75.7,104.8,,65.2,125.5,79.7,63.6,101.8,87.4,104.4,68.8,69.6,68.7,,66.0,,,,65.1,66.7,,,89.0,98.5,93.1,70.8,90.1,87.2,91.7,81.9,85.9,91.7,,91.6,73.4,103.0,
198812,103.8,1161.9,,,,,,,,2227.5,,72.7,74.8,104.3,81.0,85.6,,74.9,,84.1,75.7,102.4,184.8,72.5,98.5,70.4,100.6,,156.5,,,,113.8,90.1,96.3,93.3,98.2,92.1,,107.5,,,,,129.4,,70.4,,,,,70.2,70.1,70.1,,,92.6,,64.9,59.6,77.0,61.6,52.5,82.5,81.1,81.1,,,72.4,,,76.6,,73.9,70.5,65.0,89.3,76.4,74.0,,,90.0,85.0,,,64.4,92.3,,,77.3,,,,71.3,,,109.7,105.4,,,,,,85.0,77.9,,77.0,78.9,74.7,,,108.4,176.8,267.0,117.6,116.4,106.1,,,109.9,,126.3,101.9,106.7,107.0,98.9,,109.8,92.0,,90.1,,86.6,,,79.3,75.7,105.0,,65.2,125.6,79.4,63.2,101.8,87.5,104.6,68.6,69.6,68.7,,66.0,,,,65.1,66.7,,,83.5,95.5,83.9,68.4,90.2,87.3,91.4,82.0,86.0,91.8,,91.7,73.4,103.1,
198901,103.5,1158.9,,,,,,,,2222.1,,72.7,74.8,103.5,81.3,85.6,,76.1,,84.1,75.7,102.4,184.8,72.5,98.6,70.6,100.5,,156.7,,,,114.2,90.1,96.3,88.8,88.5,92.5,,107.5,,,,,129.4,,70.4,,,,,69.1,70.6,70.6,,,82.1,,65.6,59.6,77.0,61.6,52.5,82.7,82.1,82.1,,,72.4,,,76.6,,73.9,70.5,65.3,89.3,76.4,74.0,,,90.1,85.2,,,64.4,92.2,,,78.2,,,,70.4,,,109.6,105.3,,,,,,85.0,78.1,,77.3,79.0,74.7,,,108.4,176.4,267.0,117.3,116.3,106.1,,,110.0,,125.8,101.9,106.8,107.0,98.9,,109.8,92.0,,90.1,,86.6,,,79.3,75.7,105.0,,65.2,125.8,79.2,63.0,101.8,87.5,104.6,68.7,69.6,68.7,,66.0,,,,65.1,66.7,,,85.8,99.2,83.4,73.8,89.9,87.1,91.1,82.1,86.1,91.3,,91.3,73.4,102.9,
198902,104.5,1156.0,,,,,,,,2203.1,,72.7,76.3,104.2,81.7,85.6,,77.1,,84.1,75.7,102.4,184.8,72.5,98.7,70.8,100.4,,156.5,,,,113.9,90.1,96.3,92.1,89.1,98.8,,107.5,,,,,129.4,,70.6,,,,,73.0,77.5,77.5,,,83.6,,64.9,59.6,77.0,61.6,52.5,82.7,81.6,81.6,,,72.5,,,76.7,,73.9,70.5,65.4,89.3,76.4,74.0,,,90.1,85.1,,,64.4,92.3,,,78.2,,,,70.6,,,109.6,105.3,,,,,,85.0,78.2,,77.6,79.1,74.7,,,108.4,176.9,268.1,117.5,116.3,106.2,,,109.9,,126.2,101.9,106.8,107.0,98.9,,109.8,92.0,,90.1,,86.6,,,79.0,75.6,104.8,,64.8,126.2,78.9,62.6,101.6,87.7,104.6,68.9,69.6,68.7,,66.0,,,,65.1,66.7,,,82.7,99.6,75.5,74.7,89.9,87.1,90.9,82.3,86.3,91.3,,91.2,73.5,103.7,
198903,104.8,1145.7,,,,,,,,2110.9,,72.7,75.0,105.0,81.9,85.6,,77.4,,84.1,75.7,102.6,184.8,72.7,98.9,71.0,100.8,,156.2,,,,113.3,90.1,96.3,96.0,95.8,100.0,,107.5,,,,,129.4,,70.6,,,,,72.9,77.5,77.5,,,81.9,,64.9,59.7,77.0,61.6,52.7,83.0,81.5,81.5,,,72.6,,,76.7,,73.9,70.5,65.4,89.9,76.4,74.0,,,90.8,86.5,,,64.4,92.6,,,78.2,,,,72.7,,,109.5,105.1,,,,,,85.1,78.5,,78.2,79.4,75.0,,,108.4,176.4,266.8,117.3,116.2,106.2,,,109.7,,125.8,101.9,106.8,107.0,98.9,,109.9,92.0,,90.1,,86.6,,,79.2,75.8,105.8,,64.2,126.2,78.8,62.6,101.3,88.0,105.2,69.0,69.6,68.7,,66.0,,,,65.1,66.7,,,85.7,101.1,79.4,77.7,90.1,87.1,91.3,82.4,86.4,91.6,,91.6,73.7,104.0,
198904,106.7,1108.7,,,,,,,,2067.5,,68.3,76.4,104.2,84.4,87.6,,81.0,,86.2,77.7,103.7,162.6,75.0,100.8,73.6,104.1,,160.1,,,,115.3,92.7,99.1,84.2,85.5,86.3,,108.4,,,,,132.0,,73.0,,,,,74.9,79.8,79.8,,,83.9,,67.9,61.3,79.3,62.9,54.4,85.9,83.9,83.9,,,74.9,,,78.6,,77.0,73.5,67.5,93.3,78.7,76.2,,,94.6,89.8,,,69.9,94.6,,,79.5,,,,79.3,,,110.9,106.5,,,,,,86.1,80.1,,80.1,81.1,77.0,,,109.8,180.7,273.7,120.0,118.9,108.6,,,112.3,,129.1,102.9,109.5,110.0,99.5,,111.4,92.0,,91.0,,87.1,,,80.4,77.6,108.6,,65.2,129.8,79.1,63.2,99.3,90.3,107.9,71.0,69.6,68.7,,66.1,,,,65.3,66.7,,,86.6,102.2,78.6,81.0,91.7,89.3,93.0,83.6,87.1,93.3,,93.0,76.0,105.7,
198905,108.2,1105.8,,,,,,,,2043.0,,68.3,75.9,109.3,84.7,87.8,,81.2,,86.3,77.7,104.2,162.4,75.1,101.3,73.3,104.8,,160.1,,,,115.3,92.6,99.0,110.6,138.6,87.2,,108.2,,,,,131.7,,73.0,,,,,74.9,79.8,79.8,,,83.9,,67.9,61.5,79.3,62.9,54.7,86.5,86.6,86.6,,,75.2,,,79.6,,77.3,73.6,67.6,93.3,78.7,76.2,,,94.6,90.1,,,69.9,94.6,,,79.5,,,,79.2,,,110.9,106.5,,,,,,86.3,80.4,,80.3,81.3,77.4,,,109.8,182.5,279.1,119.9,118.9,108.6,,,112.2,,128.9,102.8,109.5,110.2,99.5,,111.1,92.0,,91.0,,87.1,,,80.4,77.5,108.7,,64.7,129.9,79.1,63.3,99.3,90.3,107.8,71.0,69.6,68.7,,66.1,,,,65.3,66.7,,,88.8,103.1,80.8,85.3,92.2,89.3,93.7,83.8,87.4,93.8,,93.6,76.1,107.1,
198906,107.0,1104.3,,,,,,,,2032.2,,68.3,75.9,104.8,84.8,87.8,,81.5,,86.3,77.6,104.3,162.4,75.0,101.3,73.7,104.9,,160.1,,,,115.5,92.6,99.0,85.8,87.7,87.3,,108.4,,,,,132.9,,72.8,,,,,74.9,79.8,79.8,,,83.9,,67.9,61.5,79.3,62.9,54.8,86.2,86.1,86.1,,,75.2,,,79.6,,77.3,73.6,67.6,93.0,78.7,76.2,,,94.3,90.2,,,69.9,94.6,,,79.4,,,,77.0,,,110.8,106.4,,,,,,86.3,80.6,,80.6,81.3,77.5,,,109.8,183.0,280.7,119.8,118.8,108.7,,,112.3,,128.4,102.8,109.4,110.2,99.5,,110.9,92.0,,91.0,,87.1,,,80.4,77.5,108.6,,64.7,130.0,79.1,63.2,99.3,90.7,107.9,71.7,69.6,68.7,,66.1,,,,65.3,66.7,,,86.9,100.6,76.9,87.5,92.2,89.5,93.5,84.1,87.8,93.8,,93.5,76.1,106.0,
198907,107.0,1099.9,,,,,,,,1991.5,,68.3,75.9,104.6,84.9,87.8,,81.6,,86.3,77.5,104.3,162.2,75.0,101.2,73.8,104.8,,159.9,,,,115.2,92.6,99.0,85.0,87.2,86.3,,108.5,,,,,132.4,,73.2,,,,,74.9,79.8,79.8,,,83.9,,67.9,61.5,79.3,62.9,54.9,86.4,86.2,86.2,,,75.2,,,79.6,,77.3,73.6,67.6,93.3,78.7,76.2,,,94.5,90.2,,,69.9,94.6,,,79.4,,,,78.7,,,110.7,106.3,,,,,,86.3,80.6,,80.7,81.3,77.4,,,109.7,182.1,278.8,119.6,118.9,108.7,,,112.6,,128.2,102.8,109.4,110.2,99.5,,110.9,92.0,,91.0,,87.1,,,80.4,77.4,108.2,,64.7,130.2,79.2,63.4,99.2,91.0,107.8,72.6,69.6,68.7,,66.1,,,,65.3,66.7,,,85.1,97.4,73.5,90.2,92.2,89.6,93.3,84.3,87.9,93.7,,93.3,76.1,106.1,
198908,107.7,1094.0,,,,,,,,1942.7,,68.3,75.9,105.3,85.0,88.0,,81.7,,86.3,77.5,104.2,162.2,75.0,100.6,73.8,104.8,,159.6,,,,114.3,92.6,99.1,89.2,89.0,92.8,,108.4,,,,,132.2,,73.2,,,,,75.1,79.8,79.8,,,85.3,,70.1,61.6,79.3,62.9,55.0,87.2,90.0,90.0,,,75.2,,,79.6,,77.3,73.6,67.6,93.4,78.7,76.2,,,94.8,90.4,,,69.9,94.6,,,79.5,,,,79.6,,,110.8,106.4,,,,,,86.4,80.9,,80.8,81.4,77.4,,,109.7,181.6,277.7,119.3,118.9,108.8,,,112.6,,128.3,102.8,109.4,110.2,99.5,,111.0,92.0,,91.0,,87.1,,,80.5,77.2,107.9,,64.7,130.3,79.2,63.4,99.2,91.6,108.2,73.6,69.6,68.7,,66.1,,,,65.3,66.7,,,85.7,99.9,71.9,92.0,92.0,89.5,93.1,84.4,88.0,93.5,,93.2,76.1,106.7,
198909,107.1,1092.5,,,,,,,,1915.5,,68.3,75.9,105.0,85.0,88.0,,82.0,,86.3,77.7,104.6,162.2,75.0,100.7,73.5,105.4,,159.8,,,,114.6,92.6,99.2,86.5,90.7,85.8,,108.3,,,,,132.0,,73.2,,,,,75.0,79.8,79.8,,,84.2,,69.3,61.6,79.4,62.9,55.1,86.4,86.4,86.4,,,75.2,,,79.7,,77.3,73.6,67.6,93.2,78.7,76.2,,,94.4,90.3,,,69.9,94.8,,,79.5,,,,77.0,,,110.8,106.4,,,,,,86.4,80.9,,80.9,81.5,77.5,,,109.7,181.7,278.5,119.2,118.8,108.7,,,112.2,,128.4,102.8,109.4,110.2,99.5,,111.0,92.0,,91.0,,87.1,,,80.6,77.7,108.9,,64.7,130.4,79.2,63.4,99.2,91.7,108.4,73.4,69.6,68.7,,66.1,,,,65.3,66.7,,,91.8,98.8,87.6,90.7,92.4,89.7,94.0,84.6,88.1,94.0,,93.8,76.1,106.1,
198910,107.8,1089.6,,,,,,,,1907.4,,68.3,75.9,106.8,85.1,88.0,,82.3,,86.3,77.4,104.8,162.2,75.1,101.0,73.7,105.6,,159.9,,,,114.8,92.6,99.2,95.6,101.0,93.9,,108.4,,,,,132.0,,73.2,,,,,75.2,79.8,79.8,,,85.3,,69.3,61.7,79.4,62.9,55.2,86.8,88.0,88.0,,,75.4,,,79.9,,77.7,73.6,67.8,93.3,78.7,76.2,,,94.7,90.4,,,69.9,94.8,,,79.7,,,,78.4,,,110.8,106.4,,,,,,86.4,81.0,,81.0,81.6,77.5,,,109.7,181.2,276.4,119.3,118.7,108.8,,,112.2,,128.0,102.7,109.3,110.2,99.5,,110.8,92.0,,91.0,,87.1,,,80.6,77.7,109.0,,64.7,130.6,79.1,63.3,99.4,91.6,108.3,73.5,69.6,68.7,,66.1,,,,65.3,66.7,,,99.7,99.2,98.4,103.1,92.7,89.7,94.8,84.7,88.2,94.3,,94.1,76.1,106.8,
198911,107.2,1092.5,,,,,,,,1904.7,,68.3,75.9,104.4,85.1,88.0,,82.4,,86.3,77.4,104.8,162.2,75.2,100.4,73.7,105.8,,159.9,,,,114.8,92.6,99.1,82.9,89.2,79.8,,108.2,,,,,131.7,,73.2,,,,,75.1,79.8,79.8,,,84.2,,69.3,61.9,79.4,62.9,55.7,86.8,87.5,87.5,,,75.4,,,80.1,,77.7,73.6,67.8,93.4,78.7,76.2,,,94.8,90.3,,,69.9,94.8,,,79.8,,,,78.7,,,110.3,106.0,,,,,,86.5,81.1,,81.1,81.6,77.5,,,109.7,181.4,276.4,119.6,118.9,108.8,,,112.4,,128.3,102.7,109.3,110.2,99.5,,110.6,92.0,,91.0,,87.1,,,80.8,77.9,109.4,,64.7,130.6,79.2,63.3,99.4,92.0,108.8,73.6,69.6,68.7,,66.1,,,,65.3,66.7,,,82.2,99.4,70.8,80.4,92.8,89.9,93.8,84.9,88.4,94.4,,94.1,76.1,106.2,
198912,107.8,1092.5,,,,,,,,1888.4,,68.3,75.9,105.6,85.3,88.0,,82.6,,86.3,77.7,104.7,160.2,75.4,100.8,73.7,105.8,,160.1,,,,115.3,92.6,99.1,89.7,93.9,89.1,,108.1,,,,,131.9,,73.2,,,,,77.0,79.8,79.8,,,98.7,,69.3,62.0,79.4,62.9,55.8,86.5,86.4,86.4,,,75.5,,,80.1,,77.7,73.6,67.8,93.2,78.7,76.2,,,94.5,90.4,,,69.9,94.8,,,79.8,,,,76.6,,,110.0,105.6,,,,,,86.4,81.2,,81.2,81.7,77.5,,,109.6,180.5,273.7,119.7,118.7,108.7,,,112.2,,128.0,102.7,109.3,110.2,99.5,,110.6,92.0,,91.0,,87.1,,,80.7,77.6,108.6,,64.7,130.5,79.3,63.4,99.4,92.2,109.0,73.8,69.6,68.7,,66.1,,,,65.3,66.7,,,82.5,98.9,74.3,76.4,92.9,89.9,93.8,85.1,88.6,94.4,,94.4,76.1,106.8,
199001,108.8,1117.9,,,,,,,,1900.4,1499.0,68.3,76.0,107.4,85.2,88.0,,82.8,,86.4,77.8,104.3,160.2,75.4,100.6,73.8,105.8,,160.3,,,,116.1,92.6,99.1,100.1,98.4,101.7,,107.7,,,103.6,,132.1,,73.0,,,99.3,,75.3,79.8,79.8,,,85.3,,70.4,62.0,79.4,62.9,56.0,87.5,91.8,91.8,,,75.7,,,80.2,,77.8,73.7,68.0,92.9,79.2,76.6,,,94.0,90.5,,,69.7,95.0,,,80.7,,,,76.1,,,109.3,105.1,145.6,,,,,86.6,81.3,,81.3,81.7,77.6,,,109.6,181.4,278.6,119.0,118.4,108.6,,,112.3,,127.1,102.7,109.3,110.2,99.5,,110.6,92.0,,91.0,,87.1,,,80.9,77.8,109.2,,64.6,131.7,79.4,63.7,100.7,92.6,109.1,74.7,69.6,68.7,72.6,66.1,,,,65.3,66.7,,,91.2,104.2,85.5,84.6,92.8,89.8,94.2,85.5,88.7,94.3,,94.1,76.2,107.6,
199002,108.8,1121.2,,,,,,,,1898.5,1476.9,77.4,80.6,108.3,85.4,88.0,,82.7,,86.4,78.3,104.5,160.4,75.5,100.7,73.8,105.9,,160.6,,,,116.7,92.6,99.2,105.2,97.9,109.2,,107.6,,,103.5,,132.2,,72.9,,,99.2,,76.1,79.8,79.8,,,86.4,,69.0,63.8,79.4,66.8,56.4,86.9,88.3,88.3,,,75.8,,,80.7,,77.8,73.7,68.1,92.9,79.2,76.6,,,94.1,90.5,,,69.7,95.0,,,80.7,,,,76.3,,,109.3,105.1,145.6,,,,,86.7,81.3,,81.3,81.7,77.6,,,109.6,181.4,278.6,119.1,118.5,108.6,,,112.2,,127.9,102.7,109.3,110.2,99.5,,110.5,92.0,,91.0,,87.1,,,81.4,78.9,109.3,,68.7,132.1,79.5,63.8,100.4,92.8,108.8,75.3,69.6,68.7,72.6,66.1,,,,65.3,66.7,,,95.1,102.7,93.8,89.3,92.7,90.0,94.4,85.6,88.8,94.2,,93.9,76.4,107.5,
199003,108.9,1113.5,,,,,,,,1889.2,1450.7,77.4,80.0,109.4,85.2,88.0,,82.5,,86.5,77.8,104.7,160.4,75.8,100.4,73.8,106.2,,160.8,,,,117.1,92.6,99.2,111.5,109.5,113.4,,107.5,,,103.0,,132.1,,72.8,,,99.1,,75.9,79.8,79.8,,,85.2,,69.0,64.0,79.4,66.8,56.5,86.9,87.8,87.8,,,75.8,,,80.8,,77.4,73.8,68.2,93.1,79.2,76.6,,,94.4,90.5,,,69.7,95.2,,,80.8,,,,77.0,,,109.2,105.0,145.1,,,,,86.8,81.4,,81.4,81.9,77.8,,,109.6,181.4,277.3,119.6,118.5,108.6,,,112.4,,127.4,102.7,109.3,110.2,99.5,,110.6,92.0,,91.0,,87.1,,,81.8,79.5,110.3,,68.7,132.4,79.4,63.8,99.7,93.3,109.3,75.8,69.6,68.7,72.6,66.1,,,,65.3,66.7,,,96.4,104.9,91.8,94.2,93.1,90.2,94.8,85.7,88.9,94.6,,94.4,76.5,107.8,
199004,110.2,1110.2,,,,,,,,1880.0,1428.6,77.4,79.6,106.9,85.2,88.0,,82.5,,86.5,77.6,105.1,160.4,75.7,101.5,73.8,106.3,,161.9,,,,119.0,92.7,99.2,94.9,93.2,96.6,,107.4,,,103.1,,132.2,,72.8,,,99.1,,76.0,79.8,79.8,,,85.2,,69.0,64.1,79.4,66.8,56.8,89.9,89.0,89.0,,,76.9,,,81.8,,78.2,75.0,68.9,98.3,101.4,98.1,,,97.0,90.6,,,72.2,97.0,,,81.1,,,,81.7,,,109.3,105.0,146.2,,,,,86.8,81.5,,81.5,82.0,78.0,,,109.6,180.9,275.6,119.6,118.5,108.6,,,112.4,,127.3,102.7,109.1,110.2,99.5,,110.4,92.0,,91.0,,87.1,,,81.8,79.9,111.4,,68.3,132.3,79.2,63.6,99.7,93.3,109.4,75.7,69.6,68.7,72.6,66.1,,,,65.3,66.7,,,97.6,105.9,95.0,92.9,93.7,90.4,95.6,86.1,89.3,95.4,,95.4,79.3,108.8,
199005,111.1,1104.7,,,,,,,,1867.0,1406.5,77.4,80.0,108.6,85.3,88.0,,82.4,,86.5,77.9,105.3,160.4,75.9,101.5,73.8,106.5,,161.9,,,,118.8,92.7,99.2,105.5,145.7,90.3,,107.3,,,103.1,,132.1,,72.6,,,99.1,,76.1,79.8,79.8,,,85.6,,69.0,64.2,79.4,66.8,57.0,90.7,91.8,91.8,,,77.0,,,81.8,,78.2,75.0,68.9,98.7,101.4,98.1,,,97.5,90.6,,,72.2,97.4,,,81.1,,,,82.5,,,109.3,105.0,146.2,,,,,86.9,81.7,,81.6,82.1,78.1,,,109.4,180.7,274.8,119.4,118.5,108.6,,,112.4,,127.1,102.5,109.2,110.2,99.5,,109.4,92.0,,91.0,,87.1,,,82.1,80.1,111.8,,68.6,132.1,79.2,63.6,99.8,93.6,110.2,75.7,69.6,68.7,72.6,66.1,,,,65.3,66.7,,,100.1,105.8,96.4,100.8,94.1,90.7,96.1,86.4,89.6,95.8,,95.7,79.4,109.6,
199006,109.8,1100.3,,,,,,,,1857.7,1383.0,77.4,80.0,105.4,85.4,88.0,,82.4,,86.5,78.1,105.2,160.4,76.1,100.9,74.0,106.4,,161.9,,,,119.1,92.7,99.2,86.0,88.7,85.7,,107.1,,,102.9,,131.5,,72.7,,,99.2,,76.1,79.8,79.8,,,85.6,,69.0,64.2,79.4,66.8,57.1,90.1,89.7,89.7,,,77.1,,,81.9,,78.4,75.0,69.0,98.2,101.4,98.1,,,96.9,90.6,,,72.2,97.4,,,81.3,,,,80.6,,,109.1,104.8,146.2,,,,,86.9,81.9,,81.7,82.2,78.1,,,109.3,180.9,275.9,119.3,118.5,108.6,,,112.6,,126.9,102.4,109.2,110.2,99.5,,108.7,92.0,,91.0,,87.1,,,82.3,80.5,112.5,,68.6,132.1,79.1,63.5,99.8,93.9,110.3,76.0,69.6,68.7,72.6,66.1,,,,65.3,66.7,,,92.6,102.8,78.5,103.7,94.1,90.8,95.5,86.7,89.8,95.7,,95.7,79.4,108.5,
199007,110.2,1100.3,,,,,,,,1841.0,1358.1,77.4,80.0,106.1,85.4,88.0,,82.5,,86.4,78.1,105.3,160.4,76.1,101.4,74.5,106.4,,162.1,,,,119.3,92.7,99.2,89.9,91.4,90.2,,107.4,,,103.0,,132.2,,72.7,,,99.3,,76.2,79.8,79.8,,,85.6,,69.0,64.4,79.4,66.8,57.5,90.4,90.1,90.1,,,77.2,,,81.9,,78.8,75.0,69.1,98.7,101.4,98.1,,,97.6,90.6,,,72.2,97.7,,,81.3,,,,82.2,,,109.1,104.8,146.2,,,,,86.9,81.9,,81.7,82.3,78.3,,,109.0,181.0,275.6,119.6,118.7,108.5,,,112.6,,127.4,102.0,109.2,110.2,99.5,,106.6,92.0,,91.0,,87.1,,,82.3,80.6,112.7,,68.6,132.1,79.0,63.0,99.7,94.1,110.5,76.3,69.6,68.7,72.6,66.1,,,,65.3,66.7,,,90.4,103.0,82.5,87.9,94.1,91.0,95.4,86.9,90.1,95.6,,95.6,79.4,109.0,
199008,111.7,1099.2,,,,,,,,1842.8,1359.5,77.4,80.0,108.3,85.5,88.0,,82.6,,86.4,78.5,105.4,160.5,76.2,101.6,74.3,106.4,,162.2,,,,119.5,92.7,99.2,103.7,104.3,104.4,,107.2,,,102.9,,131.7,,72.8,,,99.4,,76.5,79.8,79.8,,,88.1,,73.2,64.6,79.4,66.8,57.8,91.9,95.8,95.8,,,77.2,,,81.9,,79.0,75.0,69.2,99.0,101.4,98.1,,,98.0,90.6,,,72.2,97.7,,,81.5,,,,83.6,,,109.0,104.8,145.9,,,,,87.0,82.0,,81.8,82.4,78.4,,,109.0,180.1,272.3,119.8,118.7,108.6,,,112.6,,127.5,102.0,109.2,110.2,99.5,,106.6,92.0,,91.0,,87.1,,,82.4,80.7,113.0,,68.6,132.1,79.1,63.0,99.8,94.5,110.9,76.5,69.6,68.7,72.6,66.1,,,,65.3,66.7,,,96.0,106.8,90.1,93.1,94.1,91.4,95.8,87.0,90.2,95.7,,95.5,79.5,110.3,
199009,110.5,1099.2,,,,,,,,1839.1,1333.2,77.4,80.0,107.0,85.7,88.0,,82.6,,86.5,78.6,105.3,160.4,76.2,101.5,74.3,106.3,,162.2,,,,119.5,92.7,99.2,95.1,99.0,94.4,,107.2,,,102.7,,132.2,,72.8,,,99.4,,76.5,79.8,79.8,,,87.7,,71.3,64.7,79.4,66.8,58.0,90.5,91.4,91.4,,,77.3,,,81.9,,79.1,75.2,69.3,98.2,101.4,98.1,,,96.9,90.6,,,72.2,97.7,,,81.3,,,,80.1,,,109.0,104.6,146.3,,,,,87.3,82.1,,81.9,82.4,78.4,,,109.0,180.0,272.1,119.6,118.9,108.6,,,112.7,,128.1,101.9,109.2,110.2,99.5,,106.5,92.0,,91.0,,87.1,,,83.5,82.7,117.0,,68.6,132.3,79.3,62.9,99.5,94.9,111.1,77.3,69.6,68.7,72.6,66.1,,,,65.3,66.7,,,99.3,107.1,95.0,98.0,94.7,92.0,96.6,87.2,90.3,96.3,,96.1,79.5,109.1,
199010,110.6,1091.5,,,,,,,,1828.0,1307.0,77.4,80.0,106.8,85.8,89.1,,82.6,,86.5,78.4,105.1,160.5,76.3,100.3,74.4,106.2,,162.2,,,,119.5,92.7,99.2,93.6,103.2,90.8,,107.4,,,102.6,,132.2,,73.0,,,99.5,,76.6,79.8,79.8,,,87.6,,71.3,64.8,79.4,66.8,58.3,90.8,92.3,92.3,,,77.4,,,82.0,,79.1,75.2,69.4,98.4,101.4,98.1,,,97.2,90.6,,,72.2,97.6,,,81.3,,,,81.1,,,109.0,104.6,146.3,,,,,87.4,82.2,,81.9,82.6,78.5,,,109.0,179.2,269.3,119.6,118.9,108.5,,,112.8,,128.0,102.0,109.1,110.2,99.5,,106.7,92.0,,91.0,,87.1,,,83.8,83.1,117.8,,68.6,132.3,79.5,63.2,99.6,95.0,111.3,77.4,69.6,68.7,72.6,66.1,,,,65.3,66.7,,,108.2,106.3,108.2,113.4,95.3,92.3,97.7,87.4,90.4,96.9,,96.4,79.5,109.2,
199011,110.9,1083.7,,,,,,,,1820.6,1291.8,77.4,80.0,107.4,86.7,92.0,,83.8,,86.5,78.8,105.2,160.5,76.6,100.2,74.2,106.2,,162.4,,,,119.9,92.7,99.2,97.0,104.6,94.8,,107.4,,,102.5,,132.1,,73.2,,,99.5,,76.6,79.8,79.8,,,87.6,,71.3,64.9,79.4,66.8,58.6,91.0,92.9,92.9,,,77.4,,,82.0,,79.1,75.2,69.5,98.4,101.4,98.1,,,97.2,90.6,,,72.2,97.6,,,81.3,,,,81.1,,,108.8,104.4,146.3,,,,,87.5,82.3,,82.0,82.8,78.7,,,109.1,179.4,270.4,119.4,118.9,108.6,,,112.9,,128.0,102.0,109.2,110.2,99.5,,106.8,92.0,,91.0,,87.1,,,83.9,83.4,118.4,,68.6,132.8,79.5,63.1,99.4,95.1,111.4,77.6,69.6,68.7,72.6,66.1,,,,65.3,66.7,,,98.2,105.3,97.3,92.1,95.7,92.8,97.6,87.7,90.7,97.3,,96.6,79.6,109.4,
199012,111.0,1077.1,,,,,,,,1805.7,1286.3,77.4,80.0,107.6,88.0,94.7,,85.7,,86.8,79.1,105.8,160.5,77.0,100.2,74.6,107.2,,162.4,,,,120.0,92.7,99.2,95.3,99.5,94.5,,107.6,,,102.6,,132.4,,73.3,,,99.5,,79.1,79.8,79.8,,,109.1,,72.2,65.1,79.4,66.8,59.0,90.4,92.1,92.1,,,77.5,,,82.0,,79.1,75.3,69.5,97.5,101.4,98.1,,,96.2,90.8,,,72.2,97.7,,,81.6,,,,77.4,,,108.8,104.4,146.5,,,,,87.5,82.6,,82.2,83.1,79.0,,,109.0,179.4,270.4,119.4,118.8,108.7,,,112.8,,127.4,102.0,109.1,110.2,99.5,,106.7,92.0,,91.0,,87.1,,,83.9,83.4,118.5,,68.6,132.8,79.5,63.0,99.4,95.0,110.9,77.8,69.6,68.7,72.6,66.1,,,,65.3,66.7,,,92.5,106.2,87.5,84.1,95.9,93.1,97.4,88.1,90.9,97.6,,96.8,79.6,109.5,
199101,112.7,1078.2,,,,,,,,1802.0,1307.0,77.4,80.0,110.5,88.8,95.7,,86.2,,89.3,79.4,106.3,160.4,77.7,99.6,74.0,108.1,,162.2,,,,119.5,92.7,99.2,111.9,107.6,114.8,,107.4,,,102.4,,132.1,,73.3,,,99.6,,76.8,79.8,79.8,,,88.2,,71.3,65.3,79.4,66.8,59.4,92.9,102.9,102.9,,,77.6,,,82.0,,79.1,75.2,70.0,97.6,101.4,98.1,,,96.4,90.9,,,72.2,97.8,,,82.2,,,,77.4,,,108.8,104.4,146.2,,,,,87.5,82.8,,82.4,83.3,79.2,,,109.1,179.8,271.0,119.6,118.9,108.6,,,113.0,,127.5,102.0,109.1,110.2,99.5,,106.7,92.0,,91.0,,87.1,,,83.7,83.1,117.7,,68.6,132.9,79.3,62.8,99.3,95.2,111.1,78.1,69.6,68.7,72.6,66.1,,,,65.3,66.7,,,107.4,110.1,110.9,100.4,95.8,93.2,98.1,88.3,91.1,97.4,,96.6,79.6,110.9,
199102,111.7,1095.9,,,,,,,,1796.4,1337.4,77.4,86.4,110.4,89.5,96.8,,86.9,,90.5,79.7,107.3,160.4,78.4,99.1,74.0,109.6,,162.1,,,,119.2,92.7,99.2,107.6,107.0,108.9,,108.0,,,102.3,,132.2,,74.4,,,99.6,,77.3,80.2,80.2,,,88.7,,71.3,66.0,86.2,66.8,59.5,90.7,92.8,92.8,,,77.8,,,82.2,,79.2,75.4,70.3,97.7,101.4,98.1,,,96.5,90.9,,,72.2,98.1,,,82.3,,,,77.4,,,108.8,104.4,146.3,,,,,88.0,83.0,,82.4,83.5,79.6,,,109.1,180.3,271.8,120.0,119.1,108.5,,,113.2,,128.0,101.9,109.1,110.2,99.5,,106.5,92.0,,91.0,,87.1,,,85.2,86.2,119.8,,76.8,134.4,79.3,62.8,98.7,95.4,111.5,78.0,69.6,68.7,72.6,66.1,,,,65.3,66.7,,,104.6,109.1,106.6,97.5,95.6,93.6,97.7,88.5,91.2,97.2,,96.3,80.2,109.9,
199103,112.2,1095.9,,,,,,,,1779.7,1359.5,77.4,85.9,112.0,90.1,97.1,,87.7,,92.0,80.1,107.6,160.4,79.0,99.5,74.2,109.8,,161.9,,,,119.2,92.6,99.2,115.8,110.8,119.0,,108.3,,,102.4,,132.1,,74.9,,,99.8,,77.3,80.2,80.2,,,88.2,,71.3,66.2,86.2,66.8,60.0,90.9,93.1,93.1,,,77.8,,,82.2,,79.2,75.4,70.4,98.0,101.4,98.1,,,96.7,91.0,,,72.2,98.3,,,82.3,,,,78.0,,,108.8,104.4,146.3,,,,,88.2,83.1,,82.5,83.7,79.8,,,109.9,179.8,271.2,119.4,119.0,108.5,,,113.3,,127.4,103.0,109.2,110.2,100.5,,106.4,92.0,,93.9,,91.3,,,85.4,86.2,120.2,,76.3,134.5,79.4,62.8,98.4,95.7,111.8,78.4,69.6,68.7,72.6,66.1,,,,65.3,66.7,,,105.8,109.6,107.1,101.1,96.0,94.0,98.2,88.7,91.3,97.7,,96.9,80.4,110.5,
199104,113.5,1099.2,,,,,,,,1779.7,1377.4,77.4,85.5,111.8,90.6,97.5,,88.2,,92.6,80.7,107.8,160.4,80.0,100.1,74.2,110.0,,161.9,,,,119.2,92.6,99.2,113.1,108.5,116.0,,108.7,,,102.5,,132.5,,75.4,,,99.9,,78.1,80.3,80.3,,,88.2,,71.3,68.4,86.2,70.6,61.0,92.7,94.2,94.2,,,79.2,,,82.9,,80.9,77.0,71.3,100.3,101.4,98.1,,,99.7,91.1,,,76.3,99.3,,,84.8,,,,83.9,,,108.9,104.5,146.2,,,,,88.4,83.5,,82.8,83.9,80.4,,,110.0,180.1,271.0,119.9,119.1,108.5,,,113.3,,127.9,103.1,109.3,110.2,100.5,,106.6,92.0,,93.9,,91.3,,,85.6,86.5,120.7,,76.4,134.6,79.5,62.8,98.6,96.0,112.2,78.5,69.6,68.7,72.6,66.1,,,,65.3,66.7,,,107.3,110.8,108.1,103.8,96.5,94.2,98.9,89.0,91.4,98.2,,97.6,82.9,111.5,
199105,114.1,1102.5,,,,,,,,1777.9,1381.6,77.4,85.9,112.9,91.2,97.7,,89.0,,93.3,80.9,108.2,160.4,80.0,100.0,74.0,110.6,,161.7,,,,118.7,92.7,99.2,117.9,112.5,121.2,,108.8,,,101.8,,132.4,,76.0,,,99.9,,78.2,80.3,80.3,,,88.5,,71.3,68.5,86.2,70.6,61.1,93.0,95.0,95.0,,,79.5,,,83.8,,81.0,77.2,71.4,100.6,101.4,98.1,,,100.0,91.2,,,76.3,99.3,,,84.8,,,,84.9,,,108.9,104.5,146.3,,,,,88.5,83.8,,83.0,84.2,81.2,,,109.9,179.2,267.4,120.2,119.3,108.6,,,113.2,,128.1,103.0,109.1,110.2,100.5,,106.6,92.0,,93.9,,91.3,,,85.7,86.9,121.2,,76.5,134.8,79.3,62.8,98.1,96.7,112.6,79.6,69.6,68.7,72.6,66.1,,,,65.3,66.7,,,108.4,107.6,104.6,118.7,96.9,94.4,99.4,89.4,91.7,98.6,,98.3,83.1,111.9,
199106,113.3,1101.4,,,,,,,,1763.0,1396.8,77.4,85.9,109.6,91.4,97.7,,89.3,,93.5,80.8,108.4,160.4,80.2,100.2,74.1,110.7,,161.7,,,,118.5,92.7,99.2,97.4,100.1,97.2,,108.9,,,102.2,,132.2,,76.2,,,100.1,,78.2,80.3,80.3,,,88.5,,71.3,68.7,86.2,70.6,61.6,93.2,95.4,95.4,,,79.5,,,83.8,,81.1,77.2,71.4,100.6,101.4,98.1,,,100.0,91.6,,,76.3,99.5,,,84.9,,,,84.5,,,109.0,104.6,146.5,,,,,88.7,84.1,,83.3,84.3,81.5,,,109.9,179.4,267.1,120.3,119.1,108.7,,,113.1,,128.1,103.1,109.3,110.2,100.5,,106.6,92.0,,93.9,,91.3,,,86.1,87.2,122.1,,76.5,134.8,79.4,62.8,98.1,97.3,113.4,80.1,69.6,68.7,72.6,66.1,,,,65.3,66.7,,,100.9,106.0,91.3,112.0,97.0,94.6,98.9,89.8,92.1,98.6,,98.3,83.1,111.2,
199107,113.4,1095.9,,,,,,,,1764.9,1389.9,77.4,85.9,109.9,91.6,97.9,,89.5,,93.5,80.8,108.6,160.4,80.1,100.5,74.0,110.9,,161.9,,,,118.7,92.7,99.2,97.5,99.4,97.7,,109.5,,,102.2,,132.9,,77.1,,,100.1,,78.2,80.3,80.3,,,88.2,,71.3,68.9,86.2,70.6,62.1,93.2,95.5,95.5,,,79.6,,,84.0,,81.3,77.2,71.5,100.6,101.4,98.1,,,100.1,92.1,,,76.3,99.9,,,84.9,,,,84.0,,,108.9,104.6,146.0,,,,,88.8,84.4,,83.7,84.5,82.0,,,109.9,179.2,266.8,120.3,119.3,108.7,,,113.3,,128.3,103.0,109.1,110.2,100.5,,106.5,92.0,,93.9,,91.3,,,86.0,87.1,121.8,,76.5,135.3,79.3,62.7,98.0,97.6,113.7,80.2,69.6,68.7,72.6,66.1,,,,65.3,66.7,,,100.2,106.0,98.9,97.0,97.0,94.7,98.8,90.1,92.4,98.5,,98.2,83.1,111.3,
199108,114.4,1085.9,,,,,,,,1755.6,1351.2,77.4,85.9,112.1,91.7,97.7,,89.7,,94.5,80.8,108.4,160.4,80.0,99.9,74.0,110.9,,161.9,,,,118.7,92.7,99.2,111.0,114.1,110.9,,109.8,,,102.2,,133.3,,77.1,,,100.4,,78.5,80.3,80.3,,,89.9,,76.7,68.9,86.2,70.6,62.1,94.1,98.9,98.9,,,79.6,,,84.0,,81.3,77.2,71.5,100.8,101.4,98.1,,,100.3,92.3,,,76.3,99.9,,,84.9,,,,84.6,,,108.9,104.6,146.0,,,,,88.8,84.6,,84.0,84.7,82.0,,,109.9,178.7,266.6,119.8,119.1,108.8,,,113.2,,127.8,103.1,109.3,110.2,100.5,,106.6,92.0,,93.9,,91.3,,,86.0,87.2,121.9,,76.5,136.1,79.2,62.6,98.0,97.7,113.6,80.6,69.6,68.7,72.6,66.1,,,,65.3,66.7,,,105.6,109.1,105.4,103.8,96.9,94.9,99.0,90.3,92.5,98.4,,97.8,83.1,112.2,
199109,113.1,1083.7,,,,,,,,1751.9,1331.9,77.4,85.9,109.4,91.8,97.9,,89.8,,94.7,80.8,108.3,160.4,80.1,99.7,74.0,110.7,,161.7,,,,118.6,92.7,99.2,93.6,101.2,91.5,,109.8,,,102.0,,133.6,,77.3,,,100.1,,78.3,80.3,80.3,,,88.6,,71.7,69.0,86.2,70.6,62.2,93.2,95.4,95.4,,,79.7,,,84.0,,81.5,77.3,71.6,100.5,101.4,98.1,,,100.0,92.5,,,76.3,100.2,,,84.9,,,,83.1,,,108.5,104.1,145.7,,,,,88.8,84.8,,84.2,84.8,82.3,,,109.9,178.3,264.7,119.8,119.1,108.6,,,113.2,,127.8,103.1,109.3,110.2,100.5,,106.6,92.0,,93.9,,91.3,,,86.1,87.7,122.7,,76.5,137.0,78.9,62.3,98.1,97.6,113.5,80.5,69.6,68.7,72.6,66.1,,,,65.3,66.7,,,100.5,104.3,99.9,98.6,97.4,95.0,99.2,90.5,92.7,99.0,,98.6,83.1,111.0,
199110,113.9,1090.4,,,,,,,,1742.6,1367.8,77.4,85.9,112.1,92.2,98.2,,89.9,,94.9,80.9,108.4,160.4,80.4,99.8,74.0,110.7,,161.7,,,,118.7,92.7,99.2,111.0,115.2,110.4,,109.7,,,102.2,,133.0,,77.3,,,100.1,,78.4,80.3,80.3,,,88.7,,72.2,69.1,86.2,70.6,62.4,93.4,96.0,96.0,,,79.7,,,84.0,,81.6,77.4,71.6,100.7,101.4,98.1,,,100.2,92.6,,,76.3,100.1,,,84.9,,,,83.8,,,108.7,104.3,145.7,,,,,89.1,85.2,,84.6,85.2,82.9,,,109.9,179.1,267.4,119.8,119.1,108.8,,,113.1,,128.1,103.1,109.2,110.2,100.5,,106.6,92.0,,93.9,,91.3,,,86.0,87.8,122.8,,76.5,137.7,78.4,61.8,98.0,97.9,113.6,81.1,69.9,69.1,72.6,66.1,,,,65.3,66.7,,,113.4,106.0,122.4,111.9,97.7,95.1,100.2,90.7,92.8,99.3,,99.0,83.1,111.9,
199111,114.4,1088.2,,,,,,,,1790.9,1370.5,77.4,85.9,113.2,92.3,98.2,,90.1,,95.0,80.9,108.4,160.4,80.9,99.7,73.5,110.7,,161.9,,,,118.8,92.7,99.5,116.2,119.1,116.2,,110.2,,,102.2,,133.6,,78.0,,,100.0,,78.5,80.3,80.3,,,88.5,,71.3,69.7,86.2,70.6,63.6,93.7,96.9,96.9,,,79.8,,,84.3,,81.6,77.4,71.7,100.8,101.4,98.1,,,100.3,92.6,,,76.3,100.1,,,85.2,,,,84.1,,,108.7,104.3,146.2,,,,,89.2,85.5,,85.0,85.2,83.2,,,109.9,178.9,266.8,119.8,119.1,108.8,,,113.2,,127.8,103.1,109.2,110.2,100.5,,106.6,92.0,,93.9,,91.3,,,86.2,88.3,123.7,,76.5,138.7,78.4,61.8,98.0,98.2,113.9,81.3,69.9,69.1,72.6,66.1,,,,65.3,66.7,,,113.6,106.8,123.3,109.9,97.9,95.4,100.5,90.8,92.9,99.5,,99.2,83.1,112.2,
199112,114.4,1085.9,,,,,,,,1787.2,1384.4,77.4,85.9,112.7,92.5,98.7,,90.5,,95.0,81.2,108.8,160.5,81.1,99.6,73.5,111.2,,161.7,,,,118.6,92.7,99.5,112.0,112.6,112.9,,110.3,,,102.2,,133.4,,78.4,,,100.1,,81.0,80.3,80.3,,,109.2,,71.3,69.7,86.2,70.6,63.6,93.0,95.7,95.7,,,79.8,,,84.3,,81.9,77.4,71.7,99.8,101.4,98.1,,,99.2,92.6,,,76.3,100.4,,,85.2,,,,79.8,,,108.9,104.4,147.3,,,,,89.5,85.9,,85.8,85.5,83.7,,,110.6,178.9,266.0,120.0,119.1,108.8,,,113.2,,127.9,103.8,109.2,110.2,102.0,,106.6,94.7,,93.9,,91.3,,,86.3,88.4,123.9,,76.5,139.1,78.2,61.6,98.3,98.7,114.5,81.9,69.9,69.1,72.6,66.1,,,,65.3,66.7,,,102.7,107.7,97.6,106.8,98.0,95.7,100.0,91.1,92.9,99.7,,99.3,83.2,112.4,
199201,114.7,1082.6,,,,,,,,1802.0,1380.2,77.4,85.9,112.6,92.5,98.8,,90.4,,95.3,81.1,109.3,160.5,81.3,99.4,76.8,111.6,,161.7,,,,118.4,92.7,99.5,110.5,108.5,112.3,,110.3,,,101.9,,133.3,,78.5,,,100.2,,82.1,86.1,86.1,,,90.0,,71.7,70.1,86.2,70.6,64.4,93.4,96.4,96.4,,,80.1,,,84.5,,82.0,77.4,72.4,100.1,101.4,98.1,,,99.5,92.9,,,76.3,101.0,,,86.0,,,,80.0,,,108.8,104.4,146.9,,,,,89.5,86.3,,86.1,85.7,84.3,,,110.5,177.8,265.8,118.8,119.1,108.8,,,113.2,,127.5,103.7,109.1,110.2,102.0,,106.5,94.7,,93.9,,91.3,,,85.9,87.8,122.7,,76.5,139.3,78.0,61.8,101.3,98.7,114.6,81.7,69.9,69.1,72.6,66.1,,,,65.3,66.7,,,104.9,110.2,96.2,114.5,97.8,95.7,99.8,91.4,93.1,99.3,,98.8,83.2,112.8,
199202,115.6,1088.2,,,,,,,,1802.0,1385.7,77.4,93.4,113.0,92.8,98.8,,90.4,,95.8,81.5,109.7,160.4,81.7,99.6,78.1,112.2,,161.7,,,,118.5,92.7,99.5,110.9,107.7,113.3,,110.8,,,102.2,,133.0,,79.8,,,99.9,,85.1,91.5,91.5,,,89.1,,71.7,70.4,86.2,70.6,64.9,93.4,96.6,96.6,,,80.1,,,84.6,,82.0,77.4,72.6,100.2,101.4,98.1,,,99.5,91.7,,,76.3,101.4,,,86.1,,,,80.1,,,108.8,104.4,147.0,,,,,89.5,86.4,,86.3,85.8,84.7,,,110.5,177.4,265.2,118.5,119.0,108.7,,,113.2,,127.5,103.7,109.1,110.2,102.0,,106.5,94.7,,93.9,,91.3,,,86.2,88.7,123.5,,78.5,139.3,77.6,61.3,101.3,99.0,114.8,82.1,69.9,69.1,72.6,66.1,,,,65.3,66.7,,,102.4,109.1,93.7,110.0,97.8,95.9,99.7,91.5,93.2,99.3,,98.8,83.5,113.4,
199203,116.0,1088.2,,,,,,,,1800.2,1383.0,77.4,96.5,113.9,93.1,99.2,,91.0,,95.8,82.1,110.7,160.7,82.5,99.1,80.3,113.5,,161.7,,,,118.6,92.7,99.5,114.1,108.4,117.4,,111.1,,,102.3,,133.7,,80.0,,,100.1,,85.4,92.0,92.0,,,88.7,,72.1,70.8,86.2,70.6,65.7,93.8,96.5,96.5,,,80.2,,,84.6,,82.1,77.4,72.8,100.8,101.4,98.1,,,100.3,93.1,,,76.3,101.3,,,86.4,,,,81.9,,,108.9,104.4,147.3,,,,,89.7,86.7,,86.6,86.1,85.0,,,110.5,178.1,264.9,119.4,119.1,108.9,,,113.3,,127.4,103.7,108.8,110.2,102.0,,106.5,94.7,,93.9,,91.3,,,86.5,89.2,124.5,,78.2,139.7,77.6,61.2,101.3,99.7,115.7,82.4,69.9,69.1,72.6,66.1,,,,65.3,66.7,,,103.0,107.5,92.4,116.4,98.1,96.1,100.0,91.7,93.3,99.8,,99.5,83.6,113.9,
199204,117.1,1090.4,,,,,,,,1800.2,1383.0,77.4,98.8,114.0,93.1,99.2,,90.6,,95.9,82.3,111.3,160.7,84.0,101.2,82.2,114.0,,162.2,,,,119.2,92.8,99.5,111.4,105.0,115.0,,111.8,,,102.3,,133.0,,81.6,,,100.4,,85.5,92.1,92.1,,,88.6,,71.7,70.9,86.2,70.6,66.1,95.4,97.8,97.8,,,82.1,,,85.1,,84.4,81.3,74.1,102.4,101.4,98.1,,,102.4,93.3,,,78.8,101.5,,,87.2,,,,87.0,,,108.9,104.4,147.3,,,,,90.0,87.3,,87.3,86.8,85.7,,,110.4,176.9,259.4,119.9,119.1,108.7,,,113.3,,127.6,103.7,108.8,110.0,102.0,,106.4,94.7,,93.9,,91.3,,,86.9,89.8,125.9,,77.9,139.9,77.7,61.3,102.1,100.1,116.1,83.0,69.9,69.1,72.6,66.7,,,,66.5,66.7,,,108.6,109.0,103.7,118.6,99.0,96.4,101.3,92.6,94.0,100.6,,100.5,86.5,114.7,
199205,117.5,1089.3,,,,,,,,1800.2,1374.7,77.4,96.2,114.1,93.4,99.2,,90.6,,95.9,82.7,111.5,160.7,83.8,102.7,82.4,114.2,,162.4,,,,119.4,92.8,99.5,110.7,113.4,110.8,,112.0,,,102.0,,133.2,,82.2,,,100.6,,85.6,92.1,92.1,,,88.6,,71.7,71.0,86.2,70.6,66.3,95.9,99.5,99.5,,,82.2,,,85.3,,84.7,81.3,74.2,102.7,101.4,98.1,,,102.9,93.5,,,78.8,101.7,,,87.2,,,,88.1,,,108.9,104.4,147.3,,,,,90.1,87.7,,87.6,87.1,86.3,,,110.4,176.0,259.4,118.7,119.3,108.9,,,113.3,,127.8,103.7,108.8,110.0,102.0,,106.3,94.7,,93.9,,91.3,,,87.0,90.0,126.1,,78.2,140.2,77.7,61.3,102.2,100.5,116.6,83.3,69.9,69.1,72.6,66.7,,,,66.5,66.7,,,104.8,107.4,92.7,123.3,99.4,96.5,101.4,93.0,94.6,101.0,,100.9,86.6,115.0,
199206,117.3,1091.5,,,,,,,,1792.7,1373.3,77.4,96.2,112.6,93.4,99.3,,90.7,,96.0,82.4,111.7,160.7,83.9,103.6,82.8,114.3,,162.1,,,,119.0,92.8,99.5,101.3,101.2,102.3,,112.2,,,102.0,,132.9,,82.7,,,100.8,,85.7,92.1,92.1,,,88.6,,71.7,71.6,86.2,70.6,67.3,96.0,99.3,99.3,,,82.5,,,85.5,,85.8,81.3,74.2,102.8,101.4,98.1,,,103.0,93.8,,,78.8,101.8,,,87.2,,,,88.1,,,108.9,104.4,147.3,,,,,90.1,88.0,,87.9,87.3,86.3,,,110.3,175.3,258.9,118.1,119.0,108.6,,,113.2,,127.4,103.7,108.8,110.0,102.0,,106.3,94.7,,93.9,,91.3,,,87.0,89.8,125.6,,78.2,140.5,77.7,61.3,102.0,100.7,116.7,83.7,69.9,69.1,72.6,66.7,,,,66.5,66.7,,,100.2,104.6,91.7,110.5,99.5,96.7,101.1,93.4,95.0,101.0,,101.0,86.6,114.8,
199207,117.1,1091.5,,,,,,,,1792.7,1374.7,80.6,96.2,111.7,93.2,99.3,,91.1,,96.1,81.6,111.7,161.2,84.3,103.6,83.5,114.3,,161.9,,,,118.7,92.7,99.4,95.9,98.7,95.7,,112.4,,,101.8,,133.3,,82.9,,,100.8,,85.7,92.1,92.1,,,88.6,,71.7,71.6,86.2,70.6,67.3,96.1,99.3,99.3,,,82.6,,,85.6,,86.0,81.3,74.3,102.9,101.4,98.1,,,103.1,94.3,,,78.8,101.8,,,87.3,,,,88.1,,,108.9,104.4,147.3,,,,,90.1,88.2,,88.2,87.5,86.6,,,110.4,175.3,258.6,118.1,119.1,108.9,,,113.2,,127.6,103.7,108.9,110.0,102.0,,106.3,94.7,,93.9,,91.3,,,86.6,89.0,124.0,,78.2,140.5,77.9,61.5,102.3,100.4,116.3,83.5,69.9,69.1,72.6,66.7,,,,66.5,66.7,,,91.8,103.1,82.2,94.1,99.2,96.8,100.2,93.6,95.1,100.7,,100.6,86.6,114.7,
199208,118.4,1083.7,,,,,,,,1787.2,1360.9,80.6,96.2,114.1,93.7,99.5,,90.6,,96.1,83.7,111.9,161.2,84.2,103.6,84.7,114.6,,162.5,,,,118.8,93.7,99.7,109.4,108.2,111.1,,112.3,,,101.9,,133.2,,82.9,,,100.5,,85.9,92.1,92.1,,,89.7,,76.3,71.8,86.2,70.6,67.7,97.2,102.9,102.9,,,82.6,,,85.6,,86.0,81.3,74.3,103.6,101.4,98.1,,,104.0,94.7,,,78.8,102.0,,,87.3,,,,90.6,,,108.8,104.3,147.0,,,,,90.3,88.4,,88.4,87.6,86.7,,,110.4,174.7,256.2,118.1,119.1,109.0,,,113.2,,127.6,103.7,108.9,110.0,102.0,,106.3,94.7,,93.9,,91.3,,,87.0,89.7,125.4,,78.2,141.0,77.9,61.6,102.3,100.4,116.5,83.4,69.9,69.1,72.6,66.7,,,,66.5,66.7,,,97.6,107.6,88.7,100.7,99.1,96.9,100.6,93.8,95.2,100.6,,100.5,86.6,115.8,
199209,117.7,1082.6,,,,,,,,1750.1,1344.3,80.6,96.2,113.7,93.6,99.5,,90.8,,96.0,82.9,112.2,161.2,84.4,103.5,84.7,115.0,,163.8,,,,119.3,95.7,99.7,106.2,104.3,108.0,,111.9,,,101.8,,132.2,,82.8,,,100.5,,86.1,92.1,92.1,,,88.6,,71.7,72.6,92.4,70.6,68.2,96.3,99.9,99.9,,,82.6,,,85.6,,86.0,81.4,74.3,103.1,101.4,98.1,,,103.3,94.8,,,78.8,102.3,,,87.3,,,,87.9,,,108.8,104.3,147.2,,,,,90.4,88.6,,88.6,87.8,86.9,,,110.4,176.0,258.6,118.8,119.1,108.9,,,113.2,,127.8,103.6,108.9,110.0,102.0,,106.2,94.7,,93.9,,91.3,,,87.1,89.8,125.5,,78.2,141.1,77.9,61.5,102.3,101.4,117.6,84.2,69.9,69.1,72.6,66.8,,,,66.6,66.7,,,98.8,102.7,94.9,102.1,99.5,97.0,101.2,93.9,95.3,101.2,,101.0,86.6,115.2,
199210,117.5,1078.2,,,,,,,,1720.4,1333.2,80.6,96.2,112.1,93.8,99.3,,90.8,,96.0,83.4,112.3,161.2,84.4,103.7,84.7,115.1,,166.6,,,,119.7,100.3,99.7,96.2,101.8,94.8,,111.5,,,101.7,,130.5,,82.8,,,100.5,,86.2,92.1,92.1,,,88.7,,72.2,72.8,92.4,70.6,68.6,96.6,101.6,101.6,,,82.6,,,85.6,,86.1,81.4,74.3,103.0,101.4,98.1,,,103.3,95.1,,,78.8,102.5,,,87.7,,,,87.4,,,108.3,103.9,147.2,,,,,90.5,88.7,,88.6,88.0,87.1,,,110.4,175.1,256.7,118.4,119.1,109.0,,,113.2,,127.6,103.6,108.9,110.0,102.0,,106.2,94.7,,93.9,,91.3,,,87.3,90.1,126.2,,78.2,141.0,77.8,61.5,102.2,101.5,117.4,84.6,69.9,69.1,72.6,66.8,,,,66.6,66.7,,,97.2,103.7,88.0,105.5,99.7,96.9,101.2,94.1,95.6,101.3,,101.3,86.6,115.0,
199211,117.5,1072.7,,,,,,,,1699.9,1341.5,80.6,96.2,112.0,93.8,99.3,,90.8,,96.0,83.7,112.5,161.2,84.4,103.8,84.1,115.6,,168.2,,,,119.8,103.3,99.7,93.4,96.9,93.0,,111.7,,,101.7,,130.4,,83.5,,,100.9,,86.4,92.1,92.1,,,88.7,,72.6,73.4,92.4,70.6,69.8,96.7,101.7,101.7,,,82.7,,,85.6,,86.2,81.4,74.3,103.0,101.4,98.1,,,103.3,95.2,,,78.8,102.5,,,87.7,,,,87.4,,,108.3,103.9,147.2,,,,,90.5,88.8,,88.7,88.2,87.2,,,110.3,173.8,257.2,116.4,119.1,109.1,,,113.2,,127.5,103.6,108.9,110.0,102.0,,106.2,94.7,,93.9,,91.3,,,87.3,90.0,126.1,,78.2,141.0,77.8,61.5,102.2,101.6,117.4,84.8,69.9,69.1,72.6,66.8,,,,66.6,66.7,,,90.3,103.8,77.4,94.4,99.9,97.3,100.9,94.4,95.6,101.5,,101.4,86.6,115.0,
199212,118.0,1067.2,,,,,,,,1696.2,1330.5,80.6,96.2,113.8,93.9,99.4,,90.6,,96.0,84.3,112.9,161.2,84.4,103.9,85.3,116.0,,169.3,,,,120.9,104.3,99.7,102.6,102.4,103.7,,111.9,,,101.8,,131.2,,83.5,,,100.9,,89.5,92.1,92.1,,,113.3,,74.0,74.2,92.4,70.6,71.5,95.9,99.9,99.9,,,82.7,,,85.6,,86.2,81.6,74.4,102.2,101.4,98.1,,,102.2,95.6,,,78.8,102.5,,,87.8,,,,83.8,,,108.3,103.8,147.3,,,,,90.6,89.1,,89.1,88.4,87.5,,,110.3,174.2,257.2,116.9,119.0,109.0,,,113.2,,127.0,103.6,108.9,110.0,102.0,,106.0,94.7,,93.9,,91.3,,,87.3,90.1,126.2,,78.2,141.1,77.8,61.5,102.2,102.1,118.0,85.1,69.9,69.1,72.6,66.8,,,,66.6,66.7,,,88.5,105.5,76.3,87.0,100.0,97.4,100.9,94.7,95.8,101.6,,101.5,86.6,115.5,
199301,117.6,1063.9,,,,,,,,1683.2,1329.1,80.6,96.2,114.6,94.1,99.6,,90.6,,96.1,84.7,112.8,161.2,84.5,103.3,85.5,115.9,,169.5,,,,120.6,105.0,99.8,108.5,102.3,112.0,,111.5,,,101.7,,129.7,,83.5,,,101.2,,85.8,92.1,92.1,,,81.1,,74.8,74.2,92.4,70.6,71.5,96.2,100.1,100.1,,,82.8,,,85.6,,86.3,81.7,75.1,102.5,101.4,98.1,,,102.6,96.6,,,78.8,103.0,,,88.5,,,,83.8,,,108.3,103.8,147.3,,,,,90.8,89.4,,89.3,88.8,87.8,,,110.3,174.0,257.2,116.8,118.9,108.9,,,113.2,,126.7,103.6,108.9,110.0,102.0,,106.2,94.7,,93.9,,91.3,,,87.0,89.4,124.9,,78.2,141.3,77.8,61.5,102.0,102.1,117.6,85.9,69.9,69.1,72.6,77.8,,,,66.6,88.9,,,96.7,108.6,89.0,95.1,99.5,97.4,100.8,94.8,96.0,100.9,,100.7,86.8,115.2,
199302,118.0,1061.7,,,,,,,,1675.8,1324.9,80.6,95.6,116.0,94.2,99.7,,90.3,,96.0,85.3,113.1,161.2,84.8,103.3,85.5,116.3,,170.1,,,,121.4,105.4,99.8,114.8,106.7,119.3,,111.9,,,101.8,,130.3,,84.2,,,101.4,,86.7,92.2,92.2,,,81.6,,74.8,76.5,92.4,74.5,72.8,96.1,99.8,99.8,,,83.0,,,85.6,,86.3,81.7,75.5,102.6,101.4,98.1,,,102.7,97.3,,,78.8,103.0,,,88.5,,,,83.8,,,108.3,103.8,147.9,,,,,90.8,89.5,,89.4,88.9,88.0,,,110.2,173.8,256.7,116.7,118.9,108.7,,,113.2,,126.6,103.6,108.9,110.0,102.0,,106.1,94.7,,93.9,,91.3,,,87.2,89.8,125.9,,77.5,141.3,77.9,61.5,102.1,102.1,117.4,86.0,69.9,69.1,72.6,77.8,,,,66.6,88.9,,,98.4,108.5,92.8,95.6,99.5,97.6,100.9,95.0,96.1,100.9,,100.6,86.8,115.5,
199303,118.4,1072.7,,,,,,,,1674.0,1338.8,80.6,95.1,116.1,94.3,99.7,,90.1,,96.0,85.8,113.2,161.0,85.1,103.5,86.1,116.4,,170.6,,,,121.6,106.2,99.8,115.4,105.8,120.5,,111.8,,,101.8,,130.4,,83.9,,,101.8,,86.7,92.2,92.2,,,81.1,,74.8,76.8,92.4,74.5,73.4,96.4,99.8,99.8,,,83.0,,,85.6,,86.3,81.7,75.5,103.0,101.4,98.1,,,103.2,97.2,,,78.8,103.1,,,88.5,,,,85.3,,,108.3,103.6,148.2,,,,,90.9,89.7,,89.5,89.1,88.1,,,110.2,173.8,255.6,116.9,118.9,109.0,,,112.9,,127.3,103.6,108.8,110.0,102.0,,105.8,94.7,,93.9,,91.3,,,87.4,90.0,126.2,,77.8,141.7,77.8,61.6,101.6,102.4,117.9,86.0,69.9,69.1,72.6,77.8,,,,66.6,88.9,,,99.1,107.3,92.9,100.1,99.7,97.5,101.3,95.3,96.3,101.3,,101.0,87.0,115.8,
199304,118.9,1066.1,,,,,,,,1668.4,1329.1,80.6,94.5,114.2,94.5,99.8,,90.5,,95.8,85.9,114.4,160.5,86.4,103.1,85.5,118.4,,170.5,,,,121.8,105.8,99.4,102.3,99.0,104.6,,111.4,,,101.6,,129.7,,83.5,,,102.4,,86.8,92.2,92.2,,,81.6,,74.8,76.9,92.4,74.5,73.5,98.0,101.5,101.5,,,84.1,,,86.7,,86.1,84.7,76.4,105.0,101.4,98.1,,,105.8,97.5,,,82.4,103.4,,,90.7,,,,90.9,,,108.3,103.6,148.5,,,,,91.1,90.0,,89.9,89.3,88.8,,,110.6,174.4,256.7,117.3,119.0,109.0,,,113.1,,127.3,104.0,108.8,110.0,102.0,,106.0,97.6,,93.9,,91.8,,,87.1,89.9,126.0,,77.7,141.5,77.4,61.0,101.5,102.6,118.1,86.0,69.9,69.1,72.6,79.0,,,,68.9,88.9,,,99.1,107.9,94.8,96.2,100.4,97.6,101.9,95.6,96.5,102.0,,102.1,89.3,116.2,
199305,119.0,1066.1,,,,,,,,1668.4,1316.7,80.6,95.0,114.1,94.5,99.8,,90.5,,96.0,86.1,114.4,160.1,86.3,102.9,85.4,118.5,,170.9,,,,122.0,106.4,99.8,100.9,102.6,101.2,,111.5,,,101.7,,129.1,,84.0,,,103.2,,86.9,92.2,92.2,,,81.1,,74.8,77.1,92.4,74.5,74.2,98.3,102.1,102.1,,,84.8,,,89.4,,86.2,84.7,76.6,105.1,101.4,98.1,,,105.8,97.6,,,82.4,103.4,,,90.7,,,,91.2,,,108.2,103.5,148.8,,,,,91.2,90.3,,90.0,89.4,89.0,,,110.6,174.0,255.1,117.4,119.0,109.1,,,113.0,,127.3,104.0,108.8,110.0,102.0,,106.0,97.6,,93.9,,91.8,,,87.1,89.9,126.1,,77.7,140.9,77.5,61.1,101.5,102.6,118.2,86.0,69.9,69.1,72.6,79.0,,,,68.9,88.9,,,98.0,105.3,93.1,98.5,100.6,97.7,102.1,96.0,96.9,102.2,,102.4,89.5,116.4,
199306,119.3,1062.8,,,,,,,,1653.6,1307.0,80.6,95.0,114.8,94.8,99.8,,90.6,,96.0,86.7,114.6,160.4,86.8,103.0,85.6,118.8,,170.8,,,,121.6,106.4,99.8,105.1,96.5,109.6,,111.4,,,101.8,,128.8,,83.8,,,103.4,,86.9,92.2,92.2,,,81.1,,74.8,77.5,92.4,74.5,74.8,98.5,102.6,102.6,,,84.8,,,89.6,,86.4,84.7,76.7,105.1,101.4,98.1,,,105.9,97.8,,,82.4,103.4,,,90.8,,,,91.1,,,107.9,103.1,148.9,,,,,91.5,90.4,,90.2,89.4,89.0,,,111.5,172.7,255.1,115.9,118.9,109.5,,,112.8,,126.7,105.2,108.7,110.0,106.4,,106.6,97.6,,93.9,,93.4,,,87.5,90.3,126.9,,77.7,140.6,77.8,61.6,101.5,102.4,117.9,86.0,69.9,69.1,72.6,79.0,,,,68.9,88.9,,,95.5,102.5,91.5,94.6,100.7,97.6,102.0,96.2,97.3,102.2,,102.4,89.6,116.5,
199307,119.1,1050.7,,,,,,,,1655.4,1293.2,80.6,95.0,115.1,94.9,99.6,,90.6,,96.0,87.8,114.4,160.2,86.9,103.3,85.8,118.5,,171.1,,,,121.8,106.8,99.8,106.0,101.2,108.9,,111.7,,,101.5,,130.0,,84.0,,,103.7,,87.1,92.2,92.2,,,81.1,,74.8,77.9,92.4,74.5,75.7,98.2,102.1,102.1,,,84.9,,,89.6,,86.4,84.7,76.8,104.8,101.4,98.1,,,105.6,97.9,,,82.4,103.4,,,91.0,,,,90.1,,,107.6,102.7,148.9,,,,,91.5,90.4,,90.4,89.5,89.2,,,111.6,171.5,253.1,114.9,119.0,109.9,,,112.8,,127.0,105.3,108.5,110.0,106.9,,106.9,97.6,,93.9,,93.4,,,87.2,89.9,126.2,,77.7,140.2,77.8,61.5,101.5,102.3,118.1,85.4,69.9,69.1,72.6,79.0,,,,68.9,88.9,,,103.5,100.9,113.2,94.2,100.4,97.7,102.2,96.4,97.4,101.9,,102.2,89.6,116.5,
199308,120.1,1046.3,,,,,,,,1651.7,1286.3,80.6,95.0,116.4,95.2,99.6,,90.8,,96.0,88.3,114.2,160.2,86.8,102.8,85.9,118.3,,171.1,,,,121.7,106.8,99.8,114.6,113.3,116.4,,111.7,,,101.6,,129.9,,84.0,,,103.6,,87.5,92.2,92.2,,,83.3,,80.1,78.3,92.4,74.5,76.4,99.1,104.7,104.7,,,84.9,,,89.6,,86.4,84.7,76.8,105.5,101.4,98.1,,,106.5,98.6,,,82.4,103.4,,,91.0,,,,92.6,,,107.6,102.7,148.9,,,,,91.5,90.7,,90.7,89.7,89.4,,,111.7,172.0,253.4,115.5,119.0,110.3,,,112.9,,126.7,105.5,108.5,110.0,106.9,,107.0,97.6,,93.9,,93.4,,,87.0,89.4,125.2,,77.7,140.1,77.9,61.5,101.5,102.0,117.7,85.3,70.2,69.5,72.6,79.0,,,,68.9,88.9,,,111.1,104.5,127.5,96.5,100.3,97.6,102.4,96.5,97.4,101.8,,102.0,89.6,117.3,
199309,119.1,1044.1,,,,,,,,1646.1,1264.2,80.6,95.0,115.1,95.2,99.6,,90.7,,96.0,88.2,114.0,159.9,87.0,103.7,85.9,117.9,,170.9,,,,121.7,106.8,99.8,106.7,109.9,106.4,,111.6,,,101.4,,128.0,,84.9,,,104.0,,87.3,92.2,92.2,,,81.9,,73.9,78.3,92.4,74.5,76.4,98.2,101.5,101.5,,,85.0,,,89.9,,86.4,84.8,76.8,104.9,101.4,98.1,,,105.7,98.8,,,82.4,103.4,,,91.0,,,,89.9,,,107.5,102.6,148.9,,,,,91.6,90.9,,90.8,89.8,89.5,,,111.7,172.6,253.1,116.4,119.0,110.5,,,112.6,,126.7,105.5,108.6,110.2,106.9,,107.3,97.6,,93.9,,93.4,,,87.1,89.6,125.7,,77.7,139.4,77.6,61.5,101.1,102.5,118.1,85.9,70.2,69.5,72.6,79.2,,,,69.4,88.9,,,107.2,99.6,126.1,89.6,100.7,97.7,102.5,96.6,97.5,102.2,,102.5,89.6,116.4,
199310,119.5,1030.9,,,,,,,,1640.6,1254.5,80.6,95.0,116.1,95.6,99.6,,90.7,,96.0,89.7,114.0,159.9,87.3,104.0,86.0,117.8,,170.6,,,,121.0,106.9,99.8,113.5,113.6,114.5,,111.5,,,101.7,,127.4,,85.1,,,104.1,,87.2,92.2,92.2,,,81.5,,73.9,78.3,92.4,74.5,76.4,98.6,103.6,103.6,,,85.1,,,90.2,,86.4,85.0,76.9,104.8,101.4,98.1,,,105.5,98.8,,,82.4,103.5,,,91.0,,,,89.5,,,107.6,102.6,148.9,,,,,91.7,91.0,,91.0,89.9,89.6,,,111.8,172.6,252.9,116.3,118.9,111.1,,,112.2,,126.7,105.7,108.5,110.2,106.9,,107.3,97.6,,94.8,,93.4,,,87.1,89.9,126.2,,77.7,139.1,77.6,61.3,101.3,102.3,118.0,85.6,70.2,69.5,72.6,80.1,,,,71.2,88.9,,,101.1,102.8,104.3,96.2,100.9,98.0,102.4,96.8,97.7,102.4,,102.7,89.6,116.7,
199311,119.2,1027.6,,,,,,,,1631.3,1271.1,80.6,95.0,115.6,95.7,99.6,,90.8,,96.0,89.8,113.8,159.6,87.3,103.5,85.8,117.8,,171.3,,,,121.4,107.6,99.8,108.5,109.6,109.0,,112.2,,,101.6,,129.5,,85.4,,,104.4,,87.2,92.2,92.2,,,81.5,,74.1,78.3,92.4,74.5,76.4,98.6,102.8,102.8,,,85.2,,,90.4,,86.4,85.1,76.9,105.0,101.4,98.1,,,105.8,98.9,,,82.4,103.5,,,91.0,,,,90.3,,,107.7,102.8,149.1,,,,,91.8,91.1,,91.1,89.9,89.8,,,112.1,172.9,252.3,117.2,119.1,111.2,,,112.8,,126.5,105.9,108.5,110.2,106.9,,107.3,97.6,,94.8,,96.8,,,87.1,89.9,126.4,,77.7,139.7,77.5,61.2,101.2,102.0,117.8,85.3,70.2,69.5,72.6,80.1,,,,71.2,88.9,,,90.7,103.5,82.6,88.1,100.9,98.3,101.8,97.1,97.9,102.4,,102.6,89.7,116.5,
199312,119.0,1018.8,,,,,,,,1616.4,1255.9,80.6,95.0,115.7,95.8,100.1,,90.8,,96.0,89.6,113.9,159.6,87.6,103.5,85.6,117.9,,171.1,,,,121.8,107.0,99.3,109.3,110.8,109.8,,112.3,,,101.5,,128.9,,86.1,,,104.6,,88.3,93.8,93.8,,,82.3,,76.8,78.4,92.4,74.5,76.6,97.9,101.1,101.1,,,85.4,,,90.9,,86.5,85.1,77.0,104.3,101.4,98.1,,,104.9,98.8,,,82.4,103.5,,,91.0,,,,87.5,,,107.7,102.7,149.5,,,,,91.9,91.3,,91.4,90.2,90.0,,,112.0,172.7,252.0,117.0,119.0,111.1,,,112.8,,126.1,105.9,108.5,110.2,106.9,,107.1,97.6,,94.8,,96.8,,,87.0,89.8,126.1,,77.7,139.8,77.4,61.1,101.0,102.1,117.8,85.5,70.2,69.5,72.6,80.1,,,,71.2,88.9,,,93.4,104.5,92.8,81.3,100.8,98.4,101.8,97.2,98.1,102.3,,102.5,89.7,116.4,
199401,119.3,1013.3,,,,,,,,1603.4,1243.4,80.6,95.0,116.2,96.0,100.1,,90.8,,96.0,90.3,114.1,159.6,87.6,103.6,85.6,118.2,,170.8,,,,121.1,107.3,99.3,111.5,107.1,114.4,,112.4,,,101.4,,129.6,,86.0,,,104.4,,89.5,95.6,95.6,,,82.0,,76.8,79.3,92.4,74.5,78.3,98.1,101.5,101.5,,,85.5,,,91.0,,86.5,85.4,77.9,104.2,101.4,98.1,,,104.8,98.9,,,82.4,103.8,,,91.4,,,,86.6,,,107.7,102.6,150.1,,,,,91.8,91.4,,91.5,90.3,90.1,,,112.1,172.0,250.7,116.6,119.3,111.3,,,112.9,,126.4,106.0,108.5,110.2,106.9,,107.1,97.9,,94.8,,96.8,,,86.7,89.3,125.1,,77.7,139.4,77.3,61.1,101.0,101.9,117.0,86.0,70.2,69.5,72.6,80.1,,,,71.2,88.9,,,103.5,108.1,108.5,91.5,100.4,98.4,102.0,97.3,98.2,101.7,,101.7,89.7,116.7,
199402,119.3,1011.1,,,,,,,,1594.2,1229.6,80.6,94.4,115.8,96.0,100.1,,90.8,,96.0,90.5,113.9,159.6,87.7,103.3,85.7,118.1,,170.8,,,,121.0,107.6,99.3,108.0,105.3,110.1,,113.1,,,101.5,,132.1,,86.1,,,104.2,,90.8,97.0,97.0,,,82.3,,74.1,80.4,92.4,74.5,80.6,97.7,100.1,100.1,,,85.6,,,91.0,,86.6,85.4,78.1,104.2,101.4,98.1,,,104.8,98.9,,,82.4,103.8,,,91.5,,,,86.6,,,107.5,102.4,149.8,,,,,91.9,91.5,,91.5,90.3,90.2,,,112.1,171.8,250.1,116.7,118.9,111.4,,,112.2,,126.2,106.0,108.5,110.2,106.9,,107.3,97.9,,94.8,,96.8,,,86.9,89.5,125.5,,77.6,140.1,77.3,61.1,101.0,102.3,117.6,86.1,70.2,69.5,72.6,80.1,,,,71.2,88.9,,,105.2,108.0,110.3,96.0,100.3,98.6,101.9,97.4,98.2,101.6,,101.5,89.7,116.6,
199403,119.3,1003.3,,,,,,,,1581.2,1226.9,80.6,93.7,115.8,96.0,100.1,,91.1,,96.0,90.2,113.6,159.4,87.8,102.8,85.7,117.9,,170.5,,,,121.0,107.3,98.9,109.9,106.4,112.5,,112.6,,,101.6,,129.9,,86.1,,,104.6,,91.1,97.0,97.0,,,82.3,,74.1,81.3,92.4,74.5,82.6,97.8,99.5,99.5,,,85.6,,,91.0,,86.6,85.6,78.2,104.5,101.4,98.1,,,105.2,99.0,,,82.4,103.9,,,91.5,,,,87.7,,,107.5,102.4,150.3,,,,,91.9,91.6,,91.6,90.5,90.2,,,112.0,172.2,250.9,116.7,118.9,111.4,,,112.2,,126.1,105.9,108.1,110.2,106.9,,106.9,97.9,,94.8,,96.8,,,87.0,90.1,126.0,,78.8,139.9,77.0,60.7,101.1,102.4,117.8,86.2,70.2,69.5,72.6,80.1,,,,71.2,88.9,,,106.2,107.3,109.1,102.7,100.7,99.1,102.4,97.5,98.4,102.0,,102.0,89.7,116.7,
199404,120.2,1013.3,,,,,,,,1547.8,1218.6,87.0,92.1,115.4,96.0,100.2,,90.9,,96.1,90.3,114.8,159.4,88.3,104.9,85.9,119.2,,170.0,,,,120.5,107.1,98.8,106.2,102.4,108.7,,112.1,,,101.7,,128.9,,85.9,,,104.5,,91.3,97.1,97.1,,,83.4,,76.8,81.5,92.4,74.5,82.8,99.1,100.7,100.7,,,86.5,,,91.6,,87.5,86.6,78.5,106.0,101.4,98.1,,,107.3,99.0,,,85.0,104.1,,,91.9,,,,92.5,,,107.3,102.1,150.4,,,,,92.0,91.8,,91.7,90.7,90.5,,,112.1,173.1,252.0,117.5,119.1,111.3,,,112.7,,126.1,106.0,108.1,110.2,106.9,,107.5,97.9,,94.8,,96.8,,,86.9,89.9,125.7,,78.6,140.3,76.9,60.7,100.7,102.3,117.4,86.5,70.2,69.5,72.6,81.6,,,,74.0,88.9,,,98.2,106.5,94.4,95.2,101.3,99.3,102.5,97.9,98.7,102.7,,102.9,91.8,117.4,
199405,120.8,1008.9,,,,,,,,1540.3,1203.4,87.0,93.3,114.7,96.0,100.2,,91.1,,96.1,89.5,115.3,159.3,88.5,106.5,87.4,119.7,,169.7,,,,119.8,107.1,98.8,103.1,102.5,104.3,,111.3,,,101.5,,126.0,,86.2,,,104.3,,91.4,97.1,97.1,,,81.9,,76.6,82.3,92.4,74.5,84.6,100.3,102.5,102.5,,,89.8,,,91.8,,87.6,86.6,96.7,105.9,101.4,98.1,,,107.2,99.1,,,85.0,103.8,,,91.9,,,,92.5,,,107.0,101.9,150.4,,,,,92.1,91.9,,91.9,90.8,90.6,,,112.4,172.9,252.0,117.2,119.1,111.5,,,112.9,,125.6,106.4,108.0,110.0,109.0,,107.5,97.9,,94.8,,96.8,,,86.5,89.9,125.9,,78.3,140.1,76.1,59.9,100.5,102.3,117.2,86.6,70.2,69.5,72.6,81.6,,,,74.0,88.9,,,95.8,104.6,87.6,99.2,101.6,99.5,102.7,98.1,99.0,103.0,,103.3,91.9,117.4,
199406,120.5,1001.1,,,,,,,,1531.1,1193.7,87.0,93.3,114.1,96.4,100.0,,91.2,,96.1,90.9,115.1,159.3,88.5,107.1,87.5,119.3,,169.5,,,,119.4,107.1,98.7,97.8,98.2,98.5,,111.8,,,101.8,,127.9,,86.2,,,104.4,,91.9,97.3,97.3,,,83.6,,75.6,82.8,92.4,74.5,85.4,100.0,102.1,102.1,,,89.8,,,91.8,,87.6,86.6,96.8,105.4,101.4,98.1,,,106.4,98.9,,,85.0,103.9,,,91.9,,,,90.1,,,106.9,101.8,150.4,,,,,92.1,92.2,,92.0,91.0,91.1,,,112.4,172.2,252.0,116.3,119.1,111.6,,,112.9,,125.3,106.4,108.1,110.0,109.0,,107.1,97.9,,94.8,,96.8,,,86.5,89.9,126.0,,78.3,139.3,76.1,59.9,100.4,102.5,117.2,87.2,70.2,69.5,72.6,81.6,,,,74.0,88.9,,,89.7,99.8,83.7,87.5,101.5,99.3,102.3,98.4,99.2,102.9,,103.3,91.9,117.0,
199407,120.5,992.3,,,,,,,,1518.1,1182.6,87.0,93.3,114.2,96.0,100.0,,90.6,,96.1,90.3,115.4,159.1,88.6,107.6,87.2,119.6,,169.5,,,,119.4,107.1,98.7,96.6,96.1,97.7,,112.8,,,101.8,,129.7,,87.0,,,104.3,,92.0,97.3,97.3,,,81.8,,75.6,83.6,92.4,74.5,87.0,100.0,101.5,101.5,,,89.8,,,91.8,,87.6,86.7,96.8,105.6,101.4,98.1,,,106.9,99.0,,,85.0,103.9,,,91.9,,,,91.6,,,106.8,101.7,149.8,,,,,92.0,92.3,,92.4,91.1,91.1,,,112.3,171.8,251.8,116.1,118.9,111.5,,,112.7,,125.0,106.4,108.0,110.2,109.0,,107.1,97.9,,94.8,,96.8,,,86.0,88.7,123.7,,78.3,138.7,76.1,59.9,100.4,102.1,116.6,87.1,70.2,69.5,72.6,81.6,,,,74.0,88.9,,,87.9,97.4,80.8,88.4,101.1,99.1,101.8,98.6,99.3,102.6,,102.8,91.9,117.1,
199408,121.9,985.7,,,,,,,,1506.9,1167.4,87.0,93.3,117.8,96.1,100.0,,90.7,,96.1,90.3,115.2,159.1,88.6,107.9,87.2,119.3,,169.3,,,,119.7,106.6,98.7,120.9,105.4,128.4,,111.9,,,101.7,,127.0,,87.1,,,104.2,,92.7,97.3,97.3,,,83.5,,80.9,85.0,92.4,74.5,90.0,100.7,104.4,104.4,,,89.8,,,91.8,,87.6,86.7,96.8,105.8,101.4,98.1,,,107.1,99.0,,,85.0,103.9,,,91.9,,,,92.4,,,106.7,101.6,149.8,,,,,92.0,92.4,,92.6,91.2,91.2,,,112.2,170.7,249.6,115.3,118.3,111.5,,,111.8,,124.8,106.3,108.0,110.2,109.0,,107.3,97.9,,94.8,,95.4,,,86.1,88.9,124.0,,78.3,138.5,76.1,59.8,100.6,102.2,116.8,87.1,70.2,69.5,72.6,81.6,,,,74.0,88.9,,,98.8,101.7,94.9,103.3,101.1,99.1,102.3,98.6,99.4,102.4,,102.6,91.9,118.3,
199409,121.0,974.7,,,,,,,,1490.2,1124.6,87.0,93.3,116.4,96.1,100.0,,90.4,,96.1,90.7,115.1,159.1,88.6,108.0,87.2,119.2,,169.3,,,,119.3,107.0,98.6,113.4,107.1,117.1,,111.7,,,101.9,,127.1,,86.8,,,103.9,,92.5,97.3,97.3,,,82.2,,78.7,85.0,92.4,74.5,90.0,100.1,101.9,101.9,,,89.9,,,91.8,,87.7,86.8,96.9,105.7,101.4,98.1,,,106.9,99.1,,,85.0,103.9,,,91.9,,,,91.6,,,106.7,101.6,150.1,,,,,92.1,92.6,,92.6,91.2,91.3,,,112.2,171.1,249.8,115.7,118.8,111.5,,,112.6,,124.8,106.2,107.9,110.2,109.0,,106.9,97.9,,94.8,,95.4,,,86.5,89.8,126.0,,78.3,138.2,76.1,59.8,100.5,102.8,117.7,87.3,70.2,69.5,72.6,81.9,,,,74.8,88.9,,,100.7,98.8,102.6,102.9,101.2,98.1,102.5,98.7,99.5,102.5,,103.3,91.9,117.6,
199410,120.8,963.7,,,,,,,,1464.3,1105.3,87.0,93.3,114.7,96.3,100.0,,90.6,,96.1,91.2,115.1,159.1,88.7,108.0,86.5,119.2,,168.7,,,,118.8,106.5,98.5,103.6,105.5,103.7,,111.3,,,101.9,,126.2,,86.7,,,103.8,,92.5,97.3,97.3,,,82.2,,77.9,85.0,92.4,74.5,90.0,100.6,104.1,104.1,,,89.9,,,91.8,,87.5,86.8,96.9,105.7,101.4,98.1,,,106.9,99.1,,,85.0,103.9,,,91.9,,,,91.7,,,106.7,101.6,150.1,,,,,92.1,92.7,,92.8,91.3,91.5,,,112.2,170.9,249.6,115.5,118.8,111.7,,,112.7,,124.3,106.3,107.9,110.2,109.0,,107.3,97.9,,94.8,,95.4,,,86.5,89.9,126.0,,78.3,138.2,75.9,59.7,100.6,102.9,117.7,87.4,70.2,69.5,72.6,81.9,,,,74.8,88.9,,,107.2,100.1,112.6,110.9,101.3,98.3,103.0,98.9,99.8,102.6,,103.5,91.9,117.3,
199411,120.3,952.7,,,,,,,,1449.4,1099.7,87.0,93.3,114.0,96.2,100.2,,90.6,,95.6,91.2,114.8,159.1,88.6,108.5,86.5,118.6,,168.8,,,,118.2,107.7,98.1,99.7,99.9,100.6,,111.2,,,101.8,,125.9,,86.8,,,103.8,,92.8,97.4,97.4,,,84.2,,76.6,85.0,92.4,74.5,90.0,100.3,102.6,102.6,,,89.9,,,91.8,,87.5,86.8,97.0,105.7,101.4,98.1,,,106.9,99.2,,,85.0,103.9,,,91.9,,,,91.7,,,106.6,101.4,150.1,,,,,92.2,92.7,,93.0,91.4,91.5,,,112.2,170.9,249.6,115.5,118.9,111.6,,,112.8,,124.7,106.2,107.9,110.2,109.0,,107.1,97.9,,94.8,,95.4,,,86.6,89.8,126.0,,78.3,138.5,76.1,59.9,100.6,103.1,117.8,87.9,70.2,69.5,72.6,81.9,,,,74.8,88.9,,,102.5,101.5,104.7,103.2,101.3,98.1,102.6,99.1,99.9,102.6,,103.5,91.9,116.9,
199412,120.1,945.0,,,,,,,,1417.9,1081.8,87.0,93.3,115.3,96.3,100.2,,90.6,,95.6,91.2,114.9,158.9,88.6,108.5,86.6,118.5,,168.8,,,,118.2,107.7,98.1,108.3,105.8,110.3,,110.6,,,101.7,,123.8,,87.0,,,103.8,,92.7,97.4,97.4,,,83.7,,78.4,85.0,92.4,74.5,90.0,99.7,101.0,101.0,,,89.9,,,92.0,,87.5,86.8,97.0,105.3,101.4,98.1,,,106.3,99.2,,,85.0,103.8,,,91.9,,,,89.7,,,106.6,101.4,150.1,,,,,92.3,93.0,,93.5,91.6,91.6,,,112.1,170.9,250.9,114.9,118.5,111.6,,,112.7,,123.3,106.2,107.9,110.2,109.0,,107.0,97.9,,94.8,,95.4,,,86.5,89.7,125.6,,78.3,138.2,76.1,59.9,100.6,103.3,118.0,88.0,70.2,69.5,72.6,81.9,,,,74.8,88.9,,,98.4,104.1,93.0,101.4,101.2,98.1,102.3,99.2,100.0,102.5,,103.5,91.9,116.8,
199501,120.8,946.2,,,,,,,,1421.5,1082.2,87.0,92.9,115.6,96.3,100.4,,90.8,,95.8,90.6,114.9,157.8,88.8,109.8,86.0,118.4,,167.9,605.2,,,117.6,107.9,98.2,108.8,103.2,111.9,108.7,111.4,,,101.8,,127.8,102.9,87.0,,,104.2,,92.8,97.4,97.4,96.8,97.8,83.8,,79.1,85.0,92.4,74.5,90.0,100.2,101.2,101.2,,,90.3,,,92.0,,87.8,87.3,97.3,106.0,101.4,98.1,,,107.1,99.3,,95.3,86.3,103.6,139.3,101.2,92.1,,,91.2,89.0,100.0,115.0,107.1,102.1,149.5,,,,,92.2,93.1,,93.7,91.8,91.6,,,112.3,170.4,251.9,113.9,118.9,112.2,,,112.7,117.0,123.3,106.3,107.9,110.3,109.0,,107.4,97.9,,94.8,,95.4,,,86.3,89.1,124.5,,78.7,137.8,76.0,59.7,100.3,103.5,118.2,88.8,70.2,69.5,72.6,81.9,,,,74.7,88.9,,,105.6,105.1,104.6,111.1,100.9,98.2,102.4,99.3,100.4,102.0,,102.9,91.9,117.3,
199502,120.4,933.8,,,,,,,,1421.5,1045.9,87.0,94.0,115.5,96.3,100.3,,90.8,,95.6,90.9,114.2,157.8,89.1,110.0,85.9,117.4,,167.6,605.8,,,117.0,107.7,98.2,108.4,100.0,115.1,103.7,112.0,,,101.7,,127.9,107.2,87.3,,,103.6,,92.8,97.4,97.4,96.8,97.8,83.3,,77.5,85.0,92.4,74.5,90.0,100.0,100.7,100.7,,,90.4,,,92.2,,87.9,87.3,97.5,105.6,101.4,98.1,,,106.8,99.1,,95.3,86.3,103.5,138.4,101.2,92.1,,,91.2,88.2,100.0,115.0,107.1,102.1,149.4,,,,,92.3,93.2,,93.8,91.8,91.6,,,112.3,170.5,250.1,114.7,119.1,112.2,,,112.6,117.5,123.9,106.3,107.9,110.3,109.0,,107.4,97.9,,94.8,,95.4,,,86.4,89.2,124.9,,78.1,137.5,76.1,59.7,100.5,103.3,117.9,88.7,70.2,69.5,72.6,81.9,,,,74.7,88.9,,,102.9,102.6,100.2,110.8,100.7,98.1,102.0,99.9,100.4,101.8,,102.7,91.9,117.0,
199503,120.3,919.5,,,,,,,,1410.4,1031.8,87.0,92.8,115.9,96.3,100.3,,90.6,,95.6,91.0,114.1,157.8,88.9,110.0,85.7,117.5,,167.3,608.2,,,115.5,107.8,98.1,111.3,104.1,115.6,110.0,111.9,,,101.4,,126.9,107.4,87.6,,,103.6,,92.7,97.4,97.4,96.8,97.8,82.5,,77.5,85.0,92.4,74.5,90.0,99.9,100.1,100.1,,,90.3,,,92.2,,87.7,87.3,97.6,105.9,101.4,98.1,,,107.0,98.1,,95.3,86.3,103.6,139.1,100.9,92.1,,,91.2,89.9,100.0,114.6,107.0,101.9,150.0,,,,,92.2,93.3,,93.9,91.9,91.7,,,112.2,170.0,250.1,114.0,118.8,111.9,,,112.6,116.1,124.0,106.3,107.9,110.2,109.0,,107.3,97.2,,95.0,,95.4,,,86.1,88.6,124.5,,75.6,137.3,76.0,59.7,100.1,103.3,117.9,88.6,70.2,69.5,72.6,81.9,,,,74.7,88.9,,,98.4,103.2,92.0,104.5,100.9,98.0,102.0,99.9,100.5,102.0,,103.0,92.0,117.0,
199504,119.5,909.7,,,,,,,,1411.8,1017.6,87.0,93.3,113.8,96.4,100.3,,91.0,,95.6,90.8,113.3,157.8,88.9,110.4,84.3,116.3,,166.9,609.4,,,115.0,107.4,98.2,102.0,95.9,104.0,104.4,111.3,,,101.5,,125.6,103.9,88.0,,,103.7,,92.7,97.4,97.4,96.8,97.8,82.7,,77.5,85.0,92.4,74.5,90.0,99.7,98.5,98.5,,,90.8,,,92.8,,87.8,88.0,97.8,105.9,101.4,98.1,,,107.1,99.1,,97.4,90.9,103.6,136.8,99.5,92.5,,,91.2,92.9,100.0,115.2,106.1,101.0,149.4,,,,,92.3,93.6,,94.2,92.2,91.8,,,112.2,170.0,249.9,114.3,118.8,111.8,,,112.8,115.9,124.1,106.2,107.7,110.2,109.0,,106.9,97.3,,94.9,,95.4,,,86.0,88.6,124.2,,77.5,137.3,75.7,59.4,100.0,103.5,117.5,89.4,70.2,69.5,72.6,82.4,,,,75.8,88.9,,,97.3,103.8,93.1,96.8,101.3,97.9,102.3,100.3,100.7,102.4,,103.6,94.0,116.3,
199505,119.8,903.5,,,,,,,,1396.5,1001.5,87.0,93.3,114.3,96.4,100.3,,90.9,,95.4,90.7,113.3,158.1,89.0,110.9,84.0,116.1,,166.6,607.6,,,114.5,107.5,98.0,105.3,114.9,103.1,100.1,111.3,,,101.5,,125.3,105.0,88.0,,,103.7,,92.8,97.4,97.4,96.8,97.8,83.3,,77.5,85.0,92.4,74.5,90.0,100.2,100.9,100.9,,,90.8,,,92.8,,87.8,88.0,98.3,105.7,101.4,98.1,,,107.2,99.1,,97.4,90.9,103.6,137.4,99.5,92.6,,,91.2,92.0,100.0,115.2,105.5,100.2,149.5,,,,,92.3,93.8,,94.4,92.4,92.0,,,112.1,169.5,250.4,113.5,118.4,112.3,,,112.8,114.6,123.3,106.3,107.7,110.2,108.5,,106.9,99.9,,94.9,,95.4,,,86.0,88.7,124.2,,77.5,138.1,75.7,59.4,100.0,103.5,117.4,89.6,70.2,69.5,72.6,82.5,,,,75.8,88.9,,,100.7,101.5,98.9,105.6,101.4,97.6,102.5,100.5,100.9,102.5,,103.7,94.0,116.7,
199506,119.3,897.2,,,,,,,,1393.7,1002.5,87.0,93.3,113.0,96.4,100.4,,90.9,,95.4,90.9,113.1,158.1,88.9,110.1,84.4,115.8,,166.4,609.4,,,113.7,107.6,98.2,98.6,96.1,100.9,96.1,110.9,,,101.6,,123.6,105.2,88.0,,,103.6,,93.1,97.4,97.4,96.8,97.8,84.3,,77.5,86.0,92.4,74.5,92.0,100.0,100.1,100.1,,,90.8,,,92.8,,87.8,88.1,98.4,105.7,101.4,98.1,,,107.1,99.2,,97.4,90.9,103.6,138.5,99.4,92.6,,,91.2,89.4,100.0,115.3,105.5,100.2,149.7,,,,,92.4,94.0,,94.6,92.5,92.0,,,112.2,170.9,249.9,115.3,118.2,112.0,,,112.8,114.1,123.0,106.4,107.7,110.2,108.5,,107.3,99.9,,94.9,,95.4,,,86.1,89.0,124.7,,77.5,138.2,75.7,59.4,100.0,103.4,116.9,89.8,70.2,69.5,72.6,82.5,,,,75.9,88.9,,,100.0,101.1,93.7,111.6,101.3,97.6,102.4,100.6,101.0,102.4,,103.7,94.0,116.2,
199507,118.7,885.7,,,,,,,,1385.4,1001.5,87.0,93.3,111.9,96.4,100.4,,90.8,,95.5,90.7,113.1,158.1,88.9,110.5,85.0,115.5,,165.8,608.2,,,112.2,107.5,98.2,92.5,92.4,92.9,91.5,111.4,,,101.4,,125.4,106.6,87.7,,,103.5,,93.0,97.4,97.4,96.8,97.8,83.2,,77.5,86.0,92.4,74.5,92.0,99.7,99.2,99.2,,,90.8,,,92.8,,87.8,88.1,98.4,105.4,101.4,98.1,,,106.9,99.2,,97.4,90.9,103.6,137.7,99.4,92.6,,,91.2,89.0,100.0,114.6,104.7,99.2,149.7,,,,,92.3,94.1,,94.8,92.6,92.1,,,112.1,170.2,249.1,114.5,117.6,112.3,,,112.7,112.5,122.3,106.5,107.7,110.2,108.5,,107.4,99.9,,94.8,,96.1,,,85.5,87.9,122.7,,77.5,138.4,75.6,59.2,100.0,103.4,116.3,90.3,70.2,69.5,72.6,82.5,,,,75.9,88.9,,,94.5,99.1,89.0,99.3,100.9,97.5,101.7,100.8,101.1,102.0,,103.4,93.9,115.6,
199508,119.3,875.9,,,,,,,,1371.5,987.4,87.0,93.3,112.8,96.4,100.4,,91.1,,95.5,90.5,112.8,158.4,88.8,110.4,84.6,115.1,,165.4,608.8,,,111.4,107.6,98.2,98.2,96.6,102.2,92.2,111.3,,,101.5,,126.8,103.6,87.6,,,103.5,,93.2,97.4,97.4,96.8,97.8,84.5,,81.9,86.0,92.4,74.5,92.0,100.4,101.8,101.8,,,90.9,,,92.8,,87.9,88.1,98.4,105.6,101.4,98.1,,,107.1,99.2,,97.4,90.9,103.6,137.8,99.5,92.5,,,91.2,91.5,100.0,114.2,104.4,99.0,149.5,,,,,92.3,94.0,,94.8,92.5,92.1,,,112.0,170.4,249.9,114.6,117.2,112.2,,,112.3,111.7,122.4,106.4,107.6,110.2,108.5,,107.5,99.6,,94.8,,96.1,,,85.5,88.1,123.1,,77.5,137.8,75.4,59.0,100.0,103.8,117.2,90.1,70.2,69.5,72.6,82.5,,,,75.9,88.9,,,98.8,101.8,93.7,105.4,100.8,97.5,101.8,101.0,101.2,101.8,,103.2,93.9,116.2,
199509,119.1,868.7,,,,,,,,1367.3,987.4,87.0,93.3,113.6,96.6,100.5,,91.0,,95.6,91.8,112.6,158.4,88.9,110.6,85.2,114.9,,165.6,611.2,,,111.3,107.5,98.2,103.5,101.9,106.2,99.5,111.0,,,101.4,,125.6,103.8,87.8,,,103.4,,93.2,97.4,97.4,96.8,97.8,84.3,,76.7,86.0,92.4,74.5,92.0,100.0,100.2,100.2,,,90.9,,,92.8,,88.1,88.2,98.4,105.5,101.4,98.1,,,107.1,99.2,,96.3,90.9,103.6,138.0,99.5,92.5,,,91.2,90.4,100.0,114.6,103.9,98.5,149.5,,,,,92.3,94.2,,95.0,92.7,92.2,,,111.7,169.3,249.6,113.4,118.2,112.2,,,112.3,115.3,122.6,105.6,107.6,110.2,104.6,,107.3,98.7,,94.9,,99.1,,,85.7,88.4,123.7,,77.5,138.4,75.4,58.9,100.0,103.7,116.7,90.6,70.2,69.5,72.6,82.5,,,,75.9,88.9,,,100.8,101.0,100.3,104.0,101.4,97.5,102.5,101.0,101.2,102.4,,104.0,94.2,116.5,
199510,118.9,858.9,,,,,,,,1360.4,987.4,87.0,93.3,112.8,96.6,100.5,,91.2,,95.6,91.8,112.7,158.3,89.1,110.1,85.2,115.1,,165.3,608.8,,,111.0,107.3,98.2,98.7,101.2,96.5,100.0,111.2,,,101.4,,126.0,103.9,87.8,,,103.1,,93.1,97.4,97.4,96.8,97.8,83.6,,78.2,86.0,92.4,74.5,92.0,100.1,100.6,100.6,,,91.0,,,92.8,,88.2,88.2,98.5,105.5,101.4,98.1,,,107.1,98.4,,96.3,90.9,103.4,138.5,99.5,92.5,,,91.2,90.4,100.0,114.6,103.7,98.3,149.2,,,,,92.3,94.4,,95.1,92.8,92.3,,,111.6,169.7,250.1,113.5,118.3,111.4,,,112.3,116.7,122.3,105.5,107.6,110.2,104.6,,107.5,96.9,,94.9,,99.1,,,85.6,88.3,123.4,,77.5,138.4,75.4,59.1,100.0,103.2,115.4,90.7,70.2,69.5,72.6,82.5,,,,75.9,88.9,,,95.9,100.1,88.9,103.9,101.5,97.5,102.2,101.1,101.5,102.4,,103.9,94.2,116.2,
199511,118.9,850.0,,,,,,,,1367.3,984.4,87.0,93.3,113.0,96.8,100.5,,91.2,,95.6,92.6,112.7,158.3,89.3,110.1,85.0,115.1,,165.6,608.2,,,111.9,107.4,98.3,100.0,98.9,100.1,100.9,110.7,,,101.5,,123.4,104.5,87.8,,,103.1,,93.3,97.4,97.4,96.8,97.8,86.3,,76.7,86.0,92.4,74.5,92.0,100.1,100.7,100.7,,,91.0,,,92.8,,88.2,88.2,98.5,105.5,101.4,98.1,,,107.1,98.9,,96.3,90.9,103.3,138.2,99.5,92.5,,,91.2,90.4,100.0,114.7,103.7,98.3,148.8,,,,,92.4,94.4,,95.4,92.8,92.4,,,111.6,168.7,251.9,112.0,118.8,111.6,,,112.4,118.2,122.2,105.4,107.5,110.0,104.6,,107.3,96.9,,94.8,,99.1,,,85.9,88.7,124.2,,77.5,138.2,75.4,59.1,100.2,103.7,116.3,90.7,70.2,69.5,72.6,82.5,,,,75.9,88.9,,,89.0,100.4,81.1,87.2,101.4,97.4,101.8,101.2,101.5,102.4,,104.0,94.2,116.2,
199512,118.7,844.7,,,,,,,,1350.7,979.3,87.0,93.3,114.1,96.9,100.5,,91.3,,95.6,92.6,112.8,158.4,89.3,109.9,84.9,115.1,,164.9,600.3,,,112.2,106.8,98.2,106.0,103.2,106.1,108.4,110.8,,,101.5,,123.5,105.6,87.9,,,103.0,,93.3,97.4,97.4,96.8,97.8,85.2,,79.9,86.0,92.4,74.5,92.0,99.6,99.5,99.5,,,91.0,,,92.8,,88.2,88.2,98.5,105.1,101.4,98.1,,,106.4,99.2,,96.3,90.9,103.3,137.3,99.5,92.6,,,91.2,87.5,100.0,113.3,103.6,98.2,148.3,,,,,92.4,94.6,,95.6,92.9,92.5,,,111.7,168.7,251.9,111.9,118.7,111.4,,,112.4,118.2,121.6,105.5,107.5,109.9,104.6,,107.3,97.4,,94.4,,100.4,,,85.5,88.0,123.1,,77.5,138.0,75.4,59.1,100.1,103.8,116.4,90.9,70.2,69.5,72.6,82.5,,,,75.9,88.9,,,90.1,100.9,84.0,85.8,101.4,97.4,101.8,101.2,101.6,102.3,,104.0,94.2,116.1,
199601,119.0,838.4,,,,,,,,1331.3,976.3,87.0,90.8,113.1,97.0,100.5,,91.2,,95.6,93.1,112.7,158.4,89.5,109.8,84.9,114.7,,163.3,597.9,,,108.8,106.8,98.3,101.8,98.5,102.2,104.5,110.5,,,101.5,,123.4,103.4,88.0,,,103.0,,93.6,97.4,97.4,96.8,97.8,85.0,,79.9,88.0,92.4,79.6,92.0,100.4,103.4,103.4,,,91.1,,,92.8,,88.2,88.3,98.9,104.8,101.4,98.1,,,106.0,99.2,,96.3,90.9,103.3,135.2,99.5,92.8,,,91.2,87.6,100.0,113.2,103.5,98.1,148.3,,,,,92.4,94.7,,95.7,92.9,92.7,,,111.6,168.1,251.4,111.4,118.4,111.5,,,112.4,118.1,120.6,105.5,107.3,109.9,104.6,,107.3,97.4,,94.4,,100.4,,,85.4,87.8,122.1,,80.3,137.3,75.3,58.9,100.4,103.8,116.8,90.7,70.2,69.5,72.6,87.6,,,,75.9,100.0,,,98.0,104.5,94.6,96.3,100.7,97.1,101.6,101.6,101.7,101.7,,103.5,94.3,116.5,
199602,118.5,829.5,,,,,,,,1336.8,955.1,87.0,91.2,113.9,96.9,100.5,,91.1,,95.6,93.3,112.6,158.4,89.6,109.8,85.3,114.6,,164.1,607.0,,,108.7,106.9,98.3,103.0,98.6,103.7,106.0,112.0,,,101.4,,125.6,105.7,89.4,,,102.8,,93.7,97.4,97.4,96.8,97.8,86.4,,77.4,88.0,92.4,79.6,92.0,99.6,100.2,100.2,,,91.1,,,92.8,,88.2,88.4,98.9,104.7,101.4,98.1,,,106.0,99.2,,96.3,90.9,103.3,134.9,99.5,92.8,,,91.2,87.9,100.0,113.1,103.4,98.0,148.2,,,,,92.4,94.8,,95.8,93.1,92.8,,,111.6,167.5,250.6,110.6,118.5,111.3,,,112.3,118.2,121.4,105.5,107.2,109.8,104.6,,107.3,97.4,,94.4,,100.8,,,85.3,87.7,122.1,,79.1,137.3,75.2,58.6,100.3,103.7,116.1,91.1,70.2,69.5,72.6,87.6,,,,75.9,100.0,,,97.1,103.9,93.5,95.3,100.7,97.5,101.5,101.7,101.8,101.6,,103.1,94.3,116.1,
199603,118.4,823.3,,,,,,,,1339.6,946.0,87.0,90.5,114.0,97.0,100.5,,91.2,,95.6,93.7,112.4,158.1,89.5,109.9,85.5,114.1,,164.3,607.6,,,109.0,107.3,98.2,105.5,103.9,103.3,111.3,111.3,,,101.7,,124.4,103.4,89.0,,,102.6,,93.5,97.4,97.4,96.8,97.8,84.3,,78.8,88.0,92.4,79.6,92.0,99.4,99.1,99.1,,,91.1,,,92.8,,88.2,88.4,98.9,104.9,101.4,98.1,,,106.2,99.2,,96.3,90.9,103.3,135.7,99.4,92.8,,,91.2,89.9,100.0,112.1,103.3,98.0,147.7,,,,,92.6,94.9,,95.9,93.1,92.8,,,112.1,166.3,245.4,110.9,118.7,111.3,,,112.2,118.5,121.7,106.5,107.4,109.9,108.2,,107.3,99.9,,94.1,,99.6,,,85.5,87.9,123.2,,76.9,136.7,75.5,58.7,100.3,104.1,116.8,91.3,70.2,69.5,72.6,87.6,,,,75.9,100.0,,,96.0,105.6,87.5,98.0,100.9,97.5,101.7,101.7,101.9,101.8,,103.5,94.5,116.0,
199604,118.5,816.2,,,,,,,,1329.9,929.9,87.0,90.8,113.2,96.9,100.5,,91.2,,95.6,93.0,112.0,158.1,89.6,110.0,85.9,113.6,,158.4,534.7,,,108.5,107.5,98.2,103.7,98.9,103.5,108.7,111.4,,,101.5,,124.8,104.0,89.0,,,102.5,,93.4,97.4,97.4,96.8,97.8,84.1,,76.7,88.0,92.4,79.6,92.0,100.2,101.5,101.5,,,91.8,,,93.5,,88.8,89.5,99.1,104.9,101.4,98.1,,,106.3,99.2,,95.2,92.5,103.3,134.6,99.6,93.2,,,91.6,90.9,100.0,112.3,103.1,97.7,148.0,,,,,92.7,95.1,,96.0,93.3,93.1,,,112.1,169.0,244.9,114.5,117.9,111.4,,,112.2,115.5,122.1,106.4,107.5,109.8,108.2,,107.0,99.9,,94.1,,99.6,,,85.6,87.9,122.8,,78.8,136.0,75.5,58.7,100.3,104.9,118.3,91.3,70.2,69.5,72.6,88.5,,,,77.5,100.0,,,100.7,107.7,94.6,102.8,101.4,97.4,102.3,101.9,102.0,102.3,,104.1,95.8,116.1,
199605,118.6,796.6,,,,,,,,1307.7,910.7,87.0,90.8,113.5,97.0,100.5,,91.2,,95.6,92.9,111.8,158.0,89.6,110.0,86.6,113.3,,157.6,521.3,,,108.6,107.4,98.2,104.5,117.1,98.6,103.1,112.5,,,101.6,,126.5,106.6,89.8,,,102.6,,93.4,97.4,97.4,96.8,97.8,83.8,,76.7,88.0,92.4,79.6,92.0,100.5,102.8,102.8,,,91.8,,,93.6,,88.9,89.5,99.1,105.0,101.4,98.1,,,106.3,99.2,,95.2,92.5,103.3,135.1,101.6,93.2,,,91.6,90.2,100.0,112.2,103.2,97.8,148.2,,,,,92.8,95.1,,96.0,93.4,93.1,,,112.1,166.8,242.4,112.6,118.5,111.1,,,112.2,118.7,121.0,106.4,107.5,109.7,108.2,,107.0,99.9,,94.1,,99.6,,,85.9,88.3,123.6,,78.8,135.7,75.7,58.7,100.3,105.1,118.5,91.4,70.2,69.5,72.6,88.5,,,,77.5,100.0,,,101.5,106.9,93.3,109.9,101.5,97.5,102.5,102.0,102.1,102.4,,104.3,95.9,116.2,
199606,117.8,786.8,,,,,,,,1299.3,897.6,87.0,90.8,111.4,97.1,100.5,,91.3,,95.6,92.9,111.8,157.3,89.6,109.6,86.8,113.2,,155.6,497.0,,,108.5,107.4,98.3,94.0,90.6,95.4,94.6,112.2,,,101.6,,126.5,104.4,89.8,,,102.6,,93.7,97.4,97.4,96.8,97.8,85.7,,76.7,88.0,92.4,79.6,92.0,100.4,102.5,102.5,,,91.8,,,93.6,,89.2,89.5,99.1,104.8,101.4,98.1,,,106.1,99.2,,95.2,92.5,103.3,134.4,101.5,93.2,,,91.6,89.1,100.0,112.5,103.3,97.8,148.6,,,,,92.8,95.3,,96.1,93.6,93.3,,,112.1,167.0,243.9,112.3,118.8,110.9,,,112.1,120.2,120.8,106.3,107.5,109.7,108.2,,106.6,99.4,,94.1,,99.6,,,85.5,87.8,122.8,,78.8,134.4,75.7,58.7,100.3,104.8,118.2,91.0,70.2,69.5,72.6,88.5,,,,77.5,100.0,,,96.5,104.4,86.3,104.6,101.5,97.4,102.1,102.1,102.2,102.3,,104.3,95.9,115.5,
199607,117.8,783.2,,,,,,,,1285.4,886.5,87.0,90.8,112.0,96.8,100.5,,91.3,,95.6,93.1,111.6,157.3,89.5,109.8,86.7,112.6,,153.6,473.9,,,107.9,107.5,98.3,99.6,95.9,103.8,95.3,111.7,,,101.7,,125.0,104.3,89.6,,,102.6,,93.6,97.4,97.4,96.8,97.8,85.1,,76.7,88.0,92.4,79.6,92.0,100.1,101.4,101.4,,,91.8,,,93.6,,89.2,89.5,99.1,104.8,101.4,98.1,,,106.0,99.3,,95.2,92.5,103.3,133.5,101.8,93.4,,,91.6,89.3,100.0,112.4,103.2,97.7,148.6,,,,,92.8,95.4,,96.2,93.6,93.4,,,112.2,167.1,244.6,112.3,119.4,110.8,,,112.1,122.1,121.2,106.3,107.2,109.6,108.2,,106.7,99.4,,94.1,,99.6,,,85.5,87.5,122.4,,78.8,133.0,75.7,58.8,100.5,104.8,118.6,90.8,70.2,69.5,72.6,88.5,,,,77.5,100.0,,,99.0,103.4,95.7,100.2,101.3,97.3,102.0,102.0,102.2,102.0,,103.9,95.8,115.5,
199608,118.0,776.1,,,,,,,,1278.5,867.4,87.0,90.8,111.6,97.0,100.4,,91.3,,95.6,93.0,111.5,157.2,89.4,109.6,86.6,112.5,,152.3,461.8,,,106.9,107.5,98.3,97.3,97.4,99.7,92.5,112.0,,,101.7,,126.4,103.9,89.7,,,102.7,,93.7,97.4,97.4,96.8,97.8,86.4,,81.8,88.0,92.4,79.6,92.0,100.9,104.4,104.4,,,91.8,,,93.6,,89.2,89.5,99.1,104.9,101.4,98.1,,,106.3,99.0,,95.2,92.5,103.3,133.7,101.8,93.6,,,91.6,91.3,100.0,112.9,103.0,97.6,148.5,,,,,92.5,95.5,,96.3,93.7,93.6,,,111.2,167.0,246.1,111.7,118.5,110.8,,,112.2,119.0,120.8,105.1,107.2,109.6,104.1,,106.8,97.8,,93.7,,99.6,,,85.0,86.8,121.1,,78.8,133.1,75.8,58.7,100.4,104.8,118.3,91.1,70.2,69.5,72.6,88.5,,,,77.5,100.0,,,100.1,106.9,94.3,102.0,101.0,97.4,101.9,102.1,102.3,101.8,,103.7,95.8,116.0,
199609,117.5,769.8,,,,,,,,1270.2,863.3,87.0,90.8,111.4,97.0,100.4,,91.2,,95.6,93.2,111.2,157.2,89.5,109.3,86.6,112.4,,151.5,449.0,,,107.4,107.5,98.3,96.2,96.5,95.1,98.0,112.2,,,101.7,,124.9,106.7,90.1,,,102.8,,93.4,97.4,97.4,96.8,97.8,84.0,,77.8,88.0,92.4,79.6,92.0,100.4,102.4,102.4,,,91.8,,,93.7,,89.3,89.5,98.2,104.9,101.4,98.1,,,106.2,98.9,,93.5,92.5,103.3,133.8,101.8,93.7,,,91.6,90.3,100.0,112.9,103.2,97.8,148.2,,,,,92.7,95.6,,96.4,93.8,93.6,,,111.5,167.5,247.1,112.0,119.1,110.6,,,112.2,121.9,120.2,105.1,107.0,109.6,104.1,,106.8,97.8,,93.7,,99.6,,,85.5,87.4,122.2,,78.8,133.0,75.8,58.8,100.5,105.5,119.1,91.8,70.2,69.5,72.6,88.5,,,,77.5,100.0,,,99.0,105.8,93.6,100.4,101.6,97.5,102.3,102.1,102.4,102.3,,104.3,95.9,115.3,
199610,117.7,768.0,,,,,,,,1263.2,858.3,87.0,90.8,111.8,97.2,100.4,,91.3,,95.6,94.0,111.0,157.2,89.2,109.2,86.6,112.0,,151.3,446.6,,,107.6,107.4,98.3,98.1,96.8,98.0,100.0,112.6,,,101.7,,127.9,104.1,90.2,,,102.4,,93.4,97.4,97.4,96.8,97.8,84.0,,77.8,88.0,92.4,79.6,92.0,100.5,102.4,102.4,,,91.8,,,93.8,,89.3,89.5,98.2,105.0,101.4,98.1,,,106.3,99.1,,93.5,92.5,103.3,134.4,101.5,93.7,,,91.6,90.6,100.0,112.6,103.1,97.7,148.2,,,,,92.7,95.6,,96.5,93.8,93.6,,,111.2,167.5,246.6,112.0,118.8,110.7,,,112.1,120.7,120.2,105.0,107.0,109.7,104.1,,106.6,97.8,,93.5,,99.6,,,85.9,87.8,123.1,,78.8,132.6,76.3,59.5,100.2,105.6,118.9,92.1,70.2,69.5,72.6,88.5,,,,77.5,100.0,,,99.7,106.3,88.6,111.0,101.7,97.7,102.5,102.2,102.5,102.5,,104.5,95.9,115.4,
199611,117.8,763.6,,,,,,,,1263.2,851.2,87.0,90.8,111.5,97.2,100.4,,91.4,,95.6,93.7,111.0,157.3,89.2,109.3,86.7,112.0,,150.8,441.7,,,107.1,107.4,98.3,97.7,94.4,97.9,100.8,112.2,,,101.5,,127.0,102.4,90.2,,,102.1,,93.7,97.4,97.4,96.8,97.8,85.9,,77.8,88.0,92.4,79.6,92.0,100.8,104.1,104.1,,,91.8,,,93.8,,89.4,89.5,98.4,104.9,101.4,98.1,,,106.2,99.1,,93.5,92.5,103.3,133.4,102.9,93.7,,,91.6,90.6,100.0,112.6,103.1,97.7,148.2,,,,,92.8,95.8,,96.6,93.9,93.7,,,111.3,167.6,245.9,112.9,119.1,110.7,,,112.1,121.2,121.3,105.1,107.0,109.6,104.1,,106.4,98.8,,93.6,,99.6,,,86.0,87.9,123.6,,78.8,131.3,76.3,59.4,100.8,105.7,119.0,92.1,70.2,69.5,72.6,88.5,,,,77.5,100.0,,,93.0,104.5,80.9,98.8,101.8,97.7,102.1,102.2,102.5,102.5,,104.5,95.9,115.5,
199612,117.7,758.2,,,,,,,,1253.5,848.2,87.0,90.8,113.2,97.1,100.4,,91.5,,95.6,93.5,111.1,157.3,89.0,109.2,86.2,112.3,,150.1,438.7,,,106.1,107.5,98.3,106.8,102.5,105.0,114.7,112.6,,,101.4,,124.6,103.7,92.3,,,102.5,,93.5,97.4,97.4,96.8,97.8,84.6,,78.2,88.0,92.4,79.6,92.0,100.1,101.5,101.5,,,91.8,,,93.8,,89.4,89.5,98.5,104.6,101.4,98.1,,,105.8,99.5,,93.5,92.5,103.3,132.4,102.7,93.7,,,91.6,88.7,100.0,113.2,102.8,97.3,148.0,,,,,92.8,95.9,,96.9,94.0,93.7,,,111.0,167.1,245.4,112.3,117.7,110.5,,,112.2,116.3,120.6,105.0,107.0,109.6,104.1,,106.7,98.8,,93.6,,98.4,,,86.0,87.9,123.7,,78.8,131.2,76.4,59.4,100.8,105.4,118.6,91.9,70.2,69.5,72.6,88.5,,,,77.5,100.0,,,97.2,105.1,87.7,104.1,101.7,97.6,102.3,102.3,102.6,102.4,,104.3,95.9,115.2,
199701,117.9,752.0,,,,,,,,1243.8,837.1,87.0,94.5,114.0,97.2,100.4,,91.5,,95.6,94.6,111.2,156.6,88.9,109.5,86.0,112.3,,150.5,435.0,,,107.7,107.4,98.3,109.3,100.4,113.5,110.3,113.2,,,101.6,,123.6,107.6,93.0,,,102.4,,94.1,97.7,97.7,96.8,98.2,87.4,,78.5,88.0,92.4,79.6,92.0,100.0,101.5,101.5,,,91.9,,,93.8,,89.4,89.5,98.7,104.6,101.4,98.1,,,105.8,100.2,,93.5,92.5,103.3,130.9,102.7,94.8,,,91.6,89.1,100.0,113.6,102.8,97.4,148.0,,,,,92.7,95.9,,97.0,94.1,93.8,,,110.7,166.8,247.1,111.7,117.6,110.1,,,112.1,117.3,119.2,104.6,106.9,109.5,103.9,,106.4,98.1,,93.1,,96.6,,,85.8,87.7,122.4,,82.1,130.2,76.3,59.2,100.8,105.4,118.5,91.8,70.2,69.5,72.6,88.5,,,,77.5,100.0,,,100.4,107.7,88.5,112.0,101.3,97.8,102.0,102.4,102.7,102.0,,103.9,96.0,115.3,
199702,117.9,747.6,,,,,,,,1236.9,833.1,87.0,94.8,113.9,97.2,100.5,,91.6,,95.8,94.7,111.4,156.6,89.2,109.9,86.1,112.4,,150.6,433.8,,,108.2,107.5,98.3,108.3,98.7,113.9,107.0,113.4,,,101.6,,125.3,107.1,92.9,,,102.4,,94.4,98.0,98.0,97.5,98.2,88.2,,78.5,88.0,92.4,79.6,92.0,100.0,101.4,101.4,,,91.9,,,93.8,,89.4,89.5,98.8,104.6,101.4,98.1,,,105.9,99.9,,93.5,92.5,103.5,130.9,102.4,94.9,,,91.6,89.4,100.0,114.0,102.9,97.4,148.2,,,,,92.6,95.9,,97.1,94.1,93.8,,,110.7,167.5,246.4,112.8,118.3,110.9,,,112.1,119.3,119.2,104.3,107.0,109.4,103.9,,106.1,98.1,,91.8,,96.6,,,85.4,87.0,121.6,,80.7,130.0,76.3,59.1,100.6,105.1,118.3,91.6,70.2,69.5,72.6,88.5,,,,77.5,100.0,,,99.3,107.6,87.2,109.7,101.1,97.8,101.8,102.5,102.7,101.8,,103.6,96.0,115.5,
199703,117.8,745.8,,,,,,,,1239.6,833.1,87.0,93.3,113.5,97.3,100.5,,91.6,,95.9,95.6,111.2,156.6,89.5,109.8,86.6,112.5,,150.5,428.4,,,108.0,107.8,98.5,108.5,102.6,110.9,109.8,112.3,,,101.6,,123.6,104.4,92.1,,,102.9,,94.2,98.0,98.0,97.5,98.2,87.1,,78.5,88.0,92.4,79.6,92.0,100.1,101.2,101.2,,,91.9,,,93.8,,89.4,89.5,98.8,104.9,101.4,98.1,,,106.2,99.9,,93.5,92.5,103.4,131.6,102.4,95.0,,,91.6,91.2,100.0,114.0,102.7,97.2,148.0,,,,,92.7,96.1,,97.3,94.1,94.0,,,110.3,168.0,248.1,112.9,116.8,110.8,,,112.0,112.6,120.2,104.3,106.8,109.3,103.9,,106.1,97.6,,91.9,,97.8,,,86.1,88.1,123.8,,79.1,131.2,76.4,59.3,100.6,106.1,119.5,92.5,70.2,69.5,72.6,88.5,,,,77.5,100.0,,,95.9,108.0,81.7,104.0,101.5,97.8,101.9,102.5,102.7,102.1,,104.0,96.0,115.5,
199704,120.5,754.7,,,,,,,,1241.0,843.2,88.7,94.2,115.0,99.2,102.3,,93.6,,97.4,97.7,113.5,160.2,91.4,113.7,89.8,114.4,,153.0,435.6,,,109.6,110.1,100.4,106.2,100.6,107.2,109.7,114.8,,,103.1,,128.4,106.1,93.7,,,105.0,,96.0,99.8,99.8,99.5,100.0,87.5,,79.6,90.3,94.1,82.4,94.0,103.2,107.0,107.0,,,94.4,,,96.1,,92.5,90.9,101.8,107.1,103.3,100.0,,,108.8,99.9,,91.2,96.2,104.1,137.3,108.6,97.2,,,94.2,93.9,100.0,114.1,104.2,98.8,149.2,,,,,94.4,97.6,,98.4,95.9,95.6,,,112.1,169.8,253.6,113.1,118.7,112.3,,,113.9,114.8,122.2,106.2,108.7,109.8,106.0,,107.8,99.5,,93.6,,99.8,,,88.1,90.3,127.1,,80.6,133.0,77.9,60.6,102.3,108.2,120.9,95.1,71.8,70.8,75.6,89.3,,,,79.0,100.0,,,100.8,111.1,90.9,104.6,103.4,100.0,104.2,103.4,103.0,104.3,,105.7,98.0,118.1,
199705,120.8,753.8,,,,,,,,1235.5,837.1,88.7,94.2,115.3,99.2,102.3,,93.6,,97.5,97.9,113.7,161.8,91.8,115.1,90.0,114.1,,152.3,430.8,,,108.6,110.2,100.4,107.2,117.6,103.5,103.6,115.0,,,103.2,,129.7,104.6,94.3,,,105.1,,95.8,99.8,99.8,99.5,100.0,86.6,,79.6,89.6,94.1,82.4,92.7,103.4,107.9,107.9,,,94.5,,,96.1,,92.6,90.8,101.8,107.1,103.3,100.0,,,108.8,100.0,,91.2,96.2,104.3,137.7,108.9,97.2,,,94.2,93.3,100.0,113.4,104.2,98.9,148.9,,,,,94.6,97.8,,98.5,96.1,96.0,,,112.5,170.0,253.4,113.0,119.7,111.8,,,113.6,119.9,122.1,106.2,109.1,109.7,106.0,,107.9,99.5,,93.3,,99.8,,,88.3,90.1,126.8,,80.6,133.0,79.0,62.0,102.4,108.1,121.1,94.7,71.8,70.8,75.6,91.0,,,,82.1,100.0,,,100.4,108.5,89.5,108.8,103.6,100.1,104.4,103.6,103.1,104.5,,106.0,98.0,118.3,
199706,120.3,750.2,,,,,,,,1231.3,832.1,88.7,94.2,114.1,99.3,102.3,,93.5,,97.5,98.1,113.6,161.8,91.9,114.4,90.0,114.0,,152.1,430.8,,,108.3,110.3,100.6,98.9,95.2,100.5,99.2,115.9,,,103.4,,128.4,103.5,97.3,,,105.1,,96.0,99.8,99.8,99.5,100.0,86.6,,79.6,91.3,94.1,85.0,94.0,103.2,107.2,107.2,,,94.5,,,96.2,,92.6,90.8,101.8,107.1,103.3,100.0,,,108.7,100.0,,91.2,96.2,104.5,137.4,108.9,97.2,,,94.2,92.5,100.0,113.6,104.2,98.9,148.9,,,,,94.6,97.9,,98.6,96.2,96.2,,,112.5,169.7,252.9,112.8,120.1,111.8,,,113.1,121.9,122.4,106.1,108.8,109.3,106.0,,107.9,100.8,,92.3,,100.5,,,88.3,89.9,126.4,,80.6,133.1,79.1,62.0,102.4,107.9,120.8,94.7,71.8,70.8,75.6,91.0,,,,82.1,100.0,,,101.4,106.1,96.1,106.0,103.5,100.1,104.4,103.7,103.3,104.4,,106.0,98.0,117.9,
199707,120.1,745.8,,,,,,,,1231.3,830.0,88.7,94.2,113.6,99.4,102.4,,93.5,,97.6,98.2,113.7,161.9,91.7,114.6,90.2,114.0,,151.6,429.0,,,107.1,110.1,100.7,95.7,93.1,97.7,94.5,116.2,,,103.4,,129.8,102.6,97.4,,,105.0,,96.0,99.8,99.8,99.5,100.0,86.6,,79.6,91.3,94.1,85.0,94.0,103.2,106.7,106.7,,,94.6,,,96.2,,92.8,90.8,101.9,107.1,103.3,100.0,,,108.8,100.3,,91.2,96.2,104.5,138.0,107.4,97.4,,,94.3,92.8,100.0,113.6,104.1,98.8,148.6,,,,,94.6,98.0,,98.8,96.4,96.2,,,112.3,170.7,253.4,113.8,119.6,111.7,,,112.9,121.0,121.4,106.0,108.7,109.2,106.0,,107.7,100.8,,92.3,,100.5,,,88.1,89.7,126.0,,80.6,133.3,79.0,62.0,102.3,108.0,120.5,95.1,71.8,70.8,75.6,91.0,,,,82.1,100.0,,,97.6,105.3,90.5,100.3,103.3,100.1,103.9,103.7,103.3,104.1,,105.6,98.0,117.7,
199708,120.8,743.1,,,,,,,,1227.1,817.9,88.7,94.2,114.6,99.4,102.4,,93.4,,97.6,98.5,113.5,161.9,91.6,114.2,90.0,113.8,,151.0,429.0,,,105.9,109.6,100.7,101.7,100.5,105.6,95.4,115.9,,,103.4,,129.3,102.1,97.4,,,105.3,,96.5,99.8,99.8,99.5,100.0,90.2,,85.7,91.3,94.1,85.0,94.0,103.9,109.1,109.1,,,94.6,,,96.2,,92.8,90.8,102.0,107.4,103.3,100.0,,,109.2,100.9,,93.1,96.2,104.6,138.1,107.4,97.7,,,94.2,95.0,100.0,113.3,104.0,98.7,148.6,,,,,94.6,98.1,,98.9,96.5,96.2,,,112.0,170.7,252.9,114.2,118.9,111.8,,,112.9,117.6,121.9,106.0,108.6,109.2,106.0,,107.4,100.8,,92.3,,100.5,,,88.0,89.5,125.8,,80.6,133.1,79.2,62.2,102.3,107.9,120.3,95.2,71.8,70.8,75.6,91.0,,,,82.1,100.0,,,102.1,114.3,96.7,94.5,103.2,100.2,104.0,103.8,103.3,104.0,,105.3,98.0,118.4,
199709,120.5,740.4,,,,,,,,1225.8,809.9,88.7,94.2,114.9,99.4,102.4,,93.5,,97.6,98.4,113.5,161.9,91.6,114.4,89.9,113.7,,150.8,429.0,,,105.5,109.6,100.7,102.8,101.0,105.8,98.6,116.6,,,103.4,,129.7,103.3,98.3,,,105.0,,96.2,99.8,99.8,99.5,100.0,88.3,,80.0,91.3,94.1,85.0,94.0,103.4,107.5,107.5,,,94.6,,,96.2,,92.8,90.8,102.0,107.2,103.3,100.0,,,108.9,100.7,,93.1,96.2,104.6,138.0,107.5,97.7,,,94.2,93.2,100.0,113.3,104.1,98.7,148.6,,,,,94.7,98.2,,99.0,96.5,96.3,,,112.0,171.7,252.9,115.8,118.9,111.4,,,112.6,118.9,121.8,105.7,108.8,109.2,106.0,,107.3,100.8,,91.4,,100.5,,,88.5,90.2,126.9,,80.6,133.0,79.3,62.4,102.3,108.2,120.5,95.4,71.8,70.8,75.6,91.9,,,,83.7,100.0,,,100.7,106.4,98.9,97.4,104.0,100.0,104.8,103.8,103.3,104.9,,106.7,98.1,118.1,
199710,121.3,736.9,,,,,,,,1221.6,798.8,92.0,94.2,115.9,99.4,102.4,,93.4,,97.6,97.9,113.4,162.1,91.6,115.2,89.4,113.8,,150.6,429.0,,,105.2,109.4,100.8,108.1,105.1,111.6,104.3,116.9,,,103.5,,130.7,103.7,98.6,,,105.1,,96.3,99.8,99.8,99.5,100.0,87.9,,80.9,91.6,97.0,85.0,94.0,104.1,110.2,110.2,,,94.6,,,96.2,,92.8,90.8,102.0,107.4,103.3,100.0,,,109.2,100.7,,93.1,96.2,104.5,138.9,107.4,97.7,,,94.2,93.8,100.0,113.3,104.0,98.7,148.6,,,,,94.6,98.3,,99.1,96.5,96.2,,,111.6,170.0,254.1,113.8,117.5,110.6,,,111.4,115.6,121.8,105.7,108.8,108.9,106.0,,107.6,100.8,,91.3,,100.5,,,88.6,90.2,127.0,,80.6,132.8,79.4,62.4,102.0,109.0,120.5,96.9,71.8,70.8,75.6,91.9,,,,83.7,100.0,,,103.4,105.8,106.2,97.0,104.1,100.0,105.1,103.9,103.3,105.0,,106.9,98.1,118.7,
199711,120.5,736.0,,,,,,,,1223.0,790.7,92.0,94.2,114.4,99.3,102.6,,93.2,,97.6,97.9,113.5,161.9,91.3,114.1,89.4,113.9,,150.0,425.9,,,104.2,109.4,100.8,99.9,99.0,99.9,100.9,116.9,,,103.5,,130.2,104.1,98.5,,,105.1,,96.5,99.8,99.8,99.5,100.0,89.5,,80.9,91.6,97.0,85.0,94.0,103.6,108.0,108.0,,,94.6,,,96.3,,92.8,90.8,102.0,107.4,103.3,100.0,,,109.1,100.6,,93.1,96.2,104.5,138.9,107.4,97.7,,,94.2,93.8,100.0,112.4,104.0,98.7,148.3,,,,,94.7,98.4,,99.1,96.6,96.1,,,111.6,170.4,254.9,114.2,116.8,111.4,,,110.8,113.0,122.3,106.1,108.4,108.6,106.0,,107.5,103.3,,91.8,,100.5,,,88.6,90.2,126.9,,80.6,133.4,79.4,62.6,102.3,109.1,121.1,96.6,71.8,70.8,75.6,91.9,,,,83.7,100.0,,,91.6,105.1,85.4,83.6,104.0,99.9,104.3,103.9,103.3,104.9,,106.9,98.1,118.1,
199712,120.3,732.4,,,,,,,,1220.2,785.7,92.0,94.2,115.1,99.3,102.6,,93.1,,97.5,97.6,113.5,161.9,91.3,114.3,89.4,113.8,,149.3,417.4,,,104.3,109.2,100.8,105.0,101.7,102.8,112.7,116.5,,,103.7,,128.9,104.0,98.3,,,104.8,,96.3,99.8,99.8,99.5,100.0,88.1,,82.6,91.6,97.0,85.0,94.0,103.0,106.3,106.3,,,94.7,,,96.5,,92.8,90.8,102.0,106.9,103.3,100.0,,,108.6,100.3,,93.1,96.2,104.6,137.5,107.4,97.7,,,94.2,91.8,100.0,111.9,103.9,98.7,147.9,,,,,94.8,98.5,,99.2,96.7,96.4,,,111.8,171.2,253.6,115.8,117.4,111.3,,,110.3,117.0,121.0,106.0,108.4,108.6,106.0,,107.3,103.3,,91.8,,100.5,,,88.8,90.4,127.4,,80.6,133.5,79.4,62.5,102.3,109.2,121.1,96.9,71.8,70.8,75.6,91.9,,,,83.7,100.0,,,89.8,108.5,82.3,75.4,103.9,99.7,104.1,103.9,103.3,104.8,,106.8,98.1,117.7,
199801,120.2,736.9,,,,,,,,1220.2,781.6,92.0,106.5,115.3,99.3,102.6,,93.2,,97.4,97.5,113.4,161.9,91.8,114.0,89.0,113.8,,148.6,412.6,,,104.3,108.9,100.5,106.3,100.6,107.3,109.8,116.7,,,103.7,,129.7,103.9,98.6,,,104.2,,96.6,99.8,99.8,99.5,100.0,90.2,,80.9,91.6,97.0,85.0,94.0,102.7,105.3,105.3,,,94.7,,,96.5,,92.8,90.8,102.1,106.8,103.3,100.0,,,108.3,101.1,,93.1,96.2,104.6,136.3,106.7,97.5,,,94.2,91.8,100.0,111.8,103.9,98.5,148.5,,,,,94.7,98.6,,99.3,96.8,96.5,,,111.6,170.2,252.9,114.4,117.1,111.6,,,110.2,116.1,120.8,105.9,108.3,108.5,106.0,,107.1,103.3,,91.8,,98.9,,,88.5,90.0,125.7,,85.0,133.0,79.4,62.5,102.3,109.2,121.0,96.9,71.8,70.8,75.6,91.9,,,,83.7,100.0,,,100.0,111.4,98.6,86.3,103.3,99.5,104.0,103.9,103.4,104.1,,106.0,98.3,117.6,
199802,120.3,736.9,,,,,,,,1218.8,775.6,92.0,108.2,115.6,99.2,102.6,,93.2,,97.4,97.5,113.4,161.5,92.0,113.9,89.3,113.9,,148.8,411.3,,,104.4,109.2,100.6,105.6,99.6,107.8,107.8,117.6,,,103.8,,130.7,105.6,99.4,,,104.2,,96.6,99.8,99.8,99.5,100.0,89.8,,80.9,92.0,97.0,86.3,94.0,102.7,105.7,105.7,,,94.7,,,96.5,,92.8,90.8,102.1,106.7,103.3,100.0,,,108.1,101.8,,93.1,96.2,104.7,135.6,106.7,97.5,,,94.2,91.7,100.0,111.7,103.9,98.5,148.5,,,,,94.6,98.7,,99.4,96.8,96.5,,,111.3,169.2,252.9,112.9,116.4,112.0,,,109.9,114.1,120.2,105.9,108.4,108.5,106.0,,107.0,103.3,,91.9,,99.8,,,88.4,89.7,125.4,,84.5,132.7,79.4,62.5,102.4,109.4,121.3,97.0,71.8,70.8,75.6,91.9,,,,83.7,100.0,,,102.4,109.5,103.0,92.6,103.0,99.7,103.8,104.0,103.5,103.7,,105.7,98.3,117.9,
199803,120.4,732.4,,,,,,,,1214.6,766.5,92.0,107.4,116.1,99.0,102.9,,93.2,,96.5,96.7,113.3,163.7,92.0,114.1,89.3,113.6,,148.8,411.3,,,104.2,109.3,100.8,110.2,102.7,113.1,112.0,117.1,,,103.9,,129.5,103.0,99.6,,,104.1,,96.6,99.8,99.8,99.5,100.0,89.6,,80.9,92.0,97.0,86.3,94.0,102.7,105.5,105.5,,,94.8,,,96.6,,92.8,90.8,102.1,106.8,103.3,100.0,,,108.3,101.5,,93.1,96.2,104.3,136.0,106.9,97.5,,,94.2,92.6,100.0,111.1,103.8,98.5,148.2,,,,,94.7,98.8,,99.5,96.9,96.5,,,111.7,170.9,253.6,115.0,117.2,112.0,,,109.7,117.7,120.6,106.0,108.1,108.3,106.0,,106.9,103.3,,92.6,,99.8,,,88.6,90.3,126.5,,83.8,133.3,79.2,62.2,102.4,109.2,120.4,97.5,71.6,70.8,74.4,91.9,,,,83.7,100.0,,,105.6,110.7,103.6,103.8,103.3,99.5,104.2,104.1,103.6,104.0,,106.2,98.4,118.0,
199804,120.3,731.5,,,,,,,,1207.7,762.5,92.0,107.4,114.9,98.9,102.7,,92.6,,97.3,97.1,113.4,163.8,92.3,113.9,89.3,113.7,,148.6,410.7,,,104.0,109.4,100.8,103.8,100.0,106.3,102.6,116.9,,,103.9,,127.9,104.0,100.0,,,104.4,,96.6,99.8,99.8,99.5,100.0,89.9,,80.9,92.0,97.0,86.3,94.0,103.1,105.7,105.7,,,95.4,,,97.1,,93.0,92.3,103.1,107.0,103.3,100.0,,,108.6,101.7,,93.4,97.2,104.6,136.2,106.2,97.6,,,93.3,94.6,100.0,111.4,103.9,98.6,148.5,,,,,94.8,98.9,,99.5,97.0,96.7,,,111.7,170.9,251.4,115.3,117.4,112.0,,,109.5,117.5,121.2,106.0,108.1,108.3,106.0,,106.8,103.3,,92.7,,99.8,,,88.5,90.0,126.2,,84.4,130.4,79.2,62.2,102.4,109.2,120.8,97.1,71.6,70.8,74.4,93.3,,,,86.3,100.0,,,104.4,109.8,105.4,96.4,103.6,99.7,104.5,103.7,102.9,104.4,,106.6,99.8,117.9,
199805,120.4,728.0,,,,,,,,1202.2,764.5,92.0,107.4,115.6,98.9,102.7,,92.7,,97.3,97.3,113.2,163.7,92.4,113.6,89.2,113.3,,149.0,410.1,,,104.1,109.9,100.8,107.1,116.4,105.6,100.7,117.3,,,103.9,,129.4,104.1,100.0,,,104.5,,96.6,99.8,99.8,99.5,100.0,90.0,,81.8,92.0,97.0,86.3,94.0,103.1,106.2,106.2,,,95.4,,,97.1,,93.0,92.3,103.1,106.9,103.3,100.0,,,108.5,101.3,,93.4,97.2,104.6,135.9,106.1,97.7,,,93.3,94.5,100.0,111.3,103.9,98.5,148.6,,,,,94.7,99.0,,99.6,97.1,96.9,,,111.7,170.7,248.9,115.6,117.2,111.5,,,109.5,117.6,121.2,106.0,108.1,108.2,106.0,,106.8,103.3,,92.7,,99.8,,,88.4,89.8,126.0,,84.4,129.7,79.1,62.1,102.4,109.4,121.0,97.4,71.6,70.8,74.4,93.3,,,,86.3,100.0,,,110.2,111.0,113.7,105.5,103.6,99.7,104.9,103.6,102.9,104.4,,106.7,99.8,118.0,
199806,119.8,728.0,,,,,,,,1184.1,776.6,92.0,107.4,113.6,98.9,102.7,,92.8,,97.2,97.1,113.2,163.4,92.6,113.5,89.2,113.2,,148.3,408.9,,,102.9,109.9,100.9,96.4,94.3,98.8,93.4,117.2,,,103.9,,129.0,104.4,100.0,,,104.4,,96.8,99.8,99.8,99.5,100.0,91.2,,82.6,92.0,97.0,86.3,94.0,102.8,105.0,105.0,,,95.4,,,97.1,,93.0,92.3,103.2,106.9,103.3,100.0,,,108.5,101.6,,93.4,97.2,104.1,135.9,106.1,97.7,,,93.3,94.2,100.0,111.6,103.9,98.5,149.1,,,,,94.8,99.0,,99.6,97.1,96.9,,,111.6,167.0,235.6,115.3,117.8,111.8,,,109.4,120.0,120.8,106.0,108.0,108.1,106.0,,106.9,103.3,,92.7,,99.8,,,88.5,90.2,126.5,,84.4,130.2,79.1,62.1,102.8,109.6,121.2,97.5,71.6,70.8,74.4,93.3,,,,86.3,100.0,,,104.4,108.2,100.5,107.6,103.5,99.6,104.4,103.4,102.9,104.3,,106.6,99.8,117.4,
199807,119.5,723.5,,,,,,,,1177.2,781.6,92.0,107.4,113.6,98.8,102.7,,92.4,,96.7,97.3,113.1,163.7,92.5,113.2,88.8,113.2,,148.3,406.5,,,102.9,110.1,101.0,96.5,96.5,98.4,92.6,117.3,,,103.7,,129.2,104.7,100.0,,,104.2,,96.6,99.8,99.8,99.5,100.0,89.4,,82.2,92.0,97.0,86.3,94.0,102.4,104.7,104.7,,,95.5,,,97.0,,93.3,92.4,103.2,106.2,103.3,100.0,,,107.4,101.1,,93.4,97.2,104.1,132.2,105.8,97.7,,,93.3,93.7,100.0,111.1,103.9,98.5,148.9,,,,,94.6,99.0,,99.6,97.2,97.0,,,111.5,165.8,226.4,114.7,117.2,111.9,,,109.2,118.9,120.0,106.0,108.0,107.9,106.0,,106.9,103.3,,92.7,,99.8,,,87.9,89.0,124.5,,84.4,129.5,79.1,62.1,102.2,109.6,121.2,97.7,71.6,70.8,74.4,93.3,,,,86.3,100.0,,,97.2,106.5,90.7,96.2,103.2,99.5,103.6,103.4,102.9,103.9,,106.2,99.8,117.2,
199808,120.1,722.6,,,,,,,,1164.7,780.6,92.0,107.4,114.8,98.9,102.5,,92.6,,96.9,97.3,112.6,163.7,92.7,113.6,88.8,113.0,,148.1,404.7,,,102.9,110.3,101.0,106.6,102.9,115.1,93.4,115.9,,,103.8,,124.4,104.3,100.0,,,104.2,,96.8,99.8,99.8,99.5,100.0,90.8,,86.5,92.0,97.0,86.3,94.0,103.0,106.9,106.9,,,95.5,,,97.0,,93.3,92.4,103.2,106.3,103.3,100.0,,,107.5,100.8,,93.4,97.2,104.1,132.0,105.8,97.7,,,93.3,95.0,100.0,111.4,103.9,98.5,148.9,,,,,94.6,99.0,,99.6,97.2,97.0,,,111.3,164.8,223.1,114.6,117.1,111.9,,,109.2,118.3,120.2,106.1,108.0,107.9,106.0,,107.0,103.3,,92.5,,101.2,,,88.1,89.3,125.2,,84.4,129.4,79.1,62.1,101.8,109.6,120.9,97.8,71.6,70.8,74.4,93.3,,,,86.3,100.0,,,96.6,110.6,87.6,92.8,103.1,99.6,103.5,103.3,102.7,103.8,,106.1,99.8,117.9,
199809,119.6,719.9,,,,,,,,1161.9,780.6,92.0,107.4,114.1,98.9,102.6,,92.6,,96.9,97.5,112.5,163.8,92.6,113.8,89.1,113.0,,148.0,403.4,,,102.7,110.1,101.0,102.0,99.0,105.9,97.5,116.2,,,103.8,,125.9,103.2,100.0,,,104.1,,96.6,99.8,99.8,99.5,100.0,89.4,,82.2,92.0,97.0,86.3,94.0,102.6,105.0,105.0,,,95.4,,,97.0,,93.3,92.4,103.2,106.4,103.3,100.0,,,107.6,100.6,,93.7,97.2,104.1,133.0,105.8,97.7,,,93.3,94.5,100.0,110.9,103.9,98.5,148.9,,,,,94.6,99.0,,99.6,97.2,97.0,,,111.2,163.2,217.3,114.4,117.2,111.0,,,109.2,119.7,119.5,105.9,108.0,107.7,106.0,,106.9,103.3,,92.5,,99.9,,,88.2,89.4,125.0,,84.4,130.4,79.3,62.1,101.8,109.8,120.8,98.3,71.6,70.8,74.4,93.9,,,,87.5,100.0,,,104.6,111.4,103.5,98.1,103.5,99.8,104.5,103.3,102.7,104.3,,106.6,99.8,117.3,
199810,120.1,716.4,,,,,,,,1149.4,768.5,92.0,107.4,114.6,99.0,102.7,,92.7,,96.6,97.4,112.5,163.7,92.8,113.3,88.9,112.9,,147.3,401.6,,,102.6,110.1,100.0,105.1,102.4,108.5,101.2,116.2,,,103.8,,124.3,103.5,100.7,,,103.9,,96.6,99.8,99.8,99.5,100.0,89.5,,82.9,92.0,97.0,86.3,94.0,103.2,106.8,106.8,,,95.4,,,97.0,,93.3,92.4,103.1,106.8,103.3,100.0,,,108.4,100.6,,93.7,97.2,103.9,136.3,105.8,97.7,,,93.3,94.2,100.0,111.0,103.7,98.3,149.2,,,,,94.7,99.0,,99.6,97.3,97.1,,,111.3,163.9,215.3,116.1,117.1,111.0,,,109.2,119.5,119.4,106.0,107.9,107.6,105.1,,106.9,104.2,,93.5,,100.7,,,88.1,89.8,125.8,,84.4,130.5,78.5,61.0,101.7,109.5,119.9,98.6,71.6,70.8,74.4,94.2,,,,88.0,100.0,,,117.3,109.5,129.5,111.0,103.7,100.0,105.3,103.2,102.6,104.4,,106.7,99.8,117.7,
199811,120.3,714.6,,,,,,,,1141.1,763.5,92.0,107.4,115.9,99.1,102.7,,92.6,,96.9,98.2,112.9,163.5,93.1,113.1,89.3,113.0,,147.3,399.2,,,102.7,110.2,99.9,110.8,106.2,114.0,108.9,116.7,,,103.9,,125.8,105.0,100.7,,,104.2,,96.8,99.8,99.8,99.5,100.0,90.9,,82.9,92.0,97.0,86.3,94.0,103.0,106.1,106.1,,,95.4,,,97.0,,93.3,92.4,103.1,106.6,103.3,100.0,,,108.1,100.8,,93.7,97.2,103.7,135.5,105.8,97.7,,,93.3,94.2,100.0,110.9,103.7,98.2,148.9,,,,,94.6,99.1,,99.7,97.4,97.1,,,111.0,161.4,213.6,113.5,116.5,110.6,,,109.2,117.4,119.7,106.0,107.7,107.5,105.1,,106.9,104.2,,93.5,,100.7,,,87.9,89.4,125.2,,84.4,130.6,78.5,60.9,101.9,109.4,119.6,98.6,71.6,70.8,74.4,94.2,,,,88.0,100.0,,,115.2,108.6,128.7,104.7,103.7,100.1,105.2,103.2,102.6,104.4,,106.7,99.8,117.9,
199812,119.9,716.4,,,,,,,,1125.8,752.4,92.0,107.4,116.4,99.2,102.7,,93.4,,97.0,97.6,113.3,163.5,93.2,112.7,89.1,113.1,,146.8,393.7,,,102.6,110.5,99.9,113.7,110.7,116.4,111.3,116.5,,,103.7,,125.9,103.5,100.7,,,104.0,,96.7,99.8,99.8,99.5,100.0,89.6,,84.6,92.6,97.0,86.3,95.0,102.3,104.7,104.7,,,94.9,,,97.0,,93.3,92.4,99.9,106.2,103.3,100.0,,,107.4,100.7,,93.7,97.2,103.1,133.5,105.4,97.7,,,93.3,93.0,100.0,110.8,103.5,98.1,149.2,,,,,95.9,99.1,,99.7,97.4,97.3,,,110.9,161.0,212.8,113.6,116.3,110.4,,,109.0,116.8,119.6,106.0,107.6,107.3,105.1,,106.9,104.2,,93.6,,100.2,,,87.9,89.7,125.7,,84.4,130.4,78.3,60.7,101.9,108.9,118.6,98.5,77.2,76.9,77.9,94.2,,,,88.0,100.0,,,107.6,108.2,111.1,102.9,103.6,100.1,104.7,103.1,102.5,104.4,,106.7,99.8,117.5,
199901,119.6,719.9,,,,,,,,1121.6,773.6,92.0,108.6,115.8,99.0,102.7,,92.9,,97.0,97.5,113.2,162.9,93.1,112.4,89.4,113.0,,147.1,392.5,,,103.5,110.4,100.3,110.1,104.6,114.7,106.8,116.7,,,103.8,,126.1,104.2,101.1,,,103.9,,96.9,99.8,99.8,99.5,100.0,91.0,,82.9,92.6,97.0,86.3,95.0,101.8,104.2,104.2,,,94.9,,,97.0,,93.4,92.4,100.0,105.3,103.3,100.0,,,106.3,100.5,,93.7,97.2,103.0,129.3,105.4,97.2,,,93.3,93.0,100.0,110.2,103.5,98.0,148.9,,,,,95.9,99.2,,99.7,97.5,97.3,,,110.9,159.3,211.6,113.8,116.6,110.9,,,109.1,117.8,119.5,106.0,107.5,107.3,105.1,,106.7,104.2,,93.6,,100.8,,,87.9,89.5,124.9,,86.8,130.4,78.3,60.7,101.9,109.6,120.0,98.7,77.2,76.9,77.9,94.2,,,,88.0,100.0,,,107.2,110.1,103.3,112.1,103.2,100.2,104.2,103.1,102.5,103.8,,106.0,99.8,117.4,
199902,119.5,718.2,,,,,,,,1116.1,771.6,92.0,108.2,115.8,99.0,102.7,,92.7,,96.6,97.6,113.5,164.3,93.2,112.6,89.6,113.3,,144.3,351.2,,,103.6,110.4,100.8,111.0,102.6,118.5,104.9,116.6,,,103.5,,125.6,104.0,101.3,,,103.7,,96.9,99.8,99.8,99.5,100.0,90.4,,82.9,92.8,97.0,86.9,95.0,101.7,103.8,103.8,,,94.9,,,97.0,,93.4,92.3,100.0,105.3,103.3,100.0,,,106.2,100.5,,93.7,97.2,103.0,129.0,105.4,97.2,,,93.3,93.0,100.0,109.9,103.5,98.0,148.9,,,,,95.8,99.2,,99.7,97.5,97.4,,,110.9,159.7,210.8,114.8,116.5,111.3,,,109.0,116.8,120.1,106.0,107.5,107.1,105.1,,106.7,104.2,,93.8,,100.5,,,87.6,89.0,124.3,,85.7,130.1,78.2,60.6,102.0,109.6,119.9,98.7,77.2,76.9,77.9,94.2,,,,88.0,100.0,,,103.3,108.2,95.7,111.5,102.9,100.3,103.8,103.1,102.4,103.6,,105.5,99.8,117.3,
199903,119.5,712.8,,,,,,,,1095.3,775.6,92.0,107.4,115.3,98.8,102.4,,92.3,,96.9,97.2,113.3,164.0,93.4,112.1,89.2,112.6,,143.8,343.3,,,104.0,110.4,100.8,109.0,102.4,113.4,107.1,116.7,,,103.8,,125.6,104.0,101.5,,,103.4,,96.9,99.8,99.8,99.5,100.0,90.0,,83.8,93.2,97.0,87.7,95.0,101.9,104.0,104.0,,,94.9,,,97.0,,93.4,92.3,100.0,105.4,103.3,100.0,,,106.4,100.5,,93.5,97.2,103.2,129.8,105.4,97.2,,,93.3,93.6,100.0,108.9,103.5,98.0,149.1,,,,,95.7,99.2,,99.7,97.5,97.4,,,110.6,159.1,210.1,115.0,116.3,110.7,,,109.2,116.2,119.5,105.6,107.5,107.0,105.1,,106.5,103.3,,93.5,,99.2,,,87.2,88.1,123.1,,84.0,129.4,78.3,60.6,102.0,110.3,120.9,99.3,77.2,76.9,77.9,94.2,,,,88.0,100.0,,,100.4,109.0,89.0,109.1,103.2,100.3,103.8,103.0,102.4,103.9,,106.0,99.8,117.3,
199904,119.2,709.2,,,,,,,,1088.3,773.6,92.0,108.0,114.6,99.0,102.4,,92.3,,97.0,97.7,114.0,163.2,93.6,111.9,89.4,113.4,,143.1,338.4,,,103.4,110.2,100.8,103.7,98.9,106.0,104.0,116.6,,,103.8,,125.8,103.0,101.5,,,103.5,,96.9,99.8,99.8,99.5,100.0,89.5,,82.9,93.4,97.0,88.5,95.0,102.0,104.1,104.1,,,95.3,,,97.1,,93.6,93.5,100.6,105.4,103.3,100.0,,,106.4,100.5,,93.5,97.9,102.8,128.7,104.6,97.3,,,93.4,96.5,100.0,108.6,103.3,97.9,148.8,,,,,95.7,99.3,,99.8,97.5,97.5,,,110.7,158.3,209.8,114.4,116.4,111.4,,,109.3,116.7,119.0,105.7,107.4,106.8,105.1,,106.7,102.8,,94.5,,98.9,,,87.3,88.2,123.1,,85.5,128.8,78.4,60.8,102.0,111.0,121.7,99.6,77.2,76.9,77.9,94.5,,,,88.5,100.0,,,104.0,111.3,96.7,107.6,103.5,100.3,104.3,103.0,102.6,104.2,,106.6,101.0,117.0,
199905,119.5,706.6,,,,,,,,1086.9,771.6,92.0,108.0,114.8,99.1,102.3,,92.5,,96.9,98.4,114.0,163.2,93.7,111.5,89.4,113.6,,143.1,337.2,,,103.5,110.2,100.9,105.2,115.4,102.8,99.4,116.7,,,103.7,,127.3,105.4,100.1,,,103.5,,96.8,99.8,99.8,99.5,100.0,89.5,,82.9,93.2,97.0,88.0,95.0,102.2,104.2,104.2,,,95.5,,,97.2,,94.1,93.5,100.6,106.0,103.3,100.0,,,107.2,100.5,,93.5,97.9,102.8,132.3,104.6,97.3,,,93.4,95.8,100.0,108.4,103.3,97.9,148.2,,,,,95.8,99.3,,99.8,97.5,97.5,,,110.7,157.3,210.3,113.0,116.4,110.8,,,109.1,116.5,120.0,105.7,107.4,106.8,105.1,,106.6,102.8,,94.5,,98.9,,,87.5,88.6,123.8,,85.5,128.4,78.3,60.7,102.0,110.8,121.6,99.4,77.2,76.9,77.9,94.5,,,,88.5,100.0,,,103.0,108.5,91.4,117.6,103.6,100.3,104.4,103.1,102.6,104.3,,106.6,101.0,117.2,
199906,119.0,703.0,,,,,,,,1078.6,761.5,92.0,108.0,112.7,99.0,102.3,,92.5,,96.9,98.0,113.7,163.8,93.9,108.9,89.1,113.7,,143.3,336.6,,,103.7,110.4,100.8,94.3,93.1,95.9,92.4,116.3,,,103.6,,127.5,102.6,100.1,,,103.4,,97.0,99.8,99.8,99.5,100.0,90.6,,83.6,93.2,97.0,88.0,95.0,102.4,105.2,105.2,,,95.5,,,97.2,,94.1,93.5,100.6,105.9,103.3,100.0,,,107.1,100.5,,93.5,97.9,102.8,132.0,104.6,97.1,,,93.4,95.6,100.0,109.1,103.3,97.9,148.8,,,,,95.7,99.3,,99.8,97.5,97.5,,,110.6,158.3,210.3,114.4,115.9,110.9,,,109.0,115.6,118.9,105.7,107.3,106.8,105.1,,106.7,102.8,,94.5,,98.9,,,87.3,88.3,123.3,,85.5,128.3,78.4,60.7,102.2,110.9,121.6,99.5,77.2,76.9,77.9,94.5,,,,88.5,100.0,,,98.0,106.4,83.3,113.3,103.5,100.2,104.0,103.1,103.0,104.2,,106.6,101.0,116.8,
199907,118.9,700.3,,,,,,,,1074.4,751.4,92.0,108.0,113.1,99.0,102.3,,92.4,,96.9,98.1,114.0,164.0,93.6,108.9,89.3,113.9,,143.1,335.4,,,103.7,110.4,100.9,96.6,95.1,100.0,91.7,115.9,,,103.8,,126.5,103.0,99.8,,,103.3,,96.7,99.8,99.8,99.5,100.0,88.5,,82.9,93.2,97.0,88.0,95.0,102.2,105.4,105.4,,,95.4,,,97.2,,94.0,93.5,100.6,105.3,103.3,100.0,,,106.3,101.3,,93.5,97.9,102.8,128.7,106.1,97.1,,,93.4,94.5,100.0,108.6,103.3,97.9,148.2,,,,,95.6,99.3,,99.8,97.5,97.5,,,110.6,157.1,209.8,113.6,115.9,110.5,,,109.0,115.8,118.9,105.7,107.4,106.8,105.1,,106.3,103.9,,94.3,,99.9,,,86.8,87.2,121.3,,85.5,127.7,78.6,61.1,102.1,110.4,120.9,99.4,77.2,76.9,77.9,94.5,,,,88.5,100.0,,,96.1,104.7,89.0,97.1,103.2,100.1,103.5,103.1,102.9,103.8,,106.1,101.0,116.8,
199908,119.0,695.9,,,,,,,,1071.7,741.3,92.0,108.0,112.7,98.9,102.3,,92.4,,96.2,97.5,113.5,163.8,93.7,108.9,89.5,113.1,,142.8,333.0,,,103.3,110.1,100.9,96.3,94.4,100.5,89.8,115.6,,,103.8,,126.4,102.5,99.4,,,103.1,,97.0,99.8,99.8,99.5,100.0,90.6,,86.6,93.2,97.0,88.0,95.0,102.5,106.7,106.7,,,95.4,,,97.2,,94.0,93.5,100.6,105.4,103.3,100.0,,,106.4,101.4,,93.6,97.9,102.8,128.6,106.1,97.1,,,93.4,95.4,100.0,108.5,103.4,98.0,148.0,,,,,95.6,99.3,,99.8,97.5,97.4,,,110.6,157.3,210.3,113.9,116.1,110.9,,,108.7,116.6,119.0,105.9,107.5,106.7,105.1,,106.3,103.9,,94.3,,100.0,,,86.4,86.4,119.8,,85.5,128.2,78.6,61.1,101.9,110.9,121.5,99.7,77.2,76.9,77.9,94.5,,,,88.5,100.0,,,103.1,111.1,101.2,96.3,103.1,100.2,103.8,103.0,102.9,103.7,,106.0,101.0,117.0,
199909,118.9,690.5,,,,,,,,1060.6,733.2,92.0,108.0,113.4,99.1,102.3,,92.4,,96.9,98.6,113.5,163.8,94.2,108.5,89.6,113.1,,142.8,331.7,,,103.4,110.4,101.0,100.2,96.9,104.3,95.5,115.6,,,103.8,,125.6,103.6,99.3,,,103.2,,97.0,99.8,99.8,99.5,100.0,90.0,,82.9,93.7,97.0,89.0,95.0,102.2,105.4,105.4,,,95.5,,,97.2,,94.1,93.5,100.7,105.3,103.3,100.0,,,106.3,101.3,,93.6,97.9,102.8,128.7,105.9,96.9,,,93.4,94.7,100.0,108.4,103.3,98.0,147.6,,,,,95.6,99.3,,99.8,97.6,97.4,,,110.6,157.8,210.3,114.5,115.6,110.4,,,108.8,114.7,119.0,105.9,107.4,106.6,105.1,,106.4,103.9,,94.4,,100.0,,,86.9,87.4,121.6,,85.5,128.3,78.5,60.8,102.2,111.4,121.9,100.2,77.2,76.9,77.9,94.6,,,,88.6,100.0,,,102.9,109.4,100.5,99.6,103.5,100.2,104.3,103.0,102.7,104.2,,106.4,101.0,116.7,
199910,119.3,687.9,,,,,,,,1064.7,734.2,92.0,108.0,113.5,99.1,102.3,,92.3,,96.9,98.6,113.4,163.7,94.1,108.6,88.2,113.0,,142.8,331.1,,,103.3,110.4,101.3,102.6,98.0,106.5,99.2,114.8,,,103.6,,124.1,101.9,99.2,,,103.2,,97.1,99.8,99.8,99.5,100.0,90.0,,83.6,94.1,97.0,90.1,95.0,102.9,107.4,107.4,,,95.5,,,97.2,,94.1,93.5,100.7,105.7,103.3,100.0,,,107.0,101.1,,93.6,97.9,102.7,131.7,105.9,97.0,,,93.4,94.7,100.0,108.4,103.3,97.9,147.7,,,,,95.6,99.4,,99.8,97.6,97.5,,,110.7,158.5,210.6,115.8,115.3,110.0,,,108.4,114.4,119.4,106.1,107.5,106.6,105.1,,106.5,104.7,,94.9,,100.0,,,86.7,87.2,121.3,,85.5,128.3,78.2,60.4,102.1,111.1,121.7,99.9,77.2,76.9,77.9,94.6,,,,88.6,100.0,,,104.7,107.9,105.3,100.7,103.6,100.1,104.5,103.0,102.7,104.3,,106.6,101.0,117.0,
199911,118.9,685.2,,,,,,,,1052.2,728.2,92.0,108.0,112.7,99.1,102.4,,92.3,,97.0,99.0,113.2,163.4,94.0,108.9,88.5,112.5,,142.8,330.5,,,103.4,110.4,101.3,99.2,95.9,100.5,99.8,114.5,,,104.2,,125.9,101.5,97.3,,,103.5,,97.2,99.8,99.8,99.5,100.0,91.1,,82.9,93.8,97.0,89.6,95.0,102.5,106.6,106.6,,,95.5,,,97.2,,94.1,93.5,100.7,105.4,103.3,100.0,,,106.4,100.6,,93.6,97.9,102.7,129.9,105.9,97.3,,,93.4,94.7,100.0,107.2,103.3,98.0,147.6,,,,,95.6,99.4,,99.9,97.7,97.6,,,110.2,156.9,208.6,114.3,114.5,110.4,,,108.5,111.3,118.7,105.9,107.4,106.2,105.1,,106.0,104.7,,94.9,,100.0,,,86.7,87.3,121.4,,85.5,128.3,78.2,60.4,102.1,111.4,121.7,100.4,77.2,76.9,77.9,94.6,,,,88.6,100.0,,,94.2,105.8,87.3,90.2,103.5,99.9,103.8,102.9,102.6,104.2,,106.5,101.0,116.7,
199912,118.6,679.8,,,,,,,,1049.5,722.1,92.0,108.0,113.8,99.2,102.4,,92.5,,97.3,98.9,112.9,162.9,94.4,108.2,87.1,112.5,,141.8,326.3,,,102.9,110.3,100.2,105.7,100.4,106.6,109.1,114.5,,,104.2,,125.1,101.6,97.8,,,103.4,,97.1,99.8,99.8,99.5,100.0,90.7,,84.5,93.9,97.0,89.7,95.0,101.9,104.4,104.4,,,95.5,,,97.2,,94.1,93.6,100.8,105.0,103.3,100.0,,,105.9,100.5,,93.6,97.9,102.7,127.6,105.9,97.3,,,93.4,93.9,100.0,107.5,103.3,98.0,147.3,,,,,95.6,99.5,,99.9,97.7,97.7,,,110.2,155.4,207.6,112.5,114.4,109.7,,,108.6,111.7,117.8,106.0,107.4,106.1,105.1,,105.9,105.9,,94.9,,100.0,,,86.8,87.4,121.7,,85.5,127.5,78.0,60.2,101.9,111.6,121.6,100.9,77.2,76.9,77.9,94.6,,,,88.6,100.0,,,88.5,107.2,77.8,79.8,103.5,100.0,103.4,102.8,102.5,104.2,,106.4,101.0,116.6,
200001,118.6,725.3,,390.5,,,3052.9,5796.3,,1049.5,716.4,92.0,107.3,113.5,99.2,102.4,105.5,92.4,116.9,97.1,99.1,113.2,162.7,94.2,108.3,88.1,113.4,126.8,142.0,324.2,,,103.5,110.2,100.1,101.4,96.7,102.7,103.7,115.4,,,104.3,,125.4,106.0,98.7,132.8,,103.3,,97.2,99.8,99.8,99.5,100.0,90.8,,85.4,94.1,97.0,89.6,95.0,100.3,104.5,104.5,83.1,83.1,95.6,93.7,95.7,97.3,,94.1,93.7,100.6,104.8,104.1,100.0,,113.7,105.5,100.6,,93.6,97.9,102.9,126.2,106.0,97.1,100.0,,93.6,94.1,100.0,106.2,103.1,98.0,147.6,,,101.9,,95.6,99.5,,99.9,97.7,97.6,98.3,,110.2,155.9,204.5,113.7,114.3,110.3,,,108.4,111.4,117.5,106.1,107.0,106.3,105.1,108.3,106.0,105.9,107.4,95.7,104.0,99.4,106.9,127.3,87.2,87.8,121.3,63.0,86.7,128.5,78.2,60.5,101.6,111.8,121.9,100.9,77.2,76.9,77.9,95.2,,100.0,,88.9,100.0,93.7,99.4,95.1,108.5,86.4,91.5,103.0,99.7,103.2,102.7,102.5,103.6,,105.7,101.1,116.3,
200002,118.3,708.9,,382.5,,,2921.1,5624.5,,1048.4,709.5,92.0,106.6,113.6,99.1,102.4,105.5,92.3,116.1,97.1,99.1,112.6,162.1,94.4,107.8,88.1,112.4,126.6,142.4,324.5,,,103.5,110.3,101.1,102.4,95.6,105.3,103.9,115.8,,,104.3,,126.0,108.2,97.5,134.0,,103.4,,97.1,99.8,99.8,99.5,100.0,89.7,,82.2,94.3,97.0,90.5,95.0,100.2,103.9,103.9,83.1,83.1,95.6,93.8,95.7,97.3,,94.1,93.7,100.4,104.7,104.1,100.0,,113.7,105.3,100.6,,93.6,97.9,102.9,125.6,106.0,97.1,100.0,,93.6,93.9,100.0,105.7,103.1,97.9,146.4,,,101.9,,95.6,99.5,,99.9,97.7,97.6,98.3,,110.2,155.9,204.3,113.8,114.6,109.9,,,108.8,112.6,116.9,106.0,106.8,106.3,105.1,107.7,105.9,105.9,107.4,95.7,104.0,99.4,106.5,127.0,87.2,87.9,121.8,63.0,86.2,128.3,78.2,60.7,101.6,112.0,122.1,101.0,77.2,76.9,77.9,95.2,,100.0,,88.9,100.0,93.7,99.4,93.3,107.7,82.1,93.0,102.8,99.8,102.9,102.7,102.5,103.3,,105.5,101.1,115.9,
200003,119.0,702.3,,381.1,,,2900.9,5536.2,,1047.4,698.5,92.0,105.8,114.4,99.0,102.4,105.5,92.4,116.0,97.1,98.4,113.1,163.5,94.3,107.7,88.1,113.1,126.8,142.3,324.2,,,103.5,110.4,100.8,105.5,99.4,107.2,108.2,116.3,,,104.2,,129.2,107.8,97.5,134.3,,103.6,,97.1,99.8,99.8,99.5,100.0,90.0,,82.2,94.1,97.0,89.9,95.0,101.1,104.5,104.5,89.9,89.9,95.6,93.8,95.7,97.3,,94.1,93.7,100.4,104.7,104.1,100.0,,113.7,105.4,100.6,,92.9,97.9,102.8,125.5,106.0,97.1,100.0,,93.6,94.8,100.0,105.6,103.1,98.0,146.2,,,101.9,,95.5,99.6,,99.9,97.7,97.6,98.4,,110.2,155.3,200.3,114.6,114.7,110.0,,,109.1,112.2,117.2,106.0,106.7,106.2,105.1,108.0,105.7,105.9,107.7,95.7,104.1,99.4,106.5,128.0,86.7,87.0,122.1,61.6,84.1,128.3,78.1,60.6,101.5,112.0,122.0,101.2,77.2,76.9,77.9,95.2,,100.0,,88.9,100.0,93.7,100.0,95.1,108.3,86.5,91.5,103.0,99.4,103.2,102.6,102.4,103.5,,105.9,101.1,116.8,
200004,118.4,699.7,,380.4,,,2850.2,5565.6,,1045.3,699.2,92.0,106.5,112.6,99.1,102.4,105.3,92.4,115.4,97.2,99.0,112.7,163.9,93.8,107.5,87.6,112.6,127.5,142.4,323.5,,,103.5,110.6,101.3,96.5,91.8,96.7,101.1,115.6,,,104.5,,126.0,106.7,97.3,134.2,,103.3,,97.1,99.8,99.8,99.5,100.0,89.7,,82.2,94.3,97.0,90.9,95.0,101.1,103.4,103.4,91.9,91.9,95.8,93.6,95.6,98.1,,94.1,93.8,100.6,104.5,103.0,100.0,,110.5,105.5,100.6,,92.9,98.7,102.7,126.6,105.8,96.6,100.8,,93.9,93.8,100.0,104.9,103.1,98.0,145.7,,,102.0,,95.5,99.7,,100.0,97.9,97.8,98.3,,110.0,153.8,197.0,113.7,114.0,109.7,,,109.2,109.5,117.5,105.9,106.5,106.2,105.1,108.0,105.4,105.9,107.7,95.7,104.1,99.4,106.5,127.3,86.5,87.0,121.8,61.4,85.7,127.9,77.9,60.5,101.2,111.1,120.7,100.8,77.2,76.9,77.9,95.6,,100.5,82.9,90.8,100.0,93.7,99.2,94.5,109.4,83.2,93.2,103.2,99.4,103.4,102.6,102.4,103.7,,106.1,102.0,116.2,
200005,119.3,679.4,,372.4,,,2698.2,5266.3,,1046.3,702.6,92.0,106.5,113.3,99.2,102.6,105.3,92.3,114.6,96.8,99.7,112.8,162.7,94.0,108.2,87.9,113.0,127.9,142.3,323.5,,,103.5,110.6,100.9,99.9,108.6,96.9,97.0,115.8,,,104.6,,126.8,107.9,98.1,133.4,,103.4,,97.2,99.8,99.8,99.5,100.0,90.3,,84.6,94.2,97.0,90.2,95.0,102.9,111.7,111.7,93.9,93.9,95.8,93.6,95.6,98.1,,94.1,93.8,100.6,104.7,103.0,100.0,,110.5,105.8,100.3,,92.9,98.7,102.4,128.5,105.2,96.6,101.1,,93.9,93.7,100.0,104.9,103.0,97.9,145.5,,,102.0,,95.5,99.7,,100.0,97.9,97.9,98.3,,110.0,154.3,197.2,114.5,114.5,110.2,,,108.9,111.2,117.5,105.7,106.6,106.1,105.1,107.9,105.4,105.9,107.7,95.7,104.2,99.4,106.5,125.7,86.3,86.8,121.5,61.4,85.7,126.4,77.9,60.3,101.2,111.0,120.3,101.0,77.2,76.9,77.9,95.6,,100.5,82.9,90.8,100.0,93.7,99.5,93.2,105.8,79.5,99.5,103.4,99.3,103.5,102.6,102.5,103.9,,106.4,102.0,117.2,
200006,117.8,666.3,,361.5,,,2584.2,5119.0,,1044.2,699.8,92.0,106.5,112.2,99.2,102.6,105.3,92.3,115.2,96.7,99.8,113.2,163.4,94.1,109.4,88.2,113.3,127.9,142.3,323.5,,,103.5,110.5,100.9,93.5,91.2,95.5,91.9,115.6,,,104.5,,126.8,107.2,98.5,132.9,,102.9,,97.2,99.8,99.8,99.5,100.0,90.3,,83.1,94.3,97.0,90.5,95.0,101.2,103.8,103.8,92.1,92.1,95.8,93.6,95.6,98.1,,94.1,93.8,100.4,104.5,103.0,100.0,,110.5,105.5,100.6,,92.9,98.7,102.5,127.1,105.2,96.6,100.5,,93.9,93.4,100.0,104.4,103.0,97.9,145.7,,,102.0,,95.4,99.7,,100.0,97.9,97.9,98.3,,109.8,154.4,197.2,114.8,112.4,109.8,,,108.5,105.8,115.9,105.9,106.4,106.0,105.1,108.0,105.5,105.9,107.6,95.7,104.2,99.4,106.5,127.9,86.1,86.4,120.8,61.2,85.7,125.4,77.9,60.4,100.7,111.1,120.4,101.0,77.2,76.9,77.9,95.6,,100.5,82.9,90.8,100.0,93.7,99.5,93.1,102.4,81.3,100.6,103.2,99.2,103.2,102.6,102.5,103.7,,106.1,102.0,115.8,
200007,118.6,658.4,,352.0,,,2561.4,5011.0,,1042.2,686.0,92.0,106.5,111.9,99.0,102.2,105.2,91.8,114.6,96.7,99.7,113.1,162.7,94.3,109.5,88.9,113.2,127.0,142.3,323.5,,,103.5,110.5,100.8,92.1,90.0,94.7,89.1,115.7,,,104.6,,126.5,107.7,98.2,133.3,,103.0,,97.2,99.8,99.8,99.5,100.0,90.3,,83.1,94.3,97.0,90.8,95.0,102.9,103.8,103.8,108.5,108.5,95.8,93.6,95.6,98.1,,94.2,93.8,100.3,103.9,103.0,100.0,,110.5,104.2,100.6,,92.9,98.7,101.9,123.1,105.0,96.6,98.0,,93.9,92.6,100.0,104.3,103.1,98.0,145.8,,,102.0,,95.3,99.7,,100.0,98.0,97.9,98.3,,109.8,153.0,197.0,114.5,112.4,109.4,,,108.9,105.1,115.9,106.1,106.5,106.2,105.1,107.8,105.5,105.9,107.6,95.7,104.3,99.4,106.5,129.3,85.5,85.7,119.2,61.0,85.7,124.1,77.6,60.2,100.6,110.3,119.3,100.7,77.2,76.9,77.9,95.6,,100.5,82.9,90.8,100.0,93.7,99.5,90.1,103.0,79.3,91.4,103.0,99.0,102.9,102.6,102.5,103.5,,105.9,102.0,116.6,
200008,120.4,645.3,,342.6,,,2518.3,4692.0,,1042.2,684.0,92.0,106.5,112.4,98.9,102.2,105.5,91.7,114.4,96.6,99.4,113.1,162.7,94.4,109.5,88.9,113.3,126.1,142.3,323.8,,,103.5,110.5,101.0,96.6,93.7,101.4,90.1,114.9,,,104.7,,125.0,106.2,97.9,132.4,,102.4,,97.3,99.8,99.8,99.5,100.0,91.0,,87.3,94.3,97.0,90.8,95.0,106.0,105.9,105.9,131.4,131.4,95.8,93.6,95.6,98.1,,94.2,93.8,100.3,103.6,103.0,100.0,,110.5,104.0,100.6,,92.9,98.7,101.9,121.5,105.1,96.7,98.0,,93.9,93.5,100.0,104.3,103.2,98.1,146.0,,,102.0,,95.2,99.8,,100.0,97.9,97.9,98.3,,109.7,152.3,196.6,114.3,112.3,108.7,,,108.8,105.0,116.6,106.1,106.3,106.0,105.1,107.6,105.7,105.9,107.2,95.7,104.0,99.4,106.4,129.4,85.5,85.7,118.3,61.1,85.7,124.4,77.6,60.2,100.6,109.8,118.3,100.7,77.2,76.9,77.9,95.6,,100.5,82.9,90.8,100.0,93.7,99.5,93.6,105.9,81.2,98.0,103.1,99.0,103.2,102.5,102.5,103.6,,106.0,102.0,118.7,
200009,117.9,621.7,,338.9,,,2297.9,4397.5,,1039.0,681.2,92.0,106.5,112.4,98.6,102.2,105.5,91.5,114.2,96.5,98.3,113.1,163.5,94.5,109.5,88.7,113.3,127.1,142.0,323.8,,,103.4,110.0,100.4,96.8,93.9,99.1,95.1,114.9,,,104.8,,125.5,107.1,97.6,132.0,,102.3,,97.3,99.8,99.8,99.5,100.0,90.2,,82.2,94.5,97.0,92.2,95.0,102.7,104.4,104.4,105.1,105.1,95.9,93.6,95.8,98.1,,94.3,93.8,100.3,104.0,103.0,100.0,,110.5,104.4,100.4,,92.9,98.7,101.8,123.5,105.1,96.7,99.3,,94.3,92.7,100.0,104.4,103.2,98.1,146.1,,,102.0,,95.3,99.8,,100.0,98.0,97.9,98.3,,109.8,150.3,194.0,113.7,113.7,108.9,,,110.8,107.4,115.9,105.9,106.3,105.9,105.1,107.4,105.7,105.9,107.0,95.7,104.1,99.4,105.8,127.4,85.5,85.7,118.9,61.1,85.7,123.4,77.7,60.2,101.0,110.1,118.7,100.8,77.2,76.9,77.9,95.6,,100.5,82.9,90.8,100.0,93.7,99.5,94.6,104.2,87.9,92.7,103.0,99.0,103.1,102.6,102.5,103.5,,105.9,102.0,115.9,
200010,116.4,597.4,,350.2,,,2067.3,4083.4,,1033.8,675.0,92.0,106.5,111.7,98.6,102.4,105.4,91.4,113.7,96.6,98.5,113.1,163.4,94.5,108.8,89.3,113.2,126.6,141.9,323.8,,,103.5,109.9,100.0,94.8,95.4,93.3,97.6,114.1,,,104.8,,123.2,105.9,97.6,130.4,,102.2,,97.3,99.8,99.8,99.5,100.0,90.7,,84.6,94.4,97.0,91.3,95.0,101.1,105.5,105.5,89.0,89.0,95.9,93.6,95.8,98.1,,94.3,93.8,100.3,104.4,103.0,100.0,,110.5,105.3,100.4,,92.9,98.7,101.8,126.7,104.8,96.8,101.0,,94.3,92.8,100.0,104.1,103.1,98.0,146.1,,,102.0,,95.3,99.8,,100.1,98.1,98.0,98.3,,109.8,150.7,195.0,114.6,114.3,108.6,,,111.8,108.4,115.6,105.7,106.2,105.9,105.1,107.4,105.6,105.9,107.0,95.7,104.2,99.4,106.0,126.9,85.5,85.7,119.2,61.0,85.7,122.5,77.5,60.1,100.2,109.8,118.3,100.7,77.2,76.9,77.9,95.6,,100.5,82.9,90.8,100.0,93.7,99.5,96.4,101.4,91.2,98.8,102.8,99.0,103.0,102.6,102.7,103.3,,105.6,102.0,114.5,
200011,115.7,587.6,,357.1,,,1993.9,3970.6,,1030.7,673.6,92.0,106.5,111.8,98.4,102.6,105.4,91.5,112.9,96.6,97.9,112.7,160.9,94.5,109.2,89.3,112.9,126.6,142.0,323.8,,,103.6,110.0,100.3,93.6,92.9,92.2,97.6,115.0,,,104.7,,127.1,108.0,97.7,131.2,,102.2,,97.1,99.8,99.8,99.5,100.0,89.7,,82.2,94.4,97.0,91.0,95.0,100.3,105.2,105.2,83.9,83.9,95.9,94.0,95.8,98.1,,94.4,93.8,100.3,104.1,103.0,100.0,,110.5,104.7,100.4,,92.9,98.7,101.8,124.2,104.8,96.8,101.4,,94.3,92.8,100.0,103.9,103.1,98.0,146.1,,,102.0,,95.3,99.8,,100.1,98.1,97.8,98.3,,109.9,150.3,194.0,114.6,114.6,109.6,,,112.5,107.9,116.1,105.7,106.3,106.1,105.1,107.2,105.1,105.9,106.8,95.7,104.0,99.4,105.8,127.8,85.5,85.8,119.7,61.1,85.7,122.0,77.5,60.0,100.5,109.7,118.1,100.5,77.2,76.9,77.9,95.6,,100.5,82.9,90.8,100.0,93.7,99.5,92.8,103.0,84.7,92.5,102.8,98.9,102.7,102.6,102.7,103.2,,105.6,102.0,113.8,
200012,116.1,577.1,,350.2,,,1953.3,3838.0,,1023.4,665.3,92.0,106.5,112.8,98.4,102.6,105.4,91.5,112.8,96.6,97.9,112.8,160.8,94.6,109.3,89.1,113.2,126.8,141.7,323.8,,,103.6,109.9,99.5,102.1,97.6,102.0,107.5,114.0,,,105.0,,123.2,106.0,97.1,130.8,,101.7,,97.2,99.8,99.8,99.5,100.0,90.2,,82.9,94.4,97.0,91.0,95.0,101.0,104.5,104.5,93.1,93.1,96.0,94.1,95.8,98.1,,94.4,93.8,100.3,103.6,103.0,100.0,,110.5,104.0,100.4,,92.9,98.7,101.6,121.1,104.6,96.8,101.4,,94.3,92.7,100.0,104.0,103.1,98.0,146.0,,,102.1,,95.2,99.8,,100.1,98.1,97.8,98.3,,109.4,150.0,193.8,114.3,113.9,108.5,,,112.6,106.6,114.7,105.3,106.3,105.9,105.1,107.1,104.7,105.9,106.5,95.7,103.9,99.4,105.5,124.7,85.4,85.7,119.2,61.2,85.7,122.1,77.4,60.0,99.9,109.3,117.9,100.2,77.2,76.9,77.9,95.6,,100.5,82.9,90.8,100.0,93.7,99.5,95.7,104.0,88.4,96.8,102.8,98.9,102.9,102.5,102.5,103.2,,105.5,102.0,114.5,
200101,115.0,565.9,,346.6,,,1874.8,3656.4,,1016.1,661.8,92.0,105.2,113.0,98.3,102.6,105.4,91.5,112.2,96.6,98.0,112.9,159.5,95.1,109.2,89.9,113.2,126.1,141.9,324.2,,,103.1,109.7,100.4,101.2,95.9,102.4,104.3,114.5,,,105.0,,124.4,106.9,97.0,132.0,,101.3,,97.4,99.8,99.8,99.5,100.0,91.2,,87.3,94.4,97.0,91.0,95.0,99.3,104.2,104.2,80.6,80.6,96.0,94.1,95.8,98.1,,94.4,93.8,100.4,103.1,103.0,100.0,,110.5,103.0,100.4,,92.9,98.7,101.6,117.2,104.6,96.8,101.4,,94.3,92.5,100.0,104.0,103.0,97.9,144.8,,,102.2,,95.1,99.9,,100.1,98.1,97.9,98.4,,109.2,148.9,195.8,114.5,113.7,108.8,,,111.3,107.2,115.1,105.3,106.1,105.5,105.1,107.4,104.4,105.9,106.5,95.7,103.8,99.4,105.7,125.1,85.2,85.5,117.3,61.3,87.6,122.0,77.5,60.0,100.4,108.6,116.6,100.0,77.2,76.9,77.9,95.6,,100.5,82.9,91.1,100.0,93.7,99.5,104.4,107.6,101.2,105.7,102.1,98.7,102.8,102.4,102.5,102.6,,104.8,102.1,113.3,
200102,114.4,553.5,,339.7,,,1791.2,3528.8,,1008.8,651.5,92.0,105.0,112.7,98.2,102.6,105.4,91.4,112.0,96.6,97.7,112.5,156.2,95.0,109.2,90.3,112.7,126.5,141.9,324.2,,,103.2,109.5,100.6,100.8,96.1,101.3,104.6,114.6,,,105.2,,125.4,106.7,97.0,131.8,,101.8,,97.3,99.8,99.8,99.5,100.0,90.0,,83.7,94.6,97.0,92.3,95.0,98.9,102.5,102.5,80.2,80.2,96.0,94.1,95.8,98.1,,94.4,94.1,100.3,103.1,103.0,100.0,,110.5,102.9,100.4,,92.9,98.7,101.6,116.6,104.6,96.8,101.4,,94.3,92.5,100.0,103.9,103.0,97.9,145.1,,,102.2,,95.1,99.9,,100.1,98.1,97.9,98.4,,109.4,148.7,195.8,114.3,113.8,108.8,,,111.4,107.7,115.1,105.6,106.1,105.4,105.1,107.3,104.5,105.9,106.7,95.7,103.7,99.4,105.7,128.5,85.1,85.3,117.2,61.4,86.3,121.9,77.6,60.3,100.0,107.9,115.4,99.9,77.2,76.9,77.9,95.6,,100.5,82.9,91.1,100.0,93.7,99.5,102.5,105.3,100.2,102.8,101.9,98.8,102.5,102.4,102.5,102.3,,104.5,102.0,112.7,
200103,114.8,548.2,,334.2,,,1781.1,3474.8,,1007.8,640.4,92.0,104.0,113.3,98.1,102.6,105.2,91.5,111.2,96.6,97.6,112.7,154.4,95.0,109.2,90.9,112.9,128.0,141.3,323.8,,,103.0,109.5,99.0,103.9,101.0,103.1,108.6,114.7,,,105.2,,124.9,108.9,97.3,131.0,,101.9,,97.3,99.8,99.8,99.5,100.0,90.3,,83.1,94.5,97.0,91.9,95.0,99.7,102.1,102.1,87.0,87.0,95.9,94.2,95.8,97.9,,94.4,94.1,100.3,103.1,103.0,100.0,,110.5,103.0,100.4,,93.8,98.7,101.6,117.3,104.7,96.8,101.4,,94.3,92.7,100.0,103.2,103.0,97.9,144.9,,,102.2,,95.3,99.9,,100.1,98.1,98.1,98.5,,109.6,148.3,194.6,114.2,113.8,108.9,,,111.7,107.7,114.1,105.7,106.1,105.4,105.1,107.0,104.3,105.9,106.3,95.7,103.9,99.4,105.7,131.3,85.8,86.4,116.6,64.4,83.6,120.9,77.7,60.7,99.5,107.9,115.0,100.1,77.2,76.9,77.9,95.6,,100.5,82.9,91.1,100.0,93.7,99.5,97.6,109.6,89.8,94.3,102.0,98.7,102.3,102.3,102.5,102.5,,104.7,102.0,113.4,
200104,114.7,541.7,,331.0,,,1768.4,3352.1,,1000.5,633.5,92.0,104.8,111.9,98.2,102.7,105.1,91.4,110.4,96.5,98.5,112.5,153.6,94.7,108.9,91.5,112.6,128.1,141.6,323.8,,,102.9,109.8,99.2,97.9,92.4,99.7,100.2,113.8,,,105.3,,123.7,105.7,97.4,130.0,,101.9,,97.3,99.8,99.8,99.5,100.0,89.9,,83.1,94.7,97.0,92.8,95.0,100.2,101.6,101.6,90.6,90.6,96.2,95.1,96.2,98.0,,94.6,93.8,100.3,103.3,103.0,100.0,,110.5,103.5,100.4,,93.8,100.1,100.9,118.8,104.3,96.8,101.4,,96.3,92.7,100.0,103.2,102.9,97.7,144.5,,,102.2,,95.4,100.0,,100.1,98.3,98.2,98.5,,109.4,148.3,195.2,114.2,114.1,109.1,,,111.7,108.5,114.8,105.5,106.1,105.4,105.1,107.1,104.2,105.9,106.4,95.7,103.8,99.4,105.5,128.7,86.1,86.9,116.1,65.0,85.8,120.5,77.8,61.0,99.3,107.6,114.3,100.3,77.2,76.9,77.9,95.7,,100.6,82.9,91.1,100.0,93.7,99.5,95.0,109.9,86.4,89.1,102.4,98.5,102.4,102.2,102.4,102.7,,105.1,102.9,113.1,
200105,115.2,529.2,,327.0,,,1687.3,3185.3,,1007.8,625.2,92.0,104.8,112.4,98.0,102.7,104.7,91.5,109.7,96.1,98.4,112.6,152.8,94.8,108.9,92.7,112.6,127.9,143.0,332.6,,,102.9,109.8,99.8,99.2,106.8,96.3,97.1,114.0,,,105.5,,124.9,106.6,97.9,128.8,,101.8,,97.4,99.8,99.8,99.5,100.0,90.5,,84.6,94.7,97.0,93.1,95.0,101.1,107.0,107.0,90.1,90.1,96.2,95.1,96.2,98.1,,94.6,93.8,100.1,103.4,103.0,100.0,,110.5,103.6,100.4,,93.8,100.1,100.9,118.8,104.3,96.8,101.4,,96.3,93.7,100.0,103.2,102.9,97.8,144.5,,,102.2,,95.3,99.9,,100.1,98.2,97.9,98.5,,109.1,148.6,193.0,115.6,113.3,109.1,,,111.2,107.2,113.8,105.2,106.1,105.4,105.1,106.8,104.2,105.9,106.2,95.7,103.4,99.4,105.0,125.9,86.1,86.9,115.0,65.5,85.8,120.9,77.9,61.1,99.3,107.6,114.3,100.4,77.2,76.9,77.9,95.7,,100.6,82.9,91.1,100.0,93.7,99.5,96.7,109.2,84.4,101.0,102.4,98.5,102.6,102.0,102.3,102.8,,105.2,102.9,113.4,
200106,114.5,514.8,,325.9,,,1580.9,3033.1,,995.3,613.5,92.0,104.8,110.8,98.2,102.7,104.6,91.4,109.8,96.1,99.5,112.4,152.1,95.1,108.9,93.6,112.1,128.5,142.4,331.0,,,102.7,109.4,99.4,92.6,91.8,93.3,92.0,113.1,,,105.5,,122.1,107.5,96.8,127.7,,101.6,,97.4,99.8,99.8,99.5,100.0,90.7,,84.6,94.8,97.0,93.6,95.0,100.8,104.6,104.6,91.7,91.7,96.3,95.1,96.2,98.3,,94.6,93.9,100.1,103.4,103.0,100.0,,110.5,103.5,100.4,,93.8,100.1,100.9,118.7,104.3,96.8,100.8,,96.3,93.2,100.0,103.2,103.1,97.9,144.5,,,102.5,,95.3,99.9,,100.1,98.3,98.0,98.5,,109.0,147.4,189.7,115.5,113.1,108.5,,,111.3,106.3,114.0,105.3,105.9,105.2,105.1,106.8,104.2,105.9,106.2,95.7,103.6,99.4,105.2,126.5,86.4,87.2,115.9,65.8,85.8,120.5,78.3,61.8,99.9,106.9,113.0,100.3,77.2,76.9,77.9,95.7,,100.6,82.9,91.1,100.0,93.7,99.5,93.0,103.4,82.6,96.5,102.2,98.4,102.2,102.0,102.3,102.6,,105.1,102.9,112.7,
200107,114.8,506.9,,323.7,,,1553.0,2885.9,,996.4,603.1,92.0,104.8,110.4,98.1,102.7,104.6,91.5,109.6,96.1,99.1,112.0,154.1,95.1,108.9,92.8,111.6,128.2,138.6,306.4,,,102.8,109.4,99.3,93.1,91.7,95.8,89.1,112.7,,,105.5,,121.9,106.3,96.8,127.3,,101.7,,97.4,99.8,99.8,99.5,100.0,90.3,,84.6,94.9,97.0,93.7,95.0,102.1,101.7,101.7,108.6,108.6,96.4,95.1,96.2,98.5,,94.6,93.9,100.3,102.5,103.0,100.0,,110.5,101.9,100.4,,93.8,100.1,100.9,112.5,104.3,96.8,97.8,,96.4,93.0,100.0,103.2,102.8,97.3,144.2,,,102.5,,95.2,99.9,,100.1,98.2,98.2,98.6,,108.8,147.1,189.7,114.8,112.6,107.4,,,110.9,105.8,113.0,105.1,105.9,105.2,105.1,107.0,103.9,105.9,105.7,95.7,103.3,99.4,105.1,125.7,86.1,87.0,114.2,66.4,85.8,120.3,78.2,61.7,100.2,106.2,111.9,100.0,77.2,76.9,77.9,95.7,,100.6,82.9,91.1,100.0,93.7,99.5,89.8,102.2,79.4,90.6,102.0,98.3,101.7,102.0,102.3,102.4,,104.9,102.9,113.3,
200108,117.2,502.3,,315.0,,,1515.0,2890.8,,996.4,586.5,92.0,104.8,111.4,98.3,102.7,104.6,91.3,110.7,96.0,99.6,111.7,153.4,95.1,109.2,92.9,111.2,127.1,137.9,301.2,,,102.8,109.6,99.4,99.7,96.7,105.2,92.0,113.1,,,105.5,,122.5,107.6,96.9,127.3,,101.7,,97.5,99.8,99.8,99.5,100.0,91.0,,87.3,94.9,97.0,94.1,95.0,105.4,104.4,104.4,132.4,132.4,96.4,95.2,96.2,98.5,,94.6,93.9,100.3,102.5,103.0,100.0,,110.5,101.9,100.3,,93.5,100.1,100.9,112.7,104.6,96.8,95.5,,96.4,94.6,100.0,103.2,102.6,97.0,144.2,,,102.5,,95.2,100.0,,100.1,98.3,98.2,98.6,,108.8,146.1,189.5,113.7,112.6,108.0,,,109.6,107.0,114.1,105.2,105.7,105.1,105.1,107.0,104.1,105.9,105.6,95.7,103.2,99.4,104.8,126.6,86.1,87.0,113.6,66.7,85.8,119.2,78.2,61.8,100.4,105.8,111.3,100.0,77.2,76.9,77.9,95.7,,100.6,82.9,91.1,100.0,93.7,99.5,96.0,107.0,88.0,94.6,102.1,98.2,102.3,101.9,102.3,102.5,,105.0,102.9,115.9,
200109,114.5,494.5,,305.9,,,1464.4,2797.5,,989.1,576.2,92.0,104.8,110.7,98.2,102.7,104.7,91.3,110.4,96.2,99.6,111.6,152.8,95.5,109.3,93.0,110.9,127.7,137.7,299.9,,,102.8,109.5,99.8,96.8,96.3,97.3,96.2,112.6,,,105.5,,120.9,106.8,97.1,127.1,,101.7,,97.4,99.8,99.8,99.5,100.0,90.5,,83.1,94.9,97.0,94.0,95.0,101.5,101.6,101.6,104.3,104.3,96.4,95.2,96.2,98.5,,94.6,93.9,100.3,102.6,103.0,100.0,,110.5,102.1,100.4,,93.5,100.1,100.9,113.2,103.8,96.7,99.2,,96.4,93.2,100.0,103.2,102.7,97.1,144.2,,,102.5,,95.3,100.0,,100.1,98.3,98.2,98.6,,108.9,146.1,188.5,114.5,113.1,108.4,,,110.7,106.9,114.1,105.1,105.5,105.0,105.1,107.0,104.0,105.9,106.1,95.7,103.6,99.4,104.7,126.3,86.2,87.2,114.0,66.9,85.8,119.9,78.3,61.9,100.1,105.6,110.3,100.3,77.2,76.9,77.9,95.7,,100.6,82.9,91.4,100.0,93.7,99.5,93.5,101.1,89.5,90.2,102.1,98.2,102.1,101.9,102.3,102.5,,105.0,102.9,112.9,
200110,113.4,484.0,,299.0,,,1385.8,2660.1,,983.9,565.1,92.0,104.8,110.4,97.8,102.4,104.6,90.7,107.7,96.2,99.2,111.4,153.1,95.3,109.2,93.0,110.8,126.0,137.7,299.9,,,102.8,109.6,99.9,95.0,95.0,93.7,97.7,112.7,,,105.6,,124.0,106.2,96.9,125.5,,101.7,,97.5,99.8,99.8,99.5,100.0,90.8,,85.2,95.1,97.0,94.6,95.0,100.3,103.2,103.2,90.0,90.0,96.4,95.2,96.2,98.5,,94.6,93.9,100.3,103.2,103.0,100.0,,110.5,103.3,100.5,,93.5,100.1,100.9,117.7,103.8,96.7,101.1,,96.4,93.2,100.0,103.0,102.6,97.1,143.6,,,102.5,,95.3,100.0,,100.1,98.3,98.2,98.6,,108.8,146.6,188.3,115.2,112.8,108.8,,,110.7,105.9,113.6,105.0,105.4,104.8,105.1,106.9,104.0,105.9,105.9,95.7,102.8,99.4,104.4,125.5,86.4,87.4,113.5,67.4,85.8,120.0,78.5,61.9,100.1,105.3,110.0,100.5,77.2,76.9,77.9,95.7,,100.6,82.9,91.4,100.0,93.7,99.5,95.0,100.1,90.7,95.5,102.0,98.1,102.1,101.9,102.3,102.4,,104.9,102.9,111.9,
200111,112.4,476.8,,293.2,,,1337.7,2557.1,,976.6,565.8,92.0,104.8,110.4,98.1,102.4,104.3,91.3,108.5,96.1,99.6,111.2,152.1,95.5,108.9,94.0,110.6,125.7,137.7,299.6,,,102.7,109.6,100.2,96.1,93.1,96.5,98.3,112.4,,,105.7,,120.6,105.3,97.1,126.4,,101.2,,97.4,99.8,99.8,99.5,100.0,90.3,,83.1,95.1,97.0,94.9,95.0,98.8,103.0,103.0,83.1,83.1,96.4,95.2,96.2,98.5,,94.6,93.9,100.3,101.9,99.6,100.0,,100.0,102.6,100.5,,93.5,100.1,100.8,115.2,103.6,96.7,101.5,,96.3,93.2,100.0,102.2,102.6,97.1,143.2,,,102.6,,95.2,100.0,,100.1,98.3,98.2,98.6,,108.6,147.4,186.7,117.2,112.2,109.2,,,109.9,105.8,112.4,104.8,105.2,104.7,105.1,106.5,104.0,105.9,105.6,95.7,102.7,99.4,104.3,123.7,86.2,87.3,113.6,67.4,85.8,119.1,78.2,61.8,100.4,104.8,108.8,100.4,77.2,76.9,77.9,95.7,,100.6,82.9,91.4,100.0,93.7,99.5,86.7,98.2,77.9,86.0,101.9,98.0,101.3,101.8,102.2,102.2,,104.7,102.9,110.9,
200112,112.9,472.2,,291.4,,,1304.8,2503.1,,988.0,554.1,92.0,104.8,110.0,97.7,102.4,104.5,91.1,106.9,96.0,98.8,111.0,151.7,95.7,109.3,94.0,110.4,124.8,131.6,263.0,,,102.8,109.6,99.0,98.4,94.7,97.3,104.8,112.2,,,105.7,,120.6,105.1,96.8,126.8,,100.8,,97.6,99.8,99.8,99.5,100.0,91.3,,86.8,95.5,97.0,96.5,95.0,99.9,101.6,101.6,94.9,94.9,96.4,95.2,96.2,98.5,,94.6,93.9,100.3,101.6,99.6,100.0,,100.0,102.1,100.5,,93.5,100.1,100.8,113.1,103.5,96.7,101.5,,96.3,93.0,100.0,102.0,102.5,96.9,142.9,,,102.6,,95.1,100.0,,100.1,98.4,98.2,98.6,,108.3,144.6,185.7,113.5,111.8,108.0,,,109.2,105.7,112.4,104.9,105.2,104.7,105.1,106.2,104.0,105.9,105.5,95.7,102.6,99.4,104.0,124.3,86.1,87.2,112.7,67.6,85.8,119.4,78.0,61.6,99.6,105.0,109.2,100.6,77.2,76.9,77.9,95.7,,100.6,82.9,91.4,100.0,93.7,99.5,85.7,100.2,75.8,82.8,101.8,97.9,101.2,101.8,102.3,102.1,,104.7,102.9,111.6,
200201,111.8,460.4,,289.5,,,1264.2,2414.7,,980.7,541.6,92.0,96.8,110.1,97.9,102.3,104.5,91.5,106.6,96.2,99.2,111.2,151.2,95.6,108.1,95.5,110.6,123.4,131.1,257.1,,,102.8,109.5,100.4,98.0,96.1,97.1,101.9,112.7,,,105.7,,123.9,105.8,96.8,127.3,,100.4,,97.6,99.8,99.8,99.5,100.0,91.6,,88.5,95.1,97.0,94.6,95.0,98.4,106.3,106.3,78.3,78.3,96.3,95.2,96.1,98.5,,94.6,93.8,100.2,101.0,99.6,100.0,,100.0,101.1,100.5,,93.5,100.1,100.8,108.5,103.6,96.7,101.5,,96.3,92.7,100.0,101.7,102.5,96.9,142.9,,,102.6,,95.2,100.0,,100.1,98.4,98.2,98.5,,108.3,144.0,184.9,113.1,112.0,109.2,,,110.2,104.8,112.2,104.9,105.1,104.7,105.1,106.0,104.1,105.9,105.6,95.7,102.7,99.4,103.9,124.1,86.3,87.3,111.8,67.8,87.5,119.6,78.3,62.1,99.6,105.2,109.6,100.5,77.2,76.9,77.9,95.7,,100.6,82.9,91.4,100.0,93.7,100.3,92.8,104.4,84.7,90.6,101.3,97.9,101.0,101.8,102.2,101.4,,103.9,102.8,110.5,
200202,110.9,451.8,,288.5,,,1236.4,2311.7,,973.5,525.7,92.0,97.5,109.8,97.8,102.4,104.5,91.7,106.1,96.2,98.9,111.0,151.3,95.7,108.1,95.1,110.6,121.4,130.6,255.2,,,102.9,109.4,100.3,97.4,94.8,96.1,102.5,112.4,,,105.7,,121.5,106.3,96.9,127.3,,100.2,,97.5,99.8,99.8,99.5,100.0,89.9,,86.1,95.5,97.0,96.5,95.0,97.5,101.7,101.7,78.2,78.2,96.3,95.0,96.1,98.5,,94.6,93.8,100.2,100.8,99.6,100.0,,100.0,100.6,100.7,,93.5,100.1,100.7,107.1,103.6,96.5,101.5,,96.3,92.0,100.0,101.8,102.4,96.7,142.6,,,102.6,,95.2,100.0,,100.1,98.4,98.2,98.6,,108.2,144.0,177.4,116.1,111.9,109.0,,,109.6,105.9,111.2,104.7,104.8,104.4,105.1,105.2,103.9,105.9,104.8,95.7,102.5,99.2,103.8,124.0,86.6,87.8,112.0,69.2,85.5,118.1,78.3,62.2,99.3,105.0,108.9,100.7,77.2,76.9,77.9,95.7,,100.6,82.9,91.4,100.0,93.7,100.3,87.7,101.5,76.1,88.8,101.1,98.0,100.5,101.8,102.2,101.1,,103.6,102.8,109.7,
200203,111.7,447.2,,287.0,,,1218.6,2287.1,,940.1,526.4,92.0,96.6,110.4,97.6,102.4,104.5,91.6,105.9,96.2,98.4,110.7,150.2,95.8,108.0,94.7,110.0,122.5,130.4,254.9,,,102.9,109.1,99.9,102.0,98.7,101.9,105.6,112.0,,,105.7,,121.7,104.9,95.6,127.6,,99.8,,97.3,99.8,99.8,99.5,100.0,89.1,,83.7,95.2,97.0,95.2,95.0,98.6,101.8,101.8,86.0,86.0,96.4,95.2,96.2,98.5,,94.6,94.0,100.3,101.1,99.6,100.0,,100.0,101.4,100.5,,95.5,100.1,100.5,109.5,103.7,96.5,101.5,,96.3,93.2,100.0,101.8,102.4,96.8,142.0,,,102.6,,95.4,100.0,,100.0,98.4,98.2,98.8,,107.8,143.5,173.5,117.0,112.2,109.2,,,109.4,107.2,111.6,104.2,104.8,104.3,104.6,105.5,103.3,105.3,104.7,95.3,102.6,98.8,103.6,121.2,87.9,90.0,111.5,74.0,82.8,118.5,78.2,62.2,99.3,105.0,108.7,101.0,77.2,76.9,77.9,95.7,,100.6,82.9,91.4,100.0,93.7,100.3,87.0,105.5,72.6,86.7,101.3,98.1,100.7,101.7,102.2,101.4,,103.9,102.8,110.7,
200204,111.9,448.6,,287.4,,,1221.1,2385.3,,916.2,511.9,92.0,96.9,109.7,97.4,102.3,104.5,91.3,105.5,96.2,97.9,110.9,150.2,95.8,107.8,95.0,110.3,124.3,130.4,254.2,,,102.9,109.1,100.0,97.7,93.6,97.8,101.7,112.0,,,105.7,,122.7,104.5,95.6,127.3,,99.6,,97.4,99.8,99.8,99.5,100.0,89.8,,83.7,95.3,97.0,95.8,95.0,99.2,100.7,100.7,90.5,90.5,96.4,95.0,96.2,98.6,,94.6,94.5,100.4,101.7,99.6,100.0,,100.0,102.3,100.4,,95.5,99.5,100.5,113.6,101.9,96.5,101.5,,98.5,93.4,100.0,101.3,102.1,96.8,141.7,,,101.9,,95.5,100.0,,100.0,98.5,98.2,98.7,,108.0,145.1,171.3,120.4,111.9,109.5,,,109.3,106.0,111.3,104.4,104.8,104.3,104.6,105.4,103.4,105.3,104.6,95.3,102.0,98.8,103.4,124.3,88.2,90.5,111.7,74.4,85.3,119.0,78.2,62.1,99.5,104.6,107.7,101.3,77.2,76.9,77.9,95.8,,100.9,82.9,91.7,100.0,93.7,100.3,90.7,107.6,79.1,87.2,101.4,97.9,101.0,101.6,102.2,101.5,,104.2,103.7,110.7,
200205,111.9,449.9,,288.1,,,1226.2,2424.5,,921.4,509.9,92.0,96.9,109.6,97.3,102.1,104.5,91.4,105.1,95.9,97.8,110.7,150.4,96.6,108.4,95.1,109.9,123.2,129.6,250.3,,,103.0,109.1,99.8,98.7,107.3,93.9,99.9,111.7,,,105.7,,119.8,105.6,96.3,126.7,,99.6,,97.5,99.8,99.8,99.5,100.0,90.6,,86.8,95.2,97.0,95.2,95.0,99.2,101.1,101.1,89.6,89.6,96.4,94.8,96.2,98.6,,94.6,94.5,100.4,101.7,99.6,100.0,,100.0,102.5,100.4,,95.5,99.5,100.4,115.2,101.9,96.5,101.5,,98.5,92.1,100.0,101.3,101.9,96.8,139.5,,,101.9,,95.5,100.0,,100.0,98.5,98.3,98.7,,107.8,144.8,170.9,119.9,111.3,109.0,,,108.1,105.4,112.2,104.3,104.8,104.3,104.6,105.0,103.3,105.3,104.4,95.3,101.9,98.8,103.0,122.6,88.0,90.3,110.7,74.5,85.3,118.7,78.2,61.9,99.3,104.6,107.7,101.2,77.2,76.9,77.9,95.8,,100.9,82.9,91.7,100.0,93.7,100.3,95.4,108.1,84.6,96.8,101.5,98.0,101.4,101.5,102.0,101.6,,104.2,103.7,110.7,
200206,112.0,447.9,,284.5,,,1226.2,2424.5,,916.2,510.5,92.0,96.9,108.4,97.5,102.4,104.5,91.6,105.1,96.1,98.3,110.8,150.4,96.3,108.8,95.3,110.1,122.1,128.4,241.6,,,103.0,109.2,99.8,92.8,92.2,93.0,93.3,111.5,,,105.7,,120.3,105.6,96.3,125.5,,99.3,,97.5,99.8,99.8,99.5,100.0,90.1,,85.2,95.3,97.0,95.9,95.0,99.9,101.1,101.1,95.3,95.3,96.4,94.8,96.2,98.6,,94.6,94.5,100.4,101.8,99.6,100.0,,100.0,102.5,100.4,,95.5,99.5,100.5,115.6,101.7,96.5,100.9,,98.5,92.1,100.0,101.3,102.0,96.8,139.8,,,102.3,,95.4,100.0,,100.0,98.5,98.3,98.7,,107.7,145.2,171.3,120.7,111.5,108.9,,,108.6,105.4,112.0,104.1,104.6,104.1,104.5,105.0,103.0,105.3,104.3,95.3,101.8,98.6,103.1,121.8,88.1,90.2,110.9,74.4,85.3,117.6,78.6,62.1,99.3,104.9,108.2,101.5,77.2,76.9,77.9,95.8,,100.9,82.9,91.7,100.0,93.7,100.3,94.7,106.0,84.0,97.6,101.4,97.9,101.3,101.4,102.0,101.6,,104.2,103.7,110.8,
200207,112.6,444.0,,278.6,,,1228.8,2355.8,,908.9,502.3,92.0,96.9,108.2,97.5,102.4,104.5,91.4,105.1,96.1,98.0,110.3,149.9,96.3,108.1,95.6,109.9,119.0,128.1,240.3,,,103.0,109.2,99.6,93.4,94.6,92.8,93.4,111.1,,,105.7,,121.0,105.1,96.1,124.0,,99.2,,97.4,99.8,99.8,99.5,100.0,89.8,,83.7,95.2,97.0,95.4,95.0,101.1,100.8,100.8,109.1,109.1,96.4,94.8,96.2,98.6,,94.6,94.5,100.4,100.8,99.6,100.0,,100.0,100.8,100.4,,95.5,99.5,100.5,110.1,101.3,96.5,94.5,,98.5,91.9,100.0,101.2,101.9,96.6,139.4,,,102.3,,95.4,100.0,,100.0,98.5,98.3,98.6,,107.6,145.4,171.5,120.9,111.5,108.4,,,108.1,105.1,113.7,103.8,104.5,104.1,104.5,104.8,103.1,105.3,104.2,95.3,101.9,98.6,103.1,120.1,88.0,90.3,109.9,75.2,85.3,116.9,78.3,62.1,98.9,104.3,107.6,100.9,77.2,76.9,77.9,95.8,,100.9,82.9,91.7,100.0,93.7,100.3,91.6,103.1,85.5,86.6,101.2,97.7,100.9,101.4,102.1,101.3,,103.9,103.7,111.4,
200208,115.0,432.8,,275.4,,,1208.5,2105.5,,905.8,488.4,92.0,96.9,109.7,97.4,102.6,104.5,91.2,104.6,96.2,97.9,109.8,149.9,96.4,108.1,95.7,109.0,118.0,127.8,238.7,,,103.0,109.2,99.6,103.6,99.6,110.7,93.9,110.8,,,105.7,,120.7,104.7,94.7,124.3,,98.9,,97.6,99.8,99.8,99.5,100.0,91.2,,89.2,95.3,97.0,95.5,95.0,104.5,103.5,103.5,133.2,133.2,96.4,94.8,96.2,98.6,,94.6,94.5,100.4,100.7,99.6,100.0,,100.0,100.6,99.6,,95.5,99.5,100.5,109.4,101.4,96.4,93.9,,98.5,93.0,100.0,101.3,101.8,96.4,139.4,,,102.3,,95.4,100.0,,100.0,98.5,98.3,98.6,,107.6,145.7,171.5,121.7,111.2,108.7,,,108.2,104.9,112.6,103.9,104.6,104.1,104.5,104.9,103.0,105.2,104.2,95.2,102.1,98.6,103.1,121.0,87.9,90.2,109.1,75.2,85.3,117.1,78.0,61.8,98.8,104.3,107.4,101.0,77.2,76.9,77.9,95.8,,100.9,82.9,91.7,100.0,93.7,100.3,96.5,107.5,89.8,92.8,101.2,97.5,101.2,101.4,102.0,101.4,,104.1,103.7,114.0,
200209,112.5,427.6,,271.4,,,1183.1,2056.4,,895.4,480.2,92.0,96.9,109.1,97.3,102.4,104.5,90.8,104.3,96.1,98.0,109.6,148.9,96.2,108.0,95.6,109.1,116.8,127.7,238.7,,,102.8,108.9,99.8,100.3,96.7,104.2,96.2,111.0,,,105.7,,122.6,105.1,94.7,124.1,,98.9,,97.5,99.8,99.8,99.5,100.0,90.2,,84.6,95.3,97.0,95.9,95.0,100.8,101.0,101.0,105.7,105.7,96.5,95.2,96.5,98.7,,94.7,94.5,100.4,101.0,99.6,100.0,,100.0,101.4,99.9,,96.6,99.5,100.5,111.7,100.9,96.0,97.9,,98.5,91.9,100.0,100.6,101.7,96.3,139.2,,,102.3,,95.4,100.0,,99.9,98.5,98.3,98.6,,107.6,146.1,169.7,122.8,111.0,108.4,,,108.0,104.3,112.7,104.1,104.4,104.0,104.5,105.1,103.0,105.2,104.5,95.2,102.3,98.6,103.0,122.2,88.0,90.3,110.3,75.0,85.3,116.9,78.3,62.1,99.6,104.0,106.8,101.1,77.2,76.9,77.9,95.8,,100.9,82.9,91.7,100.0,93.7,100.3,95.5,101.5,92.7,92.2,101.2,97.7,101.1,101.3,102.0,101.3,,104.1,103.7,111.0,
200210,111.2,419.0,,270.6,,,1099.5,1973.0,,895.4,471.9,92.0,96.9,107.8,97.1,102.4,104.5,90.1,104.2,96.1,97.9,109.6,147.4,96.2,108.0,96.2,108.9,118.2,127.7,238.4,,,102.9,108.9,99.3,93.9,94.4,92.7,96.0,110.3,,,105.7,,119.0,104.2,94.6,123.7,,99.0,,97.6,99.8,99.8,99.5,100.0,90.1,,85.2,96.2,97.0,100.1,95.0,99.6,101.6,101.6,92.0,92.0,96.6,95.2,96.5,98.7,,94.7,94.6,100.4,101.7,99.6,100.0,,100.0,102.4,100.4,,96.6,99.5,100.5,115.5,100.9,96.4,100.6,,98.5,91.9,100.0,100.3,101.8,96.4,139.2,,,102.3,,95.4,100.0,,99.9,98.6,98.3,98.6,,107.4,145.8,170.1,122.4,110.8,107.8,,,107.8,103.9,113.1,103.7,104.3,103.8,104.5,104.8,103.1,105.2,104.2,95.2,102.5,98.6,102.2,119.4,88.1,90.3,109.9,75.1,85.3,117.5,78.5,62.4,99.7,104.1,106.6,101.4,77.2,76.9,77.9,95.8,,100.9,82.9,91.7,100.0,93.7,100.3,94.2,102.2,87.8,94.0,101.1,97.7,101.0,101.2,102.0,101.3,,104.0,103.7,110.0,
200211,110.7,411.2,,264.5,,,1064.1,1894.5,,893.3,462.9,92.0,96.9,108.8,97.3,102.4,104.5,90.7,104.1,96.1,98.2,109.8,147.1,96.2,108.4,96.6,109.1,119.1,127.5,238.0,,,103.0,108.9,99.0,99.4,96.7,100.3,100.4,110.3,,,105.7,,120.1,103.3,94.7,123.9,,99.4,,97.5,99.8,99.8,99.5,100.0,89.9,,84.6,95.3,97.0,95.9,95.0,98.7,102.8,102.8,84.1,84.1,96.6,95.2,96.5,98.8,,94.7,94.6,100.3,101.5,99.6,100.0,,100.0,102.1,100.4,,96.6,99.5,100.5,114.0,101.0,96.4,101.3,,99.0,91.9,100.0,100.2,101.7,96.3,138.9,,,102.3,,95.3,100.0,,99.9,98.6,98.3,98.6,,107.1,144.3,170.1,120.4,110.2,108.7,,,107.1,102.8,111.7,103.7,104.3,103.8,104.5,105.0,102.8,105.2,104.1,95.2,102.5,98.6,101.9,120.0,88.0,90.2,109.7,75.0,85.3,116.7,78.6,62.4,99.5,104.0,106.5,101.4,77.2,76.9,77.9,95.8,,100.9,82.9,91.7,100.0,93.7,100.3,94.8,101.8,93.5,87.4,101.1,97.7,101.0,101.2,101.9,101.2,,103.9,103.7,109.5,
200212,111.3,406.6,,257.9,,,1043.8,1860.1,,894.3,455.3,92.0,96.9,108.6,97.3,102.4,104.5,90.6,103.5,96.1,98.7,110.0,146.3,96.3,107.5,96.2,109.5,119.2,124.2,219.9,,,102.9,108.8,98.1,101.3,97.8,100.1,107.2,109.5,,,105.7,,116.4,102.2,94.2,124.0,,99.3,,97.6,99.8,99.8,99.5,100.0,91.0,,88.3,95.4,97.0,96.2,95.0,99.8,100.8,100.8,96.4,96.4,96.6,95.2,96.6,98.8,,94.7,94.6,100.3,101.2,99.6,100.0,,100.0,101.7,100.4,,96.6,99.5,100.4,111.9,101.0,96.2,101.3,,99.0,91.8,100.0,101.0,101.8,96.3,139.7,,,102.3,,95.4,100.0,,99.9,98.5,98.2,98.6,,106.5,141.1,169.9,115.8,109.4,108.2,,,106.8,102.3,110.1,103.3,104.0,103.4,104.5,104.6,102.8,105.2,103.6,95.2,102.4,98.6,101.7,115.7,89.1,91.8,109.0,78.4,85.3,116.5,78.6,62.5,99.5,104.1,106.6,101.5,77.2,76.9,77.9,95.8,,100.9,82.9,91.7,100.0,93.7,100.3,94.0,102.3,90.2,89.1,101.1,97.6,100.9,101.2,101.9,101.2,,104.0,103.7,110.0,
200301,109.9,402.6,,249.6,,,1013.4,1791.4,483.5,882.9,442.2,92.0,99.9,108.4,97.4,102.4,104.5,90.5,103.6,96.1,99.1,109.7,146.8,96.1,107.5,96.3,108.9,118.8,123.4,213.7,,,102.9,108.6,98.5,101.0,95.8,102.7,102.8,110.0,,,105.7,,120.1,102.9,93.9,123.3,,99.4,,97.6,99.8,99.8,99.5,100.0,90.9,,86.9,95.4,97.0,96.1,95.0,97.8,99.8,99.8,83.4,83.4,96.6,95.2,96.6,98.8,,94.7,94.6,100.5,100.7,99.6,100.0,,100.0,100.7,100.4,,96.6,99.5,100.2,107.5,101.0,96.2,101.3,,99.0,91.8,100.0,101.3,101.7,96.3,139.8,100.6,,102.3,,95.5,100.0,,99.9,98.6,98.3,98.6,,106.8,142.3,168.5,118.3,110.0,108.7,,,107.2,102.9,111.3,103.4,104.0,103.3,104.5,104.5,102.7,105.2,103.5,95.2,102.4,98.6,101.7,118.0,89.2,92.1,108.7,78.7,87.3,116.2,78.7,62.5,99.5,104.0,106.4,101.4,77.2,76.9,77.9,95.8,,100.9,82.9,91.7,100.0,93.7,100.3,98.0,104.5,95.8,93.1,100.5,97.5,100.5,101.1,101.9,100.5,,103.2,103.8,108.7,
200302,109.6,394.8,,247.8,,,950.1,1752.1,484.7,865.2,430.4,92.0,98.7,108.2,97.5,102.4,104.5,90.3,103.1,96.1,99.8,109.6,146.4,96.1,107.2,96.4,108.8,118.3,123.4,213.1,,,102.9,108.6,99.2,100.7,93.8,103.6,102.2,109.4,,,105.7,,118.2,101.1,94.0,123.1,,99.4,,97.5,99.8,99.8,99.5,100.0,90.3,,84.8,95.5,97.0,96.5,95.0,97.8,99.7,99.7,83.8,83.8,96.6,95.2,96.6,98.8,,94.7,94.6,100.5,100.6,99.6,100.0,,100.0,100.6,100.4,,96.6,99.5,100.2,107.2,101.0,96.3,101.3,,99.0,91.3,100.0,101.1,101.7,96.3,139.7,100.6,,102.3,,95.5,100.0,,99.9,98.6,98.3,98.6,,106.9,141.4,163.4,119.4,110.2,107.9,,,107.4,104.1,110.5,103.6,104.1,103.5,104.5,104.5,102.7,105.2,103.3,95.2,102.4,98.6,101.7,119.5,89.0,91.7,107.6,78.7,86.6,116.2,78.9,63.4,99.2,103.5,105.6,101.1,77.2,76.9,77.9,95.8,,100.9,82.9,91.7,100.0,93.7,100.3,95.9,103.4,93.1,90.4,100.4,97.5,100.2,101.0,101.8,100.4,,103.0,103.8,108.5,
200303,110.4,389.5,,245.9,,,937.4,1703.1,485.9,842.3,426.3,92.0,98.1,108.8,97.5,102.4,104.5,90.6,103.5,96.1,99.8,109.3,146.9,96.1,107.2,96.2,108.5,118.3,123.5,213.4,,,102.9,108.8,98.9,104.4,97.8,105.8,108.4,109.4,,,105.7,,118.2,102.0,93.8,122.5,,99.1,,97.5,99.8,99.8,99.5,100.0,89.9,,84.6,95.4,97.0,96.2,95.0,98.9,100.0,100.0,92.5,92.5,96.6,95.4,96.6,98.8,,94.7,94.6,100.5,100.6,99.6,100.0,,100.0,100.7,100.5,,96.6,99.5,100.2,108.0,101.2,96.3,101.3,,99.0,91.3,100.0,100.8,101.4,96.3,139.5,100.4,,101.6,,95.7,100.0,,99.9,98.6,98.2,98.6,,106.5,141.1,161.4,119.9,109.5,108.2,,,106.2,103.4,110.1,103.2,103.7,103.2,104.2,104.7,102.7,104.9,103.2,95.0,102.3,98.4,101.7,116.3,90.5,94.1,108.2,83.3,84.3,116.1,78.9,63.8,99.6,103.9,106.2,101.4,77.2,76.9,77.9,95.8,,100.9,82.9,91.7,100.0,93.7,100.3,95.6,105.8,90.8,89.7,100.7,97.4,100.5,101.0,101.8,100.7,,103.4,103.7,109.4,
200304,109.8,386.3,,246.3,,,924.7,1654.0,455.5,835.0,424.2,92.0,99.0,107.0,97.3,102.1,104.5,89.9,103.9,96.0,99.3,109.3,146.8,96.5,107.6,95.9,108.7,117.6,123.5,213.4,,,102.9,108.8,98.9,95.1,91.4,93.8,101.3,108.8,,,105.7,,117.1,101.9,93.9,120.8,,99.2,,97.5,99.8,99.8,99.5,100.0,89.9,,84.6,95.6,97.0,97.0,95.0,98.7,99.5,99.5,90.7,90.7,96.7,95.1,97.0,98.9,,94.8,94.6,100.4,100.9,99.6,100.0,,100.0,101.3,100.4,,96.6,97.0,99.9,110.5,100.8,96.3,101.6,,99.2,92.3,100.0,100.6,101.2,96.2,138.8,100.4,,101.1,,95.7,100.0,,99.9,98.6,98.2,98.5,,106.5,140.8,160.2,119.5,109.7,107.7,,,106.6,103.2,111.1,103.1,103.6,103.1,104.0,104.8,102.7,104.8,103.3,94.8,102.0,98.2,101.5,117.2,91.0,94.5,107.9,83.8,86.1,115.9,79.9,64.3,99.5,103.6,105.6,101.4,77.2,76.9,77.9,95.5,,100.8,79.0,91.7,100.0,93.7,100.3,96.5,106.2,94.7,86.1,101.0,97.3,101.0,101.0,101.8,101.1,,103.8,104.1,108.7,
200305,110.1,381.0,,243.0,,,886.7,1600.0,451.9,826.7,422.1,92.0,99.0,107.8,97.3,102.1,104.5,89.9,103.5,96.0,99.6,108.2,146.8,96.2,108.0,96.0,106.8,118.5,123.5,213.1,,,102.9,108.8,99.0,101.7,105.6,100.9,99.5,108.8,,,105.7,,118.3,102.7,93.7,120.2,,99.3,,97.6,99.8,99.8,99.5,100.0,90.8,,87.6,95.4,97.0,96.2,95.0,99.1,101.4,101.4,89.6,89.6,96.6,95.0,97.0,98.7,,94.8,94.6,100.5,101.2,99.6,100.0,,100.0,102.0,100.4,,96.6,97.0,99.9,113.7,100.6,96.3,101.3,,99.2,93.0,100.0,100.1,101.1,96.2,138.9,100.4,,100.9,,95.7,100.0,,100.0,98.6,98.2,98.7,,106.1,139.6,157.7,119.1,109.4,107.6,,,106.0,103.3,110.8,102.9,103.4,103.0,103.3,104.7,102.7,104.2,103.3,94.3,101.9,97.6,101.4,117.3,91.2,94.4,107.3,84.0,86.1,115.6,80.6,64.5,99.3,103.5,105.7,101.0,77.2,76.9,77.9,95.5,,100.8,79.0,91.7,100.0,93.7,100.3,98.1,102.5,92.4,102.3,101.1,97.3,101.1,101.0,101.9,101.2,,103.9,104.1,109.0,
200306,110.1,377.7,,241.6,,,866.5,1565.6,445.8,809.0,421.4,92.0,99.0,106.3,96.9,102.1,104.5,89.3,103.1,96.0,98.5,108.3,146.9,96.0,108.3,96.0,106.9,118.7,123.4,212.8,,,102.9,108.8,99.0,93.6,90.9,95.5,92.6,108.7,,,105.7,,120.5,103.0,93.5,118.3,,99.0,,97.5,99.8,99.8,99.5,100.0,90.4,,86.1,95.5,97.0,96.4,95.0,99.7,102.4,102.4,92.5,92.5,96.6,95.0,97.0,98.7,,94.8,94.6,100.4,101.5,99.6,100.0,,100.0,102.2,100.4,,96.6,97.0,99.9,114.9,100.6,96.4,100.9,,99.2,93.0,100.0,99.9,101.2,96.2,138.5,100.4,,101.3,,95.6,100.0,,100.0,98.6,98.3,98.6,,105.9,137.3,156.1,116.2,109.4,107.7,,,106.0,102.6,111.5,102.7,103.5,102.9,103.4,104.7,102.6,104.3,103.3,94.2,101.9,97.7,101.3,115.3,91.1,94.2,106.9,83.8,86.1,116.2,80.7,64.4,99.2,103.4,105.4,101.2,77.2,76.9,77.9,95.5,,100.8,79.0,91.7,100.0,93.7,100.3,95.0,101.7,86.3,101.1,101.0,97.1,100.8,101.0,101.8,101.0,,103.9,104.1,108.9,
200307,111.3,375.8,,238.7,,,863.9,1550.9,444.6,790.2,413.1,92.0,99.0,106.1,97.0,102.0,104.4,89.3,103.1,95.9,99.1,108.2,146.9,96.2,108.2,96.1,106.8,118.7,123.1,211.8,,,102.9,108.8,98.6,93.2,91.9,94.0,93.1,108.2,,,105.7,,118.6,103.4,93.6,116.3,,99.0,,97.7,99.8,99.8,99.5,100.0,90.6,,86.8,96.2,97.0,96.4,95.9,101.6,103.9,103.9,109.5,109.5,96.6,95.0,97.0,98.7,,94.8,94.6,100.3,100.5,99.6,100.0,,100.0,100.6,100.4,,96.6,97.0,99.9,109.6,100.6,96.4,94.2,,99.2,92.9,100.0,99.7,101.2,96.4,137.6,100.4,,101.3,,96.7,100.0,,99.9,98.5,98.4,98.7,,105.7,136.7,154.7,115.9,108.9,107.4,,,105.2,102.2,111.3,102.7,103.5,103.0,102.8,104.6,102.3,104.3,103.1,94.3,102.4,97.7,101.2,117.0,90.9,93.9,105.2,84.0,86.1,116.4,80.8,64.6,99.0,102.9,104.5,101.2,83.5,83.3,84.2,95.5,,100.8,79.0,91.7,100.0,93.7,100.3,90.8,100.1,85.3,87.7,101.0,97.1,100.6,101.0,101.8,101.0,,103.9,104.1,110.2,
200308,113.4,371.8,,238.0,,,858.9,1536.2,414.2,786.0,404.2,92.0,99.0,106.4,97.2,102.0,104.4,89.6,102.9,95.9,99.7,107.5,146.8,96.4,108.2,96.0,105.6,117.6,122.5,211.1,,,102.6,107.6,98.8,95.8,95.1,98.1,92.2,108.6,,,105.7,,119.0,102.8,93.3,118.4,,99.0,,97.9,99.8,99.8,99.5,100.0,92.1,,91.6,96.2,97.0,96.8,95.9,105.1,110.6,110.6,128.9,128.9,96.6,95.0,97.0,98.7,,94.8,94.6,100.4,100.4,99.6,100.0,,100.0,100.4,100.4,,96.6,97.0,99.9,108.7,100.9,96.4,94.2,,99.2,92.9,100.0,99.7,101.2,96.5,137.0,100.4,,101.3,,96.9,100.1,,99.9,98.6,98.4,98.7,,105.9,137.1,153.5,117.2,109.5,108.5,,,105.8,102.9,111.1,102.8,103.3,103.0,102.8,104.3,102.5,104.3,102.8,94.3,103.3,97.7,101.2,118.0,91.5,95.0,105.5,86.0,86.1,115.4,80.8,64.6,99.4,102.4,103.8,100.8,83.5,83.3,84.2,95.5,,100.8,79.0,91.7,100.0,93.7,100.3,93.1,102.5,87.3,90.3,101.1,97.1,100.8,100.8,101.8,101.1,,104.0,104.1,112.7,
200309,111.1,367.2,,235.0,,,828.5,1492.0,403.3,766.3,396.6,92.0,99.0,106.6,97.2,102.0,104.5,89.6,101.9,95.9,100.0,107.5,146.6,96.2,107.8,96.3,105.7,117.6,122.2,210.8,,,102.6,107.8,97.8,98.2,94.1,101.6,95.8,108.0,,,105.7,,116.3,103.3,93.3,117.1,,98.7,,97.7,99.8,99.8,99.5,100.0,90.8,,86.9,96.2,97.0,96.5,95.9,101.3,104.2,104.2,106.9,106.9,96.6,95.0,97.0,98.7,,94.8,94.6,100.4,100.6,99.6,100.0,,100.0,100.7,100.4,,97.0,97.0,99.8,109.2,100.7,96.4,98.2,,99.2,92.7,100.0,99.5,101.2,96.5,136.7,100.4,,101.3,,97.1,100.1,,99.9,98.6,98.4,98.7,,105.8,137.0,153.1,117.5,108.5,107.5,,,105.1,101.6,110.1,102.8,103.4,102.9,102.8,104.5,102.4,104.3,102.9,94.3,103.0,97.7,101.2,118.4,92.7,96.8,106.4,88.9,86.1,114.7,81.0,64.7,99.4,103.1,104.4,101.8,83.5,83.3,84.2,95.5,,100.8,79.0,91.7,100.0,93.7,100.3,94.4,97.1,94.1,91.3,101.1,97.3,100.9,100.8,101.7,101.2,,104.0,104.1,109.7,
200310,110.5,363.3,,234.0,,,805.7,1433.1,406.9,756.9,397.9,92.0,99.0,107.8,97.0,101.9,104.4,89.6,100.7,95.9,99.9,107.7,147.4,96.3,107.4,96.6,106.1,116.6,122.1,210.5,,,102.6,107.8,97.2,103.3,98.1,107.3,100.8,108.8,,,105.7,,119.7,104.1,93.3,118.3,,98.5,,97.7,99.8,99.8,99.5,100.0,90.8,,87.6,96.2,97.0,96.8,95.9,100.0,107.3,107.3,89.5,89.5,96.6,95.0,97.0,98.7,,94.8,94.6,100.4,101.0,99.6,100.0,,100.0,101.6,98.7,,97.0,97.0,99.9,113.6,100.7,96.4,100.4,,99.2,92.7,100.0,99.6,101.1,96.5,135.6,100.4,,101.3,,97.0,100.1,,100.0,98.6,98.4,98.7,,105.5,135.9,153.3,115.4,109.3,108.6,,,106.0,102.3,110.5,102.4,103.4,102.8,102.3,104.4,102.3,103.8,103.0,93.8,103.1,97.2,101.0,116.1,92.8,97.0,106.9,89.1,86.1,114.6,80.9,64.6,99.3,103.1,104.4,101.7,83.5,83.3,84.2,95.5,,100.8,79.0,91.7,100.0,93.7,100.3,92.5,97.6,86.8,95.4,101.2,97.7,100.9,100.8,101.8,101.3,,103.9,104.1,109.3,
200311,108.8,358.7,,228.9,,,790.5,1384.0,394.8,739.2,393.8,92.0,99.0,105.5,96.9,101.9,103.6,89.5,101.3,95.8,100.1,107.9,147.1,96.3,108.4,96.6,106.3,115.8,117.6,181.7,,,102.6,107.8,97.2,94.5,92.2,94.1,97.8,107.8,,,105.7,,119.1,103.1,92.9,114.9,,98.6,,97.7,99.8,99.8,99.5,100.0,90.6,,86.1,96.2,97.0,96.5,95.9,98.4,104.1,104.1,81.6,81.6,96.6,95.0,97.0,98.7,,94.8,94.6,100.4,100.9,99.6,100.0,,100.0,101.4,100.3,,97.0,97.0,99.9,111.0,100.7,96.4,101.4,,99.7,92.7,100.0,100.1,101.0,96.4,135.4,100.4,,101.3,,97.0,100.1,,100.0,98.6,98.4,98.7,,105.4,134.7,152.5,113.6,109.7,107.8,,,105.7,101.9,114.5,102.1,103.4,102.8,102.3,104.1,102.5,103.8,102.7,93.8,102.6,97.2,100.6,113.4,92.9,97.0,106.7,89.1,86.1,114.6,81.1,65.1,99.4,103.2,104.5,101.8,83.5,83.3,84.2,95.5,,100.8,79.0,91.7,100.0,93.7,100.3,85.7,97.8,75.6,86.7,101.0,97.9,100.4,100.7,101.7,101.1,,103.7,104.1,107.9,
200312,109.4,355.4,,227.4,,,777.8,1344.8,387.5,725.7,389.0,92.0,99.0,106.2,96.9,101.8,104.2,89.4,100.5,95.7,100.0,107.6,147.1,96.3,108.8,96.4,106.1,115.9,115.1,167.4,,,102.4,107.8,96.9,100.1,95.1,98.4,108.6,108.0,,,105.7,,117.8,104.2,92.0,117.0,,98.3,,97.8,99.8,99.8,99.5,100.0,91.2,,89.2,96.2,97.0,96.8,95.9,99.1,101.3,101.3,92.5,92.5,96.6,95.0,96.9,98.8,,94.8,94.6,100.4,100.6,99.6,100.0,,100.0,100.9,100.4,,97.0,97.0,99.9,108.6,100.7,96.4,101.4,,99.7,92.7,100.0,100.3,101.0,96.4,134.4,100.4,,101.3,,97.0,100.1,,99.9,98.7,98.4,98.7,,105.3,133.1,151.3,112.0,109.5,108.2,,,105.8,101.2,114.0,102.0,103.2,102.7,102.4,103.4,102.3,103.8,102.3,93.8,102.6,97.2,100.4,113.6,92.9,97.1,106.9,89.2,86.1,114.4,81.0,65.1,99.4,102.9,104.2,101.6,83.5,83.3,84.2,95.5,,100.8,79.0,91.7,100.0,93.7,100.3,87.8,100.0,79.8,84.7,101.1,98.0,100.5,100.7,101.7,101.1,,103.7,104.1,108.5,
200401,107.9,348.9,,228.1,,,727.1,1281.0,391.2,699.6,376.5,92.0,98.1,105.6,96.9,101.8,104.2,89.5,100.3,95.7,99.8,106.8,146.9,96.3,108.1,96.5,105.1,114.8,115.1,167.1,,,102.4,107.8,96.9,98.5,98.0,98.2,99.9,107.7,,,105.7,,115.3,102.7,92.3,117.6,,98.6,,98.0,99.8,99.8,99.5,100.0,92.7,,89.2,96.2,97.0,96.5,95.9,97.0,100.4,100.4,78.7,78.7,96.8,96.1,96.9,98.8,,94.8,94.7,100.4,100.0,99.6,100.0,,100.0,99.8,100.4,,97.0,97.0,99.8,103.7,100.7,96.4,101.4,,99.7,92.4,100.0,100.3,101.0,96.6,134.8,100.2,,101.3,,96.9,100.1,,99.9,98.7,98.5,98.7,,104.9,134.2,149.9,114.5,108.7,107.9,,,104.6,100.1,114.0,101.9,103.1,102.6,102.4,104.1,102.2,103.8,102.6,93.8,102.6,97.0,100.7,111.6,92.9,96.9,105.8,88.8,88.7,114.4,81.4,65.7,99.6,102.6,103.8,101.2,83.5,83.3,84.2,95.5,,100.8,79.0,91.7,100.0,93.7,100.3,94.9,102.1,91.2,91.6,100.4,98.0,100.2,100.6,101.6,100.4,,102.8,104.1,107.2,
200402,107.8,345.6,,227.1,,,709.4,1236.8,381.4,680.9,368.2,92.0,98.6,105.6,96.8,101.8,104.2,89.6,100.4,95.7,99.2,107.0,146.9,95.5,108.3,96.5,105.2,115.2,115.3,167.1,,,102.5,108.0,97.2,98.6,97.7,97.9,100.9,107.5,,,105.7,,116.2,103.0,92.4,116.8,,98.1,,97.9,99.8,99.8,99.5,100.0,92.1,,86.9,96.2,97.0,96.7,95.9,97.0,99.7,99.7,79.7,79.7,96.8,96.3,97.1,98.8,,94.8,94.7,100.4,100.0,99.6,100.0,,100.0,99.6,100.4,,97.0,97.0,99.8,103.4,100.7,96.4,101.4,,99.7,92.0,100.0,100.3,101.0,96.5,134.3,100.1,,101.5,,97.0,100.1,,99.9,98.7,98.6,98.7,,105.3,135.6,151.3,116.0,108.9,108.4,,,104.8,100.1,114.1,102.1,102.8,102.3,102.3,104.0,102.1,103.6,102.5,93.8,102.7,97.1,100.7,115.4,93.0,97.0,106.2,88.9,88.2,114.6,81.7,66.1,99.5,102.6,103.8,101.3,83.5,83.3,84.2,95.5,,100.8,79.0,91.7,100.0,93.7,100.3,96.2,100.3,93.3,95.8,100.4,98.4,100.2,100.6,101.6,100.3,,102.6,104.1,106.8,
200403,108.5,342.3,,228.5,,,686.6,1202.5,385.1,662.2,371.7,92.0,97.9,106.0,96.8,101.8,104.1,89.3,100.3,95.7,100.2,106.0,143.2,95.7,108.3,96.5,104.3,114.1,115.3,167.1,,,102.5,108.0,97.2,102.1,101.0,100.7,106.1,107.5,,,105.7,,115.4,103.3,92.7,116.6,,98.2,,97.8,99.8,99.8,99.5,100.0,91.2,,89.2,96.2,97.0,96.7,95.9,98.2,100.3,100.3,88.1,88.1,96.9,96.6,97.1,98.7,,94.9,94.7,100.4,100.2,99.6,100.0,,100.0,100.1,100.4,,97.0,97.0,99.8,104.7,100.8,96.4,101.4,,99.7,92.4,100.0,101.3,101.1,96.8,134.3,100.1,,101.5,,96.9,100.1,,99.9,98.7,98.5,98.8,,105.2,133.9,151.5,113.9,108.8,108.7,,,104.5,100.1,114.1,102.1,103.1,102.6,102.3,103.8,101.8,103.6,102.4,93.8,102.6,97.1,100.6,115.4,92.8,96.5,105.8,88.9,85.3,114.7,81.8,66.3,99.9,102.6,103.5,101.6,83.5,83.3,84.2,95.5,,100.8,79.0,91.7,100.0,93.7,100.3,94.8,102.8,89.4,93.1,100.6,98.3,100.4,100.5,101.6,100.6,,103.0,104.0,107.9,
200404,108.6,341.0,,226.0,,,673.9,1241.7,379.0,674.6,379.3,92.0,98.2,105.6,96.7,101.6,103.8,89.5,100.6,95.2,99.9,106.7,142.1,95.6,107.7,95.3,105.6,113.8,114.7,166.5,,,102.0,107.1,97.3,99.9,99.6,100.5,99.2,107.2,,,105.7,,117.8,103.7,92.3,113.8,,97.5,,98.1,99.8,99.8,99.5,100.0,91.2,,89.2,97.6,97.0,100.0,97.0,98.3,100.3,100.3,85.9,85.9,97.1,97.0,97.2,98.8,,95.3,94.7,100.4,100.9,99.6,100.0,,100.0,101.4,100.4,,97.0,97.5,99.8,110.4,100.9,96.8,100.3,,99.8,93.7,100.0,100.3,101.0,96.9,134.1,100.0,,101.4,,97.0,100.2,,100.2,98.9,98.3,98.9,,105.2,135.1,149.9,116.8,108.9,108.4,,,105.2,99.4,114.7,102.0,103.2,102.7,101.7,103.5,102.0,103.2,102.1,93.4,102.7,96.6,100.5,116.2,92.9,96.8,105.4,89.1,87.5,114.6,82.0,66.4,99.6,102.7,103.6,101.5,83.5,83.3,84.2,95.6,,101.0,79.0,92.4,100.0,93.7,100.5,91.9,103.7,86.8,84.4,100.8,98.2,100.4,100.5,101.5,100.8,,103.2,104.7,107.5,
200405,108.6,336.4,,222.0,,,656.2,1207.4,375.4,677.8,372.4,92.0,98.2,104.7,96.5,101.7,104.1,89.5,100.4,95.4,98.8,106.7,139.8,95.7,108.1,95.5,105.9,113.5,114.9,166.5,,,102.0,107.1,97.4,98.1,105.3,95.2,96.9,105.6,,,105.7,,115.8,103.0,91.8,108.5,,97.4,,98.2,99.8,99.8,99.5,100.0,92.2,,90.0,97.2,97.0,98.1,97.0,98.9,101.9,101.9,87.6,87.6,97.1,97.1,97.2,98.8,,95.4,94.9,100.5,100.9,99.6,100.0,,100.0,101.5,100.4,,97.0,97.5,99.8,110.5,101.0,96.8,100.1,,99.8,94.2,100.0,100.5,101.0,96.9,134.3,100.0,,101.4,,96.7,100.2,,100.2,98.9,98.3,99.0,,104.8,133.0,149.8,114.0,108.8,108.5,,,104.7,99.8,114.2,101.7,103.0,102.5,101.7,103.5,101.3,103.2,102.4,94.3,102.5,96.6,100.7,113.9,92.0,95.2,105.4,86.2,87.5,114.2,81.9,66.3,99.6,102.7,103.5,101.6,83.5,83.3,84.2,95.6,,101.0,79.0,92.4,100.0,93.7,100.5,93.5,104.3,82.5,97.8,100.8,98.2,100.6,100.5,101.4,100.9,,103.3,104.7,107.6,
200406,108.6,333.1,,217.6,,,648.6,1163.2,366.9,664.2,366.2,92.0,98.2,104.3,96.6,101.7,104.1,89.5,99.9,95.3,99.5,106.7,139.4,95.8,107.8,94.8,106.0,114.0,114.7,165.8,,,102.2,107.4,96.9,94.0,95.3,94.7,91.7,106.5,,,105.7,,118.3,103.8,91.6,110.6,,97.4,,98.1,99.8,99.8,99.5,100.0,91.9,,89.2,96.9,97.0,96.8,97.0,99.1,102.9,102.9,88.4,88.4,97.1,97.1,97.2,98.8,,95.4,94.9,100.5,100.9,99.6,100.0,,100.0,101.6,100.4,,97.0,97.5,99.8,110.9,101.0,96.8,99.9,,99.8,94.1,100.0,100.5,100.8,96.9,134.6,100.0,,100.6,,96.7,100.3,,100.2,98.9,98.4,99.0,,104.9,132.2,149.6,113.0,107.7,108.8,,,103.5,98.4,112.7,102.3,103.0,102.4,101.7,103.5,101.5,103.2,102.0,95.4,101.9,96.6,100.9,117.6,91.7,94.7,104.9,85.6,87.5,114.1,82.1,66.4,99.8,102.6,103.6,101.4,83.5,83.3,84.2,95.6,,101.0,79.0,92.4,100.0,93.7,100.5,96.4,101.3,90.1,101.0,100.9,98.1,100.8,100.4,101.4,100.9,,103.2,104.8,107.6,
200407,109.6,329.9,,212.5,,,641.0,1123.9,353.5,647.6,365.5,92.0,98.2,104.0,96.6,101.8,104.1,89.5,99.8,95.3,99.5,106.6,139.6,96.0,107.8,94.9,105.7,114.8,114.7,165.8,,,102.3,107.4,96.9,93.7,94.2,95.6,89.6,106.1,,,105.7,,116.4,102.3,91.2,111.3,,97.0,,98.0,99.8,99.8,99.5,100.0,91.3,,86.9,96.9,97.0,96.8,97.0,101.1,104.0,104.0,106.1,106.1,97.1,97.1,97.3,98.8,,95.4,94.9,100.4,100.2,99.6,100.0,,100.0,100.0,100.4,,97.0,97.5,99.8,105.6,101.0,96.8,93.0,,99.8,94.0,100.0,101.1,101.1,96.9,134.1,100.0,,101.7,,96.6,100.2,,100.2,98.9,98.3,98.9,,104.7,131.9,149.9,112.7,106.4,107.5,,,102.3,96.1,112.9,102.4,102.7,101.9,101.1,103.0,101.2,102.7,102.0,100.8,102.0,96.1,100.1,114.4,91.5,94.2,103.7,85.4,87.5,114.1,82.3,66.4,99.6,102.2,103.3,101.2,83.5,83.3,84.2,95.6,,101.0,79.0,92.4,100.0,93.7,100.5,91.5,99.4,84.2,93.0,100.8,98.0,100.4,100.4,101.4,100.8,,103.1,104.8,108.9,
200408,111.9,325.3,,206.7,,,628.3,1074.8,321.9,640.3,359.9,92.0,98.2,104.7,96.7,101.9,104.2,89.6,99.8,95.4,99.7,106.6,139.6,95.8,107.7,95.3,105.7,112.7,114.6,165.5,,,102.3,107.4,96.3,97.6,96.6,102.0,90.1,105.9,,,105.7,,115.1,103.2,91.1,111.7,,96.8,,98.3,99.8,99.8,99.5,100.0,92.9,,92.8,97.4,97.0,99.0,97.0,104.5,110.6,110.6,124.2,124.2,97.1,97.1,97.3,98.8,,95.4,94.9,100.4,100.1,99.6,100.0,,100.0,99.8,100.4,,97.0,97.5,99.8,105.2,101.0,96.8,93.0,,99.8,93.6,100.0,101.1,101.1,96.9,134.0,100.0,,101.7,,96.6,100.2,,100.2,98.9,98.3,98.8,,104.6,131.0,149.6,112.3,105.8,108.4,,,101.3,95.5,112.2,102.4,102.8,102.3,101.3,103.0,101.4,102.8,102.0,101.4,101.9,96.2,99.7,112.6,91.3,94.0,103.2,85.3,87.5,113.4,82.2,66.4,99.6,102.0,103.0,101.0,83.5,83.3,84.2,95.6,,101.0,79.0,92.4,100.0,93.7,100.5,91.5,100.3,82.9,94.3,100.9,98.0,100.6,100.4,101.3,101.0,,103.3,104.8,111.2,
200409,109.6,320.7,,202.4,,,600.4,1030.7,309.8,642.4,348.2,92.0,98.2,105.0,97.0,101.9,104.1,89.3,99.8,95.5,100.7,106.5,139.4,95.6,107.2,93.2,106.0,113.5,114.3,164.8,,,102.5,107.4,95.6,98.5,98.8,100.1,95.1,106.3,,,105.7,,116.7,103.6,91.3,111.3,,96.7,,98.1,99.8,99.8,99.5,100.0,92.0,,88.2,96.9,97.0,96.8,97.0,100.9,104.8,104.8,102.8,102.8,97.2,97.2,97.3,98.8,,95.5,94.9,100.5,100.4,99.6,100.0,,100.0,100.3,99.9,,97.2,97.5,99.9,106.6,100.8,97.0,96.6,,99.8,93.8,100.0,101.2,101.1,96.9,133.5,100.0,,101.8,,96.7,100.2,,100.2,98.9,98.3,98.8,,105.0,130.1,146.4,113.1,107.2,107.2,,,102.8,98.2,113.3,102.6,102.9,102.4,101.3,103.0,101.3,102.9,102.0,101.4,102.1,96.2,100.0,114.7,91.5,94.3,104.3,85.3,87.5,113.5,82.2,66.1,99.6,102.4,103.3,101.4,83.5,83.3,84.2,95.6,,101.0,79.0,92.4,100.0,93.7,100.5,94.6,96.0,96.0,90.2,101.1,98.0,101.0,100.3,101.3,101.2,,103.3,104.8,108.6,
200410,109.1,319.4,,197.6,,,580.2,986.5,342.6,640.3,345.4,92.0,98.2,105.6,96.9,101.9,103.9,89.5,99.6,95.7,100.3,106.8,139.4,95.6,107.4,94.7,106.2,113.6,114.4,165.2,,,102.4,107.1,96.3,102.4,99.8,106.0,98.0,105.9,,,105.7,,117.3,102.7,91.4,109.7,,96.9,,98.2,99.8,99.8,99.5,100.0,92.5,,90.4,97.3,97.0,98.6,97.0,99.9,106.6,106.6,88.3,88.3,97.3,97.2,97.4,98.8,,95.6,94.9,100.6,101.1,99.6,100.0,,100.0,101.7,100.3,,97.2,97.5,99.9,111.6,100.8,97.0,99.3,,99.8,93.8,100.0,101.5,101.0,96.9,132.5,100.0,,101.8,,96.8,100.3,,100.2,98.9,98.3,98.7,,104.9,128.5,146.2,111.6,107.4,108.2,,,102.4,99.4,112.8,102.5,102.8,102.3,101.1,103.2,101.3,102.2,102.1,101.0,101.8,95.7,100.3,115.9,91.8,94.7,104.4,85.9,87.5,114.5,82.3,66.2,100.0,102.4,103.3,101.4,83.5,83.3,84.2,95.7,,101.0,79.0,92.4,100.0,93.7,101.9,105.1,97.5,112.7,102.5,101.1,97.8,101.5,100.2,101.3,101.2,,103.4,104.8,108.1,
200411,107.9,315.4,,197.3,,,565.0,932.5,347.4,629.9,342.0,92.0,98.2,105.5,96.7,101.9,103.9,89.2,99.5,95.5,100.0,107.1,139.4,95.6,108.3,94.8,106.3,114.1,112.9,155.4,,,102.5,107.2,96.4,103.0,99.8,106.5,99.6,105.8,,,105.7,,116.8,103.2,91.1,109.8,,96.6,,98.0,99.8,99.8,99.5,100.0,91.9,,88.2,96.9,97.0,96.8,97.0,98.1,103.9,103.9,78.4,78.4,97.3,97.2,97.4,98.8,,95.9,94.9,100.6,100.8,99.6,100.0,,100.0,101.3,100.3,,97.2,97.5,99.6,109.4,100.8,97.0,100.2,,99.8,93.8,100.0,101.3,101.0,96.9,132.5,99.7,,101.8,,96.7,100.3,,100.2,99.0,98.5,98.8,,104.8,127.9,145.0,111.6,106.9,107.7,,,101.5,98.2,113.5,102.5,102.9,102.2,101.5,103.1,101.2,101.7,102.1,101.3,101.9,95.9,100.5,115.0,91.9,94.6,104.3,85.9,87.5,113.7,82.7,67.2,100.0,102.4,103.3,101.4,83.5,83.3,84.2,95.7,,101.0,79.0,92.4,100.0,93.7,101.9,105.5,96.6,117.0,97.8,100.8,97.8,101.3,100.2,101.3,100.9,,103.0,104.8,106.9,
200412,108.2,310.2,,190.0,,,532.0,937.4,336.5,612.2,328.9,92.0,98.2,105.0,96.8,101.7,104.2,89.9,99.4,95.1,99.6,106.4,139.4,95.7,107.8,94.5,105.5,113.5,112.4,155.1,,,102.5,107.0,95.0,101.3,97.2,102.5,103.0,105.7,,,105.7,,115.8,103.8,90.7,109.7,,96.9,,98.4,99.8,99.8,99.5,100.0,94.2,,92.6,96.9,97.0,97.0,97.0,98.9,100.9,100.9,90.4,90.4,97.3,97.2,97.4,98.8,,95.9,94.9,100.5,100.5,99.6,100.0,,100.0,100.6,100.3,,97.2,97.5,99.5,106.6,100.8,97.0,100.2,,99.8,93.7,100.0,102.4,100.9,96.9,131.5,99.7,,101.8,,96.9,100.3,,100.2,99.0,98.5,98.7,,104.2,125.8,145.0,107.9,106.1,108.5,,,100.2,98.1,112.2,102.0,102.7,102.2,101.3,103.1,101.1,101.2,102.1,101.1,101.9,95.7,100.4,111.7,93.0,96.5,104.4,89.1,87.5,113.9,83.0,67.4,99.8,102.2,103.2,101.2,83.5,83.3,84.2,95.7,,101.0,79.0,92.4,100.0,93.7,101.9,96.0,97.6,92.3,100.0,100.9,97.8,100.8,100.2,101.3,100.9,,103.0,104.8,107.5,
200501,108.1,324.1,509.4,186.2,,397.3,508.5,898.4,325.0,663.5,323.3,92.0,95.8,105.2,96.9,101.7,104.5,89.7,99.4,95.3,100.8,106.8,139.0,96.0,107.7,94.1,105.7,112.2,112.6,155.3,,,102.6,107.2,95.6,101.5,97.5,104.0,100.6,106.1,163.8,,105.7,105.0,113.5,103.7,91.0,111.1,,96.6,100.7,98.4,99.8,99.8,99.5,100.0,94.5,,90.9,97.1,97.0,97.2,97.1,96.9,100.1,100.1,72.1,72.1,97.3,97.3,97.4,98.9,96.1,96.0,95.0,100.4,100.1,99.5,100.0,98.7,100.0,99.6,100.3,,97.3,97.1,99.6,102.3,102.5,97.0,100.5,99.2,100.2,93.8,100.0,101.9,101.3,97.0,132.1,100.4,,101.8,,97.1,100.3,111.2,100.2,99.0,98.4,99.0,100.3,104.4,127.3,146.0,109.4,105.8,108.2,116.3,,100.7,96.8,112.2,102.2,102.7,102.3,101.1,103.2,101.4,101.5,102.0,101.0,101.9,95.8,100.0,113.8,93.6,97.3,103.8,90.1,89.3,114.3,83.0,67.1,100.2,102.9,104.5,101.0,83.5,83.3,84.2,96.7,95.9,100.8,86.9,92.8,100.0,93.7,101.9,99.1,101.8,95.5,101.6,100.5,97.7,100.4,100.2,101.2,100.4,91.3,102.6,104.7,107.4,105.9
200502,107.6,315.4,501.3,186.2,,374.5,492.8,878.4,308.9,624.1,307.3,92.0,95.3,104.4,96.8,101.6,104.3,89.8,99.7,95.1,100.3,105.7,138.9,95.9,107.8,93.6,104.3,112.2,112.5,155.1,,,102.4,107.0,95.7,98.2,96.3,99.2,98.3,105.9,158.9,,105.7,105.0,114.8,102.5,90.3,111.2,,96.5,100.7,98.2,99.8,99.8,99.5,100.0,92.6,,89.5,97.1,97.0,97.2,97.1,97.0,100.0,100.0,73.8,73.8,97.4,97.3,97.7,99.0,96.1,96.0,95.0,100.4,100.0,99.5,100.0,98.7,100.0,99.6,100.3,,97.3,97.1,99.8,102.3,102.5,97.0,100.5,99.2,100.2,93.8,100.0,101.5,101.0,96.9,132.3,100.0,,101.8,,97.1,100.1,108.9,100.2,99.0,98.4,98.7,100.3,104.6,127.3,143.8,111.8,106.4,107.7,115.3,,101.6,99.6,112.3,102.2,102.9,102.2,101.1,103.1,101.4,101.5,101.9,101.0,101.9,95.8,100.1,113.8,93.3,96.7,102.9,90.1,88.4,113.2,83.1,67.3,100.1,102.7,104.3,100.5,83.5,83.3,84.2,96.7,95.9,100.8,86.9,92.8,100.0,93.7,101.9,97.6,100.0,94.9,98.6,100.2,97.8,100.0,100.2,101.2,100.1,91.0,102.2,104.7,106.8,105.9
200503,108.0,309.9,498.7,184.0,,358.7,481.2,855.2,298.0,604.1,302.6,92.0,94.9,105.3,96.8,102.0,104.3,90.3,99.6,95.0,99.9,105.9,138.9,96.4,107.9,93.7,104.7,110.9,112.9,155.3,,,102.5,107.1,96.3,102.8,100.4,103.4,104.1,106.2,157.9,,105.7,104.9,115.6,103.1,91.3,111.1,,96.0,100.6,98.2,99.8,99.8,99.5,100.0,92.3,,88.8,97.0,97.0,97.0,97.1,97.7,99.9,99.9,81.2,81.2,97.4,97.3,97.7,99.0,96.1,96.0,95.0,100.6,100.1,99.7,100.0,99.2,100.0,99.8,100.3,,99.4,97.1,99.8,103.3,102.5,97.0,100.5,99.2,100.2,93.8,100.0,101.3,100.8,96.8,132.6,99.6,,101.7,,97.0,100.1,108.9,100.2,99.0,98.4,98.6,100.3,104.2,126.2,143.2,110.1,106.3,106.3,116.9,,101.4,99.2,112.4,101.8,102.6,102.0,101.0,103.2,101.0,101.4,102.1,100.8,101.9,95.6,100.1,110.4,93.3,96.6,103.0,90.5,85.1,113.4,83.4,67.9,100.1,102.5,103.6,101.0,83.5,83.3,84.2,96.7,95.9,100.8,86.9,92.8,100.0,93.7,101.9,97.4,101.3,93.6,98.7,100.5,97.9,100.4,100.1,101.1,100.5,91.1,102.6,104.7,107.6,105.8
200504,108.2,305.5,483.0,187.3,,346.3,473.5,864.8,277.3,601.2,301.5,92.0,95.3,104.8,96.6,102.0,104.3,89.6,99.4,95.0,99.7,105.9,138.9,96.3,107.3,92.8,104.9,111.2,113.0,155.1,,,102.5,107.1,96.5,100.0,96.2,102.7,98.6,106.1,154.0,,105.7,105.5,116.9,102.5,91.4,110.3,,96.1,100.6,98.2,99.8,99.8,99.5,100.0,92.4,,89.5,97.2,97.0,97.7,97.1,98.5,99.1,99.1,88.2,88.2,97.5,97.3,97.8,99.0,96.4,96.3,94.9,100.1,100.5,99.6,100.0,99.0,100.0,100.7,100.3,,99.4,96.0,99.8,107.6,99.8,96.9,100.8,99.2,99.7,94.7,100.0,100.3,100.7,96.8,132.6,99.6,,101.1,,97.2,100.4,111.2,100.3,99.1,98.7,98.7,100.5,104.4,128.0,143.8,112.9,105.4,107.5,117.4,,99.8,95.1,112.8,102.3,102.7,102.1,101.1,103.2,101.4,101.4,102.0,100.9,101.7,95.8,99.9,114.8,93.6,97.0,103.8,90.1,87.6,113.5,83.6,68.0,100.2,102.6,103.7,101.3,83.5,83.3,84.2,96.8,95.9,101.3,86.9,92.7,100.0,93.7,101.9,94.6,101.0,91.6,90.8,100.8,97.7,100.5,100.2,101.2,100.8,92.5,102.9,105.3,107.3,105.8
200505,108.3,299.4,472.3,187.1,,339.9,450.2,836.8,268.1,604.7,298.8,92.0,95.3,104.6,96.8,102.0,104.3,90.1,99.5,95.1,100.2,105.9,138.9,96.2,107.3,92.8,105.0,110.8,112.9,155.1,,,102.5,107.1,96.3,100.5,106.8,99.4,96.6,105.4,150.4,,105.7,105.2,114.6,102.5,89.9,110.3,,95.7,100.4,98.3,99.8,99.8,99.5,100.0,92.6,,90.2,97.4,97.0,98.5,97.1,99.3,102.6,102.6,90.4,90.4,97.5,97.3,97.8,99.0,96.4,96.3,94.9,100.1,100.5,99.6,100.0,99.0,100.0,100.9,100.3,,99.4,96.0,99.8,108.6,99.6,96.9,100.4,99.2,99.7,94.7,100.0,100.2,100.7,96.7,132.6,99.6,,101.1,,97.1,100.4,111.4,100.3,99.1,98.7,98.7,100.5,104.0,127.6,143.0,112.9,105.5,107.4,116.6,,99.5,96.6,112.9,101.7,102.5,102.0,101.1,103.5,101.1,101.5,102.3,101.0,101.8,95.7,100.3,108.4,93.6,96.9,103.3,90.2,87.6,113.6,83.7,68.3,100.2,102.6,103.8,101.2,83.5,83.3,84.2,96.8,95.9,101.3,86.9,92.7,100.0,93.7,101.9,95.3,99.4,88.3,101.8,100.9,97.7,100.7,100.2,101.2,101.0,93.0,103.0,105.3,107.5,105.5
200506,107.9,290.1,450.9,186.0,,331.9,426.5,801.6,259.7,597.1,297.7,92.0,95.3,103.3,96.8,102.0,104.0,90.7,99.4,95.1,99.8,105.9,138.9,96.4,107.4,92.6,104.9,111.5,113.2,155.0,,,102.8,107.1,97.1,92.5,92.7,93.3,91.0,105.6,148.1,,105.7,104.7,115.3,103.2,90.8,110.0,,95.6,100.3,98.4,99.8,99.8,99.5,100.0,93.1,,89.5,97.4,97.0,98.5,97.1,99.5,102.9,102.9,92.7,92.7,97.6,97.3,97.8,99.0,96.4,96.3,94.9,100.2,100.5,99.6,100.0,99.0,100.0,100.7,100.2,,99.4,96.0,99.8,107.9,99.5,97.0,100.0,99.2,99.7,94.7,100.0,100.3,100.7,96.8,131.5,99.6,,101.3,,97.1,100.4,111.4,100.3,99.1,98.7,98.7,100.1,104.3,127.5,144.7,111.0,105.5,107.7,117.9,,99.0,97.0,112.0,102.1,101.9,101.4,101.1,103.4,101.6,101.5,102.2,100.9,101.7,95.8,100.3,113.4,93.5,96.7,103.3,90.1,87.6,112.3,83.6,68.4,99.9,102.6,103.9,101.1,83.5,83.3,84.2,96.8,95.9,101.3,86.9,93.0,100.0,93.7,101.9,88.8,95.9,77.0,100.2,100.7,97.6,100.2,100.1,101.1,100.8,92.6,102.8,105.3,107.0,105.5
200507,108.5,287.8,437.5,185.8,,325.5,453.4,798.4,257.7,580.0,295.3,92.0,95.3,103.5,96.9,101.9,103.8,91.1,99.3,94.8,99.9,105.8,139.1,96.6,107.1,92.8,104.8,111.4,113.1,154.8,,,102.8,107.1,97.0,94.1,94.6,95.3,91.2,105.4,148.2,,105.7,105.1,114.2,102.3,90.9,111.0,,95.4,100.2,98.4,99.8,99.8,99.5,100.0,92.8,,89.5,97.7,97.0,99.8,97.1,100.7,103.9,103.9,107.8,107.8,97.5,97.3,97.8,99.0,96.4,96.3,94.9,100.1,99.8,99.6,100.0,99.0,100.0,99.2,100.2,,97.7,96.0,99.8,102.4,98.0,97.0,93.1,99.2,99.7,94.7,100.0,99.5,100.8,96.8,132.7,99.6,,101.5,,97.0,100.4,111.3,100.3,99.2,98.7,98.7,100.1,104.1,128.5,146.7,111.1,104.7,106.1,114.9,,99.2,96.3,112.5,102.0,102.6,102.0,101.1,103.3,101.2,101.5,102.1,100.9,101.7,95.7,100.4,112.8,93.1,96.2,102.2,90.2,87.6,111.0,83.4,68.3,99.4,102.3,103.5,100.9,83.5,83.3,84.2,96.8,95.9,101.3,86.9,93.5,100.0,93.7,101.9,89.4,97.6,82.5,90.1,100.6,97.5,100.0,100.1,101.1,100.6,93.1,102.6,105.3,107.7,105.5
200508,109.5,280.0,418.3,183.1,,320.8,441.7,768.8,253.3,565.3,286.3,92.0,95.3,103.8,96.6,101.7,103.2,91.1,99.3,94.8,98.9,104.6,138.7,96.2,106.8,92.4,102.9,111.5,113.0,154.5,,,102.6,107.2,97.0,97.2,97.2,100.3,91.2,105.4,146.7,,105.7,103.7,114.5,102.5,91.2,110.9,,95.4,100.1,99.0,99.8,99.8,99.5,100.0,95.4,,95.9,98.7,97.0,98.9,99.0,102.8,110.0,110.0,121.6,121.6,97.5,97.3,97.8,99.0,96.4,96.3,94.9,100.1,99.6,99.6,100.0,99.0,100.0,99.0,100.2,,97.7,96.0,99.8,101.2,98.1,97.0,93.1,99.2,99.7,94.7,100.0,99.9,100.7,96.8,131.4,99.6,,101.5,,97.0,100.5,111.8,100.3,99.3,98.7,98.7,100.3,103.8,126.8,143.0,111.4,104.3,106.2,116.6,,98.2,95.0,111.4,101.9,102.6,101.9,101.2,103.3,101.4,101.5,102.3,100.9,101.6,95.5,100.4,109.8,93.0,96.1,102.0,90.2,87.6,111.2,83.5,68.5,99.4,101.9,102.8,101.0,83.5,83.3,84.2,96.8,95.9,101.3,86.9,93.7,100.0,93.7,101.9,89.5,98.5,79.1,95.5,100.7,97.5,100.2,100.0,101.0,100.7,94.1,102.7,105.3,109.1,105.5
200509,108.0,275.1,406.3,183.8,,316.1,424.7,759.2,248.7,566.5,282.2,92.0,95.3,104.0,96.6,101.6,103.2,91.0,98.5,95.1,99.7,105.4,137.0,96.4,106.9,93.0,104.3,111.7,113.1,154.3,,,102.9,107.4,97.0,97.2,95.5,99.7,93.9,105.5,141.8,,105.7,103.4,113.9,103.8,91.6,111.4,,95.3,100.0,98.7,99.8,99.8,99.5,100.0,93.3,,89.5,98.6,97.0,98.7,99.0,100.5,102.8,102.8,107.8,107.8,97.5,97.3,97.8,99.0,96.4,96.3,95.1,99.9,99.7,99.6,100.0,99.0,100.0,99.2,99.8,,97.7,96.0,99.8,102.1,98.0,97.0,97.3,99.2,99.7,94.7,100.0,99.0,100.7,96.8,131.4,99.6,,101.5,,97.0,100.5,111.8,100.1,99.3,98.8,98.8,100.3,103.8,124.8,139.8,110.6,104.8,106.2,116.7,,98.6,95.8,113.1,101.9,102.0,101.4,101.1,103.4,101.4,101.3,102.3,100.9,101.5,95.5,100.1,111.1,93.3,96.5,102.8,90.3,87.6,111.4,83.8,68.9,99.4,102.0,102.9,101.2,83.5,83.3,84.2,96.8,95.9,101.3,86.9,93.7,100.0,93.7,101.9,92.1,95.7,88.6,93.3,100.9,97.5,100.5,100.1,101.1,101.0,94.9,102.9,105.3,107.2,105.5
200510,107.3,267.8,401.3,179.2,,310.4,413.0,728.0,191.1,561.8,272.0,92.0,95.3,103.6,96.4,101.6,103.5,90.9,97.8,95.3,99.4,104.7,130.0,96.8,107.5,93.2,104.0,111.8,113.0,154.3,,,102.9,107.4,96.7,94.5,94.3,94.8,94.2,106.1,138.5,,105.7,102.6,115.5,106.7,92.4,111.1,,95.4,99.9,98.7,99.8,99.8,99.5,100.0,93.7,,90.2,98.6,97.0,98.7,99.0,100.0,106.2,106.2,94.1,94.1,97.5,97.3,97.8,99.0,96.4,96.3,95.1,99.7,100.3,99.6,100.0,99.0,100.0,100.3,100.2,,97.7,96.0,99.8,107.0,98.0,97.0,100.6,99.2,99.7,94.7,100.0,98.4,100.7,96.9,131.1,99.6,,101.5,,97.2,100.5,111.8,100.1,99.4,98.9,98.9,100.3,103.5,124.9,139.1,111.5,104.4,106.1,116.0,,98.5,95.4,111.8,101.6,102.4,101.3,100.5,103.1,101.0,100.7,102.0,100.4,101.2,95.0,99.8,112.3,93.3,96.5,102.8,90.3,87.6,111.1,83.5,68.9,98.9,102.1,103.0,101.1,83.5,83.3,84.2,97.7,95.9,101.3,102.1,93.8,100.0,93.7,101.9,90.9,95.2,85.9,93.8,101.0,97.5,100.5,100.0,101.0,101.0,95.7,102.9,105.3,106.6,105.5
200511,106.5,262.6,394.2,179.4,,305.0,400.4,698.4,189.3,551.8,267.9,92.0,95.3,104.2,96.6,101.8,103.4,91.0,98.2,95.5,99.9,104.7,126.6,96.6,107.5,93.8,104.2,112.5,113.0,154.2,,,102.9,107.4,96.8,97.6,96.2,98.4,97.8,106.0,139.6,,105.7,104.1,115.8,106.5,92.3,110.0,,95.2,100.1,98.7,99.8,99.8,99.5,100.0,93.1,,89.5,98.6,97.0,98.7,99.0,98.6,104.0,104.0,83.0,83.0,97.5,97.3,97.8,98.9,96.5,96.3,95.1,99.9,100.2,99.6,100.0,99.0,100.0,100.1,100.2,,97.7,96.0,99.8,106.2,97.8,97.0,101.0,99.2,99.7,94.7,100.0,97.3,100.8,97.1,131.7,99.6,,101.5,,97.2,100.5,111.4,100.1,99.4,99.0,99.0,100.3,103.4,122.7,137.1,109.1,103.9,106.6,115.1,,97.4,95.0,111.3,101.7,102.6,101.7,100.7,102.7,101.4,100.9,101.7,100.6,100.8,95.1,99.3,111.7,93.3,96.3,102.5,90.2,87.6,110.8,84.1,69.6,99.4,102.0,103.0,101.0,83.5,83.3,84.2,97.7,95.9,101.3,102.1,93.9,100.0,93.7,101.9,88.2,95.8,83.4,86.1,100.7,97.4,100.1,100.0,101.0,100.7,95.7,102.5,105.3,105.7,102.2
200512,106.7,260.9,383.9,177.6,,300.0,415.7,711.2,183.9,539.4,263.6,92.0,95.3,104.7,96.5,101.8,103.4,90.8,98.0,95.5,100.3,104.5,125.5,96.2,107.6,93.4,104.1,112.8,112.3,154.5,,,102.9,107.4,95.0,102.8,99.6,102.3,106.7,105.8,137.8,,105.7,102.9,113.2,108.0,92.8,110.6,,95.3,100.1,98.9,99.8,99.8,99.5,100.0,94.7,,90.8,98.7,97.0,98.9,99.0,98.9,100.7,100.7,93.1,93.1,97.5,97.3,97.8,98.9,96.5,96.3,95.3,99.8,100.0,99.6,100.0,99.0,100.0,99.6,100.2,,97.7,96.0,99.9,104.2,97.8,97.0,101.5,99.2,99.7,93.8,100.0,97.9,100.8,97.3,131.0,99.6,,101.5,,97.3,100.5,111.0,100.1,99.4,99.0,99.0,100.3,102.9,119.6,134.4,105.5,103.7,106.1,115.3,,97.7,95.6,109.1,101.4,102.2,101.5,100.7,103.1,101.1,100.8,102.1,100.2,100.4,94.9,99.3,110.1,94.8,98.5,102.3,95.6,87.6,111.0,84.4,70.1,99.5,102.1,103.2,100.9,83.5,83.3,84.2,97.7,95.9,101.3,102.1,93.9,100.0,93.7,101.9,89.1,99.1,84.7,82.5,100.7,97.3,100.1,100.0,101.1,100.7,95.4,102.6,105.3,106.2,102.2
200601,105.5,256.8,378.6,175.9,,299.3,404.5,692.0,184.9,512.9,265.6,92.0,95.7,104.3,96.6,101.8,103.2,90.8,98.0,95.5,100.1,103.3,124.2,96.1,107.4,93.8,102.0,113.0,113.0,154.3,,,102.9,107.4,96.9,100.8,99.1,101.0,102.3,106.0,138.2,,105.7,101.3,114.8,107.5,92.8,110.5,,94.8,100.2,99.0,99.8,99.8,99.6,100.0,95.4,,91.7,98.7,97.0,98.9,99.0,97.2,101.1,101.1,78.2,78.2,97.6,97.7,97.8,99.0,96.6,96.3,95.3,99.7,99.3,99.6,100.0,99.0,100.0,98.4,100.2,,97.7,96.0,99.9,98.3,97.8,97.0,101.5,99.2,99.7,93.8,100.0,97.5,100.8,97.4,130.5,99.6,,101.5,,97.4,100.6,111.8,100.1,99.4,99.0,99.0,100.3,103.0,120.8,133.7,108.4,103.9,106.3,115.5,,97.9,94.7,110.6,101.3,101.9,101.3,100.8,103.6,101.1,100.6,102.6,100.7,100.5,96.3,99.5,107.7,95.1,98.7,101.5,95.6,92.5,110.4,85.0,71.2,99.7,102.4,103.4,101.1,83.5,83.3,84.2,97.7,95.9,101.3,102.1,93.8,100.0,93.7,100.0,100.9,99.2,106.4,93.3,100.4,97.3,100.3,100.1,101.1,100.3,96.7,101.8,105.4,105.0,102.2
200602,105.2,250.7,363.8,175.6,,292.6,392.8,672.0,183.4,509.4,248.1,92.0,95.5,104.5,96.6,101.7,103.2,90.7,98.1,95.4,100.4,104.0,124.2,96.5,107.4,93.7,103.3,113.0,112.9,154.3,,,102.9,107.4,96.5,100.4,97.6,99.8,104.4,106.3,137.4,,105.7,103.9,115.3,109.4,93.1,110.0,,95.1,100.2,98.7,99.8,99.8,99.6,100.0,93.2,,89.5,98.8,97.0,99.1,99.0,97.1,100.3,100.3,79.3,79.3,97.6,97.7,97.8,99.0,96.6,96.3,95.3,99.9,99.2,99.6,100.0,99.0,100.0,98.0,100.2,,97.7,96.0,99.8,96.7,97.8,97.0,101.5,99.2,99.7,93.8,100.0,97.8,100.8,97.5,131.4,99.6,,101.1,,97.5,100.4,109.5,100.1,99.4,98.8,98.9,100.3,103.6,120.4,131.8,109.4,104.7,106.2,116.9,,99.1,95.9,111.0,101.9,102.7,102.1,100.6,103.4,101.6,101.2,102.5,100.7,100.5,96.3,99.5,112.0,95.2,98.8,102.0,95.7,91.1,110.0,85.5,71.6,100.2,102.4,103.5,101.0,83.5,83.3,84.2,97.7,95.9,101.3,102.1,93.8,100.0,93.7,100.0,95.2,98.7,93.6,92.9,100.2,97.3,99.9,100.0,101.0,100.1,97.5,101.6,105.4,104.5,102.2
200603,105.9,249.0,355.4,173.5,,283.2,401.8,676.8,182.9,500.6,247.2,92.0,94.1,105.6,96.8,101.7,102.6,91.0,97.8,95.4,101.4,104.3,123.8,95.9,107.7,93.5,104.1,111.6,113.1,153.9,,,102.8,107.4,97.3,105.2,101.6,105.1,109.2,107.0,134.7,,105.7,103.2,119.1,108.9,93.2,110.4,,94.4,100.3,98.8,99.8,99.8,99.6,100.0,93.9,,90.3,98.6,97.0,98.7,99.0,98.1,100.8,100.8,87.6,87.6,97.7,97.7,97.8,99.1,96.6,96.3,95.3,100.1,99.3,99.6,100.0,99.0,100.0,98.4,99.8,,98.7,96.0,99.5,99.0,97.8,97.2,101.3,99.1,99.7,93.8,100.0,97.9,100.8,97.4,131.5,99.6,,101.1,,97.3,100.4,109.3,100.2,99.4,98.8,99.0,100.3,102.9,121.7,130.0,113.6,102.4,105.9,114.9,,94.5,92.5,111.9,101.6,102.5,101.7,100.3,103.2,101.4,100.9,102.3,100.1,100.6,96.4,99.6,111.3,95.4,98.8,102.2,96.3,88.6,109.0,86.1,73.0,100.0,102.5,103.6,101.1,83.5,83.3,84.2,97.7,95.9,101.2,102.1,93.8,100.0,93.7,100.0,92.8,100.4,87.9,90.3,100.6,97.3,100.1,100.0,101.0,100.5,97.8,102.1,105.4,105.8,102.2
200604,106.4,247.5,349.6,173.0,,279.9,401.8,678.4,180.9,493.5,248.4,92.0,95.1,105.1,96.6,101.6,102.6,90.3,97.3,95.4,101.8,105.3,125.0,95.8,107.5,93.2,105.6,111.5,113.0,154.2,,,102.8,107.4,97.1,100.5,97.6,101.6,101.4,107.1,133.9,,105.7,103.5,119.4,109.4,93.2,110.3,,94.5,100.3,98.8,99.8,99.8,99.6,100.0,94.0,,89.5,98.8,97.0,99.3,99.0,99.2,100.7,100.7,94.2,94.2,97.8,97.8,97.9,99.1,97.1,96.3,95.8,99.9,100.1,99.5,100.0,98.7,100.0,100.1,99.8,,98.7,95.6,99.6,106.6,98.1,97.0,101.6,98.5,99.7,94.7,100.0,98.3,100.6,97.4,130.5,99.6,,100.4,,97.5,100.5,111.2,100.2,99.4,98.9,99.0,100.3,103.1,121.3,130.1,112.7,102.6,105.1,114.5,,96.2,93.0,110.9,101.8,102.3,101.7,100.5,102.9,101.6,100.9,102.0,100.0,100.6,96.4,99.5,113.2,96.6,100.4,102.5,99.4,90.7,107.9,87.0,74.9,99.7,102.4,103.4,101.0,83.5,83.3,84.2,97.3,95.9,100.4,97.5,96.3,100.0,100.0,100.0,94.0,103.2,91.7,84.6,100.7,97.3,100.4,100.0,101.0,100.7,97.5,102.3,105.9,105.7,102.2
200605,106.9,245.2,341.1,171.7,,281.5,404.0,669.6,180.9,481.8,248.1,92.0,95.1,105.2,96.6,101.3,102.3,90.6,97.1,95.1,101.8,105.3,124.7,95.8,107.3,93.1,105.7,110.2,113.3,154.0,,,102.8,107.4,98.0,101.9,111.7,97.8,100.2,106.8,131.5,,105.7,103.3,117.9,109.8,93.2,109.9,,95.0,100.3,98.8,99.8,99.8,99.6,100.0,94.1,,90.9,98.7,97.0,98.9,99.0,100.2,105.3,105.3,95.9,95.9,97.7,97.8,97.9,99.1,97.1,96.3,95.8,99.9,100.4,99.5,100.0,98.7,100.0,100.7,100.0,,98.7,95.6,99.6,108.9,98.1,97.0,101.3,98.5,99.7,94.7,100.0,98.6,100.6,97.4,130.3,99.6,,100.4,,97.5,100.5,111.2,100.2,99.4,98.9,99.1,100.3,102.8,121.8,130.1,113.7,102.8,105.9,114.9,,96.4,92.9,110.5,101.3,102.0,101.5,100.1,102.6,101.2,101.0,101.9,100.4,100.8,96.4,99.3,108.3,97.3,100.5,102.6,99.6,90.7,107.4,88.8,77.8,100.5,102.4,103.6,100.9,83.5,83.3,84.2,97.3,95.9,100.4,97.5,96.3,100.0,100.0,100.0,97.5,101.7,93.3,99.2,100.9,97.3,100.8,100.1,101.2,100.9,99.0,102.5,106.0,106.2,102.2
200606,107.0,239.1,342.4,169.7,,272.5,387.0,633.6,153.6,462.9,241.4,92.0,95.1,104.7,96.9,101.6,102.8,91.0,97.2,95.6,102.1,104.9,124.5,96.0,107.4,92.4,105.3,110.3,113.5,153.7,,,102.8,107.4,98.7,97.8,98.1,99.8,94.0,107.0,130.8,,105.7,102.9,119.1,110.3,92.9,110.0,,95.4,100.4,99.0,99.8,99.8,99.6,100.0,94.6,,89.5,99.3,97.0,98.9,100.0,100.8,103.7,103.7,106.1,106.1,97.8,97.8,97.9,99.1,97.3,96.4,95.8,100.0,100.3,99.5,100.0,98.7,100.0,100.5,100.0,,98.7,95.6,99.6,108.2,98.1,97.1,100.5,98.5,99.7,94.7,100.0,98.4,100.6,97.4,129.3,99.6,,100.5,,97.6,100.4,109.7,100.2,99.4,98.9,99.1,100.3,103.1,121.2,130.1,112.5,103.3,105.8,114.9,,97.0,94.1,110.3,101.7,102.0,101.4,99.9,102.8,101.5,101.0,102.2,100.4,100.8,96.4,99.5,112.8,97.6,100.7,102.7,99.7,90.7,108.9,89.6,79.4,100.4,102.1,103.2,100.9,83.5,83.3,84.2,97.3,95.9,100.4,97.5,96.3,100.0,100.0,100.0,98.0,99.5,92.0,106.5,100.9,97.3,100.8,100.1,101.1,100.9,99.0,102.4,106.0,106.1,102.2
200607,106.9,235.7,335.7,172.2,,267.8,379.4,617.6,147.7,454.7,237.6,92.0,95.1,104.1,97.0,101.6,102.6,90.9,97.2,95.5,102.8,104.0,124.5,95.6,108.1,92.2,104.2,109.2,113.9,153.7,,,102.8,107.4,99.5,95.9,97.7,97.0,91.9,106.8,132.0,,105.7,99.8,118.4,109.7,92.7,110.6,,95.5,100.2,99.0,99.8,99.8,99.6,100.0,94.0,,89.5,99.7,97.0,100.2,100.0,101.2,103.5,103.5,115.9,115.9,97.9,97.9,97.9,99.2,97.3,96.4,95.8,100.1,99.3,99.5,100.0,98.7,100.0,98.5,100.0,,99.5,95.6,99.6,99.6,98.2,97.1,93.2,98.5,99.7,94.7,100.0,98.4,100.6,97.5,128.9,99.6,,100.9,,98.4,100.4,108.7,100.2,99.5,99.0,99.1,100.3,103.0,121.2,130.1,112.6,103.9,105.7,114.9,,97.6,96.1,111.3,101.3,102.4,101.8,100.0,102.6,100.9,101.1,101.9,100.4,100.5,96.4,99.4,108.8,97.3,100.3,102.1,99.5,90.7,107.2,89.6,79.4,100.5,102.0,103.1,100.7,91.1,91.1,91.2,97.3,95.9,100.5,97.5,96.3,100.0,100.0,100.0,93.7,99.6,87.8,95.7,100.8,97.3,100.5,100.1,101.1,100.8,99.1,102.3,106.0,106.3,102.2
200608,108.1,229.6,321.9,171.1,,256.4,361.0,613.6,144.9,441.8,229.7,92.0,95.1,104.5,96.8,101.6,102.6,91.0,96.5,95.4,102.4,104.2,124.3,95.6,107.3,92.0,104.7,109.2,113.8,153.4,,,102.8,107.4,99.6,99.3,101.4,101.7,92.6,106.5,131.1,,105.7,99.9,116.6,109.4,92.7,110.7,,96.2,100.1,99.2,99.8,99.8,99.6,100.0,96.0,,95.9,99.3,97.0,99.0,100.0,103.4,110.0,110.0,128.4,128.4,97.9,98.0,98.0,99.2,97.5,96.4,95.8,99.7,99.5,99.5,100.0,98.7,100.0,98.8,100.0,,99.5,95.6,99.6,99.6,100.2,97.1,93.2,98.5,99.7,95.9,100.0,98.9,100.6,97.6,128.5,99.6,,100.9,,98.4,100.4,108.8,100.2,99.5,99.0,99.2,100.3,102.9,120.9,129.5,112.7,103.5,104.5,114.7,,97.5,95.5,110.6,101.4,102.3,101.7,100.0,102.7,101.2,100.9,102.0,101.0,100.5,96.8,99.4,109.3,97.3,100.0,101.4,99.5,90.7,106.8,90.1,80.6,100.1,102.4,103.7,100.7,91.1,91.1,91.2,97.3,95.9,100.5,97.5,96.3,100.0,100.0,100.0,104.2,104.1,103.7,104.8,101.0,97.3,101.2,100.1,101.1,101.1,101.0,102.3,106.0,107.7,102.2
200609,106.7,225.2,311.2,170.2,,251.0,354.7,593.6,138.8,436.5,227.7,92.0,95.1,104.5,96.6,101.6,102.6,90.5,96.8,94.8,102.5,104.0,124.2,95.6,107.3,91.5,104.3,109.7,111.9,144.4,,,102.8,107.4,100.3,101.5,100.3,104.9,96.1,106.1,129.2,,105.7,100.3,116.0,108.3,92.7,110.6,,96.3,100.2,98.9,99.8,99.8,99.6,100.0,93.7,,89.5,99.3,97.0,98.9,100.0,101.4,104.4,104.4,113.7,113.7,97.9,98.0,98.0,99.2,97.5,96.4,95.8,99.7,99.9,99.5,100.0,98.7,100.0,99.7,100.0,,99.5,95.6,99.6,101.7,98.1,97.1,97.8,98.6,99.7,98.9,100.0,98.6,100.6,97.6,128.4,99.6,,100.9,,98.4,100.4,108.7,100.2,99.5,99.1,99.2,100.3,102.8,122.4,130.7,114.5,103.3,105.9,112.9,,96.9,95.2,111.5,101.2,101.8,101.4,100.0,102.6,101.2,100.9,101.9,100.4,100.6,96.8,99.5,107.4,97.7,100.4,102.5,99.5,90.7,107.4,90.5,81.2,100.4,102.4,103.6,100.8,91.1,91.1,91.2,97.3,95.9,100.5,97.5,96.7,100.0,100.0,100.0,101.4,103.0,98.1,104.8,101.1,97.5,101.3,100.1,101.1,101.2,101.1,102.4,106.0,105.9,102.2
200610,105.9,222.3,304.9,168.6,,253.4,355.6,574.4,146.4,422.9,227.1,88.6,95.1,103.2,96.6,101.6,102.6,90.3,96.7,94.6,102.5,103.8,124.2,95.4,107.0,91.4,104.0,109.9,107.7,127.4,,,102.8,107.4,100.2,97.2,98.5,96.5,97.6,106.0,128.4,,105.7,99.6,113.2,110.5,93.2,110.5,,96.3,100.5,99.0,99.8,99.8,99.6,100.0,94.6,,89.5,99.3,97.0,99.0,100.0,100.8,105.7,105.7,100.7,100.7,97.9,98.0,98.0,99.2,97.5,96.5,95.8,99.8,100.5,99.5,100.0,98.7,100.0,100.8,100.0,,99.5,95.6,99.6,106.8,98.1,97.1,100.4,98.6,99.7,98.9,100.0,98.5,100.7,97.7,129.8,99.6,,100.9,,98.4,100.2,106.0,100.2,99.5,99.1,99.2,100.4,103.0,123.0,131.7,114.8,103.3,105.8,112.7,,97.2,95.0,111.5,101.3,102.5,102.0,100.0,102.6,101.2,101.0,101.9,100.4,100.8,96.8,99.6,108.4,97.8,100.5,102.5,99.5,90.7,108.2,90.6,81.6,100.4,102.5,103.7,101.1,91.1,91.1,91.2,97.3,95.9,100.5,97.5,96.7,100.0,100.0,100.0,98.2,101.6,92.4,104.1,101.1,97.5,101.1,100.1,101.0,101.2,100.3,102.5,106.0,105.3,102.2
200611,105.0,217.7,295.1,168.4,,253.4,347.1,557.6,143.4,404.7,221.9,88.6,95.1,103.1,96.6,101.6,102.6,90.7,96.7,94.8,102.0,103.8,124.2,95.2,107.2,91.2,104.1,109.8,107.1,127.2,,,102.5,106.6,99.5,96.6,95.5,96.9,96.9,106.0,128.7,,105.7,99.0,114.8,108.6,93.2,110.5,,96.7,100.4,99.0,99.8,99.8,99.6,100.0,94.2,,91.1,99.3,97.0,98.9,100.0,99.5,104.0,104.0,90.8,90.8,98.0,98.0,98.0,99.2,97.5,96.5,96.1,100.0,100.4,99.5,100.0,98.7,100.0,100.6,100.0,,99.5,95.6,99.6,105.0,97.9,97.1,101.7,98.7,99.7,98.9,100.0,100.4,100.7,97.8,129.3,99.6,,100.9,,98.5,100.4,109.1,100.2,99.6,99.1,99.2,100.3,102.8,122.5,130.8,114.5,103.4,105.4,113.5,,97.5,95.1,110.9,101.2,102.6,101.9,100.0,102.5,101.1,100.7,101.8,100.4,100.6,96.5,99.6,107.5,98.5,101.3,102.5,101.4,90.7,108.4,91.4,82.8,100.6,102.5,103.6,101.2,91.1,91.1,91.2,97.3,95.9,100.5,97.5,96.7,100.0,100.0,100.0,90.9,101.5,77.9,99.6,100.9,97.6,100.5,100.1,100.9,101.0,98.8,102.3,106.0,104.3,102.1
200612,105.2,212.5,283.5,166.7,,248.0,338.1,537.6,140.1,392.9,212.5,88.6,95.1,103.8,96.3,101.6,102.6,90.5,95.6,94.8,102.2,103.7,124.3,95.1,107.8,91.2,103.9,108.7,105.9,126.5,,,102.5,106.6,97.0,101.2,98.4,100.2,106.1,106.2,128.3,,105.7,98.5,114.5,107.6,93.2,112.6,,96.6,101.1,99.3,99.8,99.8,99.6,100.0,96.4,,93.1,99.3,97.0,98.9,100.0,99.8,101.5,101.5,99.3,99.3,98.0,98.0,98.0,99.2,97.5,96.5,96.1,100.2,100.1,99.5,100.0,98.7,100.0,100.0,100.0,,99.5,95.6,99.6,102.7,97.9,97.3,101.7,98.7,99.7,97.8,100.0,100.8,100.7,97.9,129.6,99.6,,100.9,,98.4,100.2,106.0,100.2,99.5,99.1,99.4,100.4,102.2,121.3,132.4,110.7,101.6,105.6,112.6,,95.1,91.0,110.3,100.9,101.9,101.3,100.0,102.3,100.7,101.3,101.6,100.2,100.6,97.0,99.8,105.0,98.7,101.4,102.0,101.9,90.7,108.6,92.0,84.2,100.4,102.4,103.2,101.3,91.1,91.1,91.2,97.3,95.9,100.5,97.5,96.7,100.0,100.0,100.0,93.0,101.6,81.2,102.4,100.8,97.5,100.5,100.1,101.0,100.9,98.2,102.3,106.0,104.6,102.1
200701,104.1,209.3,277.7,167.1,,243.3,333.6,522.4,138.5,372.9,207.9,88.6,97.9,103.9,96.6,101.5,102.6,90.4,96.0,94.8,102.5,103.6,123.9,95.3,107.8,93.1,103.2,108.4,106.7,126.5,,,102.5,106.6,98.8,101.1,99.0,100.9,103.5,106.3,128.1,,105.7,98.7,115.3,107.2,93.2,112.4,,96.5,101.4,99.4,99.8,99.8,99.6,100.0,96.9,,93.9,99.6,100.0,98.9,100.0,98.2,103.2,103.2,85.2,85.2,98.0,98.0,98.0,99.2,97.5,96.5,96.1,100.2,99.2,99.5,100.0,98.7,100.0,98.1,100.0,,99.5,95.6,99.6,94.0,97.9,97.2,101.7,98.8,99.7,97.8,100.0,100.6,100.8,97.9,129.3,99.7,,100.9,,98.4,100.0,102.2,100.2,99.5,99.1,99.4,100.4,102.8,121.9,132.0,112.4,102.9,104.9,115.0,,96.9,93.9,110.1,101.3,102.3,101.6,100.0,102.1,101.0,99.8,101.5,100.5,100.6,97.1,100.0,109.7,98.7,101.4,100.7,101.9,95.6,108.4,92.0,83.8,101.0,102.1,102.9,101.4,91.1,91.1,91.2,97.3,95.9,100.5,97.5,96.7,100.0,100.0,100.0,99.2,103.3,90.8,108.3,100.4,97.5,100.3,100.1,100.9,100.4,98.5,101.6,106.1,103.6,102.1
200702,104.0,207.8,269.2,164.0,,243.6,331.4,541.6,134.4,362.9,200.3,88.6,96.9,104.0,96.7,101.5,102.4,90.6,95.5,94.9,102.5,103.7,124.2,94.7,107.9,93.6,103.1,109.2,106.7,126.0,,,102.5,106.6,99.2,101.2,99.1,101.2,103.4,106.5,128.6,,105.7,100.6,116.9,105.9,93.1,112.2,,96.3,101.4,99.0,99.8,99.8,99.6,100.0,94.1,,90.8,99.6,100.0,99.0,100.0,98.2,102.3,102.3,87.1,87.1,98.0,98.0,98.0,99.2,97.5,96.5,96.1,100.1,99.1,99.5,100.0,98.7,100.0,97.9,100.0,,99.5,95.6,99.7,93.1,97.9,97.3,101.7,98.8,99.7,97.8,100.0,99.8,100.9,98.4,129.6,99.7,,100.9,,98.5,100.1,104.2,100.2,99.5,99.0,99.4,100.1,102.7,121.8,131.3,112.8,102.8,105.6,111.7,,96.7,95.5,110.5,101.2,102.4,101.8,100.2,102.2,100.8,99.9,101.7,100.5,100.6,97.1,100.1,108.8,98.8,101.5,101.4,102.0,94.0,107.6,92.3,84.5,100.8,102.1,102.9,101.2,91.1,91.1,91.2,97.3,95.9,100.5,97.5,96.7,100.0,100.0,100.0,94.3,101.3,83.4,103.8,100.1,97.5,99.8,100.1,100.9,100.0,97.4,101.3,106.1,103.4,101.3
200703,104.5,205.8,273.2,163.8,,238.3,326.9,521.6,130.1,347.6,205.2,88.6,95.8,104.6,96.8,101.7,102.5,90.4,95.5,94.9,102.4,103.9,124.2,94.9,108.3,94.2,103.6,107.7,106.8,126.0,,,102.4,106.6,99.4,105.6,104.5,104.9,108.2,106.1,124.9,,105.7,100.6,117.8,106.2,93.1,109.4,,96.1,101.3,99.1,99.8,99.8,99.6,100.0,94.6,,92.1,99.6,100.0,99.0,100.0,99.0,101.7,101.7,94.3,94.3,98.0,98.0,98.1,99.3,97.4,96.7,96.1,100.1,99.5,99.5,100.0,98.7,100.0,98.7,100.0,,99.0,95.6,99.7,95.9,97.9,97.3,101.6,98.8,99.7,98.9,100.0,100.4,100.9,98.4,129.6,99.7,,100.9,,98.4,100.0,103.3,100.2,99.6,99.1,99.5,100.1,102.7,122.3,130.7,114.2,102.2,105.4,111.5,,96.1,92.9,111.1,101.3,101.8,101.3,100.2,102.3,101.2,100.0,101.8,100.5,101.1,97.1,100.2,109.4,98.7,101.4,102.0,102.0,91.1,108.3,91.9,84.5,99.8,102.0,102.7,101.3,91.1,91.1,91.2,97.3,95.9,100.5,97.5,96.7,100.0,100.0,100.0,96.1,104.2,86.1,102.2,100.3,97.5,100.1,100.1,100.9,100.3,97.3,101.6,106.1,104.2,100.4
200704,104.9,203.2,272.3,165.1,,241.3,315.7,494.4,126.5,342.9,205.2,88.6,96.9,103.5,96.8,101.6,102.3,90.1,95.8,94.9,102.3,104.1,124.5,95.5,109.1,95.1,103.4,108.2,106.9,126.0,,,102.3,106.6,99.7,101.4,101.0,100.8,103.0,105.1,124.7,,105.7,99.7,114.2,105.1,94.1,107.8,,96.0,101.3,99.1,99.8,99.8,99.6,100.0,94.9,,91.1,99.6,100.0,98.9,100.0,100.1,101.3,101.3,99.3,99.3,98.1,98.2,98.2,99.2,97.5,97.1,96.6,100.3,100.7,99.5,100.0,98.7,100.0,101.0,100.0,,99.0,96.5,99.5,106.5,99.3,97.8,101.4,99.0,99.4,99.5,100.0,100.3,100.9,98.8,129.3,99.7,,100.3,,98.6,100.3,107.0,100.2,99.6,99.1,99.4,100.1,102.6,121.3,129.8,113.2,102.4,104.9,112.1,,96.0,93.2,111.9,101.2,102.4,101.9,100.2,102.3,100.9,99.7,101.8,99.7,100.7,97.0,100.0,109.8,98.9,101.7,102.3,101.9,93.6,108.2,92.0,84.7,99.7,102.0,103.0,101.0,91.1,91.1,91.2,97.5,95.9,101.2,97.5,96.7,100.0,100.0,100.0,96.6,106.1,91.2,92.7,100.6,97.5,100.4,100.0,100.9,100.6,97.5,102.1,106.6,104.4,100.4
200705,105.4,201.2,269.2,163.4,,240.3,320.6,476.0,123.7,332.4,203.2,88.6,96.9,103.5,97.0,101.6,102.3,90.3,96.1,94.9,102.7,104.0,124.7,95.8,108.8,95.5,103.0,108.4,106.8,126.2,,,102.3,106.8,99.4,101.5,112.5,96.4,100.4,105.0,128.7,,105.7,101.3,111.9,105.2,95.3,107.8,,96.1,101.1,99.2,99.8,99.8,99.6,100.0,95.0,,93.1,99.6,100.0,99.0,100.0,101.2,107.4,107.4,98.6,98.6,98.1,98.2,98.2,99.3,97.6,97.1,96.6,100.2,101.0,99.8,100.0,99.7,100.0,101.7,100.0,,99.0,96.5,99.5,109.5,99.3,97.8,101.2,99.0,99.4,99.5,100.0,100.4,100.8,98.7,129.2,99.7,,100.1,,98.6,100.2,105.3,100.2,99.6,99.0,99.4,100.1,102.7,121.3,129.5,113.4,102.8,104.8,111.3,,97.0,93.7,113.1,101.2,102.3,101.8,100.2,102.3,101.2,99.8,101.8,99.9,100.8,97.1,100.0,108.8,99.2,101.8,102.6,101.9,93.6,108.1,92.6,85.7,100.0,102.0,103.0,101.0,91.1,91.1,91.2,97.5,95.9,101.2,97.5,96.7,100.0,100.0,100.0,98.3,105.1,89.9,103.8,100.8,97.5,100.8,100.1,101.0,100.9,99.1,102.2,106.6,104.8,100.4
200706,104.9,196.2,259.4,163.6,,239.9,310.8,448.0,122.7,317.1,203.8,88.6,96.9,102.3,97.0,101.6,102.3,90.2,95.9,94.9,103.1,103.8,124.6,95.8,109.0,95.1,103.0,107.4,106.0,126.0,,,102.2,105.7,98.2,95.0,96.8,94.1,95.1,104.9,126.6,,105.7,99.9,113.9,105.6,95.1,105.5,,96.0,101.3,99.2,99.8,99.8,99.6,100.0,95.4,,92.4,99.6,100.0,99.0,100.0,100.9,103.0,103.0,102.2,102.2,98.2,98.2,98.2,99.3,97.6,97.2,96.6,100.2,101.1,99.8,100.0,99.7,100.0,101.8,100.0,,99.0,96.5,99.5,110.0,99.6,97.8,100.4,99.0,99.4,99.5,100.0,100.7,100.8,98.7,128.9,99.7,,100.1,,98.5,100.1,104.8,100.2,99.6,99.1,99.4,100.3,102.3,119.9,127.6,112.6,101.2,104.0,110.6,,94.2,91.3,112.3,101.3,101.5,101.0,100.2,102.2,101.0,99.8,101.6,99.8,100.8,97.1,100.1,111.9,99.3,101.6,102.3,101.9,93.6,108.0,93.3,87.3,99.8,101.8,102.5,101.0,91.1,91.1,91.2,97.4,95.9,101.0,97.5,96.7,100.0,100.0,100.0,95.2,100.7,83.2,109.1,100.8,97.6,100.6,100.0,101.0,100.8,99.9,102.0,106.6,104.2,100.4
200707,105.1,195.4,260.7,164.7,,243.6,297.3,450.4,121.4,305.3,202.9,88.6,96.9,101.9,96.9,101.6,102.3,89.9,95.7,94.8,103.2,103.2,124.5,96.0,109.3,95.2,102.1,105.6,106.2,126.2,,,102.2,105.7,98.6,94.1,96.1,93.9,92.7,104.4,125.3,,105.7,100.7,111.6,104.5,95.1,106.5,,96.0,101.3,99.2,99.8,99.8,99.6,100.0,95.1,,92.4,99.7,100.0,99.1,100.0,101.7,103.1,103.1,116.3,116.3,98.2,98.6,98.2,99.3,97.6,97.2,96.6,100.1,100.1,99.8,100.0,99.7,100.0,99.6,100.0,,99.0,96.5,99.5,100.7,100.1,97.8,92.8,99.0,99.4,99.5,100.0,100.7,101.0,99.6,128.4,99.7,,100.4,,98.4,99.9,101.8,100.2,99.6,99.2,99.4,100.2,102.5,120.2,127.8,112.9,102.8,104.2,111.6,,96.6,94.8,112.9,101.0,102.2,101.7,100.2,102.4,100.7,99.8,101.7,99.8,100.7,97.1,100.1,107.7,99.0,101.2,100.9,102.0,93.6,107.3,93.4,87.3,100.0,101.7,102.8,100.5,91.1,91.1,91.2,97.4,95.9,101.0,97.5,96.7,100.0,100.0,100.0,94.4,100.9,87.5,97.7,100.7,97.6,100.4,100.1,101.0,100.7,100.4,101.7,106.6,104.7,100.4
200708,106.8,192.2,255.4,164.3,,233.2,299.1,438.4,116.1,295.3,194.2,88.6,96.9,102.6,97.0,101.6,102.3,90.0,95.8,94.8,103.3,103.0,122.8,96.3,109.2,95.4,102.3,103.8,106.0,126.0,,,102.1,105.7,98.4,99.7,101.3,102.4,93.0,104.2,124.7,,105.7,100.3,110.3,104.5,95.6,106.5,,96.0,101.3,99.4,99.8,99.8,99.6,100.0,96.8,,98.2,99.7,100.0,99.1,100.0,104.5,113.3,113.3,130.4,130.4,98.2,98.6,98.2,99.3,97.6,97.2,96.6,100.1,100.1,99.8,100.0,99.7,100.0,99.7,100.0,,99.5,96.5,99.4,100.6,100.3,97.8,92.8,99.0,99.4,99.5,100.0,101.6,101.0,99.8,127.7,99.7,,100.4,,98.8,100.1,103.3,100.2,99.6,99.2,99.4,100.2,102.6,119.1,126.7,111.9,102.2,104.6,112.8,,95.2,92.9,112.0,101.5,102.3,101.7,100.2,102.4,101.2,99.8,101.5,99.8,100.4,97.1,100.1,112.6,99.0,101.1,100.5,102.1,93.6,108.0,93.4,87.5,99.7,101.7,102.7,100.8,91.1,91.1,91.2,98.3,97.1,101.0,97.5,96.7,100.0,100.0,100.0,100.5,103.4,94.8,106.5,100.9,97.6,101.0,100.0,100.9,101.0,101.6,102.1,106.6,106.8,100.4
200709,105.4,189.9,252.2,161.6,,229.5,291.0,428.8,113.3,298.8,189.2,88.6,96.9,102.9,97.0,101.8,102.6,89.6,96.3,94.9,103.4,102.5,120.9,96.2,109.6,95.4,101.8,103.6,106.4,126.0,,,102.1,105.6,99.3,101.3,99.5,104.4,97.0,104.3,124.4,,105.7,100.4,111.1,105.5,95.6,105.9,,96.3,100.9,99.1,99.8,99.8,99.6,100.0,94.7,,92.4,99.6,100.0,99.0,100.0,102.2,103.7,103.7,118.8,118.8,98.3,98.7,98.2,99.3,97.8,97.2,96.8,100.4,100.4,99.8,100.0,99.7,100.0,100.2,100.0,,99.5,96.5,99.4,102.8,100.0,97.8,97.7,99.0,99.4,99.5,100.0,100.9,101.2,99.8,127.7,99.9,,100.4,,98.7,100.0,103.2,100.1,99.6,99.2,99.5,100.2,102.5,118.8,125.9,112.1,102.3,105.2,111.5,,95.8,92.5,113.1,101.3,102.2,101.4,100.2,102.3,101.3,99.8,101.5,99.8,100.9,97.1,99.8,109.1,99.2,101.2,100.7,102.1,93.6,108.2,93.8,88.1,100.0,101.8,102.3,101.3,91.1,91.1,91.2,98.3,97.1,101.0,97.5,96.7,100.0,100.0,100.0,101.1,101.7,96.1,109.3,101.0,97.7,101.1,100.0,100.9,101.1,101.2,102.1,106.6,104.8,100.5
200710,105.1,190.1,252.7,166.9,,225.5,296.4,411.2,144.4,299.4,183.4,88.6,96.9,102.6,97.3,101.8,102.4,90.0,96.7,94.9,103.7,102.1,115.1,96.3,109.5,95.9,101.9,102.8,106.3,125.9,,,102.1,105.6,99.1,100.6,99.8,102.1,98.7,104.2,124.6,,105.7,100.7,110.2,105.7,96.1,105.2,,97.0,101.1,99.2,99.8,99.8,99.6,100.0,95.6,,92.4,99.7,100.0,99.1,100.0,101.7,105.7,105.7,105.1,105.1,98.3,98.7,98.1,99.3,98.2,97.2,96.8,100.1,101.3,99.8,100.0,99.7,100.0,102.0,100.0,,99.5,96.5,99.4,111.2,100.0,97.9,100.6,99.0,99.4,99.5,100.0,100.8,101.2,99.8,127.7,99.9,,100.4,,99.1,100.3,105.9,100.1,99.6,99.2,99.5,100.3,103.6,118.6,125.1,112.3,107.0,104.7,111.9,,105.3,102.8,112.9,101.3,102.0,101.5,100.2,102.5,101.3,99.8,101.8,99.8,100.8,97.1,99.8,109.3,99.1,101.2,100.5,102.1,93.6,108.4,93.9,88.1,100.2,101.7,102.2,101.3,91.2,91.1,91.5,98.3,97.1,101.0,97.5,96.7,100.0,100.0,100.0,101.8,101.2,96.2,112.7,101.2,97.8,101.3,100.0,100.9,101.3,102.1,102.2,106.6,104.6,100.5
200711,104.3,185.5,243.8,167.3,,218.5,281.6,400.0,137.0,282.9,188.0,88.6,96.9,102.4,97.4,101.4,101.8,88.9,98.5,94.9,103.7,101.1,110.7,96.3,109.5,96.6,100.5,103.4,106.3,125.9,,,102.0,105.6,99.4,99.9,98.7,99.9,101.2,104.6,125.1,,105.7,100.2,111.0,103.2,96.8,107.2,,97.2,101.1,99.3,99.8,99.8,99.6,100.0,95.9,,93.1,99.6,100.0,99.0,100.0,100.7,105.3,105.3,96.3,96.3,98.4,98.7,98.4,99.3,98.2,97.2,96.8,100.4,101.0,99.8,100.0,99.7,100.0,101.4,100.0,,99.5,96.5,99.3,108.2,99.8,97.9,101.6,99.1,99.4,99.5,100.0,101.0,101.2,100.0,127.6,99.9,,100.4,,99.0,100.1,104.4,100.1,99.6,99.2,99.6,100.3,103.5,117.0,122.9,111.3,107.2,105.0,112.1,,105.0,103.4,113.4,101.2,102.0,101.4,100.2,102.2,101.3,100.0,101.4,99.8,100.5,97.1,100.2,108.3,99.0,101.0,100.1,102.2,93.6,108.0,93.9,88.1,100.2,101.6,102.0,101.4,91.2,91.1,91.5,98.3,97.1,101.0,97.5,96.7,100.0,100.0,100.0,94.7,100.5,87.9,98.8,101.3,97.9,101.1,100.1,100.8,101.5,104.1,102.2,106.6,103.8,100.4
200712,104.3,180.6,236.2,164.2,,217.1,269.1,380.0,131.1,267.6,183.4,88.6,96.9,102.8,97.6,101.3,101.8,89.9,98.3,94.8,104.2,100.1,105.6,96.5,109.3,96.4,99.5,104.1,105.2,125.4,,,102.0,105.7,96.5,103.1,101.5,102.2,106.7,105.0,125.4,,105.7,100.9,111.3,104.5,96.7,108.3,,97.1,101.1,99.3,99.8,99.8,99.6,100.0,96.2,,95.8,99.6,100.0,99.0,100.0,100.8,102.7,102.7,104.1,104.1,98.4,98.7,98.4,99.3,98.2,97.3,96.8,100.5,100.7,99.8,100.0,99.7,100.0,100.7,100.0,,99.5,96.5,99.3,105.0,99.8,97.9,101.6,99.1,99.4,98.6,100.0,102.0,101.2,100.0,127.6,99.9,,100.4,,98.9,100.2,104.9,100.1,99.6,99.3,99.6,100.4,103.1,115.0,123.3,107.0,106.5,104.7,112.4,,104.2,102.4,111.5,101.0,101.5,101.0,100.2,102.2,101.2,100.0,101.5,99.8,100.9,97.1,100.2,106.7,99.2,100.9,99.8,102.2,93.6,107.6,94.6,89.8,99.9,101.5,101.9,101.3,91.2,91.1,91.5,98.3,97.1,101.0,97.5,96.7,100.0,100.0,100.0,95.3,101.5,91.0,94.1,101.6,98.1,101.4,100.1,100.8,101.7,106.3,102.2,106.6,104.0,100.4
200801,103.6,176.2,228.1,161.6,,209.4,265.9,364.0,127.8,251.8,177.0,88.6,99.1,102.9,98.4,101.5,101.8,91.9,99.0,94.8,104.8,100.5,116.0,96.4,109.3,95.8,98.2,108.0,106.1,125.9,112.7,,102.0,105.7,98.6,101.6,100.8,101.1,103.5,105.1,125.1,,105.7,101.7,111.1,104.2,96.9,108.9,,97.3,101.1,99.3,99.8,99.8,99.6,100.0,95.8,,93.9,99.6,100.0,99.0,100.0,99.8,107.2,107.2,92.9,92.9,98.4,98.7,98.5,99.3,98.2,97.4,97.2,100.5,99.6,99.8,100.0,99.7,100.0,98.5,100.0,,99.5,96.5,99.3,94.9,99.8,97.9,101.6,98.9,99.4,98.6,100.0,101.4,101.2,100.0,126.9,99.9,,100.4,,99.0,100.0,101.9,100.1,99.6,99.4,99.7,100.4,103.5,115.6,124.1,107.4,106.9,105.0,112.3,,104.5,103.2,112.2,101.4,101.9,101.2,100.2,102.1,101.2,100.0,101.4,99.9,101.0,100.6,100.3,109.3,99.3,101.1,99.3,102.0,98.6,107.7,95.1,90.3,100.1,101.2,101.3,101.2,91.2,91.1,91.5,98.3,97.1,101.0,97.5,96.7,100.0,100.0,100.0,97.1,103.5,91.4,98.0,101.2,98.3,101.2,100.1,100.8,101.4,106.7,101.5,106.8,103.2,100.4
200802,103.1,173.6,224.6,162.3,,204.4,266.8,344.8,126.8,252.4,170.8,88.6,99.1,103.0,98.5,101.4,101.9,93.5,98.5,94.4,104.1,100.9,115.8,96.5,106.8,96.6,99.0,108.5,106.5,126.0,112.5,,102.0,105.8,99.7,102.2,100.5,100.8,106.6,104.9,125.0,,105.7,101.8,112.3,102.9,97.5,107.0,,97.7,100.9,99.1,99.8,99.8,99.6,100.0,94.7,,92.4,99.6,100.0,99.0,100.0,99.4,102.8,102.8,94.9,94.9,98.6,99.0,98.8,99.3,98.2,97.5,97.3,100.5,99.5,99.8,100.0,99.7,100.0,98.5,100.0,,99.5,96.5,99.3,94.8,100.2,97.9,101.6,98.9,99.4,98.6,100.0,101.1,101.2,100.0,126.8,99.9,,100.4,,99.0,100.0,102.0,100.1,99.6,99.4,99.7,100.6,103.4,117.4,124.7,110.2,106.7,104.6,109.9,,104.7,104.1,112.3,101.2,101.9,101.4,100.2,102.0,100.8,100.0,101.2,100.0,100.4,100.7,100.2,107.6,99.7,101.3,99.8,102.1,96.9,108.8,95.8,91.1,101.3,101.1,101.2,101.0,91.2,91.1,91.5,98.3,97.1,101.0,97.5,96.7,100.0,100.0,100.0,95.6,102.1,91.5,93.5,101.1,98.6,100.9,100.1,100.8,101.2,106.3,101.2,106.9,102.7,100.4
200803,103.8,169.9,217.9,163.4,,201.7,259.6,320.0,126.5,255.3,178.7,88.6,97.5,103.8,98.9,101.4,101.8,94.7,99.7,94.8,104.1,101.2,115.6,96.4,106.3,96.8,99.3,108.4,106.3,125.9,112.5,,101.7,105.6,99.4,104.2,102.1,103.8,107.3,105.6,121.3,,105.7,102.0,117.1,102.7,98.4,106.0,,97.1,100.9,99.2,99.8,99.8,99.6,100.0,95.1,,93.1,99.6,100.0,99.0,100.0,100.4,102.2,102.2,103.5,103.5,98.8,100.1,98.8,99.3,98.2,97.7,97.3,100.5,99.9,99.8,100.0,99.7,100.0,99.3,100.0,,98.8,96.5,99.2,97.6,100.3,99.4,101.6,99.3,99.4,99.5,100.0,101.5,101.2,100.0,126.9,99.9,,100.4,,98.9,100.0,101.1,100.1,99.7,99.5,99.7,100.6,103.0,116.4,123.2,109.7,106.2,105.6,110.1,,104.0,101.6,112.2,100.9,101.5,101.0,99.1,102.1,101.3,99.1,101.4,99.3,100.5,99.5,100.3,107.7,99.5,101.1,99.8,102.2,93.7,109.5,95.7,91.0,101.0,101.6,102.1,101.2,91.2,91.1,91.5,98.3,97.1,101.0,97.5,96.7,100.0,100.0,100.0,96.7,104.0,94.2,90.4,101.5,99.2,101.4,100.2,100.8,101.7,106.5,101.7,106.9,103.4,100.4
200804,104.2,168.1,219.6,162.7,,197.3,256.1,302.4,122.7,246.5,176.4,88.6,98.6,103.5,99.2,101.4,101.9,95.4,101.1,94.4,103.5,101.2,115.6,95.3,106.1,96.9,99.5,107.2,106.0,125.9,112.7,,101.8,105.6,98.6,100.8,99.3,99.8,104.5,106.3,122.5,,105.7,101.9,120.6,103.3,98.4,105.6,,97.7,100.7,99.6,99.8,99.8,99.6,100.0,98.0,,93.5,99.7,100.0,99.3,100.0,101.3,101.4,101.4,107.9,107.9,99.2,101.4,99.4,99.6,98.7,98.2,98.1,100.6,101.0,99.8,100.0,99.7,100.0,101.3,100.0,,98.8,98.6,99.7,106.7,100.8,99.4,101.5,99.4,99.6,99.5,100.0,101.3,101.1,100.0,126.9,99.9,,100.0,,99.0,100.3,104.9,100.1,99.7,99.5,99.7,100.3,103.3,116.5,123.7,109.6,106.6,105.6,112.0,,103.9,102.2,111.8,101.1,101.8,101.3,100.1,102.1,100.5,99.9,101.2,99.9,100.8,100.7,100.3,108.4,100.1,101.6,100.8,102.2,96.4,109.1,96.4,91.9,101.6,101.7,102.2,101.2,91.2,91.1,91.5,98.0,97.1,99.8,97.5,97.8,100.0,100.0,100.0,96.3,106.0,92.8,88.5,101.5,99.9,101.4,100.4,100.9,101.7,102.5,102.0,107.5,103.9,100.4
200805,104.5,166.1,213.4,162.9,,190.9,257.8,304.8,117.1,240.0,174.1,88.6,98.6,103.8,99.5,101.4,101.8,96.3,101.4,94.3,103.4,101.4,115.6,95.8,106.2,97.4,99.8,106.5,105.9,125.9,112.7,,101.8,105.6,98.2,102.3,111.8,98.2,100.7,106.3,121.6,,105.7,102.0,119.7,104.1,98.5,106.0,,97.9,100.8,99.5,99.9,99.9,99.7,100.0,97.3,,99.0,99.7,100.0,99.1,100.0,101.9,102.0,102.0,109.4,109.4,99.2,101.3,99.4,99.6,98.7,98.3,98.2,100.2,101.5,99.8,100.0,99.7,100.0,102.3,100.0,,98.8,98.6,99.9,111.3,100.9,99.4,101.2,99.5,99.6,99.5,100.0,101.5,101.1,100.1,126.6,99.9,,100.0,,98.9,100.1,103.1,100.1,99.8,99.5,99.8,100.3,102.8,115.6,122.7,108.6,105.8,105.7,108.4,,103.6,102.6,111.0,100.8,101.5,100.9,100.1,101.9,100.6,99.9,101.1,99.9,100.6,100.7,100.3,104.5,100.5,102.0,101.0,102.7,96.4,109.2,96.8,92.8,101.6,101.6,102.1,101.3,91.2,91.1,91.5,98.0,97.1,99.8,97.5,97.9,100.0,100.0,100.0,97.3,104.9,90.6,98.4,102.3,100.4,102.3,100.4,101.0,102.6,109.4,102.1,107.6,104.1,100.4
200806,104.2,160.6,204.9,160.8,,190.9,244.8,279.2,113.0,225.3,171.1,88.6,98.6,102.6,99.7,101.5,101.9,97.4,102.0,94.8,102.6,101.9,115.6,96.5,104.6,97.6,100.6,106.7,106.0,125.9,112.7,,102.0,105.6,98.6,94.0,93.2,93.6,95.5,106.2,121.6,,105.7,102.0,119.7,102.9,98.8,106.3,,97.8,100.6,99.6,99.9,99.9,99.7,100.0,97.9,,97.5,99.7,100.0,99.1,100.0,102.1,102.3,102.3,112.1,112.1,99.3,101.3,99.4,99.6,98.7,98.3,98.2,100.5,101.3,99.9,100.0,99.8,100.0,102.0,100.0,,98.8,98.6,99.9,110.0,100.9,99.4,100.4,99.5,99.6,99.5,100.0,100.6,101.1,100.1,127.0,99.9,,100.1,,99.1,100.2,103.4,100.1,99.8,99.6,99.8,100.3,102.7,114.2,119.7,109.0,105.1,104.6,108.1,,102.9,101.7,110.4,101.0,101.2,100.7,100.1,101.9,100.8,99.9,101.1,99.9,100.8,100.6,100.3,106.7,101.5,103.0,101.1,105.0,96.4,108.9,98.3,96.3,100.8,101.3,101.6,101.2,91.2,91.1,91.5,98.0,97.1,99.8,97.5,97.9,100.0,100.0,100.0,98.6,104.0,91.1,104.6,102.7,101.0,102.9,100.5,101.0,103.1,113.6,102.1,107.6,103.8,100.7
200807,104.7,157.4,201.3,160.3,,197.3,230.9,257.6,112.8,213.5,169.1,88.6,98.6,102.9,100.3,101.5,101.8,99.6,102.6,94.8,102.4,101.6,115.4,96.3,105.0,97.7,100.2,106.7,106.2,125.9,112.5,,102.1,105.6,99.2,94.0,95.7,93.7,93.0,107.0,119.2,,105.7,102.1,122.7,102.9,99.5,106.9,,97.8,100.7,99.5,100.0,100.0,99.9,100.0,96.9,,97.5,99.7,100.0,99.1,100.0,103.1,102.5,102.5,128.0,128.0,99.3,101.4,99.4,99.6,98.8,98.3,98.2,100.3,100.5,99.9,100.0,99.8,100.0,100.3,100.0,,98.8,98.6,99.9,102.5,100.6,99.6,93.0,99.6,100.8,99.5,100.0,100.5,101.2,100.2,127.2,99.9,,100.4,,99.1,100.0,101.1,100.1,99.8,99.6,99.8,100.4,102.8,114.4,121.0,108.0,105.0,104.9,110.0,,102.5,101.4,109.1,101.1,101.5,101.1,100.1,101.8,100.5,99.8,100.7,99.9,100.6,100.7,100.3,109.2,102.0,102.7,100.1,105.2,96.4,108.9,100.5,100.1,101.3,101.2,101.6,100.9,91.2,91.1,91.5,98.0,97.1,99.9,97.5,97.9,100.0,100.0,100.0,96.1,104.6,88.8,97.2,103.1,101.3,103.2,100.6,101.0,103.5,117.8,102.0,107.6,104.5,100.7
200808,106.4,155.1,196.9,156.6,,189.6,224.2,268.0,108.9,201.2,163.8,88.6,98.6,103.8,100.5,101.4,101.7,100.2,103.9,95.0,101.7,101.8,115.4,96.2,103.1,96.8,100.7,107.5,105.4,125.7,112.5,,102.1,105.7,96.9,100.5,99.0,105.5,92.3,106.7,116.4,,105.7,102.3,121.0,102.8,99.5,107.6,,97.8,100.6,99.6,100.0,100.0,99.9,100.0,97.9,,101.4,99.7,100.0,99.1,100.0,105.8,111.0,111.0,142.6,142.6,99.3,101.6,99.4,99.6,98.8,98.3,98.2,100.1,100.5,99.9,100.0,99.8,100.0,100.4,100.0,,98.8,98.6,99.9,102.0,101.9,99.7,92.9,99.6,100.8,99.5,100.0,103.4,101.2,100.2,127.6,99.9,,100.4,,99.2,100.2,102.8,100.2,99.8,99.6,99.8,100.4,102.8,113.5,118.6,108.6,105.4,104.9,109.4,,102.9,102.1,109.5,101.1,101.5,101.1,100.1,101.8,100.5,99.8,101.1,99.9,100.9,100.7,100.3,109.3,102.3,102.9,100.6,105.3,96.4,109.1,101.2,101.3,101.4,101.4,102.2,100.6,91.2,91.1,91.5,98.0,97.1,99.9,97.5,97.9,100.0,100.0,100.0,97.6,108.6,85.2,104.3,103.3,101.6,103.5,100.6,100.9,103.8,118.9,102.1,107.6,106.3,100.7
200809,105.1,153.9,198.2,148.7,,183.6,224.2,260.0,106.9,207.1,156.9,88.6,98.6,103.4,101.4,101.5,101.9,101.2,105.1,95.2,103.4,102.3,115.1,96.6,104.1,97.4,101.4,107.6,105.6,125.7,112.5,,102.1,105.1,98.1,97.2,98.2,97.5,95.4,106.6,117.1,,105.7,100.3,119.5,103.7,99.3,108.2,,98.1,100.6,99.4,100.0,100.0,99.9,100.0,96.6,,97.2,99.7,100.0,99.1,100.0,103.9,103.1,103.1,132.6,132.6,99.4,101.6,99.7,99.6,98.8,98.6,98.2,100.3,100.8,99.9,100.0,99.8,100.0,101.0,100.0,,98.8,98.6,99.9,104.8,101.5,99.9,97.7,99.6,100.8,99.5,100.0,101.5,101.2,100.2,127.6,99.9,,100.4,,99.2,100.1,102.0,100.2,99.8,99.6,99.8,100.4,102.4,113.0,118.5,107.7,104.9,105.0,108.6,,102.7,101.4,109.0,100.7,101.5,101.0,99.2,101.5,100.7,98.9,100.9,99.8,101.3,99.7,100.3,106.8,102.7,103.2,101.2,105.3,96.4,109.4,101.9,102.6,101.6,101.8,101.9,101.8,91.2,91.1,91.5,98.0,97.1,99.9,97.5,97.9,100.0,100.0,100.0,97.9,103.6,93.0,98.3,103.3,101.8,103.5,100.7,100.8,103.8,116.1,102.3,107.6,104.6,100.7
200810,104.9,151.3,194.6,127.6,,181.9,213.9,245.6,126.5,208.2,154.5,88.6,98.6,103.3,101.6,101.3,101.5,100.7,105.6,99.1,103.4,101.7,115.1,96.1,103.9,97.5,100.4,107.5,105.9,125.7,112.4,,102.1,104.8,98.9,98.5,98.5,98.7,98.4,106.0,115.9,,105.7,99.7,119.1,103.5,99.2,106.3,,98.2,100.2,99.6,100.0,100.0,99.9,100.0,97.4,,97.5,99.7,100.0,99.3,100.0,103.5,106.4,106.4,119.4,119.4,99.5,101.6,99.7,99.8,99.1,98.6,98.2,100.3,101.5,99.9,100.0,99.8,100.0,102.4,100.0,,98.8,98.6,99.9,111.5,101.5,99.9,100.9,99.7,99.6,99.5,100.0,101.7,101.2,100.2,127.8,99.9,,100.4,,99.2,100.4,105.1,100.2,99.8,99.6,99.8,100.4,102.4,114.1,119.5,109.1,104.6,104.5,108.3,,102.2,101.2,109.5,100.7,101.5,101.1,100.1,101.4,100.9,99.8,100.9,100.0,100.7,100.7,100.2,102.9,103.0,103.5,102.0,105.3,96.4,109.5,102.2,103.4,101.3,101.8,101.9,101.9,91.2,91.1,91.5,98.0,97.1,99.9,97.5,98.3,100.0,100.0,100.0,98.6,102.5,95.4,98.8,103.1,102.1,103.4,100.7,100.8,103.6,112.5,102.4,107.7,104.4,100.7
200811,103.8,148.4,190.2,124.1,,179.2,206.3,228.8,138.5,198.2,154.2,88.6,98.6,103.3,101.5,101.3,101.5,99.8,105.6,99.7,103.5,101.2,114.9,96.1,103.8,98.2,99.4,106.3,105.2,125.7,112.5,,101.8,105.0,96.8,100.5,98.3,101.4,100.9,105.7,115.2,,105.7,102.2,118.5,102.3,98.9,106.1,,98.3,100.3,99.6,100.0,100.0,99.9,100.0,97.7,,97.2,99.7,100.0,99.3,100.0,102.0,104.5,104.5,106.7,106.7,99.6,101.5,99.7,99.8,99.1,98.7,98.2,100.4,101.4,99.9,100.0,99.8,100.0,102.2,100.0,,98.8,98.6,99.9,110.5,100.9,99.9,101.5,99.7,99.6,99.5,100.0,101.9,101.2,100.2,128.0,99.9,,100.4,,99.2,100.3,103.3,100.2,99.8,99.8,99.8,100.6,102.1,114.0,119.6,108.5,103.9,103.8,107.8,,101.5,100.2,108.3,100.5,101.3,100.9,99.9,101.1,100.6,99.5,100.3,100.0,101.0,100.7,100.2,103.1,103.0,103.6,102.1,105.3,96.4,109.7,102.1,103.2,101.2,101.8,101.8,101.9,91.2,91.1,91.5,98.0,97.1,99.9,97.5,98.3,100.0,100.0,100.0,94.6,103.1,88.7,93.1,102.3,102.1,102.3,100.7,100.8,102.7,104.7,102.2,107.7,103.4,100.7
200812,103.9,142.6,178.1,123.0,,172.1,195.5,208.0,134.2,194.1,148.7,88.6,98.6,103.5,101.7,101.2,101.3,100.5,105.4,100.0,103.8,100.4,115.1,95.7,103.7,96.7,98.6,105.8,104.5,125.5,112.7,,101.6,105.0,95.4,102.9,99.7,102.8,106.6,105.9,115.8,,105.7,103.3,117.9,103.2,98.8,106.9,,97.8,100.3,99.6,100.0,100.0,99.9,100.0,97.9,,99.5,99.8,100.0,99.4,100.0,102.4,101.8,101.8,117.6,117.6,99.6,101.5,99.7,99.8,99.1,98.9,98.2,100.6,100.9,99.9,100.0,99.8,100.0,101.1,100.0,,98.8,98.6,99.9,105.9,100.5,99.9,101.6,99.8,99.6,98.6,100.0,102.6,101.3,100.2,128.4,99.9,,100.4,,98.9,100.4,104.9,100.2,99.8,99.8,99.8,100.6,102.0,114.4,122.7,106.3,103.2,102.6,108.3,,101.0,99.1,106.9,100.5,101.1,100.8,99.9,101.3,100.9,99.5,100.8,100.0,101.3,100.7,100.2,102.1,101.0,101.2,101.6,100.4,96.4,109.3,100.3,99.9,101.1,101.7,101.7,101.7,91.2,91.1,91.5,98.0,97.1,99.9,97.5,98.3,100.0,100.0,100.0,96.6,103.0,92.2,95.1,101.8,102.0,101.8,100.7,100.7,102.1,99.2,102.2,107.7,103.6,100.7
200901,102.2,138.8,170.1,123.0,,166.8,190.1,200.0,128.8,178.2,138.5,88.6,102.3,103.3,101.5,100.9,100.9,99.9,106.1,100.4,102.9,100.3,113.7,96.0,104.3,97.7,98.4,106.0,105.8,125.5,112.5,,101.2,104.9,98.6,100.2,98.5,100.1,102.2,106.1,117.4,,105.7,102.7,117.8,102.9,99.3,107.8,,98.2,100.5,99.7,100.0,100.0,99.9,100.0,98.1,,99.0,99.7,100.0,99.3,100.0,99.7,100.5,100.5,97.4,97.4,99.6,101.5,99.7,99.8,99.2,99.0,98.2,100.2,99.9,100.0,100.0,100.0,100.0,99.1,100.0,,98.8,98.6,99.8,96.5,100.5,100.0,101.6,100.0,99.6,98.6,100.0,101.7,101.2,100.2,128.2,99.9,,100.2,,98.9,100.4,104.8,100.1,99.7,100.0,99.8,100.6,102.1,113.1,120.5,106.0,103.8,103.5,109.5,,101.3,100.4,106.5,100.7,100.8,100.4,99.8,101.1,100.6,99.3,100.5,99.9,101.3,100.6,100.2,105.9,100.7,101.3,100.8,100.1,101.0,109.0,99.0,97.4,100.9,101.7,101.8,101.7,91.2,91.1,91.5,98.0,97.1,99.9,97.5,98.3,100.0,100.0,100.0,98.9,103.7,94.9,98.8,101.2,102.0,101.2,100.7,100.6,101.3,97.9,101.3,107.8,102.0,100.7
200902,101.8,134.2,164.3,122.2,,161.4,172.2,188.8,124.5,168.8,132.7,88.6,101.5,103.3,101.8,100.9,100.8,100.6,106.2,100.7,102.5,100.5,114.4,97.0,105.3,97.9,98.5,106.3,106.1,125.5,112.5,,101.0,104.9,99.5,98.9,97.8,98.2,101.6,106.3,118.3,,105.7,102.7,117.9,105.1,99.6,106.4,,98.7,100.9,99.6,100.0,100.0,99.9,100.0,97.6,,99.0,99.8,100.0,99.4,100.0,99.5,100.0,100.0,96.4,96.4,99.7,101.5,99.7,99.8,99.2,99.0,98.2,100.2,99.8,100.0,100.0,100.0,100.0,99.0,100.0,,98.8,98.6,99.8,96.3,100.5,100.0,101.6,100.0,99.3,98.6,100.0,100.3,101.2,100.2,128.0,99.9,,100.2,,98.9,100.3,103.9,100.1,99.7,99.9,99.8,100.3,102.3,112.1,117.8,106.6,104.4,103.0,109.2,,102.3,101.2,108.5,100.7,101.3,100.8,99.9,100.8,100.7,99.5,100.1,100.0,101.0,100.7,100.2,105.6,100.7,100.8,100.6,100.1,97.7,109.0,100.1,100.1,100.1,101.1,100.9,101.5,91.2,91.1,91.5,98.0,97.1,99.9,97.5,98.3,100.0,100.0,100.0,94.4,101.6,88.6,94.8,101.1,101.9,100.9,100.6,100.6,101.2,98.6,101.1,108.1,101.6,100.7
200903,102.6,134.2,172.8,122.8,,163.8,165.0,173.6,119.1,161.8,144.9,88.6,99.2,104.4,102.1,101.2,100.9,101.7,105.5,101.0,102.4,103.6,114.0,96.9,105.0,97.4,104.0,106.0,105.9,125.4,112.5,,100.7,104.6,99.3,101.9,101.1,100.6,105.3,106.0,114.9,,105.7,102.7,117.9,102.9,100.0,106.1,,98.5,100.0,99.6,100.0,100.0,99.9,100.0,97.8,,99.5,99.7,100.0,99.3,100.0,100.4,100.2,100.2,104.3,104.3,99.6,101.3,99.7,99.8,99.2,99.1,98.2,100.2,100.2,100.0,100.0,100.0,100.0,99.6,100.0,,100.0,98.6,99.8,98.6,100.4,100.0,101.6,100.0,99.3,99.5,100.0,100.3,101.2,100.2,128.0,99.9,,100.2,,98.7,100.2,102.4,100.1,99.7,99.8,99.7,100.3,101.6,110.7,115.6,106.0,103.3,102.0,104.9,,102.1,101.6,106.4,100.3,100.7,100.3,99.9,101.1,100.4,99.6,100.6,100.0,101.2,100.7,100.3,100.9,100.4,100.3,100.7,99.9,93.1,109.0,100.3,99.9,100.8,101.5,101.2,101.8,91.2,91.1,91.5,98.0,97.1,99.9,97.5,98.3,100.0,100.0,100.0,94.6,101.8,90.3,92.0,101.4,102.1,101.2,100.6,100.6,101.6,98.7,101.4,107.9,102.5,100.7
200904,101.9,129.9,161.2,122.4,,160.7,152.9,165.6,114.5,160.6,139.9,88.6,101.0,103.9,101.5,101.2,101.0,101.3,103.1,101.1,102.3,103.9,112.1,97.2,107.6,96.6,104.9,105.4,106.4,125.4,112.4,,100.4,103.8,101.4,99.3,98.8,98.8,100.9,105.5,111.2,,105.7,102.6,116.9,103.1,99.4,105.4,,98.4,99.9,99.9,100.0,100.0,100.0,100.0,99.9,,99.0,99.8,100.0,99.5,100.0,99.8,99.9,99.9,91.6,91.6,99.9,101.4,99.6,100.0,99.5,99.5,98.5,100.5,101.1,100.0,100.0,100.0,100.0,101.6,100.0,,100.0,100.0,99.9,107.7,100.6,100.1,101.5,100.0,100.0,99.5,100.0,99.9,101.1,100.1,127.8,99.9,,99.9,,98.8,100.2,102.6,100.1,99.7,99.9,100.0,100.3,101.6,107.9,111.4,104.8,103.8,102.9,102.0,,104.5,102.8,106.2,100.3,101.0,100.4,99.9,101.1,100.4,99.7,100.4,100.0,100.7,100.7,100.3,101.1,100.6,100.7,101.1,99.9,97.3,106.6,100.1,99.7,100.6,101.5,101.2,101.8,91.2,91.1,91.5,98.2,97.1,99.9,100.0,98.3,100.0,100.0,100.0,95.5,102.4,96.1,84.3,101.4,101.9,101.3,100.6,100.5,101.6,98.9,101.5,108.7,101.8,100.7
200905,101.9,127.5,154.5,122.2,,168.1,146.2,156.8,111.2,158.2,136.4,88.6,101.0,103.8,101.5,101.0,100.7,102.1,102.9,101.1,101.2,103.0,112.0,97.4,107.3,98.0,102.8,105.9,106.7,125.4,112.4,,99.7,103.9,102.0,99.7,107.8,95.9,99.1,105.7,111.2,,105.7,102.9,116.6,104.3,100.3,104.5,,98.6,100.0,99.7,100.0,100.0,100.0,100.0,98.5,,99.0,99.8,100.0,99.4,100.0,100.0,100.3,100.3,93.2,93.2,99.8,100.9,99.6,100.0,99.5,99.5,98.5,100.4,101.1,100.0,100.0,100.0,100.0,101.5,100.0,,100.0,100.0,99.9,107.4,100.6,100.1,101.5,100.0,100.0,99.5,100.0,99.5,101.1,100.2,127.8,99.9,,99.9,,98.7,100.1,101.1,100.1,99.7,99.9,100.0,100.3,101.5,107.1,109.9,104.2,103.9,102.6,102.8,,104.7,103.0,105.5,100.2,100.6,100.2,99.9,100.5,100.2,99.9,99.9,100.0,100.8,100.7,100.3,101.5,100.6,100.4,100.7,99.9,97.3,104.8,100.6,100.5,100.8,101.5,101.4,101.7,91.2,91.1,91.5,98.2,97.1,99.9,100.0,98.3,100.0,100.0,100.0,96.8,101.7,92.1,98.5,101.2,101.8,101.1,100.5,100.5,101.3,96.8,101.5,108.7,101.8,100.5
200906,101.5,123.5,147.8,123.0,,157.4,137.7,144.0,111.0,154.1,132.7,88.6,101.0,102.8,101.3,100.7,100.7,101.8,101.8,100.9,101.5,103.4,112.1,97.8,107.3,98.0,103.8,104.7,106.5,125.4,112.4,,99.7,103.9,101.9,96.1,97.1,95.9,95.3,104.6,111.0,,105.7,103.0,112.3,102.8,100.3,103.8,,98.7,100.0,99.8,100.0,100.0,100.0,100.0,99.1,,99.0,99.8,100.0,99.4,100.0,99.8,100.2,100.2,92.5,92.5,99.9,100.9,99.6,100.0,99.5,99.6,98.5,100.4,100.9,100.0,100.0,100.0,100.0,101.2,100.0,,100.0,100.0,99.7,106.2,100.7,100.1,100.6,100.0,99.0,99.5,100.0,99.6,101.1,100.2,127.0,99.9,,99.9,,98.7,100.2,102.1,100.1,99.7,99.9,99.9,100.3,101.4,105.5,107.4,103.9,103.5,102.5,103.8,,104.0,101.8,104.9,100.2,100.2,99.8,99.9,100.4,100.2,99.9,99.8,100.0,100.9,100.7,100.3,101.9,100.3,100.2,100.6,99.8,97.3,103.5,100.2,99.9,100.6,101.4,101.1,101.7,91.2,91.1,91.5,98.2,97.1,99.9,100.0,99.3,100.0,100.0,100.0,95.1,100.0,88.5,99.9,101.0,101.5,100.9,100.6,100.5,101.2,96.9,101.3,108.7,101.2,100.5
200907,101.7,120.3,139.7,122.6,,152.3,140.8,132.8,108.7,148.2,128.3,88.6,101.0,102.7,100.8,100.7,100.8,101.5,101.0,100.9,100.4,103.6,112.2,97.8,107.3,98.6,104.1,103.6,106.7,125.4,112.4,,99.6,103.8,102.4,94.3,96.1,94.8,91.7,105.1,108.9,,105.7,103.0,113.7,103.2,100.3,105.2,,98.8,99.8,99.8,100.0,100.0,100.0,100.0,98.9,,99.0,99.8,100.0,99.4,100.0,100.5,100.4,100.4,104.8,104.8,99.9,100.9,99.6,100.0,99.5,99.7,99.5,100.3,100.0,100.0,100.0,100.0,100.0,99.4,100.0,,100.0,100.0,99.7,98.6,100.9,100.0,93.0,100.0,99.0,99.5,100.0,99.4,101.2,100.2,127.0,99.9,,100.2,,98.5,100.0,99.8,100.1,99.7,99.9,99.9,100.3,100.9,104.4,106.0,102.9,102.8,101.6,103.3,,103.4,101.6,103.9,100.0,100.6,100.1,99.9,100.3,99.5,99.9,99.7,100.0,100.8,100.7,100.2,100.9,100.2,100.0,100.0,99.8,97.3,103.6,100.2,100.0,100.6,101.2,101.1,101.3,91.2,91.1,91.5,98.2,97.1,99.9,100.0,99.3,100.0,100.0,100.0,91.9,101.1,84.5,92.2,100.8,101.4,100.5,100.5,100.4,100.9,97.2,101.0,108.6,101.7,100.5
200908,103.1,119.7,135.7,122.2,,144.3,138.6,126.4,106.4,145.3,125.7,100.0,101.0,103.2,100.8,100.7,100.7,101.5,101.0,100.9,100.4,103.3,112.2,97.9,107.1,100.1,103.2,103.1,106.3,125.2,112.1,,99.4,102.6,102.2,98.7,100.8,100.8,92.7,104.8,109.4,,105.7,102.7,114.4,100.7,100.5,104.9,,98.9,99.8,99.9,100.0,100.0,100.0,100.0,99.6,,101.7,99.8,100.0,99.5,100.0,102.8,108.1,108.1,118.4,118.4,99.9,101.0,99.6,100.0,99.5,99.7,99.5,100.2,99.8,100.0,100.0,100.0,100.0,99.2,100.0,,100.0,100.0,99.3,97.6,101.5,100.0,93.0,100.0,99.0,99.5,100.0,101.3,100.6,100.2,114.6,99.9,,100.2,,98.5,100.1,101.7,100.1,99.7,99.9,100.0,100.3,100.8,104.5,106.3,102.9,102.8,101.6,103.5,,103.5,101.5,103.8,99.8,100.0,99.9,100.1,100.1,100.1,100.1,100.0,100.0,100.5,100.7,100.1,97.2,100.1,99.8,99.9,99.8,97.3,102.7,100.3,100.0,100.7,101.1,100.9,101.4,91.2,91.1,91.5,98.2,97.1,99.9,100.0,99.3,100.0,100.0,100.0,99.3,102.8,96.2,99.4,100.8,101.1,100.8,100.5,100.4,100.9,96.7,101.1,108.6,103.3,100.0
200909,101.7,117.7,131.7,121.0,,146.0,131.8,119.2,106.9,144.1,119.0,100.0,101.0,102.4,101.0,100.8,100.8,101.4,101.1,100.7,101.1,104.1,112.2,97.9,107.1,99.1,104.8,104.1,105.3,125.4,112.2,,99.5,100.9,100.9,97.2,99.2,97.9,93.5,103.1,107.3,,105.7,102.7,105.1,103.5,100.1,104.0,,98.7,99.8,99.8,100.0,100.0,100.0,100.0,99.2,,99.0,99.8,100.0,99.5,100.0,100.9,101.5,101.5,106.9,106.9,99.9,100.9,99.6,100.0,99.5,99.7,99.5,100.4,100.0,100.0,100.0,100.0,100.0,99.7,100.0,,100.0,100.0,99.3,100.1,101.0,100.0,97.4,100.0,99.0,99.5,100.0,98.6,100.6,100.1,113.6,99.9,,100.2,,98.6,100.0,99.9,100.1,99.7,99.9,100.0,100.3,101.0,104.7,105.4,103.8,102.7,102.8,102.3,,103.3,101.4,103.1,100.1,100.4,99.9,100.0,100.3,99.9,100.1,99.9,100.0,101.3,100.7,100.2,101.0,100.6,100.4,101.4,99.8,97.3,101.9,100.7,100.5,101.0,101.2,101.0,101.3,91.2,91.1,91.5,98.2,97.1,99.9,100.0,99.3,100.0,100.0,100.0,97.8,99.9,97.0,96.1,100.9,101.3,100.9,100.5,100.4,101.0,97.2,101.2,108.7,101.5,100.0
200910,101.2,117.1,130.4,102.6,,139.9,138.6,116.8,126.3,141.8,111.7,100.0,101.0,101.7,100.9,100.8,100.7,101.7,100.8,100.4,101.1,103.3,103.7,98.4,107.1,98.5,104.9,103.0,102.4,100.9,111.8,,100.3,100.9,101.2,96.6,96.7,96.8,96.2,102.8,106.5,,105.7,102.7,103.1,104.9,100.6,102.8,,99.0,99.7,99.8,100.0,100.0,100.0,100.0,98.9,,99.0,99.8,100.0,99.5,100.0,100.3,104.2,104.2,92.3,92.3,100.0,101.0,99.6,100.0,99.3,99.9,99.5,100.6,100.8,100.0,100.0,100.0,100.0,101.3,100.0,,100.0,100.0,99.4,106.8,100.6,100.0,101.0,99.9,100.0,99.5,100.0,99.1,100.5,100.1,111.3,99.9,,100.2,,98.6,100.1,101.2,100.1,99.8,99.9,100.0,100.3,100.8,103.3,104.1,102.2,102.4,102.5,102.9,,102.1,100.5,104.4,100.0,100.0,99.8,99.4,100.4,100.1,99.3,100.2,99.2,100.6,100.0,100.2,102.7,100.6,100.4,101.5,99.9,97.3,101.2,100.7,100.5,101.2,101.2,101.0,101.5,91.2,91.1,91.5,98.2,97.1,99.9,100.0,100.0,100.0,100.0,100.0,91.9,99.2,85.8,92.7,100.8,101.0,100.4,100.4,100.4,100.9,96.6,101.2,108.6,101.1,100.0
200911,100.5,114.8,123.7,102.4,,142.3,126.9,115.2,122.7,135.3,119.5,100.0,101.0,101.4,100.7,100.9,100.7,100.9,100.6,100.4,101.0,101.9,94.8,100.3,106.2,99.7,103.2,103.0,101.9,100.5,112.1,,100.4,100.1,100.6,97.4,95.5,98.2,98.0,102.8,105.8,,105.7,102.8,104.4,103.4,100.6,102.2,,99.2,99.8,99.8,100.0,100.0,100.0,100.0,99.3,,99.0,99.8,100.0,99.5,100.0,99.4,103.3,103.3,85.4,85.4,100.0,101.6,99.6,100.0,99.3,99.9,99.5,100.3,100.6,100.0,100.0,100.0,100.0,101.0,100.0,,100.0,100.0,99.2,105.1,100.4,100.0,101.6,99.9,100.0,99.5,100.0,99.2,100.4,100.1,108.7,99.9,,100.2,,98.5,100.0,99.8,100.1,99.8,100.0,100.0,100.3,100.6,103.4,106.0,100.8,101.7,101.6,103.5,,101.4,99.0,103.0,100.0,100.3,100.0,99.6,100.1,99.8,99.3,99.7,99.9,100.6,100.0,100.1,102.2,100.7,100.5,102.2,99.8,97.3,100.4,100.9,101.0,101.3,101.1,100.9,101.4,91.2,91.1,91.5,98.2,97.1,99.9,100.0,100.0,100.0,100.0,100.0,88.7,98.0,82.3,86.8,100.6,100.9,100.1,100.3,100.3,100.7,96.5,101.1,108.6,100.4,100.0
200912,100.4,111.3,119.6,102.2,,129.2,119.7,111.2,116.1,125.3,115.5,100.0,101.0,100.6,100.6,100.6,100.7,101.0,100.2,100.4,100.7,99.5,91.6,99.9,105.9,99.0,100.0,102.9,101.2,100.3,112.0,,100.4,100.1,98.7,100.9,98.5,100.2,104.8,101.1,104.5,,105.7,102.2,99.5,99.7,100.5,101.7,,99.7,99.8,99.8,100.0,100.0,100.0,100.0,99.0,,99.3,99.8,100.0,99.5,100.0,99.7,100.2,100.2,96.2,96.2,100.0,101.8,99.6,100.0,99.3,99.9,99.5,100.2,100.1,100.0,100.0,100.0,100.0,100.1,100.0,,100.0,100.0,99.2,101.2,99.9,100.0,101.7,99.9,100.0,98.6,100.0,100.8,100.1,100.1,103.0,99.9,,100.2,,98.4,100.1,100.9,100.1,99.9,100.0,100.0,100.4,100.2,101.9,104.4,99.4,101.2,100.6,101.5,,101.2,99.5,102.7,99.7,99.1,98.8,99.6,100.4,99.9,99.3,100.2,99.9,100.8,100.0,100.1,99.7,100.5,100.3,101.4,99.8,97.3,100.3,100.6,100.6,100.8,101.0,100.8,101.2,91.2,91.1,91.5,98.2,97.1,99.9,100.0,100.0,100.0,100.0,100.0,89.2,99.1,83.4,85.6,100.5,100.5,100.0,100.3,100.2,100.6,96.7,100.9,108.6,100.5,100.0
201001,100.6,112.7,114.1,101.5,96.0,122.5,120.7,108.1,105.6,115.0,108.8,100.0,101.1,100.9,100.5,100.9,100.8,100.7,100.3,100.4,100.0,100.8,101.5,100.0,105.6,100.4,100.5,101.5,101.5,100.3,111.8,101.0,100.0,100.2,101.0,100.0,99.0,99.6,101.6,101.2,103.7,106.6,103.6,102.1,101.3,99.4,100.3,100.7,101.9,99.6,99.8,100.0,100.0,100.0,100.0,100.0,99.9,99.8,100.4,99.9,100.0,99.5,100.0,97.2,96.9,96.9,79.5,79.5,100.0,100.8,99.7,100.1,99.6,100.0,100.1,100.4,99.1,100.0,100.0,100.0,100.0,97.7,100.0,100.0,100.0,100.0,99.4,92.8,100.4,100.0,101.7,99.9,99.9,99.3,100.0,98.5,100.1,99.9,103.5,100.0,98.9,100.2,100.0,98.7,100.0,99.8,100.0,99.9,100.0,100.0,100.5,100.5,102.6,104.5,100.1,100.8,101.4,100.9,103.2,100.3,100.3,99.5,100.1,100.1,99.6,99.4,100.5,100.3,99.4,100.1,99.9,100.6,100.0,100.0,102.4,100.3,100.0,100.1,99.8,100.6,100.0,100.6,100.6,100.7,101.0,101.1,101.0,91.3,91.1,91.5,98.1,97.1,100.0,100.0,100.0,100.0,100.0,96.7,96.7,100.0,95.5,94.7,100.2,100.6,100.1,100.2,100.2,100.2,97.2,100.5,105.4,100.6,100.0
201002,100.7,111.5,112.6,100.4,100.5,118.1,116.1,110.9,102.0,114.3,107.1,100.0,99.5,100.6,100.2,100.4,100.2,100.3,100.0,100.4,99.8,100.9,101.0,100.1,103.7,100.4,101.3,99.8,101.3,100.3,112.0,100.3,100.0,100.0,100.8,98.4,97.2,97.4,101.7,101.2,103.0,106.8,97.8,99.5,104.9,100.2,100.3,102.7,100.2,99.5,99.9,100.0,100.0,100.0,100.0,100.0,99.9,99.4,101.8,99.9,100.0,99.6,100.0,97.8,98.4,98.4,83.4,83.4,99.9,98.9,99.8,100.1,99.6,100.0,99.9,100.5,99.1,100.0,100.0,100.0,100.0,97.7,100.0,100.0,100.0,100.0,99.3,92.5,100.4,100.0,101.7,99.9,101.3,99.3,100.0,99.7,100.1,99.9,101.3,100.0,101.1,100.2,100.1,98.6,100.2,101.2,100.0,99.9,99.9,100.0,100.0,100.1,101.7,103.7,99.3,100.8,99.9,100.8,103.6,100.0,99.9,100.8,99.6,99.9,99.7,99.4,99.8,100.0,99.4,100.7,99.9,100.1,100.0,100.1,98.2,100.2,100.0,101.0,99.8,97.9,100.1,100.6,101.1,100.4,100.4,100.5,100.1,91.3,91.1,91.5,98.1,97.1,100.0,100.0,100.0,100.0,100.0,96.7,95.9,98.1,94.7,95.3,100.2,100.5,100.0,100.2,100.1,100.2,98.4,100.3,105.4,100.5,100.0
201003,101.1,109.3,110.3,101.2,104.1,112.6,109.7,108.8,100.0,110.9,114.9,100.0,100.0,101.1,100.2,100.2,100.3,100.3,100.3,100.3,100.0,101.4,100.9,100.7,102.9,100.2,102.0,100.0,101.6,100.3,112.1,100.7,99.8,100.0,101.7,101.8,100.9,100.2,105.7,100.7,102.5,103.6,100.9,99.7,101.1,101.3,100.3,101.2,100.0,99.7,99.9,99.8,100.0,100.0,100.0,100.0,98.5,98.5,98.4,99.9,100.0,99.8,100.0,99.0,97.9,97.9,96.5,96.5,99.9,99.2,99.8,100.1,99.8,100.0,99.9,100.6,99.5,100.0,100.0,100.0,100.0,98.5,100.0,100.0,100.0,100.0,100.1,94.8,100.4,100.0,101.7,99.9,102.6,99.3,100.0,99.9,100.2,100.1,104.7,100.0,99.1,100.2,100.0,98.7,100.0,99.9,100.0,99.9,100.0,100.0,100.2,100.6,101.8,103.2,100.2,100.2,101.0,100.2,101.0,99.7,99.6,100.7,100.6,100.7,100.6,100.1,100.5,100.8,100.1,101.0,100.0,100.3,100.0,100.0,102.5,100.3,100.3,100.9,99.8,100.0,100.3,100.4,100.9,100.0,100.3,100.2,100.4,91.3,91.1,91.5,98.2,97.1,100.0,100.0,100.0,100.0,100.0,100.7,97.5,99.7,95.2,98.7,100.4,100.4,100.4,100.2,100.0,100.5,99.0,100.6,105.5,101.1,100.0
201004,101.6,111.4,115.8,100.6,102.1,109.7,108.4,105.6,96.3,109.6,109.8,100.0,100.0,100.6,99.9,100.0,100.0,99.4,100.1,99.8,100.0,100.1,100.4,100.7,103.2,100.4,100.0,99.9,101.3,100.3,112.1,100.3,100.2,100.0,100.8,100.7,101.5,99.4,102.6,100.7,102.5,104.7,101.4,99.8,101.7,100.4,100.3,100.9,100.2,99.7,99.9,100.0,100.0,100.0,100.0,100.0,99.8,100.2,98.4,99.9,100.0,99.8,100.0,99.6,98.9,98.9,94.5,94.5,100.0,99.8,100.0,99.9,99.9,100.0,99.9,100.1,100.4,100.0,100.0,100.0,100.0,101.0,100.0,100.0,100.0,100.0,100.1,103.5,100.0,100.0,101.7,99.9,99.7,99.3,100.0,100.8,100.1,100.1,103.2,100.0,99.5,99.6,100.0,98.7,100.2,101.4,100.0,100.0,100.0,100.0,100.0,100.3,101.8,102.7,100.6,100.1,99.9,100.9,100.9,99.8,99.2,100.1,100.2,100.0,99.9,100.1,100.5,100.4,100.1,100.6,100.0,100.5,100.0,100.0,100.4,100.2,100.2,100.6,99.8,100.0,100.1,99.9,100.1,99.8,100.5,100.6,100.4,91.3,91.1,91.5,98.2,97.1,100.0,100.0,100.0,100.0,100.0,100.7,102.9,100.5,108.3,95.8,100.3,100.2,100.4,100.1,100.1,100.3,99.5,100.4,98.2,101.3,100.0
201005,101.2,108.2,112.1,100.1,96.7,109.5,104.1,101.6,92.3,107.0,104.3,100.0,100.0,100.4,100.1,99.9,99.6,100.5,100.2,100.2,100.0,100.9,100.4,100.8,102.9,99.7,101.4,100.3,101.2,100.2,112.0,100.0,100.2,100.1,100.3,101.5,110.0,97.5,100.9,99.4,100.6,101.2,101.5,99.7,97.7,98.7,100.5,99.7,99.1,100.0,100.0,99.9,100.0,100.0,100.0,100.0,99.5,99.8,98.4,100.0,100.0,99.9,100.0,99.8,96.9,96.9,99.6,99.6,100.0,100.5,100.0,99.9,99.9,100.0,99.9,100.1,100.7,100.0,100.0,100.0,100.0,101.6,100.0,100.0,100.0,100.0,100.1,105.5,100.2,100.1,101.3,99.9,100.2,99.3,100.0,100.9,100.1,100.1,102.6,100.0,100.3,99.6,100.0,98.6,99.9,99.4,100.0,100.0,100.0,100.0,99.8,100.2,101.5,102.4,100.4,99.7,100.4,99.3,98.6,100.2,100.4,99.0,100.2,100.3,100.8,100.1,100.2,99.5,100.1,100.0,100.0,99.7,100.0,100.0,102.6,99.9,99.9,99.8,99.8,100.0,100.4,99.9,99.7,100.0,100.3,100.3,100.3,91.3,91.1,91.5,98.2,97.1,100.0,100.0,100.0,100.0,100.0,100.7,101.6,100.7,101.4,103.0,100.3,100.0,100.4,100.0,100.0,100.3,101.3,100.2,98.2,100.9,100.0
201006,100.5,104.4,107.8,99.7,94.7,103.2,98.8,99.4,90.0,103.1,102.8,100.0,100.0,100.1,100.2,99.8,99.9,100.7,100.0,100.1,100.0,100.9,100.1,100.7,99.4,99.9,102.0,98.3,100.8,100.1,107.4,100.0,100.2,100.1,100.7,97.7,97.5,97.9,97.3,100.4,99.8,98.0,105.3,99.5,99.5,100.2,100.8,99.8,100.4,100.0,100.0,100.0,100.0,100.0,100.0,100.0,100.2,100.7,98.4,100.0,100.0,99.9,100.0,99.8,99.2,99.2,94.8,94.8,100.0,100.5,100.0,99.9,100.0,100.0,99.9,100.0,100.6,100.0,100.0,100.0,100.0,101.6,100.0,100.0,100.0,100.0,100.1,105.0,100.2,100.1,100.6,99.9,99.7,100.5,100.0,100.8,99.9,100.1,98.8,100.0,97.5,99.6,100.0,98.6,100.1,100.8,100.0,100.0,100.0,100.0,99.7,100.1,101.0,101.2,100.6,100.7,100.7,100.9,100.7,100.6,100.4,101.3,99.7,99.1,99.6,100.1,100.2,99.8,100.1,100.0,100.0,99.3,100.0,99.9,98.4,100.0,100.0,100.3,99.8,100.0,100.2,99.6,99.5,99.8,100.2,100.3,100.1,91.3,91.1,91.5,98.2,97.1,100.0,100.0,100.0,100.0,100.0,100.7,100.5,100.4,95.6,109.8,100.1,100.1,100.1,100.0,100.0,100.1,101.1,100.0,98.2,100.2,100.0
201007,100.0,98.3,98.1,100.1,88.1,96.6,101.5,102.1,83.7,98.1,100.1,100.0,100.0,99.7,99.7,99.7,99.9,99.6,99.6,99.9,100.0,100.3,99.8,100.0,98.5,99.9,101.1,98.3,99.3,100.0,89.0,99.9,100.2,100.3,100.7,98.1,97.6,100.5,93.8,100.0,99.4,95.1,100.4,99.9,98.8,100.5,100.8,99.7,101.3,99.7,100.2,100.1,100.0,100.0,100.0,100.0,100.6,100.2,102.3,100.0,100.0,100.1,100.0,100.5,100.2,100.2,107.5,107.5,100.0,100.4,100.0,100.0,100.0,100.0,99.9,99.9,99.7,100.0,100.0,100.0,100.0,99.3,100.0,100.0,100.0,100.0,100.1,98.0,99.7,100.1,94.0,99.9,100.0,100.5,100.0,99.1,100.0,100.1,97.7,100.0,101.2,100.1,100.0,98.5,99.9,99.2,99.9,100.2,100.0,100.0,99.5,100.0,100.7,101.0,100.2,99.5,99.5,98.5,99.0,100.0,99.7,99.6,100.1,99.8,100.4,100.1,100.5,99.9,100.1,99.7,100.0,99.7,100.0,99.8,101.3,99.5,99.4,98.7,99.8,100.0,100.0,99.6,99.4,99.8,99.9,100.3,99.2,91.3,91.1,91.5,98.2,97.1,100.0,100.0,100.0,100.0,100.0,100.7,95.6,100.2,92.4,95.1,99.7,99.9,99.4,100.0,100.0,99.6,100.8,99.5,98.2,99.9,100.0
201008,100.7,92.9,90.8,99.7,106.1,90.9,94.4,97.4,84.4,92.7,96.2,100.0,100.0,100.0,99.9,99.8,99.8,100.1,99.7,99.7,100.0,99.7,99.6,99.6,97.1,100.2,99.7,99.4,98.5,99.6,88.8,99.7,100.0,99.9,98.1,101.5,101.6,105.2,94.2,100.0,98.7,96.1,98.7,99.9,100.2,99.9,99.5,99.4,101.8,100.4,100.0,100.1,100.0,100.0,100.0,100.0,100.7,100.2,102.9,100.0,100.0,100.1,100.0,103.3,107.6,107.6,125.1,125.1,99.9,99.4,100.2,100.0,100.0,100.0,99.9,99.8,99.6,100.0,100.0,100.0,100.0,99.2,100.0,100.0,100.0,100.0,100.1,97.8,100.8,100.1,93.8,99.9,99.7,100.5,100.0,100.1,99.9,100.0,96.6,100.0,100.0,100.1,99.7,98.5,100.1,100.6,100.0,100.0,100.0,100.0,100.1,99.5,98.0,95.9,100.6,99.6,100.0,99.1,96.9,100.3,100.4,100.5,99.6,99.4,99.7,100.1,99.3,99.6,99.9,99.5,100.0,99.6,100.0,100.0,97.6,99.9,100.0,100.2,99.8,100.0,100.0,99.7,99.5,99.8,99.4,99.4,99.3,91.3,91.1,91.5,98.2,97.1,100.0,100.0,100.0,100.0,100.0,100.7,99.1,101.2,97.6,98.9,99.7,99.7,99.6,99.9,100.0,99.7,100.8,99.6,98.2,101.2,100.0
201009,99.1,89.8,86.9,96.7,109.3,87.3,92.6,92.5,91.7,90.3,93.6,100.0,100.0,99.6,99.9,99.9,99.8,99.5,100.3,99.5,100.0,99.8,99.3,100.0,97.1,99.7,100.4,98.2,98.7,100.0,88.7,99.9,100.0,99.9,98.6,100.8,98.7,103.6,97.2,99.2,97.9,96.7,98.5,100.0,98.9,100.6,99.2,98.8,98.4,100.2,100.2,100.0,100.0,100.0,100.0,100.0,100.2,100.2,100.2,100.0,100.0,100.1,100.0,101.2,100.2,100.2,114.3,114.3,99.9,99.1,100.2,100.0,100.2,100.0,99.9,99.4,100.0,100.0,100.0,100.0,100.0,100.1,100.0,100.0,100.0,100.0,100.1,100.3,100.1,100.1,98.0,100.1,99.5,100.5,100.0,99.0,99.9,100.0,96.6,100.0,99.0,100.1,99.9,98.5,99.9,99.2,100.0,100.1,99.9,100.0,100.1,100.0,99.2,97.6,101.2,99.9,99.6,99.2,99.0,100.3,100.7,99.9,100.1,100.1,100.4,100.1,99.8,100.3,100.0,99.8,100.0,100.1,100.0,100.0,99.8,99.9,99.9,99.9,99.8,100.0,100.2,99.9,99.5,100.2,99.7,99.7,99.9,91.3,91.1,91.5,98.2,97.1,100.0,100.0,100.0,100.0,100.0,100.7,103.8,101.7,105.9,102.8,99.7,99.9,99.8,99.9,99.9,99.6,100.7,99.5,98.2,98.9,100.0
201010,99.3,89.0,84.9,100.2,105.8,86.0,90.4,93.2,124.5,88.0,90.1,100.0,100.0,99.4,99.9,99.9,99.8,100.1,99.6,99.7,100.0,99.0,99.1,99.8,97.1,99.5,98.2,101.3,98.9,100.1,88.9,99.7,100.0,100.0,99.7,99.6,99.6,99.3,100.2,99.5,97.9,97.1,100.4,100.2,98.3,100.8,99.2,99.2,99.4,100.5,100.0,100.0,100.0,100.0,100.0,100.0,99.9,100.2,98.8,100.1,100.0,100.3,100.0,101.9,103.4,103.4,110.8,110.8,100.1,100.2,100.2,100.0,100.3,100.0,100.1,99.6,100.6,100.0,100.0,100.0,100.0,101.7,100.0,100.0,100.0,100.0,100.2,105.4,99.7,100.0,101.5,100.1,99.2,100.5,100.0,99.0,100.0,99.9,98.2,100.0,101.2,100.1,100.0,104.2,100.0,100.0,100.0,100.0,100.0,100.0,100.1,99.8,98.0,95.7,100.8,100.3,100.1,100.5,100.3,100.8,100.9,99.1,99.8,99.8,100.1,100.1,99.5,99.7,100.2,99.7,100.0,100.0,100.0,100.0,98.6,100.0,100.1,99.5,100.7,100.0,100.4,99.8,100.0,99.7,99.7,99.7,99.8,126.2,126.8,125.4,105.4,108.6,100.0,100.0,100.0,100.0,100.0,100.7,105.3,98.3,111.7,102.8,100.0,99.7,100.2,99.8,99.9,100.0,100.5,100.0,98.2,99.3,100.0
201011,97.8,86.8,82.6,100.0,101.4,86.1,83.4,92.4,117.0,86.3,86.8,100.0,100.0,98.8,99.5,99.8,100.0,98.7,99.6,99.9,100.0,98.4,99.1,99.7,96.8,100.6,97.0,101.4,98.7,99.0,88.8,99.6,99.7,99.8,99.5,98.7,98.2,98.6,99.3,99.0,97.6,96.9,95.7,100.1,100.3,99.4,99.3,98.5,98.3,100.3,100.0,100.0,100.0,100.0,100.0,100.0,99.9,100.2,98.8,100.1,100.0,100.4,100.0,100.0,101.5,101.5,93.0,93.0,100.1,100.6,100.2,100.0,100.3,100.0,100.3,99.7,100.5,100.0,100.0,100.0,100.0,101.3,100.0,100.0,100.0,100.0,100.2,104.4,99.4,99.9,101.9,100.1,98.9,100.5,100.0,99.0,100.0,99.9,98.3,100.0,102.2,100.1,100.0,104.2,99.8,98.6,100.0,100.1,100.0,100.0,100.1,99.9,97.4,95.9,99.3,99.8,99.3,100.2,99.0,99.7,100.0,100.3,100.2,100.5,100.1,100.1,99.5,99.7,100.2,99.6,100.0,100.0,100.0,100.0,101.6,100.0,100.2,99.9,100.7,100.0,99.5,99.9,99.9,99.9,99.3,99.0,99.8,126.2,126.8,125.4,105.4,108.6,100.0,100.0,100.0,100.0,100.0,100.7,102.9,99.1,107.0,100.3,99.8,99.7,99.9,99.8,99.9,99.7,100.2,99.8,98.2,97.9,100.0
201012,97.6,85.7,83.8,99.7,95.2,77.5,79.9,88.1,112.5,84.7,85.6,100.0,99.4,98.9,100.1,99.8,99.8,100.1,100.1,99.9,100.2,97.8,99.0,97.9,95.7,99.0,96.4,101.5,98.1,99.8,88.4,98.8,99.7,99.8,97.9,101.2,98.0,100.7,105.5,98.6,96.5,97.3,95.8,99.7,97.4,98.6,99.4,99.5,99.0,100.5,100.1,100.1,100.0,100.0,100.0,100.0,100.4,100.2,101.1,100.1,100.0,100.5,100.0,99.9,98.9,98.9,100.9,100.9,100.1,100.6,100.2,100.0,100.3,100.0,100.3,99.8,100.1,100.0,100.0,100.0,100.0,100.2,100.0,100.0,100.0,100.0,100.2,100.1,98.7,99.9,102.1,100.1,99.2,100.5,100.0,103.3,100.0,99.9,98.4,100.0,100.1,100.1,100.0,104.1,100.0,99.9,100.0,100.0,100.0,99.9,100.1,99.2,96.5,96.3,96.7,98.6,98.1,99.4,98.0,98.4,98.5,99.1,99.7,100.2,99.1,100.1,99.5,100.0,100.2,99.3,100.1,100.0,100.0,100.2,96.6,99.9,100.0,99.2,100.7,101.4,98.9,100.0,100.0,100.0,99.2,98.9,99.7,126.2,126.8,125.4,105.4,108.6,100.0,100.0,100.0,100.0,100.0,100.7,98.4,100.2,94.8,102.9,99.7,99.4,99.6,99.8,99.8,99.6,100.5,99.7,98.2,98.1,100.0
201101,96.9,84.0,84.2,99.4,87.0,70.6,76.2,84.2,106.5,79.3,82.1,100.0,96.9,99.1,99.7,99.8,99.8,98.8,100.2,99.9,100.0,97.8,96.7,97.2,95.0,100.6,97.0,99.8,98.3,100.0,88.4,99.3,99.7,99.8,98.2,100.0,97.7,100.2,101.9,99.5,94.6,96.2,104.3,100.1,97.6,97.7,99.4,99.7,100.6,100.5,100.4,100.2,100.0,100.0,100.0,100.0,101.9,101.8,102.1,100.2,100.0,100.7,100.0,98.9,98.1,98.1,96.2,96.2,100.1,100.6,99.8,100.0,100.4,100.0,100.3,99.8,99.1,99.9,100.0,99.9,100.0,97.9,100.0,100.0,100.0,100.0,100.2,93.0,98.7,100.1,102.1,100.1,99.0,100.5,100.0,99.8,99.9,99.8,98.2,100.0,99.9,100.1,99.9,104.0,99.8,98.5,100.0,100.1,100.0,99.9,99.8,99.5,97.5,96.3,99.0,98.9,99.2,99.7,98.9,98.6,98.7,98.7,99.9,99.9,99.4,100.1,99.5,100.0,100.2,99.4,100.1,100.0,100.0,100.2,98.7,99.5,99.4,98.5,100.7,100.1,97.7,100.1,100.0,100.1,98.7,98.5,99.1,126.2,126.8,125.4,105.4,108.6,100.0,100.0,100.0,100.0,100.0,100.7,103.2,101.7,99.4,112.5,99.4,99.5,99.5,99.8,99.8,99.3,101.4,99.1,98.2,97.3,100.0
201102,96.6,81.6,79.5,99.4,112.5,64.6,73.0,86.3,101.9,79.4,82.7,100.0,95.7,99.2,100.0,99.8,99.8,99.8,100.5,99.9,99.6,98.2,96.2,97.1,95.5,99.7,97.7,100.1,98.3,99.9,88.5,99.0,99.7,99.8,98.4,99.8,98.1,100.0,101.2,99.6,93.5,96.1,100.3,98.6,99.3,99.6,99.4,99.6,100.1,100.9,100.5,100.1,100.0,100.0,100.0,100.0,100.3,100.2,100.7,100.2,100.0,100.8,100.0,99.1,97.8,97.8,100.4,100.4,100.1,100.6,99.8,100.0,100.4,100.0,100.3,99.9,99.1,99.9,100.0,99.9,100.0,97.7,100.0,100.0,100.0,100.0,100.0,92.1,98.7,100.1,102.1,100.1,99.0,100.9,100.0,99.6,99.9,99.9,97.6,100.0,101.0,100.1,100.1,104.0,100.0,99.9,100.0,100.1,100.0,99.9,99.8,99.2,96.7,95.4,98.5,98.3,99.3,99.1,97.8,98.4,98.8,96.7,99.7,100.1,99.0,100.1,99.3,99.8,100.2,99.0,100.1,100.0,100.0,100.2,97.6,99.1,98.9,97.6,100.7,97.9,98.3,100.0,100.0,99.9,99.0,98.7,99.4,126.2,126.8,125.4,105.4,108.6,100.0,100.0,100.0,100.0,100.0,100.7,103.3,98.3,102.6,111.6,99.4,99.5,99.5,99.8,99.8,99.3,102.0,99.0,98.2,96.9,100.0
201103,96.6,78.3,75.2,99.8,108.7,60.2,68.3,84.4,100.3,77.1,90.0,100.0,97.3,99.0,99.5,99.8,99.8,98.5,99.8,99.9,99.9,98.0,96.6,97.1,95.2,99.0,97.7,99.5,98.4,99.7,88.7,99.6,99.2,100.0,98.2,100.5,98.8,100.3,102.5,99.2,92.8,96.2,103.0,100.4,98.7,98.2,99.9,98.6,98.1,100.8,100.4,100.0,100.0,100.0,100.0,100.0,99.9,100.2,98.8,100.2,100.0,100.8,100.0,100.0,97.8,97.8,108.4,108.4,100.1,100.5,99.8,100.0,100.4,100.0,100.3,99.9,99.4,99.9,100.0,99.9,100.0,98.6,100.0,100.0,100.0,100.0,99.9,94.4,99.2,100.1,102.1,100.1,102.5,100.9,100.0,99.3,99.8,100.1,95.5,100.0,98.8,100.1,100.1,103.8,99.6,97.3,100.0,100.1,100.1,100.0,99.7,98.7,97.3,96.4,98.5,98.9,99.5,99.2,98.3,98.5,98.8,99.4,98.8,100.1,99.7,100.1,99.3,99.9,100.2,99.3,87.8,100.0,100.0,100.2,100.7,99.6,99.6,98.7,100.7,99.8,98.9,100.0,100.1,100.0,99.2,99.1,99.4,126.2,126.8,125.4,105.4,108.6,100.0,100.0,100.0,100.0,100.0,100.7,101.3,100.4,98.4,108.0,99.7,99.6,99.8,99.8,99.7,99.7,104.6,99.2,98.2,97.1,100.0
201104,95.8,73.6,69.3,99.4,98.6,59.4,65.0,80.0,94.0,75.5,84.9,100.0,97.3,98.3,99.3,99.9,99.8,97.7,99.8,99.7,99.9,97.6,96.4,98.0,93.6,98.6,97.3,98.8,98.1,99.7,88.7,99.4,99.0,100.0,97.1,98.3,97.0,97.7,100.9,98.6,92.6,94.7,104.2,100.5,98.3,98.8,99.2,98.2,95.4,100.2,100.3,100.1,100.0,100.0,100.0,100.0,100.8,101.2,99.1,100.2,100.0,100.9,100.0,100.1,95.0,95.0,109.6,109.6,100.1,100.5,99.9,100.0,100.6,100.1,100.3,99.8,100.2,99.9,100.0,99.9,100.0,100.8,99.6,100.0,100.0,100.4,99.8,101.5,99.9,100.1,102.3,100.1,101.9,100.9,100.0,100.2,99.7,100.0,94.0,100.0,99.7,99.5,100.1,103.9,99.8,98.7,99.9,100.0,100.0,100.0,100.0,98.7,96.6,94.0,99.9,99.3,98.0,100.8,99.3,98.1,98.6,101.0,98.6,100.0,99.7,100.1,99.4,100.1,100.2,99.4,87.6,100.0,100.0,100.4,99.0,99.6,99.6,98.5,100.7,99.8,99.3,99.9,100.5,99.4,99.2,99.0,99.5,126.2,126.8,125.4,105.4,108.6,100.0,100.0,100.0,100.0,100.0,100.7,98.0,100.5,96.7,97.2,100.0,100.2,99.9,99.8,99.8,100.0,106.1,99.2,98.3,96.2,100.0
201105,96.5,74.2,70.7,99.2,95.6,70.3,59.8,76.9,90.0,73.6,81.7,100.0,97.3,99.1,99.9,99.9,99.9,100.3,99.6,99.6,99.9,97.7,96.0,98.2,93.7,99.4,97.6,98.4,98.1,99.6,88.6,99.2,99.0,100.0,97.6,101.3,109.1,97.4,101.3,99.2,92.7,95.7,104.4,99.8,97.4,98.8,99.3,98.1,99.4,100.7,100.5,100.3,100.0,100.0,100.0,100.0,102.0,102.7,99.1,100.2,100.0,100.9,100.0,100.8,96.6,96.6,112.1,112.1,100.1,100.5,99.9,100.0,100.6,100.1,100.5,99.8,100.6,99.9,100.0,99.9,100.0,101.9,99.5,100.0,100.0,100.4,99.7,103.0,99.9,100.1,102.2,100.1,101.9,106.2,100.0,100.2,99.7,99.8,93.6,100.0,99.8,99.5,100.1,103.8,99.6,97.3,99.9,100.0,100.0,100.0,99.9,98.8,96.8,93.4,101.1,99.7,99.8,100.5,98.6,98.9,99.2,101.7,98.6,100.0,99.3,100.1,99.3,99.7,100.2,99.3,87.6,100.0,100.0,100.3,99.9,99.5,99.6,98.6,100.7,99.8,98.6,99.4,100.7,98.5,99.0,98.7,99.4,126.2,126.8,125.4,105.4,108.6,100.0,100.0,100.0,100.0,100.0,100.7,95.5,100.2,89.1,101.2,100.1,99.9,99.9,99.8,99.7,100.1,106.7,99.4,98.3,96.8,100.0
201106,96.0,74.3,71.5,98.6,97.7,62.8,60.1,79.2,85.1,73.9,77.9,100.0,97.3,98.1,99.6,99.8,99.8,99.1,99.7,99.9,99.9,97.5,95.6,98.1,93.2,99.0,97.4,98.1,97.6,99.7,88.6,98.6,99.0,99.8,96.4,97.5,97.1,97.9,97.0,98.4,92.9,95.5,100.2,100.5,97.1,96.9,99.5,99.0,98.1,100.5,100.4,100.3,100.0,100.0,100.0,100.0,102.5,103.1,99.9,100.3,100.0,101.2,100.0,100.2,94.6,94.6,110.6,110.6,100.2,100.5,99.9,100.1,100.6,100.1,100.5,99.7,100.4,99.9,100.0,99.9,100.0,101.3,99.5,100.0,100.0,100.4,99.5,101.7,99.8,100.1,101.2,100.1,98.2,106.2,100.0,100.2,99.8,100.0,94.6,100.0,102.4,99.5,100.1,103.8,99.7,98.4,99.9,100.0,100.0,100.0,99.1,98.6,96.7,91.9,102.6,99.5,99.8,99.4,97.6,99.2,99.2,102.4,98.4,99.9,99.2,100.1,99.5,99.7,100.2,99.4,87.6,100.0,100.0,100.4,97.7,99.5,99.5,98.5,100.7,99.8,98.5,99.8,101.6,98.5,98.9,98.5,99.4,126.2,126.8,125.4,105.4,108.6,100.0,100.0,100.0,100.0,100.0,100.7,97.4,100.3,93.5,100.9,99.8,99.7,99.7,99.8,99.7,99.8,106.1,99.2,98.3,96.3,100.0
201107,96.4,71.5,68.9,98.3,92.2,57.3,56.6,75.6,84.1,72.9,75.5,100.0,97.3,98.4,99.8,99.8,99.8,100.3,99.3,99.9,99.9,97.2,94.7,98.1,92.8,98.9,97.2,97.8,98.1,99.8,88.6,98.3,98.9,99.8,98.4,97.2,96.8,98.8,94.6,99.3,92.9,94.9,103.1,101.0,99.2,97.5,99.3,99.8,98.8,100.6,100.4,100.3,100.0,100.0,100.0,100.0,102.2,102.7,100.2,100.3,100.0,101.2,100.0,101.7,97.5,97.5,128.4,128.4,100.2,100.5,99.9,100.1,100.6,100.1,100.5,99.7,99.4,99.9,100.0,99.9,100.0,98.8,99.5,100.0,100.0,100.4,99.3,93.9,99.8,100.1,96.6,100.1,99.0,106.2,100.0,100.2,99.8,99.8,94.1,100.0,100.2,99.9,100.1,103.7,99.5,97.0,99.9,100.1,100.0,100.0,99.1,98.4,96.9,92.1,102.9,99.3,99.4,98.9,96.4,99.2,98.9,103.1,98.2,99.8,98.8,100.1,99.1,98.8,100.2,99.2,87.6,100.0,100.0,100.5,98.4,99.0,99.0,97.4,100.7,99.8,97.6,99.7,101.5,98.4,98.5,98.2,98.9,126.2,126.8,125.4,105.4,108.6,100.0,100.0,100.0,100.0,100.0,100.7,98.4,101.7,95.1,100.0,99.8,99.7,99.7,99.7,99.6,99.8,106.9,99.0,98.3,96.9,100.0
201108,97.4,69.3,66.8,98.3,85.4,56.4,55.6,71.4,81.1,69.8,70.8,100.0,97.3,98.1,99.6,99.8,99.7,99.6,99.0,99.9,99.9,97.0,95.0,98.6,94.1,98.9,96.7,98.1,94.4,99.2,53.2,96.5,98.9,99.4,98.1,99.5,99.3,101.8,95.1,98.9,92.6,95.3,102.2,99.9,98.6,97.2,99.7,100.4,97.9,100.2,100.3,100.4,100.0,100.0,100.0,100.0,103.0,102.7,104.4,100.4,100.0,101.4,100.0,104.3,104.2,104.2,146.8,146.8,100.2,100.5,99.9,100.1,100.6,100.1,100.5,99.7,99.3,99.9,100.0,99.9,100.0,98.4,99.5,100.0,100.0,100.4,99.3,92.7,100.9,99.8,96.4,100.1,98.0,106.2,100.0,102.3,99.8,99.8,95.1,100.0,98.0,99.9,100.1,103.7,99.7,98.4,99.9,100.1,100.0,100.0,99.1,98.3,95.9,91.7,101.2,99.1,98.6,98.2,94.8,99.8,99.7,102.4,98.1,99.6,98.5,100.1,98.9,98.7,100.2,98.6,87.6,100.0,100.0,100.5,98.4,99.0,98.7,98.2,98.9,99.8,98.3,100.2,102.7,98.5,98.8,98.6,99.0,126.2,126.8,125.4,105.4,108.6,100.0,100.0,100.0,100.0,100.0,100.7,98.5,103.5,93.3,101.3,99.9,99.6,99.9,99.7,99.6,99.9,108.0,99.1,98.3,98.2,100.0
201109,96.5,69.1,65.0,96.8,110.1,58.6,52.4,67.0,130.6,68.3,65.8,100.0,97.3,97.7,99.1,100.0,99.8,97.8,98.9,100.1,99.9,97.2,95.0,98.5,93.7,98.6,96.9,98.6,92.6,83.6,53.1,96.6,98.5,99.1,96.4,98.8,98.0,100.2,97.1,98.8,92.2,93.5,103.0,101.6,98.4,97.1,99.8,99.0,97.1,100.3,100.4,100.3,100.0,100.0,100.0,100.0,102.2,102.7,100.2,100.4,100.0,101.4,100.0,102.7,97.5,97.5,138.2,138.2,100.2,100.5,99.9,100.1,100.6,100.1,100.5,99.7,99.8,99.9,100.0,99.9,100.0,99.7,99.5,100.0,100.0,100.4,99.3,96.4,100.4,99.8,98.8,100.1,99.5,106.2,100.0,100.5,99.8,100.0,95.3,100.0,100.4,99.9,100.1,103.7,99.5,97.0,99.9,100.1,100.0,100.0,99.1,98.7,94.8,90.0,100.7,100.3,98.4,98.7,97.4,102.7,102.5,99.4,98.4,99.7,98.7,100.1,99.4,98.9,100.2,99.1,87.6,100.0,100.0,100.4,100.5,98.8,98.5,97.7,98.9,99.8,98.2,100.2,102.9,98.4,98.8,98.5,99.4,126.2,126.8,125.4,105.4,108.6,100.0,100.0,100.0,100.0,100.0,100.7,99.0,103.2,101.4,88.8,99.9,99.8,99.9,99.7,99.6,99.9,107.2,99.1,98.3,96.8,100.0
201110,96.1,66.9,62.6,80.5,102.9,54.5,52.1,68.3,119.8,67.6,62.1,100.0,97.3,98.3,99.5,100.0,99.5,99.7,98.7,100.1,99.9,95.8,85.0,98.6,93.6,99.2,96.2,98.2,93.2,83.4,53.1,97.6,98.5,99.5,97.6,104.3,100.4,107.6,101.4,98.6,92.5,94.0,103.4,101.6,99.2,97.0,99.8,98.1,96.0,100.1,100.1,100.3,100.0,100.0,100.0,100.0,102.1,102.7,99.5,100.4,100.0,101.4,100.0,102.5,99.0,99.0,127.3,127.3,100.2,100.5,99.9,100.2,100.6,100.1,100.5,99.7,100.5,99.9,100.0,99.9,100.0,101.6,99.5,100.0,100.0,100.4,99.5,102.2,99.9,99.8,101.7,100.1,100.0,106.2,100.0,100.8,99.8,99.9,94.4,100.0,101.7,99.9,100.1,103.6,99.4,96.8,99.9,100.1,100.0,99.8,99.1,98.4,93.9,89.1,99.9,99.8,96.7,97.9,98.6,101.8,101.9,98.8,98.3,99.9,98.1,100.1,99.3,99.2,100.2,99.2,87.6,100.0,100.0,100.4,98.5,98.7,98.2,97.2,98.9,99.8,97.7,100.6,103.0,98.9,98.9,98.5,99.5,126.2,126.8,125.4,105.4,108.6,100.0,100.0,100.0,100.0,100.0,100.7,103.2,100.1,111.2,92.2,99.8,99.9,100.0,99.7,99.5,99.9,106.7,99.0,98.3,96.4,100.0
201111,93.8,64.6,59.2,77.5,93.8,55.4,51.7,69.8,113.0,65.4,60.2,100.0,97.3,96.9,99.6,99.9,99.5,100.1,98.5,100.4,99.9,93.4,79.4,97.5,92.5,99.4,92.7,99.3,93.2,83.2,53.1,98.0,98.5,99.2,97.5,98.3,96.5,99.0,98.8,98.7,93.1,94.8,98.4,101.6,98.9,98.3,99.8,98.1,98.3,100.0,100.2,100.3,100.0,100.0,100.0,100.0,102.4,103.1,99.5,100.4,100.0,101.6,100.0,99.3,96.8,96.8,99.6,99.6,100.2,100.5,99.9,100.2,100.6,100.1,100.5,99.6,99.8,99.9,100.0,99.9,100.0,101.1,99.5,100.0,100.0,100.4,99.5,100.6,99.6,99.7,102.3,100.1,100.0,106.2,100.0,100.9,98.4,99.9,94.1,97.6,101.2,99.9,100.1,103.7,99.4,96.8,99.9,100.1,100.0,99.8,99.1,98.8,92.4,87.7,98.3,100.9,97.7,103.1,98.5,102.3,102.4,98.6,98.6,99.9,98.7,100.1,99.4,99.0,100.2,99.1,87.6,100.0,100.0,100.5,101.7,98.8,98.2,97.0,98.9,99.8,97.7,101.2,104.3,99.1,98.8,98.4,99.5,126.2,126.8,125.4,105.4,108.6,100.0,100.0,100.0,100.0,100.0,100.7,94.4,99.8,90.3,94.8,99.6,99.9,99.3,99.7,99.5,99.6,107.0,98.7,98.3,94.2,99.6
201112,93.9,62.1,56.3,77.5,92.0,50.1,50.9,68.8,109.6,61.6,56.9,100.0,97.9,97.2,99.4,100.0,99.5,100.0,97.8,100.7,99.8,93.6,93.2,97.7,91.6,98.0,91.1,99.5,92.9,83.2,53.0,97.7,98.4,98.8,97.4,101.1,98.0,100.5,105.5,98.4,92.8,93.6,98.4,101.6,97.6,95.6,99.8,99.1,99.8,100.4,99.3,100.4,100.0,100.0,100.0,100.0,102.6,102.7,102.4,100.7,100.0,101.6,100.5,100.1,97.0,97.0,111.6,111.6,100.2,100.5,99.9,100.2,100.6,100.1,100.5,99.7,99.3,99.9,100.0,99.9,100.0,99.8,99.9,100.0,100.0,100.4,99.5,95.8,98.9,99.7,102.5,100.1,99.5,106.2,100.0,106.9,98.3,99.9,93.4,97.6,101.2,99.9,100.1,103.7,99.7,98.4,99.9,100.1,100.0,99.8,99.1,98.0,90.9,85.8,97.2,100.1,97.7,103.9,98.1,100.9,101.0,97.0,97.9,99.9,97.2,100.1,99.3,98.7,100.2,98.9,87.6,100.0,100.0,100.5,95.8,99.5,99.2,97.3,98.9,106.5,97.9,101.1,104.4,98.9,98.8,98.5,99.3,126.2,126.8,125.4,105.4,108.6,100.0,100.0,100.0,100.0,100.0,100.7,96.1,101.7,90.6,98.9,99.6,99.7,99.4,99.7,99.4,99.5,107.4,98.6,98.4,94.6,99.6
201201,92.9,60.2,53.8,75.9,77.8,47.1,49.3,68.3,106.6,58.2,82.3,100.0,98.6,97.6,98.7,99.8,99.5,98.2,97.5,100.3,99.1,95.2,93.2,97.6,91.9,100.6,93.4,99.1,93.0,83.0,52.9,97.8,98.4,99.0,97.5,101.0,100.0,100.2,103.4,98.9,91.8,93.8,101.2,101.4,98.5,96.9,100.1,99.5,99.3,100.2,98.9,100.5,100.0,100.0,100.0,100.0,102.8,102.7,103.3,100.7,100.0,101.6,100.5,98.6,95.6,95.6,102.7,102.7,100.2,100.5,99.9,100.2,100.6,100.1,100.5,99.9,98.4,99.9,100.0,99.9,100.0,97.7,99.9,100.0,100.0,100.4,99.5,89.2,98.9,99.7,102.5,100.1,99.5,106.2,100.0,101.4,98.2,99.9,91.1,97.6,101.0,99.9,100.0,103.5,99.5,97.0,99.8,100.1,100.0,99.8,99.1,97.9,90.1,84.5,97.1,99.4,98.3,103.1,98.0,100.3,99.9,95.6,98.0,99.7,97.6,100.1,99.4,98.8,100.2,99.1,87.6,100.0,100.0,100.4,97.5,98.9,98.4,95.4,98.9,106.1,97.0,101.2,104.3,98.9,98.6,98.3,98.9,126.2,126.8,125.4,105.4,108.6,100.0,100.0,100.0,100.0,100.0,100.7,107.6,105.2,106.3,113.5,99.3,99.8,99.7,99.7,99.4,99.3,107.1,98.3,98.4,93.7,99.5
201202,94.8,75.6,79.9,76.2,108.1,46.6,49.7,70.0,95.6,58.2,76.4,100.0,98.2,98.0,98.9,99.7,99.2,99.8,97.0,100.3,99.2,96.2,93.2,97.2,91.2,100.9,95.2,99.0,93.1,83.1,53.0,98.3,98.4,99.0,97.4,101.3,98.6,101.2,104.0,99.1,92.6,93.0,102.8,99.9,99.2,94.2,100.1,100.4,100.1,100.3,100.2,100.5,100.0,100.0,100.0,100.0,102.2,102.9,99.5,101.1,100.0,101.7,101.0,97.7,95.1,95.1,93.6,93.6,100.2,100.5,99.9,100.2,100.6,100.1,100.5,100.0,98.3,99.9,100.0,99.9,100.0,97.5,99.9,100.0,100.0,100.4,99.5,88.7,98.9,99.7,102.5,100.1,99.5,106.2,100.0,101.3,98.3,100.0,90.2,97.6,103.0,99.9,100.1,103.5,99.6,97.6,99.8,100.1,100.0,99.8,99.5,97.6,90.9,84.4,99.0,99.1,96.2,102.9,97.4,99.8,99.5,96.7,97.7,99.6,98.1,100.1,99.0,98.4,100.2,98.8,87.6,100.0,100.0,100.4,94.9,99.2,98.7,96.3,98.9,105.0,98.2,101.3,104.4,99.1,98.6,98.3,99.1,126.2,126.8,125.4,105.4,108.6,100.0,100.0,100.0,100.0,100.0,100.7,108.1,101.9,107.1,118.7,99.5,99.9,99.9,99.6,99.3,99.5,107.2,98.5,98.5,95.2,99.5
201203,95.4,73.7,76.9,77.2,98.3,50.7,49.9,68.6,87.7,58.8,72.0,100.0,98.2,98.6,98.8,99.6,99.2,99.5,96.7,100.0,99.4,96.6,93.2,97.4,92.1,101.0,95.8,98.9,93.1,83.2,53.1,98.4,98.4,98.8,97.3,105.0,103.4,104.7,107.4,98.8,92.2,90.6,104.4,102.1,98.4,97.5,99.2,99.9,96.6,100.2,100.2,100.5,100.0,100.0,100.0,100.0,102.7,102.9,101.8,101.1,100.0,101.7,101.0,99.1,96.3,96.3,106.2,106.2,100.2,100.5,99.9,100.2,100.6,100.1,100.5,99.7,98.6,99.9,100.0,99.9,100.0,98.1,99.9,100.0,100.0,100.4,99.3,90.8,98.9,99.8,102.3,100.1,99.7,106.2,100.0,101.4,98.2,100.0,89.6,97.6,101.6,99.9,100.2,103.6,99.5,97.0,99.8,100.1,100.0,99.8,99.5,98.0,90.7,84.5,98.5,99.2,97.3,102.7,97.9,99.9,100.0,95.9,98.1,99.6,98.7,100.2,99.3,98.6,99.6,98.9,87.6,100.0,100.0,100.4,98.9,99.3,98.8,96.3,98.9,105.8,98.2,101.8,105.1,99.5,98.7,98.3,99.4,126.2,126.8,125.4,105.4,108.6,100.0,100.0,100.0,100.0,100.0,100.7,108.7,102.7,108.2,118.0,100.0,99.9,100.4,99.6,99.3,100.0,110.5,98.8,98.5,95.9,99.5
201204,95.7,72.8,75.0,76.0,90.2,63.1,48.3,66.6,82.7,60.2,68.3,100.0,98.2,98.0,98.6,99.3,99.4,99.1,96.5,99.9,99.4,96.6,92.6,98.3,91.2,99.9,96.1,98.7,92.6,83.1,53.1,98.4,98.3,98.1,96.2,101.8,99.8,102.6,102.1,98.8,92.1,90.8,104.8,101.3,97.8,99.0,99.6,99.5,96.0,100.4,100.2,100.6,100.0,100.0,100.0,100.0,102.5,102.9,101.1,101.7,100.0,101.8,101.7,100.1,97.0,97.0,110.9,110.9,100.4,100.9,100.0,100.2,101.2,100.4,100.5,99.3,99.3,99.9,100.0,99.9,100.0,100.4,99.9,100.0,100.0,100.6,99.3,97.9,99.5,99.8,101.5,100.1,99.5,106.9,100.0,101.2,97.9,99.9,85.3,97.6,98.7,99.5,100.2,103.7,99.6,97.6,99.8,100.1,100.0,99.8,99.5,97.8,91.0,84.7,99.0,99.1,96.9,101.7,98.4,99.2,99.7,97.8,97.9,99.6,97.3,100.2,99.3,98.9,99.6,99.3,87.6,100.0,100.0,100.1,97.0,99.5,98.9,96.7,98.9,105.8,98.0,102.0,105.1,99.8,98.7,98.4,99.3,126.2,126.8,125.4,105.5,108.6,100.9,98.8,100.0,100.0,100.0,100.7,104.3,102.7,105.5,104.4,100.2,99.9,100.5,99.6,99.3,100.3,111.8,98.9,98.7,96.1,99.5
201205,95.3,68.8,70.4,75.0,83.4,55.2,45.7,63.3,81.5,60.1,64.6,100.0,98.2,97.6,98.7,99.3,99.5,99.7,96.3,99.9,99.4,96.9,92.6,98.7,92.1,99.5,96.6,98.9,92.3,83.1,53.1,97.7,98.0,97.7,95.8,101.9,108.8,99.3,100.2,97.8,92.3,91.7,99.1,101.5,97.4,97.3,99.7,98.8,94.6,100.5,100.1,100.7,100.0,100.0,100.0,100.0,103.1,103.4,101.7,101.9,100.0,101.9,102.0,100.5,98.8,98.8,112.2,112.2,100.4,100.9,100.0,100.3,101.2,100.4,100.5,99.4,99.3,99.9,100.0,99.9,100.0,100.8,99.9,100.0,100.0,100.6,99.3,99.1,99.4,99.6,101.4,100.1,100.4,106.9,100.0,101.3,97.4,100.0,73.2,97.6,94.9,99.4,100.2,103.7,99.5,97.1,99.8,100.2,100.0,99.8,99.5,98.0,90.1,83.1,98.8,99.3,96.8,103.2,97.7,99.7,99.8,97.2,98.1,99.5,99.1,100.2,99.0,99.1,99.6,99.0,87.6,100.0,100.0,100.1,97.8,99.4,98.9,96.5,98.9,105.8,98.3,102.0,105.1,99.8,98.6,98.2,99.3,126.2,126.8,125.4,105.5,108.6,100.9,98.8,100.0,100.0,100.0,100.7,102.6,100.5,100.0,110.2,100.0,99.8,100.2,99.6,99.2,100.1,110.6,98.8,98.7,95.7,99.5
201206,94.5,66.0,67.1,73.2,82.7,47.9,43.4,63.2,79.3,59.9,60.0,100.0,98.2,97.1,98.8,99.3,99.5,100.1,96.2,99.9,99.4,96.9,92.2,98.7,92.3,99.0,96.8,98.6,92.5,83.1,53.1,98.9,98.0,97.4,95.9,96.5,97.2,96.3,96.1,98.4,92.0,89.1,100.9,102.2,97.6,98.1,99.7,98.4,96.8,100.6,100.5,100.7,100.0,100.0,100.0,100.0,103.1,103.4,101.7,101.9,100.0,101.9,102.0,100.0,96.6,96.6,112.0,112.0,100.4,100.9,100.0,100.3,101.2,100.5,100.5,99.4,99.2,99.9,100.0,99.9,100.0,100.4,99.9,100.0,100.0,100.6,99.3,98.3,99.4,99.6,100.5,100.1,98.8,106.9,100.0,101.3,97.5,100.0,71.5,97.6,100.8,99.4,100.2,103.6,99.6,97.6,99.8,100.2,100.0,99.8,99.5,97.7,88.1,81.8,95.9,98.5,96.5,102.2,97.5,99.3,98.5,95.9,98.2,99.7,97.4,100.2,99.1,98.8,100.2,99.3,87.6,100.0,100.0,100.2,99.4,99.3,98.8,96.8,98.9,105.8,97.0,101.7,105.1,99.4,98.6,98.3,99.3,126.2,126.8,125.4,105.5,108.6,100.9,98.8,100.0,100.0,100.0,100.7,97.9,102.7,91.0,104.5,99.6,99.8,99.6,99.6,99.2,99.7,108.2,98.6,98.7,94.9,99.5
201207,94.7,65.2,66.0,73.4,79.2,46.8,44.6,63.2,77.6,58.7,58.1,100.0,98.2,96.5,98.7,99.3,99.6,99.9,96.1,99.9,99.4,95.4,92.3,98.1,91.5,99.1,95.1,96.1,92.4,83.0,53.1,98.9,98.0,97.4,95.6,95.8,96.9,95.7,94.8,98.1,91.1,85.1,101.3,102.3,95.9,97.9,99.9,98.8,97.0,100.7,100.4,100.7,100.0,100.0,100.0,100.0,102.7,102.9,102.1,101.9,100.0,101.9,102.0,100.8,97.4,97.4,125.0,125.0,100.5,100.9,100.0,100.4,101.2,100.5,100.5,99.5,98.4,99.9,100.0,99.9,100.0,98.2,99.9,100.0,100.0,100.6,99.2,91.4,99.4,99.9,95.9,100.1,99.2,106.9,100.0,101.1,97.6,100.0,70.3,97.6,102.3,99.9,100.4,103.5,99.5,97.0,99.8,100.2,100.0,99.8,99.5,97.5,89.9,82.7,98.9,97.7,96.6,101.0,98.0,98.1,97.4,94.7,98.1,99.5,99.0,100.2,98.7,98.6,100.2,98.4,87.6,100.0,100.0,100.3,98.0,99.0,98.3,95.7,98.9,105.8,96.1,101.7,105.0,99.4,98.4,97.8,99.3,126.2,126.8,125.4,105.6,108.6,101.0,98.8,100.0,100.0,100.0,100.7,94.9,101.0,89.9,96.0,99.5,99.8,99.3,99.6,99.2,99.5,107.7,98.4,98.7,95.3,99.5
201208,96.2,62.3,62.1,73.9,75.8,43.6,45.9,61.4,72.2,57.2,52.8,100.0,98.2,97.4,98.7,99.1,99.3,99.6,96.6,99.8,99.4,96.2,92.2,98.3,91.2,98.3,96.3,97.0,92.2,83.0,53.0,98.9,97.0,97.2,95.4,101.2,99.7,105.6,94.1,97.9,90.9,83.1,97.1,102.3,95.4,97.4,99.9,99.5,98.6,99.8,100.3,100.9,100.0,100.0,100.0,100.0,104.7,104.3,106.1,101.9,100.0,102.1,102.0,104.2,112.2,112.2,134.3,134.3,100.5,100.9,100.0,100.4,101.2,100.5,100.5,99.4,98.3,99.9,100.0,99.9,100.0,98.2,100.2,100.0,100.0,100.6,99.2,91.2,100.9,99.9,95.5,100.1,97.3,106.9,100.0,103.8,97.5,100.0,69.4,97.6,98.1,99.9,100.4,103.5,99.6,97.5,99.8,100.2,100.0,99.9,99.5,97.4,87.9,79.9,98.0,97.8,95.8,101.3,97.5,97.8,98.4,95.1,98.0,99.6,97.4,100.2,98.5,98.6,100.2,98.7,87.6,100.0,100.0,100.3,98.2,99.3,98.8,96.6,98.9,105.8,97.2,102.2,105.2,100.0,98.2,97.8,98.9,126.2,126.8,125.4,105.6,108.6,101.0,98.8,100.0,100.0,100.0,100.7,94.6,102.3,86.8,98.6,99.6,99.6,99.4,99.5,99.1,99.7,108.9,98.5,98.7,97.2,99.4
201209,94.5,62.2,61.9,67.1,101.1,42.6,46.2,58.8,70.4,55.9,50.6,100.0,98.2,97.1,98.5,99.3,99.4,99.4,96.0,99.8,99.4,96.3,92.3,98.5,91.3,98.2,96.4,97.2,92.2,82.9,52.9,98.5,97.3,97.0,95.8,99.3,97.6,102.2,95.2,97.7,91.3,81.1,99.7,101.8,96.2,97.0,99.9,99.4,96.3,100.4,100.4,100.9,100.0,100.0,100.0,100.0,102.7,102.9,102.1,102.8,100.0,102.1,103.2,101.0,98.9,98.9,122.2,122.2,100.4,100.9,100.0,100.4,101.2,100.5,100.5,99.3,98.6,99.9,100.0,99.9,100.0,98.9,100.2,100.0,100.0,100.6,99.1,93.6,100.1,99.9,98.1,100.1,97.7,106.9,100.0,101.1,97.5,99.8,72.3,97.6,98.2,99.9,100.4,103.6,99.5,97.0,99.8,100.2,100.0,99.9,99.5,97.6,89.0,81.7,98.0,97.8,94.6,101.2,97.9,97.4,97.7,96.8,98.4,99.0,98.9,100.1,98.8,99.5,100.2,99.0,87.5,100.0,100.0,100.3,99.2,99.4,98.8,96.3,98.9,105.8,98.1,102.1,105.4,99.8,98.4,98.1,99.1,126.2,126.8,125.4,105.6,108.6,101.0,98.8,100.0,100.0,100.0,100.7,93.1,100.2,86.9,95.0,99.8,99.7,99.6,99.4,99.1,99.9,111.8,98.5,98.7,94.9,99.4
201210,94.2,62.5,61.5,64.5,90.1,41.3,45.7,57.1,130.6,55.9,48.3,100.0,98.2,96.5,98.4,99.2,99.3,99.5,95.5,99.8,99.4,96.7,92.3,98.8,91.1,97.4,96.9,98.4,91.8,78.2,53.0,98.6,97.4,96.8,95.8,97.6,97.0,98.4,96.6,96.9,91.4,79.9,98.2,102.4,95.0,96.1,99.9,98.4,94.5,100.2,100.5,100.9,100.0,100.0,100.0,100.0,103.1,102.9,104.0,102.8,100.0,102.1,103.2,100.7,100.3,100.3,116.2,116.2,100.5,100.9,100.0,100.4,101.3,100.5,100.5,99.3,98.5,96.2,93.2,99.9,100.0,100.9,100.2,100.0,100.0,100.6,99.1,99.8,99.2,99.9,100.4,99.7,99.0,106.9,100.0,100.8,97.5,100.0,69.8,97.6,98.2,99.9,100.4,103.5,99.5,96.8,99.8,100.2,100.0,99.9,99.5,97.3,88.9,81.6,98.1,96.9,96.3,100.6,96.8,95.7,95.8,96.9,98.2,98.8,99.2,100.1,99.0,99.8,100.2,99.3,87.5,100.0,100.0,100.3,96.9,99.4,98.9,96.8,98.9,105.8,97.9,101.8,105.7,99.1,98.5,98.0,99.3,126.2,126.8,125.4,105.6,108.6,101.0,98.8,100.0,100.0,100.0,100.7,94.0,100.8,90.5,91.3,99.8,99.7,99.6,99.4,99.1,99.9,111.6,98.5,98.7,94.7,98.8
201211,93.0,61.8,60.1,84.6,85.7,39.4,47.7,60.0,116.5,55.6,46.8,100.0,98.2,95.9,98.4,99.4,98.8,99.9,95.3,99.7,99.4,93.8,91.8,98.6,91.6,97.8,92.1,98.1,91.7,78.2,53.0,98.9,96.6,96.8,95.5,97.7,96.8,98.2,97.5,97.0,91.7,79.4,101.3,102.1,94.8,96.2,100.2,98.5,94.0,99.8,100.5,100.9,100.0,100.0,100.0,100.0,102.8,102.9,102.5,102.8,100.0,102.1,103.2,98.8,99.2,99.2,97.9,97.9,100.5,100.9,100.0,100.5,101.3,100.5,100.5,99.3,98.4,96.2,93.2,99.9,100.0,100.4,100.2,100.0,100.0,100.6,99.2,97.9,99.0,99.9,101.5,99.7,100.2,106.9,100.0,101.0,97.6,100.0,70.0,97.6,102.8,99.9,100.4,103.5,99.5,96.8,99.8,100.2,100.0,99.9,99.5,97.2,87.9,81.1,96.4,96.8,96.3,100.6,96.7,96.8,96.7,93.5,98.1,99.4,98.3,100.2,98.7,99.5,100.2,98.9,87.6,100.0,100.0,100.3,97.0,99.3,98.7,96.1,98.9,105.8,98.2,101.9,105.8,99.2,98.7,98.3,99.3,126.2,126.8,125.4,105.6,108.6,101.0,98.8,100.0,100.0,100.0,100.7,92.4,99.7,88.0,90.9,99.5,99.6,99.2,99.4,99.0,99.6,110.7,98.2,98.7,93.5,98.8
201212,92.8,60.8,58.2,82.7,80.7,42.4,50.3,62.0,97.6,53.3,46.9,100.0,97.9,96.4,97.9,99.3,98.5,99.7,94.3,99.6,98.4,93.5,91.6,96.6,91.8,96.6,91.8,98.4,91.7,77.8,53.0,98.6,96.8,96.6,96.4,101.7,99.5,101.0,105.2,97.0,90.6,79.0,102.3,102.5,94.5,94.2,100.3,97.8,95.6,100.1,100.4,101.0,100.0,100.0,100.0,100.0,103.2,102.9,104.4,102.8,100.0,102.2,103.2,98.5,95.4,95.4,108.2,108.2,100.5,100.9,100.0,100.5,101.3,100.5,100.5,99.5,97.4,96.2,93.2,99.9,100.0,99.9,100.2,100.0,100.0,100.6,99.2,95.4,98.1,99.9,101.5,99.7,100.8,106.9,100.0,107.6,95.6,100.0,69.1,94.5,100.1,99.9,100.4,103.3,99.6,97.6,99.8,100.3,100.1,99.8,99.5,96.5,84.5,77.0,94.0,95.4,95.5,100.0,96.7,94.2,94.6,92.5,98.0,99.6,98.0,100.2,99.1,99.4,100.2,99.0,87.6,100.0,100.0,100.3,96.0,99.5,98.9,95.9,98.9,107.8,98.3,102.0,105.9,99.3,98.7,98.3,99.4,126.2,126.8,125.4,105.5,108.6,101.0,98.8,100.0,100.0,100.0,96.7,96.6,100.6,92.8,98.5,99.4,99.3,99.3,99.4,99.0,99.4,111.1,98.0,98.7,93.4,98.3
201301,92.1,59.4,57.1,79.1,72.6,44.4,50.7,60.6,85.1,50.5,44.4,100.0,96.7,96.8,97.4,99.4,98.5,98.5,94.0,99.6,97.8,93.3,91.5,96.1,91.3,97.3,91.5,97.5,92.2,77.6,53.0,98.6,96.8,96.6,98.2,102.5,101.2,102.9,103.2,97.8,91.5,78.1,103.1,101.8,95.6,94.1,99.7,98.4,99.0,100.0,100.5,101.0,100.0,100.0,100.0,100.0,103.3,102.9,104.9,102.8,100.0,102.2,103.2,97.5,98.7,98.7,96.3,96.3,100.5,100.9,100.0,100.5,101.2,100.5,100.5,99.7,96.5,96.2,93.2,99.9,100.0,97.5,100.2,100.0,100.0,100.6,99.2,87.4,98.5,99.9,101.5,99.7,101.8,107.7,100.0,103.6,95.6,100.4,69.3,94.5,99.1,99.9,100.4,103.3,99.5,97.0,99.7,100.3,100.1,99.8,99.5,96.6,83.8,75.1,94.7,95.5,95.3,100.9,96.2,95.3,95.1,91.0,98.2,99.6,98.5,100.2,99.3,99.5,100.2,99.3,87.6,100.0,100.0,100.3,96.9,98.8,97.9,94.8,98.9,104.6,96.8,102.0,105.9,99.3,98.6,98.3,99.2,126.2,126.8,125.4,105.5,108.6,101.0,98.8,100.0,100.0,100.0,96.7,105.7,101.0,105.4,112.6,99.1,99.3,99.4,99.3,98.9,99.0,111.4,97.6,98.7,92.7,98.3
201302,92.1,60.3,56.8,79.8,102.6,44.1,50.1,61.7,84.0,52.0,48.7,100.0,96.0,96.6,97.3,99.2,98.9,99.5,93.6,100.1,96.2,94.7,91.5,94.6,90.3,98.5,93.6,98.0,92.2,77.8,53.0,98.7,96.7,96.6,98.1,100.4,98.8,100.5,101.9,97.3,90.2,77.4,99.2,102.5,94.3,95.5,99.6,98.2,98.6,100.0,100.4,100.9,100.0,100.0,100.0,100.0,102.7,102.9,101.7,102.8,100.0,102.3,103.2,97.4,95.5,95.5,101.3,101.3,100.5,100.9,100.0,100.5,101.2,100.5,100.5,99.9,96.4,96.2,93.2,99.9,100.0,97.4,100.2,100.0,100.0,100.6,99.2,87.4,98.5,99.9,101.5,99.7,101.0,107.7,100.0,101.0,95.5,100.1,69.9,94.5,94.9,99.9,100.4,103.4,99.6,97.6,99.7,100.3,100.1,99.8,99.5,97.1,83.3,74.0,95.0,98.6,95.3,100.7,96.4,102.2,100.7,92.6,97.8,99.1,97.8,100.2,98.9,99.1,99.5,98.7,87.6,100.0,100.0,100.3,95.4,98.8,98.0,94.8,98.9,105.1,97.3,101.8,105.6,99.1,98.6,98.6,98.7,126.2,126.8,125.4,105.5,108.6,101.0,98.8,100.0,100.0,100.0,96.7,98.8,97.6,95.8,106.0,99.2,99.4,99.2,99.3,98.9,99.2,112.6,97.6,98.8,92.7,98.3
201303,92.8,63.8,62.5,81.8,99.5,43.6,50.5,64.3,81.6,53.2,51.0,100.0,96.9,97.0,97.1,99.1,98.7,99.4,92.1,100.2,97.4,95.0,91.0,95.8,89.5,99.4,94.1,97.9,92.0,77.7,53.0,98.3,96.4,96.5,98.2,102.2,100.5,101.7,104.7,97.6,89.8,77.2,103.0,102.6,94.7,95.0,99.6,99.0,98.1,99.9,100.5,100.9,100.0,100.0,100.0,100.0,102.8,102.9,102.6,102.8,100.0,102.3,103.2,97.6,95.8,95.8,101.7,101.7,100.5,100.9,100.0,100.5,101.2,100.5,100.6,99.6,96.6,96.2,93.2,99.9,100.0,97.8,100.2,100.0,100.0,100.6,99.2,89.2,98.9,99.9,101.5,99.8,99.0,107.7,100.0,100.6,95.7,100.3,72.4,94.5,97.6,99.7,100.4,104.2,99.5,97.0,99.7,100.3,100.1,99.8,99.5,98.1,83.1,72.7,96.0,100.1,94.0,99.9,96.4,104.6,103.7,95.4,98.6,99.7,97.9,100.2,98.2,99.0,100.3,98.7,93.8,100.0,100.0,100.3,96.5,103.6,104.9,95.6,116.1,105.9,97.6,101.6,105.4,99.0,98.8,98.5,99.2,126.2,126.8,125.4,105.5,108.6,101.0,98.8,100.0,100.0,100.0,96.7,96.2,98.5,90.2,104.1,99.5,99.3,99.4,99.3,98.8,99.6,112.9,98.0,98.8,93.6,98.3
201304,93.5,63.5,62.7,77.5,89.2,41.8,51.1,64.7,78.5,54.1,51.5,100.0,96.9,96.3,97.0,99.2,98.9,99.3,92.3,99.0,97.4,95.4,91.1,95.3,89.2,99.9,94.6,98.0,91.7,77.5,53.0,98.3,96.5,96.7,96.7,100.9,100.2,99.1,105.2,96.1,91.2,76.2,92.2,102.6,96.0,95.6,99.2,97.8,93.6,100.0,100.5,100.9,100.0,100.0,100.0,100.0,102.7,102.9,101.7,102.8,100.0,102.2,103.2,99.1,97.9,97.9,108.8,108.8,100.7,101.6,100.2,100.5,101.5,100.6,100.8,99.6,97.5,96.2,93.2,99.9,100.0,100.0,100.2,100.0,100.0,100.6,99.3,95.6,100.0,99.9,101.5,99.8,102.5,107.7,100.0,100.1,95.8,100.3,72.8,94.5,104.4,99.2,100.4,104.2,99.6,97.6,99.8,100.3,100.0,99.9,99.5,98.2,85.1,76.0,96.5,100.5,94.8,100.0,95.9,105.2,104.8,96.0,98.5,99.7,97.9,100.2,98.3,98.9,100.3,98.5,93.8,100.0,100.0,100.3,95.1,103.7,105.1,96.3,116.1,105.9,97.3,101.5,105.2,98.8,98.5,98.0,99.3,126.2,126.8,125.4,105.6,108.6,101.2,98.8,100.2,100.0,100.0,96.7,96.0,100.0,90.7,100.6,99.8,99.3,99.8,99.3,98.9,99.9,113.3,98.4,99.1,94.0,98.3
201305,93.7,63.9,63.6,77.5,83.8,43.0,51.2,64.6,75.4,55.6,49.7,100.0,96.9,96.7,97.1,99.1,98.6,99.9,91.9,99.3,97.4,95.1,90.8,96.3,89.1,99.5,94.1,98.7,92.0,77.5,53.0,98.1,96.9,96.7,98.0,103.0,110.8,99.0,103.1,96.5,89.9,75.8,100.2,102.6,96.0,94.1,99.6,98.7,92.7,100.1,100.4,100.9,100.0,100.0,100.0,100.0,102.8,102.9,102.5,102.8,100.0,102.3,103.2,99.3,95.8,95.8,113.0,113.0,100.7,102.0,100.2,100.5,101.5,100.6,100.8,99.5,97.8,96.2,93.2,99.9,100.0,100.8,100.2,100.0,100.0,100.6,99.4,98.0,100.0,99.5,101.4,99.8,103.6,107.7,100.0,100.2,95.7,100.4,72.7,94.5,102.0,99.3,100.4,104.3,99.5,97.0,99.7,100.3,100.0,99.9,99.5,98.4,86.4,79.8,94.6,101.2,94.5,100.5,95.6,105.1,105.1,99.9,98.3,99.6,97.8,100.2,98.2,98.6,100.3,98.3,93.8,100.0,100.0,100.3,94.3,103.8,105.0,95.9,116.1,105.9,97.8,102.2,105.4,100.0,99.0,98.7,99.4,126.2,126.8,125.4,105.6,108.6,101.2,98.8,100.2,100.0,100.0,96.7,94.8,98.3,87.1,104.4,100.0,99.4,99.9,99.1,98.9,100.2,114.8,98.5,99.1,94.2,98.3
201306,93.4,63.8,63.4,76.9,82.3,43.9,52.5,64.5,72.4,54.6,47.3,100.0,96.9,95.6,96.9,99.1,98.6,99.7,91.5,99.3,97.4,93.7,91.0,96.1,88.4,99.5,91.6,99.0,92.3,77.3,53.0,98.2,97.3,96.8,98.7,98.0,98.1,97.9,98.1,96.4,88.8,73.7,104.1,102.6,95.1,93.9,99.8,97.3,92.5,100.1,100.5,101.0,100.0,100.0,100.0,100.0,103.7,103.7,103.7,102.8,100.0,102.3,103.2,99.1,96.1,96.1,111.4,111.4,100.7,102.0,100.2,100.5,101.5,100.6,100.8,99.3,97.6,96.2,93.2,99.9,100.0,100.3,100.2,100.0,100.0,100.6,99.4,97.1,100.0,99.6,100.6,99.8,100.9,107.7,100.0,100.3,95.7,100.3,73.4,94.5,101.8,99.3,100.4,104.3,99.6,97.6,99.7,100.3,100.0,99.9,99.5,98.3,86.1,79.3,94.5,100.7,93.6,100.1,95.5,104.1,104.3,100.1,98.5,99.7,97.8,100.2,98.5,98.3,100.3,97.7,93.8,100.0,100.0,100.3,96.9,103.6,104.8,95.2,116.1,105.9,97.8,102.2,105.5,99.9,98.8,98.5,99.4,126.2,126.8,125.4,105.6,108.6,101.2,98.8,100.2,100.0,100.0,96.7,93.8,97.9,85.7,103.4,100.0,99.5,99.9,99.1,98.8,100.2,115.7,98.3,99.1,93.9,98.3
201307,93.8,63.4,62.5,76.6,80.1,42.7,54.9,66.6,69.5,54.3,46.2,100.0,96.9,96.0,96.9,98.8,99.8,99.9,90.9,99.3,97.4,93.5,91.2,96.9,88.4,99.1,91.5,98.3,91.8,77.3,53.0,97.6,95.0,96.8,98.7,99.6,101.7,99.4,97.7,97.0,89.8,75.0,103.6,102.7,96.2,95.6,99.9,96.9,93.4,100.3,100.5,100.9,100.0,100.0,100.0,100.0,102.7,102.9,101.7,102.8,100.0,102.3,103.2,99.9,98.2,98.2,122.7,122.7,100.7,102.0,100.2,100.5,101.5,100.6,100.8,99.2,96.7,96.2,93.2,99.9,100.0,97.9,100.2,100.0,100.0,100.6,99.4,90.1,100.0,99.6,96.3,99.8,98.6,107.7,100.0,100.3,95.8,100.3,73.6,94.5,100.0,99.7,100.4,104.5,99.5,97.0,99.7,100.4,100.0,99.9,99.5,98.3,87.3,80.4,95.9,100.3,94.0,100.4,95.4,103.3,102.9,100.1,98.5,99.7,98.0,100.2,98.2,98.4,100.3,97.2,93.8,100.0,100.0,100.3,96.3,106.1,108.2,94.9,126.1,105.9,96.6,102.4,106.0,99.9,98.7,98.5,99.0,126.2,126.8,125.4,105.6,108.6,101.2,98.8,100.2,100.0,100.0,96.7,97.1,100.5,94.1,98.1,100.1,99.5,100.2,99.1,98.7,100.3,117.1,98.3,99.2,94.5,98.3
201308,95.4,62.3,60.9,76.6,74.4,41.0,57.1,67.1,66.9,54.6,46.7,100.0,96.9,96.9,96.7,98.7,99.7,99.2,91.0,99.3,97.4,94.7,91.2,96.9,88.7,99.7,93.3,98.4,91.5,77.1,53.0,97.2,94.0,96.8,98.4,102.0,103.6,103.6,97.3,98.0,88.2,74.3,100.0,103.0,95.8,102.8,99.8,97.3,95.7,100.5,100.4,101.0,100.0,100.0,100.0,100.0,103.6,102.9,106.2,102.8,100.0,102.3,103.2,102.8,109.8,109.8,133.4,133.4,100.7,102.0,100.2,100.5,101.5,100.6,100.8,99.2,96.7,96.2,93.2,99.9,100.0,97.8,100.2,100.0,100.0,100.6,99.2,89.7,101.5,99.6,96.1,101.1,96.5,107.7,100.0,100.8,95.9,100.7,73.8,94.5,101.4,99.7,100.4,104.4,99.6,97.5,99.7,100.4,100.0,99.9,99.5,97.8,85.5,78.7,94.0,99.4,94.7,100.0,95.3,101.3,101.2,99.7,98.3,99.6,97.9,100.2,98.1,97.8,100.3,95.8,93.8,100.0,100.0,100.3,96.8,105.8,108.0,94.2,126.1,105.9,96.6,102.0,106.0,99.2,98.7,98.4,99.1,126.2,126.8,125.4,105.6,108.6,101.2,98.8,100.2,100.0,100.0,96.7,97.9,103.1,92.3,101.5,100.4,99.6,100.5,99.1,98.7,100.7,118.9,98.5,99.1,96.4,98.3
201309,93.9,62.5,59.6,72.8,72.2,39.7,57.6,66.1,129.1,53.7,44.3,100.0,96.9,97.4,97.0,98.8,99.9,99.6,91.6,99.3,97.4,95.1,91.1,96.7,89.1,99.9,94.1,98.0,92.2,76.9,53.0,97.6,94.0,98.0,99.4,100.8,101.5,101.0,99.7,99.0,89.4,74.3,98.4,102.6,95.9,109.8,100.2,97.2,96.2,100.6,100.5,101.0,100.0,100.0,100.0,100.0,103.4,103.7,102.1,102.9,100.0,102.4,103.2,99.8,97.8,97.8,120.0,120.0,100.7,102.0,100.2,100.6,101.5,100.6,100.8,99.1,97.0,96.2,93.2,99.9,100.0,98.6,100.2,100.0,100.0,100.6,98.1,92.6,100.9,99.7,98.5,100.8,96.1,107.7,100.0,101.2,95.8,100.7,73.5,94.5,100.5,99.8,100.4,104.4,99.5,96.9,99.7,100.4,100.0,99.9,99.5,97.8,85.7,78.6,94.6,99.4,93.6,100.0,95.8,101.7,101.2,99.4,98.2,99.8,97.6,100.2,98.2,97.2,100.3,94.8,93.8,100.0,100.0,100.3,97.5,106.0,108.2,94.4,126.1,105.9,97.9,102.1,105.9,99.3,98.6,98.2,99.3,126.2,126.8,125.4,105.6,108.6,101.2,98.8,100.2,100.0,100.0,96.7,103.4,110.6,102.8,94.5,100.5,99.8,101.0,99.2,98.7,100.8,120.1,98.5,99.2,94.4,98.3
201310,94.2,61.9,59.2,71.0,73.9,38.2,57.3,65.3,123.3,54.5,42.8,100.0,96.9,97.0,96.9,98.9,100.0,99.7,91.4,99.0,97.4,92.5,82.3,96.4,89.3,99.1,91.2,98.3,92.1,77.0,53.0,97.6,93.6,98.0,99.4,100.0,100.8,99.4,100.4,99.9,89.9,74.3,102.5,103.0,96.9,114.1,100.3,97.3,95.1,100.5,100.4,101.0,100.0,100.0,100.0,100.0,103.3,102.9,105.1,102.8,100.0,102.3,103.2,100.7,100.0,100.0,120.5,120.5,100.8,102.5,100.2,100.6,101.6,100.6,100.9,99.2,97.9,96.2,93.2,99.9,100.0,100.9,100.2,100.0,100.0,100.6,98.1,98.8,100.9,99.7,101.1,100.8,100.7,107.7,100.0,101.8,95.8,100.7,73.4,94.5,100.5,99.8,100.6,106.8,99.5,96.7,99.7,100.4,100.0,99.9,99.5,98.2,84.3,76.3,94.4,98.7,93.9,99.5,96.0,100.3,100.3,98.2,99.2,99.7,98.8,100.2,98.0,99.3,100.3,97.9,93.8,100.0,100.0,100.3,101.3,106.0,108.2,94.5,126.1,105.9,97.8,102.0,105.9,99.1,98.6,98.2,99.3,126.2,126.8,125.4,112.4,119.6,101.2,98.8,100.2,100.0,100.0,96.7,101.5,105.7,103.3,92.4,100.7,99.9,101.1,99.1,98.6,101.0,119.4,98.8,99.2,94.7,98.3
201311,94.1,62.9,60.2,89.6,74.7,40.0,59.0,67.3,108.0,54.7,42.1,100.0,96.9,97.5,96.9,98.8,100.0,99.6,91.3,99.1,97.4,92.6,79.4,97.1,89.2,100.2,91.8,97.7,92.5,77.1,53.1,98.1,96.2,98.0,99.2,101.9,100.9,101.3,104.0,100.2,90.9,74.5,103.0,103.1,97.0,115.4,100.1,97.0,95.1,100.5,100.5,101.0,100.0,100.0,100.0,100.0,103.1,102.9,103.7,102.9,100.0,102.4,103.2,100.0,100.8,100.8,112.2,112.2,100.8,102.5,100.2,100.6,101.6,100.6,100.9,99.1,97.6,96.2,93.2,99.9,100.0,100.2,100.2,100.0,100.0,100.6,98.1,96.6,100.4,99.7,102.0,100.8,99.8,107.7,100.0,102.1,95.8,100.7,73.7,94.5,100.0,99.8,100.6,106.9,99.5,96.5,99.7,100.4,100.0,99.9,99.5,97.9,80.9,70.3,94.1,99.3,94.4,99.9,95.6,101.2,101.7,98.7,98.9,99.6,97.9,100.2,98.2,98.8,100.3,97.3,93.8,100.0,100.0,100.3,99.7,107.2,110.2,94.4,131.5,105.9,97.6,101.6,106.3,98.3,98.6,98.0,99.4,126.2,126.8,125.4,112.4,119.6,101.2,98.8,100.2,100.0,100.0,96.7,102.7,105.3,103.9,96.7,100.7,100.0,101.1,99.2,98.6,101.0,119.1,98.7,99.2,94.5,98.3
201312,94.2,62.4,58.9,87.6,71.4,44.4,59.3,68.9,95.0,54.4,41.6,100.0,99.2,98.5,97.2,99.0,99.8,99.5,91.3,99.0,99.1,94.3,97.5,97.1,88.9,100.2,91.8,97.5,92.2,77.1,53.0,97.6,96.6,97.9,98.5,105.1,103.7,103.5,109.7,100.6,89.6,72.9,107.0,101.7,97.3,115.4,100.1,97.8,95.6,100.4,100.5,101.0,100.0,100.0,100.0,100.0,103.3,102.9,105.1,102.9,100.0,102.4,103.2,100.0,98.7,98.7,119.3,119.3,100.9,103.8,100.2,100.6,101.6,100.6,100.9,99.4,97.2,96.2,93.2,99.9,100.0,99.2,100.2,100.0,100.0,100.6,98.2,92.5,99.5,99.4,102.0,100.8,99.0,107.7,100.0,112.0,95.8,100.8,74.1,94.5,98.2,99.8,100.6,106.9,99.6,97.3,99.7,100.4,100.0,99.9,99.5,97.6,79.1,69.2,91.5,98.5,93.9,98.7,95.6,100.6,100.9,96.9,98.9,99.5,97.5,100.2,98.0,98.8,100.3,97.8,93.8,100.0,100.0,100.3,100.0,107.6,110.7,93.8,131.5,110.4,98.1,101.7,106.2,98.6,98.5,98.0,99.2,126.2,126.8,125.4,112.4,119.6,101.2,98.8,100.2,100.0,100.0,96.7,106.2,108.2,105.4,104.8,100.6,100.1,101.2,99.2,98.6,101.0,118.7,98.7,99.3,94.8,98.3
201401,93.1,62.2,59.2,87.4,70.6,46.1,58.5,68.6,84.6,53.3,38.4,100.0,99.7,97.7,97.3,99.3,99.8,99.5,91.4,99.2,99.1,93.1,97.4,97.6,88.5,100.2,91.6,91.3,92.5,77.2,53.0,97.5,97.3,97.9,99.2,102.1,101.3,100.7,105.7,100.2,89.3,73.7,101.7,103.0,96.7,115.4,99.2,97.6,97.1,100.1,100.2,101.2,100.0,100.0,100.0,100.0,104.9,105.2,103.7,102.9,100.0,102.6,103.2,98.1,95.7,95.7,110.2,110.2,101.0,104.4,100.3,100.6,101.6,100.7,100.9,99.5,96.2,96.2,93.2,99.9,100.0,96.6,100.3,100.0,100.0,100.6,98.2,84.9,99.3,99.5,102.0,100.8,99.0,107.7,100.0,103.1,95.8,100.9,73.6,94.5,98.2,99.8,100.5,106.9,99.5,96.7,99.7,100.4,100.0,99.6,99.6,98.0,82.1,72.7,93.9,98.9,95.0,99.5,96.8,100.5,100.1,98.2,99.0,99.5,97.7,100.2,98.3,98.9,100.3,97.5,93.8,100.0,100.0,100.3,101.2,106.8,109.6,91.7,131.5,109.2,97.3,101.7,106.2,98.5,98.0,97.6,98.6,126.2,126.8,125.4,112.5,119.6,101.2,98.8,100.2,100.0,100.0,102.6,108.6,108.4,105.8,114.2,100.4,100.3,101.0,99.1,98.5,100.7,119.0,98.2,99.4,93.5,98.3
201402,93.6,64.1,60.1,88.0,105.8,45.3,60.4,70.7,82.7,54.6,41.9,100.0,99.1,97.9,97.2,99.2,99.8,99.1,91.5,98.9,99.2,92.7,97.1,97.5,88.0,101.0,90.6,92.1,97.6,77.0,52.8,97.6,97.2,119.6,99.3,101.0,100.5,98.7,105.8,99.9,91.6,71.2,100.0,102.7,96.1,116.0,100.3,97.3,95.9,100.2,100.4,101.2,100.0,100.0,100.0,100.0,105.0,105.2,104.0,102.9,100.0,102.6,103.2,98.5,96.8,96.8,110.2,110.2,101.1,105.2,100.5,100.6,101.6,100.7,100.9,99.8,96.4,96.9,93.2,101.7,100.0,96.7,100.3,100.0,100.0,100.6,98.2,84.8,99.3,99.5,102.0,100.8,98.5,108.5,100.0,103.3,95.8,100.9,73.6,94.5,98.2,99.8,100.5,106.9,99.5,97.1,99.7,100.4,100.0,99.6,99.6,97.8,81.3,71.5,93.5,98.3,95.5,100.0,95.2,99.3,99.4,98.4,99.0,99.5,97.2,100.2,98.2,99.7,100.3,97.8,93.8,100.0,100.0,100.3,99.7,107.3,110.2,93.3,131.5,108.8,97.8,102.1,107.2,98.5,97.9,97.4,98.8,126.2,126.8,125.4,112.5,119.6,101.2,98.8,100.2,100.0,100.0,102.6,106.5,109.9,100.5,113.1,100.5,100.3,101.1,99.1,98.5,100.8,119.1,98.3,99.5,94.0,98.4
201403,94.2,63.9,59.6,90.0,102.0,44.2,61.4,72.9,78.9,55.1,39.6,100.0,99.4,98.8,97.2,99.5,99.9,99.1,91.5,98.7,99.1,93.3,97.3,97.4,88.2,101.5,91.2,92.7,99.0,77.1,52.8,98.0,97.2,124.6,99.8,104.8,104.0,102.5,110.0,100.1,90.9,71.8,97.6,102.7,96.8,118.3,100.7,97.2,95.4,100.0,100.5,101.1,100.0,100.0,100.0,100.0,104.2,104.5,103.2,102.9,100.0,102.6,103.2,99.3,98.8,98.8,115.1,115.1,101.2,105.2,100.5,100.6,101.6,100.7,101.0,99.9,96.6,96.9,93.2,101.7,100.0,97.1,100.3,100.0,104.0,100.6,98.1,85.8,99.0,99.9,102.0,100.8,99.6,108.5,100.0,103.3,95.8,101.0,74.8,94.5,96.3,99.8,100.6,107.2,99.5,96.6,99.7,100.5,100.1,99.6,99.7,97.6,80.6,69.4,94.7,98.0,94.9,99.7,95.5,98.8,98.8,98.0,99.0,99.3,97.0,100.2,98.4,99.0,100.3,97.7,93.8,100.0,100.0,100.3,100.7,110.0,114.2,94.1,141.5,109.5,96.8,101.8,106.5,98.4,98.0,97.5,98.8,126.2,126.8,125.4,112.5,119.6,101.2,98.8,100.2,100.0,100.0,102.6,105.0,110.1,98.2,110.6,100.8,100.5,101.4,99.1,98.5,101.2,119.8,98.6,99.6,94.8,98.4
201404,97.6,65.5,61.8,91.5,97.3,44.3,63.9,74.9,79.6,56.0,37.2,102.9,99.4,103.2,99.2,102.1,102.4,101.5,93.8,101.8,99.1,97.8,99.4,99.5,91.6,106.9,96.5,96.0,101.7,79.3,54.2,100.6,100.3,127.7,102.8,105.7,105.5,103.0,111.0,106.8,94.9,75.0,106.8,104.6,115.7,122.8,104.2,100.9,99.0,102.6,103.1,103.9,102.9,102.9,102.8,102.9,106.8,106.8,106.7,105.7,102.9,105.5,105.9,103.2,105.2,105.2,117.6,117.6,104.2,109.0,101.8,103.3,105.4,104.3,102.9,102.5,100.1,99.8,95.8,105.2,102.8,101.6,100.3,100.0,104.3,104.8,100.0,95.8,102.6,103.4,102.6,103.7,101.3,111.9,100.0,109.2,98.7,104.4,76.8,97.2,96.3,102.5,104.4,109.3,101.8,99.8,101.1,103.4,102.7,101.9,99.9,100.7,85.4,75.8,97.4,102.1,98.1,102.8,99.0,104.0,104.0,101.0,101.6,102.4,101.0,103.0,101.4,101.7,103.2,101.0,96.5,102.9,102.8,103.2,100.8,113.1,117.6,97.7,145.5,109.5,100.7,104.1,109.5,100.3,101.1,100.6,101.9,131.6,132.4,130.3,112.6,119.6,101.3,99.4,100.2,100.0,100.0,105.6,105.6,112.6,98.5,109.5,103.0,103.4,103.9,100.2,98.4,103.8,122.2,100.6,101.3,98.0,100.6
201405,97.5,65.8,63.1,91.2,89.2,43.2,64.0,74.6,76.6,56.3,35.6,102.9,99.4,103.6,99.3,102.0,102.1,101.9,94.1,101.9,99.1,98.5,99.2,99.8,91.4,107.9,97.0,97.6,101.5,79.4,54.2,100.6,100.3,127.8,101.7,107.4,116.0,102.1,109.3,106.8,93.8,75.0,100.1,105.6,117.6,127.2,104.5,101.0,96.6,102.5,103.2,103.9,102.9,102.9,102.8,102.9,106.5,106.4,106.7,105.7,102.9,105.5,105.9,102.6,99.8,99.8,119.5,119.5,104.2,109.1,101.8,103.3,105.4,104.3,102.9,102.2,100.4,99.8,95.8,105.2,102.8,102.5,100.3,100.0,104.3,104.8,100.0,98.6,104.0,103.6,102.5,103.8,102.1,111.9,100.0,109.2,98.7,104.3,76.8,97.2,96.3,102.6,104.6,109.2,101.8,99.4,101.1,103.7,102.9,102.2,100.0,100.3,87.2,80.0,96.1,100.6,96.1,102.6,97.6,101.2,100.8,102.6,101.4,102.3,101.0,103.0,101.4,101.3,103.2,100.3,96.5,102.9,102.8,103.2,99.8,113.3,117.6,97.7,145.5,109.5,101.2,104.4,110.3,100.3,101.3,100.7,102.4,131.6,132.4,130.3,112.6,119.6,101.3,99.4,100.2,100.0,100.0,105.6,106.3,112.4,97.2,115.1,103.4,103.5,104.4,100.3,98.4,104.3,126.4,100.7,101.4,97.8,101.3
201406,97.8,68.8,68.5,91.5,90.2,43.6,64.1,74.3,73.7,56.3,34.0,102.9,99.4,102.7,99.6,101.6,101.8,101.8,95.4,101.7,99.1,96.8,99.3,100.0,91.7,107.3,94.0,98.7,101.5,79.3,54.2,100.6,100.3,127.8,101.7,102.6,104.2,101.2,103.9,107.2,93.0,73.8,104.9,105.8,116.8,127.0,104.7,100.7,97.8,102.2,103.1,104.1,102.9,102.9,102.8,102.9,105.8,105.6,106.7,106.9,102.9,105.7,107.7,102.6,101.2,101.2,118.2,118.2,104.2,109.0,101.8,103.3,105.4,104.3,102.9,102.3,100.2,99.8,95.8,105.2,102.8,102.0,100.3,100.0,104.3,104.8,100.0,97.1,103.7,103.6,101.4,103.8,102.1,111.9,100.0,109.2,98.7,104.3,76.2,97.2,98.2,102.6,104.6,109.2,101.9,100.0,101.1,103.7,102.9,102.3,100.0,100.3,86.2,78.9,95.2,100.5,97.1,101.1,97.3,102.4,102.0,100.2,101.5,102.4,100.6,103.0,101.3,101.7,103.2,100.4,96.5,102.9,102.9,103.2,100.7,113.0,117.3,96.9,145.5,109.5,101.4,103.8,110.2,99.3,101.4,100.8,102.4,131.6,132.4,130.3,112.6,119.6,101.3,99.4,100.2,100.0,100.0,105.6,104.2,112.6,94.9,110.3,103.4,103.6,104.3,100.4,98.4,104.3,126.8,100.6,101.4,98.0,100.4
201407,98.4,69.2,69.9,91.4,88.7,43.9,61.6,72.2,70.5,56.3,33.5,102.9,99.4,102.5,99.6,101.6,101.7,102.1,95.2,101.9,99.1,96.2,99.3,100.3,90.9,107.4,93.1,98.0,101.5,79.3,54.3,100.5,99.8,127.1,102.7,102.3,105.1,100.9,102.3,107.1,92.0,71.8,107.5,105.8,116.4,126.3,105.6,100.5,97.4,102.1,103.1,104.1,102.9,102.9,102.8,102.9,105.8,105.6,106.7,106.9,102.9,105.7,107.7,103.7,105.5,105.5,129.0,129.0,104.3,109.0,101.8,103.6,105.6,104.3,102.9,102.4,99.2,99.8,95.8,105.2,102.8,99.4,100.3,100.0,104.3,104.8,100.0,89.4,103.7,103.6,97.2,103.8,99.7,111.9,100.0,109.0,98.7,104.5,75.8,97.2,96.3,102.8,104.7,109.1,101.9,99.9,101.2,103.7,102.9,102.3,99.8,100.0,86.2,78.3,96.1,99.2,97.0,99.9,96.3,100.6,100.5,98.9,101.6,102.5,100.8,103.0,101.3,101.5,103.2,100.4,96.5,102.9,102.9,103.2,101.5,112.5,116.6,95.5,145.5,109.5,99.7,103.8,110.3,99.3,101.5,100.8,102.6,131.6,132.4,130.3,112.6,119.6,101.3,99.4,100.2,100.0,100.0,105.6,102.8,114.1,94.7,102.3,103.5,103.8,104.3,100.4,98.3,104.4,127.4,100.6,101.4,98.9,100.0
201408,99.8,66.4,66.7,90.3,84.7,40.4,59.0,70.4,66.5,55.9,31.9,102.9,99.4,103.1,99.7,101.5,101.8,102.2,95.4,102.0,99.1,95.8,99.3,100.1,91.1,107.1,92.5,98.3,101.1,79.2,54.2,99.7,99.6,126.9,102.4,106.7,107.4,108.5,102.3,107.4,92.3,71.6,107.8,106.0,117.0,126.5,105.3,101.2,97.7,102.1,102.9,104.1,102.9,102.9,102.8,102.9,106.5,105.6,110.2,107.0,102.9,105.8,107.7,106.8,116.7,116.7,142.5,142.5,104.3,109.0,101.8,103.6,105.6,104.3,103.0,102.5,99.2,99.8,95.8,105.2,102.8,99.3,100.3,100.0,104.3,104.8,99.9,88.8,105.2,103.7,97.2,103.8,99.2,111.9,100.0,113.0,98.7,104.5,75.0,97.2,98.2,103.0,104.8,109.1,102.1,101.2,101.2,103.7,102.9,102.4,99.8,99.8,86.3,78.6,96.0,98.6,95.9,99.8,96.6,99.8,99.1,98.4,101.4,102.5,100.9,103.0,101.1,101.3,103.2,100.2,96.5,102.9,102.9,103.2,100.5,112.8,116.9,96.4,145.5,109.5,99.5,104.1,110.6,99.4,101.6,101.2,102.4,131.6,132.4,130.3,112.6,119.6,101.3,99.4,100.2,100.0,100.0,105.6,106.7,120.6,97.9,104.2,103.5,103.8,104.6,100.3,98.3,104.5,127.0,100.7,101.4,100.5,99.6
201409,98.3,67.0,65.5,90.5,88.7,40.3,56.6,69.2,133.6,57.9,31.3,102.9,99.4,103.3,99.9,101.2,101.7,102.0,96.5,101.9,99.1,97.4,99.1,100.6,90.2,107.5,95.1,98.3,101.3,79.2,54.2,100.2,99.7,126.9,102.6,106.9,107.3,107.1,105.8,106.7,93.4,71.4,104.1,106.3,114.8,125.6,106.2,101.1,98.1,102.1,103.1,104.1,102.9,102.9,102.8,102.9,105.9,105.6,107.1,107.0,102.9,105.9,107.7,103.8,106.0,106.0,127.4,127.4,104.3,109.0,101.8,103.6,105.6,104.3,103.0,102.4,99.5,99.8,95.8,105.2,102.8,100.0,100.3,100.0,104.3,104.8,100.0,91.2,103.1,103.6,99.9,103.8,99.8,111.9,100.0,108.8,98.7,104.6,74.5,97.2,98.2,103.0,104.8,109.1,101.9,100.0,101.2,103.7,102.9,102.4,99.5,99.5,84.4,74.8,96.5,98.8,96.3,100.4,97.3,99.6,99.4,98.2,101.2,102.4,100.1,103.0,101.1,100.3,103.2,99.3,96.5,102.9,102.9,103.2,100.8,113.5,117.9,98.5,145.5,109.5,101.2,104.3,111.7,99.1,101.6,101.0,102.6,131.6,132.4,130.3,112.7,119.8,101.3,99.4,100.2,100.0,100.0,105.6,113.5,119.1,117.1,98.9,103.5,104.0,104.9,100.3,98.3,104.4,126.3,100.7,101.4,98.6,99.6
201410,98.6,66.4,65.5,89.1,86.6,39.5,53.9,68.3,121.8,59.0,30.7,102.9,99.4,103.1,99.4,101.4,101.8,102.1,94.5,102.3,99.1,98.8,99.2,101.3,90.2,106.6,97.6,98.1,100.9,79.2,61.3,100.6,99.7,126.9,98.1,103.3,104.6,101.9,104.9,107.0,93.5,71.8,109.6,106.6,115.0,125.6,106.4,101.1,96.6,102.6,103.0,104.2,102.9,102.9,102.8,102.9,106.9,106.4,108.8,107.0,102.9,105.9,107.7,104.7,110.0,110.0,123.6,123.6,104.4,109.0,101.9,103.7,105.7,104.4,103.0,102.5,100.3,99.8,95.8,105.2,102.8,102.2,100.3,100.0,104.3,104.8,100.0,97.8,103.7,103.5,102.0,103.8,101.5,111.9,100.0,108.7,98.8,104.7,75.2,97.2,98.2,103.0,104.9,109.3,101.8,99.2,101.2,103.8,102.9,102.4,99.4,100.2,87.3,79.4,97.1,99.4,96.5,101.0,96.6,99.6,99.6,101.1,101.7,102.0,100.2,103.0,101.1,102.1,103.2,101.2,96.5,102.9,102.9,103.2,101.8,113.8,118.2,99.1,145.5,109.5,101.9,104.7,112.3,99.2,101.8,101.3,102.6,131.6,132.4,130.3,112.7,119.8,101.3,99.4,100.2,100.0,100.0,105.6,103.9,116.2,101.0,92.4,103.6,104.0,104.5,100.5,98.3,104.6,125.3,100.9,101.4,99.0,99.6
201411,97.7,65.4,63.6,96.3,85.9,38.3,55.0,69.4,113.5,59.7,30.3,102.9,99.4,103.0,99.1,101.5,101.4,102.0,93.5,102.3,99.1,98.3,98.9,100.9,90.6,107.0,96.8,97.5,100.8,79.3,61.3,100.0,99.6,126.9,98.0,104.7,105.2,103.2,107.2,106.7,94.5,71.2,109.9,106.3,112.7,122.6,107.1,101.4,98.5,103.1,103.1,104.3,102.9,102.9,102.8,102.9,107.8,108.0,107.1,107.0,102.9,106.0,107.7,103.2,106.9,106.9,113.6,113.6,104.4,109.0,101.9,103.7,105.7,104.4,103.0,102.6,100.2,99.8,95.8,105.2,102.8,101.7,100.3,100.0,104.3,104.8,100.0,96.3,103.7,103.6,102.6,103.8,101.5,111.9,100.0,109.0,98.7,104.7,74.8,97.2,98.2,102.9,104.9,109.2,101.8,99.2,101.2,103.8,102.9,102.4,99.4,100.0,85.3,76.2,96.7,99.2,98.0,101.0,96.5,99.8,99.8,99.0,101.6,102.0,100.0,103.0,101.3,102.2,103.2,101.5,96.5,102.9,102.9,103.2,100.8,113.6,117.9,98.4,145.5,109.5,101.2,104.8,112.3,99.5,102.0,101.6,102.6,131.6,132.4,130.3,112.7,119.8,101.3,99.4,100.2,100.0,100.0,105.6,99.5,114.6,90.6,95.1,103.4,104.0,104.1,100.5,98.2,104.3,123.8,100.8,101.4,98.1,99.6
201412,97.7,63.4,61.1,96.1,80.7,37.4,56.7,68.5,97.4,60.1,29.5,102.9,100.9,103.7,99.5,101.0,101.2,102.2,93.7,101.8,101.3,96.3,98.9,101.2,90.7,105.8,93.8,97.4,100.4,79.0,61.3,100.0,99.6,126.9,96.3,111.0,109.7,108.5,117.3,107.2,94.5,70.7,106.5,106.3,113.3,124.0,106.4,103.6,100.3,103.2,102.9,104.1,102.9,102.9,102.8,102.9,106.2,105.6,108.8,107.0,102.9,106.0,107.7,103.7,106.2,106.2,122.4,122.4,104.4,109.0,101.9,103.7,105.8,104.4,103.0,102.7,99.9,99.8,95.8,105.2,102.8,101.0,100.3,100.0,104.3,104.8,100.0,92.9,102.6,103.7,102.8,103.8,101.5,111.9,100.0,118.1,98.7,104.7,75.1,97.2,98.2,102.9,104.9,109.2,102.0,100.0,101.2,103.8,103.0,102.3,99.5,99.5,82.4,73.2,94.0,97.7,95.0,100.2,96.0,97.3,97.3,99.2,101.7,102.0,100.6,103.0,101.2,102.3,103.2,101.6,96.5,102.9,102.9,103.2,101.4,114.6,119.2,98.1,145.5,119.3,101.7,105.1,112.6,99.8,102.3,102.2,102.4,131.6,132.4,130.3,112.7,119.8,101.3,99.4,100.2,100.0,100.0,105.6,105.5,120.7,95.3,103.8,103.2,104.0,104.2,100.6,98.2,104.1,122.1,100.8,101.6,98.3,99.6
201501,96.3,62.2,59.9,95.9,72.9,37.8,56.3,67.4,85.6,59.9,27.8,102.9,101.4,103.6,99.8,101.2,101.1,102.3,94.3,102.2,101.3,95.6,98.6,101.5,90.7,108.1,92.8,95.5,101.2,79.0,61.3,99.8,99.6,126.9,100.3,110.3,109.0,109.7,113.0,107.2,93.5,69.5,106.4,107.2,114.6,123.5,106.0,102.5,100.7,103.3,102.8,104.3,102.9,102.9,102.8,102.9,106.9,106.4,108.7,107.4,109.1,106.2,107.7,101.3,101.6,101.6,113.0,113.0,104.6,109.5,101.9,103.7,106.0,104.5,102.9,102.8,98.5,99.8,95.8,105.2,102.8,97.4,100.3,100.0,104.3,104.8,100.0,82.1,102.6,103.8,103.0,103.8,101.5,111.9,100.0,108.9,98.8,104.7,76.5,97.2,98.2,102.9,104.8,109.3,101.9,99.4,101.2,103.9,103.1,102.4,99.6,100.0,81.2,69.9,95.4,99.2,97.7,101.0,96.3,99.6,99.5,100.3,101.9,102.2,100.5,103.0,101.2,102.5,103.2,101.5,96.5,102.9,102.9,103.2,102.8,114.2,118.7,97.2,145.5,118.7,101.1,105.3,112.8,100.0,102.1,102.1,102.1,131.6,132.4,130.3,112.7,119.8,101.3,99.4,100.2,100.0,100.0,105.6,114.8,120.6,107.9,119.7,102.6,104.2,103.9,100.7,98.2,103.4,118.4,100.2,101.7,96.8,99.6
201502,96.8,63.1,60.2,95.9,108.7,37.9,55.0,67.1,79.5,61.5,29.0,102.9,100.7,103.7,99.7,101.1,101.1,102.1,94.3,102.1,101.3,97.6,98.6,103.3,90.6,108.2,96.2,95.1,102.0,79.2,61.3,99.6,99.6,127.7,103.1,109.9,109.1,108.5,113.3,106.2,92.0,68.0,102.3,107.3,114.1,120.7,106.1,102.2,99.6,103.4,103.0,104.4,102.9,102.9,102.8,102.9,106.7,106.4,107.7,108.1,109.1,106.2,108.7,102.0,105.1,105.1,113.5,113.5,104.7,109.5,101.9,103.7,106.5,104.7,102.9,102.9,98.5,99.8,95.8,105.2,102.8,97.5,100.3,100.0,104.3,104.8,100.2,82.0,102.6,103.8,103.0,103.8,101.5,112.7,100.0,108.9,98.8,104.6,76.6,97.2,98.2,102.9,104.8,109.2,102.0,100.0,101.2,103.9,103.1,102.4,99.6,99.7,79.9,67.3,95.5,98.9,96.5,100.8,96.7,98.4,98.8,101.0,101.9,102.1,101.6,103.0,100.9,102.4,103.2,101.5,96.5,102.9,102.9,103.2,102.1,114.2,118.6,97.5,145.5,116.2,102.3,105.1,113.1,99.4,102.5,102.5,102.5,131.6,132.4,130.3,112.7,119.8,101.3,99.4,100.2,100.0,100.0,105.6,112.1,118.9,102.3,121.2,102.5,104.3,103.7,100.8,98.1,103.3,116.6,100.3,101.7,97.3,99.6
201503,97.7,63.1,59.6,95.1,104.8,38.7,55.1,69.6,74.3,62.7,34.1,102.9,101.0,104.2,99.7,101.2,101.4,102.1,94.3,102.1,101.3,98.2,98.2,104.0,90.4,109.0,97.0,95.6,102.2,79.2,61.3,99.8,99.5,127.6,103.5,111.5,110.8,109.5,116.1,106.7,93.3,68.2,105.1,107.0,114.6,121.9,107.0,104.2,97.8,103.3,103.1,104.4,102.9,102.9,102.8,102.9,106.7,106.4,107.7,108.1,109.1,106.2,108.7,103.5,106.7,106.7,123.1,123.1,104.7,109.5,101.9,103.7,106.5,104.8,102.9,102.9,99.2,99.8,95.8,105.2,102.8,99.1,100.3,100.0,115.8,104.8,100.2,86.8,102.7,103.8,103.0,103.9,101.5,112.7,100.0,108.9,98.8,104.9,76.3,97.2,98.2,102.9,104.8,109.2,102.0,99.4,101.2,104.0,103.1,102.4,99.6,99.3,81.9,71.6,94.8,97.5,96.6,100.1,95.7,97.1,97.2,98.2,101.5,102.2,100.3,103.0,101.1,101.5,103.2,100.3,96.5,102.9,102.9,103.2,101.3,114.8,119.4,98.7,145.5,118.1,102.9,105.4,113.1,100.0,102.5,102.5,102.5,131.6,132.4,130.3,112.7,119.8,101.3,99.4,100.2,100.0,100.0,105.6,111.6,117.2,102.3,121.5,103.0,104.4,104.2,100.8,98.1,103.8,118.6,100.7,101.9,98.3,99.6
201504,97.5,63.2,59.7,94.6,97.8,41.7,54.8,70.0,70.6,64.9,35.1,102.9,101.0,103.9,99.7,101.1,101.7,102.4,93.9,102.2,101.3,98.1,98.5,106.0,91.4,110.4,96.4,95.8,102.2,79.2,61.3,99.5,99.5,127.6,103.8,108.7,109.5,106.0,113.5,106.9,94.1,68.6,105.8,107.5,115.6,121.8,106.8,102.0,98.8,103.4,103.0,104.4,102.9,102.9,102.8,102.9,106.7,106.4,108.1,108.1,109.1,106.2,108.7,103.2,106.1,106.1,112.0,112.0,104.9,109.7,102.2,103.7,107.0,105.0,103.1,102.6,100.5,99.9,95.8,105.3,102.8,102.5,100.3,100.0,115.8,104.8,100.1,94.8,103.4,103.9,102.3,103.9,101.5,119.3,100.0,108.6,98.9,105.1,76.9,97.2,98.2,103.1,105.1,109.6,102.2,100.7,101.2,104.1,103.2,102.3,99.6,101.9,84.2,75.2,95.4,107.5,96.0,99.4,96.8,119.0,118.4,100.5,101.3,102.2,100.7,103.0,100.5,100.7,103.2,99.6,96.5,102.8,102.9,103.1,101.3,115.2,119.7,99.3,145.5,118.1,103.7,105.9,114.2,100.0,102.9,103.1,102.5,131.6,132.4,130.3,111.8,119.8,98.7,95.8,102.1,100.0,100.0,105.6,115.3,116.8,112.3,118.9,103.3,104.9,104.7,100.8,98.1,104.2,118.0,101.0,102.9,98.0,99.6
201505,98.1,64.7,63.0,95.1,94.7,40.4,54.0,68.7,68.0,66.0,33.1,102.9,101.0,104.8,99.9,100.9,101.4,103.0,93.9,102.2,101.3,99.3,98.5,106.8,97.2,111.2,97.9,96.1,102.3,79.3,61.3,99.5,99.2,128.0,104.1,111.2,120.3,105.9,112.7,107.6,93.2,66.5,105.9,107.6,116.3,122.6,107.0,104.7,100.1,103.5,103.0,104.4,102.9,102.9,102.8,102.9,106.1,105.7,107.7,108.6,109.1,106.3,109.4,103.6,103.3,103.3,119.7,119.7,104.9,109.7,102.2,103.7,107.1,105.0,103.1,102.6,100.8,99.9,95.8,105.3,102.8,103.3,100.3,100.0,115.8,104.8,100.1,97.6,103.8,104.0,102.2,103.9,101.5,119.3,100.0,106.7,98.9,105.2,76.0,97.2,98.2,103.1,105.1,109.7,102.1,100.1,101.2,104.1,103.2,102.3,99.6,102.4,83.8,74.8,94.9,109.1,97.0,108.6,96.2,119.1,119.2,100.6,101.4,102.1,100.3,103.0,100.3,101.4,103.2,99.6,96.5,102.9,102.9,103.2,101.0,115.2,119.8,99.6,145.5,118.1,103.8,106.0,114.3,100.1,102.6,102.8,102.3,131.6,132.4,130.3,111.8,119.8,98.5,95.8,102.1,100.0,100.0,105.6,118.0,115.5,114.8,127.6,103.4,105.1,105.1,100.8,98.1,104.4,118.8,101.1,102.9,98.6,99.6
201506,98.5,69.1,70.7,94.8,93.8,41.8,55.1,68.3,65.8,66.6,31.2,102.9,101.0,103.8,99.9,100.7,101.5,102.8,94.2,102.4,101.3,98.8,98.5,106.9,97.2,111.1,97.0,96.4,101.2,79.2,61.3,99.4,99.1,128.0,99.7,105.5,108.1,104.0,105.7,107.8,92.9,66.1,110.4,107.8,115.1,122.7,107.3,104.8,100.3,103.0,103.1,104.6,102.9,102.9,102.8,102.9,107.5,107.4,108.1,108.6,109.1,106.3,109.4,103.3,105.1,105.1,113.4,113.4,104.9,109.7,102.3,103.8,107.1,105.0,103.1,102.7,100.7,99.9,95.8,105.3,102.8,103.0,100.3,100.0,115.8,104.8,100.1,96.9,103.4,104.0,101.0,103.9,101.4,119.3,100.0,106.4,98.9,105.4,75.5,97.2,98.2,103.2,105.1,109.7,102.2,100.7,101.3,104.1,103.3,102.3,99.6,102.2,83.6,73.4,96.3,108.3,98.1,106.6,95.8,119.1,119.1,97.8,101.4,102.7,100.3,103.0,100.4,101.3,103.2,99.6,96.5,102.9,102.9,103.2,100.4,115.3,119.9,100.2,145.5,118.1,102.6,106.1,114.3,100.3,102.8,103.0,102.3,131.6,132.4,130.5,111.8,119.8,98.5,95.8,102.1,100.0,100.0,105.6,111.7,115.0,107.4,115.4,103.4,105.3,104.8,100.9,98.1,104.4,118.0,101.1,102.9,98.8,99.6
201507,99.6,70.5,73.6,95.2,90.8,39.5,55.7,68.6,62.3,66.4,30.8,102.9,101.0,104.1,100.5,100.9,101.5,104.3,95.1,102.2,101.3,100.2,98.5,107.8,96.6,111.0,99.6,95.7,102.0,79.1,61.2,99.8,99.1,128.0,102.5,105.7,110.0,103.9,104.8,107.3,94.1,65.3,105.8,108.2,117.1,121.4,107.9,105.5,98.0,102.9,103.0,104.6,102.9,102.9,102.8,102.9,107.7,107.4,108.8,108.6,109.1,106.4,109.4,104.9,110.7,110.7,126.5,126.5,105.0,109.7,102.3,103.8,107.1,105.0,104.4,102.7,99.8,99.9,95.8,105.4,102.8,100.6,100.3,100.0,115.8,104.8,100.0,89.5,103.4,105.3,97.2,103.9,100.2,119.3,100.0,106.0,99.0,105.7,75.0,97.2,98.2,103.6,105.3,109.8,102.2,100.1,101.3,104.1,103.2,102.3,100.3,102.0,82.0,71.4,95.3,108.7,97.2,105.8,96.1,119.5,119.6,99.8,101.2,102.5,100.3,103.0,100.0,100.1,103.2,98.0,96.5,102.9,102.9,103.2,101.9,117.1,122.4,99.7,153.0,118.1,102.3,106.2,114.9,100.0,102.6,102.8,102.4,131.6,132.4,130.5,111.8,119.8,98.5,95.8,102.1,100.0,100.0,105.6,110.2,115.6,107.4,108.2,103.4,105.5,104.7,100.9,98.1,104.4,116.3,101.2,102.9,100.1,99.6
201508,101.3,70.0,72.4,95.2,88.4,39.3,56.4,69.6,61.4,66.4,30.2,106.1,101.0,105.1,101.0,100.9,101.2,105.6,95.5,103.1,101.3,100.0,98.3,107.6,96.7,110.6,99.5,95.4,102.1,79.0,61.2,99.5,99.0,128.0,103.6,112.0,112.7,115.5,104.3,107.2,95.5,65.1,103.4,108.5,116.5,122.0,108.4,105.3,98.5,102.4,102.9,104.8,102.9,102.9,102.8,102.9,109.1,108.4,112.0,108.9,109.1,106.7,109.6,107.9,121.9,121.9,139.4,139.4,105.0,109.7,102.4,103.8,107.1,105.0,104.5,102.8,99.8,99.9,95.8,105.4,102.8,100.5,100.3,100.0,115.8,104.8,100.0,88.8,105.1,105.0,97.2,103.9,100.2,119.3,100.0,111.8,98.9,105.5,74.1,97.2,98.2,103.6,105.3,110.0,102.3,100.7,101.3,104.1,103.2,102.3,100.3,102.0,81.1,70.6,94.3,108.6,96.6,105.1,96.7,119.4,119.1,100.0,101.3,102.5,100.4,103.0,100.2,100.3,103.2,97.9,96.5,102.9,102.9,103.2,102.8,117.1,122.5,99.6,153.0,118.1,103.2,106.0,114.8,99.7,102.6,103.0,101.9,131.6,132.4,130.5,112.1,119.8,98.5,101.3,102.1,100.0,100.0,105.6,114.9,121.6,110.0,114.8,103.4,105.6,104.9,100.9,98.1,104.4,113.6,101.5,102.9,102.1,99.6
201509,100.4,74.5,77.5,94.9,90.8,39.5,57.5,69.7,138.2,65.4,28.9,106.1,101.0,104.9,101.1,100.8,101.2,105.9,95.7,102.3,101.3,100.4,98.4,107.5,96.6,109.7,100.2,95.9,102.1,79.0,61.1,99.9,99.0,127.8,103.2,109.2,109.8,110.0,107.0,107.6,96.1,64.5,103.8,108.7,116.6,119.9,109.9,106.6,98.8,102.1,106.7,104.7,102.9,102.9,102.8,102.9,108.3,108.4,107.7,108.9,109.1,106.7,109.6,105.1,109.6,109.6,128.9,128.9,105.0,109.7,102.4,103.8,107.1,105.0,104.5,102.8,100.1,99.9,95.8,105.4,102.8,101.3,100.3,100.0,115.8,104.8,100.1,91.7,104.5,105.0,99.4,103.9,100.3,119.3,100.0,106.5,99.0,105.8,74.5,97.2,98.2,103.6,105.7,110.1,102.2,100.2,101.2,104.2,103.2,102.3,100.3,102.6,83.7,73.8,96.0,109.1,96.3,106.9,96.1,120.2,119.7,100.1,101.7,102.6,100.3,103.0,100.9,102.3,103.2,100.1,96.5,102.9,102.9,103.2,101.3,117.3,122.8,99.9,153.0,118.1,104.5,105.9,114.3,99.9,102.8,103.0,102.3,131.6,132.4,130.5,112.1,119.8,98.6,101.3,102.1,100.0,100.0,105.6,117.6,121.1,119.9,108.2,103.4,105.9,105.0,100.9,98.0,104.3,111.1,101.6,103.0,100.7,99.6
201510,100.6,75.2,78.9,95.7,90.0,39.3,58.8,70.0,130.5,66.0,27.9,106.1,101.0,103.8,101.3,100.9,101.1,106.2,96.4,102.3,101.3,97.1,77.9,107.5,96.3,107.8,99.0,93.2,101.1,69.5,61.2,99.7,98.8,127.7,102.9,107.7,109.2,106.0,109.6,107.5,94.5,65.5,101.6,108.8,117.4,117.6,112.3,105.5,100.0,102.6,106.7,104.9,102.9,102.9,102.8,102.9,110.3,110.3,110.2,108.9,109.1,106.7,109.6,105.4,112.6,112.6,121.6,121.6,105.0,109.7,102.3,103.8,107.1,105.1,104.5,102.9,100.9,99.9,95.8,105.4,102.8,103.3,100.3,100.0,115.8,104.8,99.6,97.7,103.8,105.0,101.9,104.2,101.5,119.3,100.0,106.6,99.0,106.0,74.6,97.2,98.2,103.6,105.7,110.1,102.2,100.1,101.2,104.2,103.2,102.3,100.3,102.4,82.0,71.1,95.8,108.4,95.1,105.7,95.0,119.8,119.4,99.9,101.9,102.6,100.4,103.0,100.9,103.0,103.2,100.8,96.5,102.9,102.9,103.2,101.2,117.3,122.9,100.0,153.0,118.1,105.6,105.6,113.7,99.9,102.7,102.9,102.3,131.6,132.4,130.5,112.1,119.8,98.6,101.3,102.1,100.0,100.0,105.6,114.0,119.2,117.1,100.9,103.5,106.3,104.9,101.0,98.1,104.4,110.4,101.7,103.0,100.8,99.7
201511,100.1,74.5,77.8,95.6,88.6,41.0,59.5,70.4,120.2,65.5,27.5,106.1,101.0,103.5,102.0,100.6,101.4,106.8,98.3,102.5,101.3,96.8,73.1,107.0,97.3,108.8,99.0,93.4,100.6,69.4,61.3,99.8,98.7,127.7,100.6,106.6,108.0,104.8,109.0,107.3,93.6,64.5,104.1,109.1,117.5,117.8,113.2,105.4,96.9,102.4,106.7,104.9,102.9,102.9,102.8,102.9,109.8,110.3,107.7,108.9,109.1,106.8,109.6,105.0,111.3,111.3,120.6,120.6,105.1,109.7,102.2,103.8,107.5,105.2,104.5,102.9,100.7,99.9,95.8,105.4,102.8,102.7,100.3,100.0,115.8,104.8,99.7,95.5,103.8,105.0,102.8,104.2,101.5,119.3,100.0,106.8,99.0,106.1,74.5,97.2,98.2,103.6,105.7,110.0,102.2,99.9,101.2,104.2,103.2,102.3,100.3,102.2,80.6,70.8,93.0,108.3,95.3,105.7,94.6,119.2,119.1,100.7,101.8,102.4,100.5,103.0,100.6,102.8,103.2,100.1,96.5,102.9,102.9,103.2,100.6,117.1,122.6,99.0,153.0,118.1,105.9,105.4,113.5,99.6,103.0,103.4,102.3,131.6,132.4,130.5,112.1,119.8,98.6,101.3,102.1,100.0,100.0,105.6,105.7,118.3,98.2,102.7,103.4,106.4,104.5,101.0,98.0,104.4,110.0,101.7,103.0,100.4,99.7
201512,99.9,72.7,74.8,95.6,85.9,42.8,59.4,70.7,107.1,65.6,27.4,106.1,105.3,104.0,102.8,100.5,101.6,107.4,98.5,102.6,104.1,96.0,107.0,106.7,97.9,108.4,92.7,91.8,100.3,69.4,61.2,99.9,98.7,127.4,99.8,111.5,110.5,108.7,118.2,107.1,94.9,63.5,99.6,109.1,117.1,116.8,112.9,104.8,99.5,102.4,106.7,104.9,102.9,102.9,102.8,102.9,109.8,110.3,107.7,108.9,109.1,106.8,109.6,104.9,107.3,107.3,129.7,129.7,105.3,109.7,102.3,104.0,107.7,105.4,104.5,103.0,100.3,99.9,95.8,105.4,102.8,101.6,100.3,100.0,115.8,104.8,99.7,91.2,102.4,105.0,102.8,104.2,101.5,119.3,100.0,116.2,99.0,106.1,74.5,97.2,98.2,103.6,105.6,110.0,102.3,101.1,101.2,104.2,103.2,102.3,100.3,101.9,79.5,69.5,92.1,107.3,97.1,104.1,95.6,117.9,117.3,98.4,101.7,102.1,101.3,103.0,100.7,102.6,103.2,99.9,96.5,102.9,102.9,103.2,100.6,117.6,123.4,98.2,153.0,125.5,106.1,105.4,113.8,99.4,103.0,103.3,102.4,131.6,132.4,130.5,112.1,119.8,98.6,101.3,102.1,100.0,100.0,105.6,108.3,121.1,96.3,113.0,103.3,106.4,104.4,101.0,98.0,104.2,108.6,101.6,103.2,100.3,99.7
201601,98.1,69.4,69.4,95.8,78.9,45.3,59.9,71.6,92.6,63.8,26.1,106.1,104.6,104.6,102.8,100.4,101.6,107.7,98.5,103.5,103.8,98.5,106.9,106.9,97.7,109.1,97.2,90.5,100.7,69.4,61.3,99.5,98.5,127.2,101.9,109.9,109.3,108.7,112.9,107.6,94.4,63.2,106.7,109.0,117.2,116.5,113.0,104.3,99.8,102.4,106.1,104.9,102.9,102.9,102.8,102.9,110.1,110.3,109.4,108.9,109.1,106.8,109.6,102.2,103.5,103.5,116.6,116.6,105.3,109.7,102.7,103.9,107.7,105.4,104.5,103.1,98.7,99.9,95.8,105.4,102.8,97.8,100.3,100.0,115.8,104.8,99.8,79.3,102.5,104.7,102.8,104.2,101.5,119.3,100.0,107.0,99.1,106.1,74.4,97.2,98.2,103.7,105.6,110.1,102.3,100.6,101.2,104.2,103.3,102.3,100.3,102.3,79.7,67.3,95.4,108.9,97.7,105.8,94.8,120.2,120.3,100.2,101.8,102.4,101.2,103.0,100.6,103.0,103.2,100.7,96.5,102.9,102.9,103.2,99.4,117.3,122.9,97.6,153.0,125.6,104.5,105.0,113.6,99.0,103.0,103.6,102.1,131.6,132.4,130.5,112.1,119.8,98.6,101.3,102.6,100.0,100.0,105.6,114.8,120.7,101.7,131.5,102.6,106.4,103.9,101.0,98.0,103.4,105.8,100.9,103.4,98.4,99.7
201602,99.0,70.0,69.7,95.0,90.3,44.8,61.1,73.0,86.0,63.4,30.8,106.1,103.3,104.6,103.0,100.5,101.7,108.8,98.2,103.5,103.5,99.3,107.0,107.6,98.2,108.8,98.2,91.9,100.7,69.4,61.2,99.5,98.4,126.9,102.5,110.7,110.3,109.0,114.6,106.9,95.0,62.0,103.8,109.0,117.6,113.9,112.8,104.5,99.2,102.1,105.7,104.9,102.9,102.9,102.8,102.9,109.9,110.3,108.4,108.8,109.1,106.9,109.4,103.7,108.1,108.1,124.3,124.3,105.3,109.7,102.7,103.9,107.7,105.4,104.5,103.1,98.7,99.9,95.8,105.4,102.8,97.9,100.3,100.0,115.8,104.8,99.8,79.3,102.5,104.7,103.0,104.2,101.5,120.1,100.0,107.3,99.0,106.1,74.3,97.2,94.3,103.7,105.6,110.0,102.4,100.9,101.2,104.2,103.3,102.3,101.0,102.2,80.0,67.8,95.3,108.2,97.4,104.3,94.7,118.9,120.0,99.8,101.7,102.7,101.0,103.0,100.5,103.0,103.2,100.6,96.5,102.8,102.9,103.1,99.2,116.9,122.4,96.7,153.0,124.1,104.7,104.8,114.0,98.3,103.3,103.8,102.5,131.6,132.4,130.5,112.1,119.8,98.6,101.3,102.6,100.0,100.0,105.6,118.6,119.0,108.3,137.5,102.5,106.5,104.1,101.1,97.9,103.4,103.9,101.1,103.8,99.2,99.7
201603,99.3,69.6,68.6,95.2,93.7,44.2,61.3,74.6,80.9,64.0,33.3,106.1,104.4,105.0,102.9,100.6,101.8,108.7,97.6,103.7,103.8,97.9,107.1,108.0,98.3,108.9,95.4,93.2,101.2,69.4,61.2,99.7,97.9,126.6,105.1,114.7,114.7,112.4,119.3,107.0,95.1,62.5,105.5,109.3,117.7,115.5,113.8,104.8,96.5,102.0,106.5,104.9,102.9,102.9,102.8,102.9,109.9,110.3,108.4,108.8,109.1,106.9,109.4,104.3,106.9,106.9,130.9,130.9,105.3,109.7,102.7,103.9,107.7,105.4,104.5,103.1,99.1,99.9,95.8,105.4,102.8,98.9,100.3,100.0,115.8,104.8,99.8,82.5,102.3,104.7,103.0,104.2,101.5,120.1,100.0,108.1,99.0,106.1,73.1,97.2,98.2,103.6,105.6,110.1,102.3,100.3,101.2,104.2,103.3,102.4,101.1,102.3,79.9,67.9,95.0,108.2,98.0,106.2,96.4,118.0,117.7,100.1,101.9,102.3,100.6,103.0,100.6,102.5,103.2,100.4,96.5,102.9,102.9,103.2,102.7,117.7,123.4,98.5,153.0,125.0,106.3,104.9,114.1,98.4,103.6,104.3,102.4,131.6,132.4,130.5,112.1,119.8,98.6,101.3,102.6,100.0,100.0,105.6,117.7,117.3,108.4,135.9,102.7,106.5,104.2,101.1,97.9,103.5,102.8,101.3,103.8,99.8,99.7
201604,99.5,69.0,67.6,94.4,95.5,42.4,60.9,75.2,75.3,65.6,35.5,106.1,104.4,104.0,103.1,100.3,101.7,108.8,98.0,104.8,103.8,95.6,107.1,112.3,99.1,109.2,91.1,93.9,100.6,69.4,61.2,99.5,98.2,126.5,102.6,112.7,114.7,110.6,114.8,106.8,95.9,62.1,104.1,109.6,117.1,115.8,114.9,104.9,95.7,102.5,106.5,105.0,102.9,102.9,102.8,102.9,111.1,111.0,111.3,108.8,109.1,107.1,109.4,105.2,108.1,108.1,125.4,125.4,105.5,109.7,103.1,104.2,107.9,105.7,104.7,102.7,101.2,99.9,95.8,105.4,102.8,104.0,100.3,100.0,115.8,106.8,99.8,95.9,103.6,104.7,102.9,104.5,101.8,126.7,100.0,107.9,98.9,106.2,72.8,97.2,98.2,103.2,105.7,110.8,102.4,100.8,101.2,104.3,103.3,102.4,101.2,102.2,81.3,71.0,94.1,107.8,98.3,105.4,95.9,117.6,117.8,99.3,101.8,102.9,101.4,103.0,100.6,102.6,103.2,100.3,96.5,102.9,102.9,103.2,100.4,117.9,123.5,98.9,153.0,125.0,105.7,105.0,114.3,98.4,104.6,105.8,102.6,133.6,135.6,130.5,113.5,121.9,98.7,101.3,102.6,100.0,100.0,105.6,115.6,116.2,109.9,125.4,102.9,106.5,104.4,101.3,98.0,103.8,103.1,101.7,104.5,99.8,99.3
201605,100.1,68.1,66.3,95.9,95.6,40.8,60.5,75.5,71.9,66.2,35.0,106.1,104.4,104.8,103.0,99.8,101.8,109.1,97.5,104.6,103.8,96.8,106.8,112.2,99.5,108.9,93.4,93.2,100.6,69.4,61.2,99.6,98.1,126.6,102.5,113.8,123.9,108.9,113.5,107.5,96.2,61.4,106.0,109.7,117.4,114.8,115.4,104.7,99.2,102.3,106.6,104.9,102.9,102.9,102.8,102.9,110.1,110.3,109.4,108.8,109.1,107.1,109.4,106.2,110.1,110.1,131.0,131.0,105.5,109.7,103.1,104.2,107.9,105.7,104.9,102.7,101.5,99.9,95.8,105.4,102.8,104.9,100.3,100.0,115.8,106.8,99.8,98.7,103.9,104.7,102.8,104.5,101.8,126.7,100.0,107.8,99.0,106.3,72.9,97.2,98.2,103.2,105.7,110.8,102.4,100.5,101.2,104.3,103.4,102.4,101.4,102.1,83.9,76.4,93.3,107.5,97.9,107.0,95.3,116.7,116.5,99.8,101.6,102.9,101.2,103.0,100.7,102.8,103.2,100.5,96.5,102.9,102.9,103.2,98.2,118.0,123.4,98.8,153.0,125.0,105.7,105.6,114.8,99.2,104.9,106.2,102.5,133.6,135.6,130.5,113.5,121.9,98.7,101.3,102.6,100.0,100.0,105.6,116.6,116.5,108.2,132.8,103.0,106.5,104.6,101.3,97.9,104.0,103.8,101.8,104.5,100.3,98.8
201606,99.5,67.2,65.2,94.9,94.9,39.8,59.3,73.3,71.7,68.4,35.8,106.1,104.4,103.3,103.1,99.9,102.0,109.6,97.0,105.5,103.8,95.5,106.8,114.2,99.7,108.6,91.2,93.2,100.7,69.4,61.2,99.4,98.9,126.7,102.5,108.4,110.9,107.2,108.2,106.7,96.5,60.9,102.5,109.7,116.6,115.5,115.5,104.8,96.3,102.2,106.6,104.9,102.9,102.9,102.8,102.9,110.0,110.4,108.4,108.9,109.1,107.3,109.4,105.9,109.4,109.4,129.5,129.5,105.5,109.7,103.1,104.4,107.9,105.8,104.7,102.6,101.3,99.9,95.8,105.4,102.8,104.5,100.3,100.0,115.8,106.8,99.8,97.3,103.6,104.7,101.6,104.5,102.6,126.7,100.0,107.8,99.0,106.3,72.6,97.2,98.2,103.3,105.8,110.7,102.5,101.0,101.2,104.3,103.4,102.4,101.4,101.9,84.0,76.7,93.2,106.0,98.4,105.8,95.5,113.7,113.5,99.3,101.9,103.0,101.1,103.0,100.8,102.4,103.2,100.4,96.5,102.9,102.9,103.2,101.9,117.8,123.2,98.2,153.0,125.0,105.2,105.8,114.7,99.6,105.1,106.7,102.3,133.6,135.6,130.5,113.5,121.9,98.7,101.3,102.6,100.0,100.0,105.6,112.1,116.5,107.7,114.3,103.0,106.7,104.3,101.3,97.9,103.9,104.1,101.6,104.5,99.7,98.8
201607,100.1,66.5,64.4,95.7,93.7,41.3,58.2,72.0,68.8,69.1,32.9,106.1,104.4,103.3,103.3,100.2,102.1,109.7,97.6,105.7,103.8,94.8,106.2,116.3,99.6,108.7,89.7,94.4,100.7,69.3,61.2,99.5,98.8,126.7,102.5,108.2,110.9,107.6,106.9,106.9,97.2,60.6,102.6,109.7,116.7,114.9,116.0,105.0,97.5,102.1,106.6,104.9,102.9,102.9,102.8,102.9,110.0,110.4,108.4,108.9,109.1,107.5,109.4,107.2,111.3,111.3,147.3,147.3,105.5,109.7,103.1,104.4,107.9,105.8,104.8,102.7,100.4,99.9,95.8,105.4,102.8,102.1,100.3,100.0,115.8,106.8,99.8,89.7,104.0,104.7,98.4,104.6,102.6,126.7,100.0,107.7,99.0,106.4,72.6,97.2,98.2,103.6,105.9,110.6,102.4,100.4,101.2,104.3,103.4,102.4,101.4,101.6,82.2,74.1,92.4,105.7,96.8,104.1,95.3,114.2,114.1,98.9,101.8,103.0,100.9,103.0,100.8,102.3,103.2,100.7,96.5,102.9,102.9,103.2,101.1,117.7,122.8,97.7,153.0,125.0,103.2,105.9,115.0,99.5,105.8,107.9,102.4,133.6,135.6,130.5,113.5,121.9,98.7,101.3,102.6,100.0,100.0,105.6,111.5,117.4,106.8,112.1,102.9,106.7,104.1,101.3,97.9,103.8,103.2,101.5,104.5,100.5,98.9
201608,101.3,64.3,61.1,95.6,90.1,40.0,57.8,70.5,67.5,70.8,31.3,106.1,104.4,103.7,103.4,100.5,102.2,109.8,97.6,105.2,103.8,94.7,105.8,116.2,99.5,108.8,89.6,94.7,100.5,69.4,61.2,99.2,99.1,126.7,101.6,110.9,112.9,112.0,106.6,107.1,97.8,60.2,106.7,109.7,116.3,114.9,116.0,105.0,97.2,102.3,106.4,105.1,102.9,102.9,102.8,102.9,111.3,110.4,114.7,108.9,109.1,107.5,109.4,109.8,120.5,120.5,159.3,159.3,105.6,109.7,103.1,104.4,107.9,105.8,104.8,102.9,100.4,99.9,95.8,105.4,102.8,101.9,100.3,100.0,115.8,106.8,99.8,88.5,105.4,104.7,98.4,104.6,102.6,126.7,100.0,113.5,99.0,106.3,72.6,97.2,98.2,103.6,106.1,110.7,102.6,101.7,101.3,104.3,103.4,102.4,101.4,101.5,82.0,72.8,93.4,105.5,98.1,104.1,96.0,113.0,112.4,100.0,101.6,102.8,100.9,103.0,100.6,101.9,103.2,100.5,96.5,102.9,102.9,103.2,101.0,117.9,123.1,98.1,153.0,125.0,104.9,106.0,115.1,99.7,105.9,108.0,102.2,133.6,135.6,130.7,113.5,121.9,98.7,101.3,102.6,100.0,100.0,105.6,113.2,123.1,104.5,116.1,102.9,106.7,104.2,101.3,97.8,103.8,102.1,101.7,104.5,101.9,98.9
201609,99.6,64.9,63.1,95.6,89.3,39.3,57.0,68.2,63.6,71.5,29.2,106.1,104.4,103.8,103.4,100.5,102.2,110.0,97.5,105.2,103.8,96.6,105.8,115.6,99.2,108.1,92.7,95.7,99.2,61.4,61.2,99.0,99.2,122.8,103.1,109.3,110.4,109.4,107.8,107.4,98.9,59.9,107.3,109.7,115.7,115.7,115.9,104.9,98.4,102.2,106.4,105.0,102.9,102.9,102.8,102.9,110.4,110.4,110.4,108.9,109.1,107.6,109.4,106.5,110.9,110.9,136.6,136.6,105.6,109.7,103.1,104.4,107.9,105.8,104.8,102.6,101.0,99.9,95.8,105.4,102.8,103.4,100.3,105.5,115.8,106.8,99.8,92.5,104.7,104.7,101.4,104.6,101.8,126.7,100.0,107.7,99.0,106.3,72.7,97.2,98.2,103.6,106.1,110.8,102.4,100.5,101.3,104.3,103.6,102.3,101.4,102.1,82.2,72.9,93.8,106.9,98.1,103.6,94.7,117.9,116.9,97.5,102.0,102.6,100.7,103.0,100.8,102.7,103.2,101.2,96.5,102.9,102.9,103.2,102.7,118.3,123.5,98.8,153.0,125.0,106.1,106.6,115.5,100.3,106.1,108.3,102.2,133.6,135.6,130.7,113.5,121.9,98.7,101.3,102.6,100.0,100.0,105.6,116.6,127.0,115.6,103.9,102.8,106.8,104.3,101.2,97.8,103.7,101.8,101.6,104.6,99.8,98.9
201610,100.6,67.2,64.6,95.6,90.2,39.7,56.7,66.5,139.0,72.7,28.7,106.1,104.4,104.2,103.3,100.6,102.2,109.8,97.2,105.2,103.8,96.6,105.7,115.6,99.0,108.0,92.7,95.2,98.2,59.7,61.2,98.6,98.2,122.8,100.5,114.7,112.9,116.8,112.1,106.5,98.8,60.0,99.3,109.7,114.4,114.0,115.9,106.3,99.1,102.8,106.2,105.0,102.9,102.9,102.8,102.9,110.2,110.4,109.4,109.0,109.1,107.7,109.4,107.6,114.5,114.5,136.8,136.8,105.7,109.7,103.1,104.4,109.1,105.9,104.8,102.6,101.7,99.9,95.8,105.4,102.8,105.2,100.3,105.5,115.8,106.8,99.8,98.3,104.0,104.8,103.2,104.7,101.8,126.7,100.0,107.7,99.0,106.4,72.1,97.2,98.2,103.6,106.0,110.9,102.4,100.3,101.3,104.3,103.6,102.3,101.4,102.2,81.1,71.2,93.5,107.2,97.6,104.3,94.4,118.0,118.2,97.2,102.2,103.0,100.9,103.0,100.8,103.0,103.2,101.5,96.5,102.9,102.9,103.2,103.6,118.4,123.6,98.8,153.0,125.0,106.5,106.8,115.7,100.5,105.9,108.1,102.3,133.6,135.6,130.7,113.5,121.9,98.7,101.3,102.6,100.0,100.0,105.6,125.9,124.3,135.0,110.7,103.0,107.0,105.0,101.2,97.7,103.9,101.8,101.8,104.6,100.8,98.7
201611,99.6,67.5,65.8,95.8,86.4,39.8,56.3,66.0,131.8,72.0,28.4,106.1,104.4,104.6,103.5,100.6,102.1,110.3,97.5,105.6,103.8,97.0,105.7,116.3,99.2,107.9,93.3,95.9,98.6,59.7,61.2,98.9,98.5,122.8,101.8,114.9,112.9,116.4,113.9,107.0,99.0,59.3,106.7,109.7,114.2,114.2,116.4,106.2,98.1,102.9,106.5,105.0,102.9,102.9,102.8,102.9,110.2,110.4,109.4,109.0,109.1,107.7,109.4,105.5,111.8,111.8,119.0,119.0,105.8,109.7,103.1,104.4,109.1,105.9,105.1,102.8,101.4,99.9,95.8,105.4,102.8,104.6,100.3,105.5,115.8,106.8,99.7,96.3,103.7,104.8,103.6,104.7,101.8,126.7,100.0,108.0,99.0,106.6,72.2,97.2,98.2,103.5,106.0,110.5,102.4,100.3,101.3,104.3,103.6,102.3,101.4,101.1,81.7,72.1,93.7,105.2,96.1,104.9,94.9,113.3,114.1,96.8,101.3,102.7,100.8,103.0,100.4,102.5,103.2,101.0,96.5,82.9,102.9,103.2,101.3,118.0,123.1,97.5,153.0,125.0,107.0,106.1,115.2,99.7,106.2,108.5,102.2,133.6,135.6,130.7,113.5,121.9,98.7,101.3,102.6,100.0,100.0,105.6,126.7,125.4,133.3,115.8,102.9,106.9,104.9,101.2,97.7,103.9,102.8,101.6,104.6,99.8,98.7
201612,99.8,67.7,66.8,95.7,86.5,40.3,55.4,66.4,113.8,71.3,27.3,106.1,106.7,104.5,104.3,100.6,102.0,110.5,97.3,105.6,107.9,96.4,105.7,116.4,99.0,106.7,94.1,90.2,98.0,59.4,61.1,99.0,98.4,124.6,97.4,114.9,112.5,114.5,118.1,107.1,99.4,58.1,106.9,109.7,115.5,115.1,116.0,106.8,96.7,102.6,106.5,105.1,102.9,102.9,102.8,102.9,111.9,112.0,111.3,109.0,109.1,107.8,109.4,105.9,108.2,108.2,132.8,132.8,105.8,109.7,103.1,104.4,109.1,106.0,105.1,103.1,101.1,99.9,95.8,105.4,102.8,103.9,100.3,105.5,115.8,106.8,99.7,92.6,103.7,104.8,103.8,104.7,101.8,126.7,100.0,120.3,99.0,106.6,72.2,97.2,98.2,103.5,106.0,110.4,102.5,101.1,101.3,104.3,103.6,102.4,101.3,100.4,79.7,69.9,91.9,103.7,93.6,100.1,96.7,111.8,112.0,96.2,101.0,102.7,101.0,103.0,100.1,101.4,103.2,100.4,96.5,82.6,102.9,103.2,100.9,118.4,123.6,97.9,153.0,128.4,106.2,106.2,115.3,99.8,106.6,109.2,102.2,133.6,135.6,130.7,113.5,121.9,98.7,101.3,102.6,100.0,100.0,105.6,121.6,125.9,117.0,124.4,103.0,107.0,104.8,101.2,97.7,104.0,104.2,101.5,104.7,100.1,98.7
