類・品目,総合,食料,穀類,米類,うるち米,国産米Ａ,国産米Ｂ,もち米,パン,食パン,あんパン,カレーパン,めん類,ゆでうどん,干しうどん,スパゲッティ,即席めん,生中華めん,＊ゆで沖縄そば,他の穀類,小麦粉,もち,魚介類,生鮮魚介,まぐろ,あじ,いわし,かつお,かれい,さけ,さば,さんま,たい,ぶり,いか,たこ,えび,あさり,かき（貝）,ほたて貝,塩干魚介,塩さけ,たらこ,しらす干し,干しあじ,煮干し,ししゃも,いくら,魚肉練製品,揚げかまぼこ,ちくわ,かまぼこ,他の魚介加工品,かつお節,魚介漬物,魚介つくだ煮,魚介缶詰,塩辛,肉類,生鮮肉,牛肉Ａ,牛肉Ｂ,豚肉Ａ,豚肉Ｂ,鶏肉,レバー,加工肉,ハム,ソーセージ,ベーコン,＊ポーク缶詰,乳卵類,牛乳・乳製品,牛乳,牛乳（配達）,牛乳（店頭売り）,乳製品,粉ミルク,ヨーグルト,バター,チーズ,チーズ（輸入品）,卵,鶏卵,野菜・海藻,生鮮野菜,キャベツ,ほうれんそう,はくさい,ねぎ,レタス,ブロッコリー,もやし,アスパラガス,さつまいも,じゃがいも,さといも,だいこん,にんじん,ごぼう,たまねぎ,れんこん,ながいも,しょうが,えだまめ,さやいんげん,かぼちゃ,きゅうり,なす,トマト,ピーマン,生しいたけ,えのきだけ,しめじ,＊にがうり,＊とうが,乾物・加工品類,乾物・海藻,あずき,干ししいたけ,のり,わかめ,こんぶ,ひじき,大豆加工品,豆腐,油揚げ,納豆,他の野菜・海藻加工品,こんにゃく,梅干し,だいこん漬,はくさい漬,キムチ,こんぶつくだ煮,スイートコーン缶詰,果物,生鮮果物,りんごＡ,りんごＢ,みかん,グレープフルーツ,オレンジ,レモン,いよかん,なし,ぶどうＡ,ぶどうＢ,かき（果物）,もも,すいか,メロン,いちご,バナナ,キウイフルーツ,さくらんぼ,果物加工品,果物缶詰,油脂・調味料,油脂,食用油,マーガリン,調味料,食塩,しょう油,みそ,砂糖,酢,ソース,ケチャップ,マヨネーズ,ドレッシング,ジャム,カレールウ,即席スープ,風味調味料,ふりかけ,液体調味料,中華合わせ調味料,パスタソース,菓子類,ようかん,まんじゅう,だいふく餅,カステラ,ケーキ,ゼリー,プリン,シュークリーム,せんべい,ビスケット,ポテトチップス,あめ,チョコレート,アイスクリーム,落花生,チューインガム
Group/Item,All items,Food,Cereals,Rice,Non-glutinous rice,"Rice-A(domestic), ""Koshihikari""","Rice-B(domestic), non-blended rice excluding ""Koshihikari""",Glutinous rice,Bread,White bread,Bean-jam buns,Curry buns,Noodles,Boiled noodles,Dried noodles,Spaghetti,Instant noodles,Uncooked Chinese noodles,"*""Okinawa""noodles",Other cereals,Wheat flour,"""Mochi"", rice-cakes",Fish & seafood,Fresh fish & seafood,Tuna fish,Horse mackerel,Sardines,Bonito,Flounder,Salmon,Mackerel,Saury,Sea bream,Yellowtail,Cuttlefish,Octopus,Prawns,Short-necked clams,Oysters,Scallops,Salted & dried fish,Salted salmon,Salted cod roe,"""Shirasu-boshi"", dried young sardines",Dried horse mackerel,"""Niboshi"", dried small sardines",Capelin,Salmon roe,Fish-paste products,"""Agekamaboko"", fried fish-paste patties","""Chikuwa"", baked fish-paste bars","""Kamaboko"", steamed fish-paste cakes",Other processed fish & seafood,Dried bonito fillets,Pickled fish,Fish prepared in soy sauce,Canned fish,"""Shiokara"", salted fish guts",Meats,Raw meats,Beef-A,Beef-B,Pork-A,Pork-B,Chicken,Liver,Meat products,Ham,Sausages,Bacon,*Canned pork,Dairy products & eggs,Fresh milk & dairy products,Fresh milk,(delivered),(sold in stores),Dairy products,Powdered milk,Yogurt,Butter,Cheese,Cheese(imported),Eggs,Hen eggs,Vegetables & seaweeds,Fresh vegetables,Cabbage,Spinach,Chinese cabbage,Welsh onions,Lettuce,Broccoli,Bean sprouts,Asparagus,Sweet potatoes,White potatoes,Taros,Radishes,Carrots,Burdocks,Onions,Lotus roots,"""Naga-imo"", yams",Ginger,Green soybeans,Kidney beans,Pumpkins,Cucumbers,Eggplants,Tomatoes,Green peppers,"""Shiitake"", Japanese mushrooms, fresh","""Enokidake"", mushrooms","""Shimeji"", mushrooms","*""Nigauri""","*""Toga""",Processed vegetables & seaweeds,Dried vegetables & seaweeds,"""Azuki"", red beans","""Shiitake"", Japanese mushrooms, dried",Laver,"""Wakame"", seaweed",Dried tangle,"""Hijiki"", edible brown algae",Soybean products,Bean curd,Fried bean curd,"""Natto"", fermented soybeans",Other processed vegetables & seaweeds,"""Konnyaku"", devil's-tongue","""Umeboshi"", pickled plums",Pickled radishes,Pickled Chinese cabbage,"""Kimuchi""",Tangle prepared in soy sauce, Canned sweet corn,Fruits,Fresh fruits,Apples-A,Apples-B,Mandarin oranges,Grapefruits,Oranges,Lemons,Iyo-mandarins,Pears,Grapes-A,Grapes-B,Persimmons,Peaches,Watermelons,Melons,Strawberries,Bananas,Kiwi fruits,Cherries,Processed fruits,Canned fruits,"Oils, fats & seasonings",Oils & fats,Edible oil,Margarine,Seasonings,Salt,Soy sauce,Soybean paste,Sugar,Vinegar,Worcester sauce,Ketchup,Mayonnaise,Dressing,Jam,Instant curry mix,Instant soup,Flavor seasonings,"""Furikake"", granular flavor seasonings",Liquid seasonings,Chinese seasonings,Prepared pasta sauce,Cakes & candies,"""Yokan"", sweet bean jelly","""Manju"", bean-jam cakes","""Daifukumochi"", rice cakes stuffed with sweetened bean jam","""Kasutera"", sponge cakes",Cakes,Jelly,Pudding,Cream puffs,"""Sembei"", Japanese crackers",Biscuits,Potato chips,Candies,Chocolate,Ice cream,Peanuts,Chewing gum
類・品目符号(Group/Item code),0001,0002,0003,0004,1000,1001,1002,1011,0005,1021,1022,1023,0006,1031,1041,1042,1051,1052,1061,0007,1071,1081,0008,0009,1101,1102,1103,1104,1105,1106,1107,1108,1110,1111,1112,1113,1114,1131,1132,1133,0010,1141,1142,1143,1144,1146,1150,1167,0011,1151,1152,1153,0012,1161,1165,1166,1173,1163,0013,0014,1201,1203,1211,1212,1221,1241,0015,1252,1261,1271,1291,0016,0017,0018,1301,1303,0019,1311,1333,1321,1331,1332,0020,1341,0021,0022,1401,1402,1403,1405,1406,1409,1407,1410,1411,1412,1413,1414,1415,1416,1417,1419,1420,1421,1430,1432,1433,1434,1435,1436,1437,1438,1442,1443,1439,1440,0023,0024,1451,1453,1461,1462,1463,1464,0025,1471,1472,1473,0026,1481,1482,1483,1486,1487,1485,1491,0027,0028,1501,1502,1511,1514,1515,1513,1516,1521,1531,1532,1541,1551,1561,1563,1571,1581,1582,1572,0029,1591,0030,0031,1601,1602,0032,1611,1621,1631,1632,1633,1641,1642,1643,1645,1644,1652,1653,1654,1656,1655,1657,1658,0033,1701,1702,1703,1711,1712,1784,1714,1713,1741,1721,1783,1732,1761,1782,1772,1781
含類総連番(Serial number),001,002,003,004,005,006,007,008,009,010,011,012,013,014,015,016,017,018,019,020,021,022,023,024,025,026,027,028,029,030,031,032,033,034,035,036,037,038,039,040,041,042,043,044,045,046,047,048,049,050,051,052,053,054,055,056,057,058,059,060,061,062,063,064,065,066,067,068,069,070,071,072,073,074,075,076,077,078,079,080,081,082,083,084,085,086,087,088,089,090,091,092,093,094,095,096,097,098,099,100,101,102,103,104,105,106,107,108,109,110,111,112,113,114,115,116,117,118,119,120,121,122,123,124,125,126,127,128,129,130,131,132,133,134,135,136,137,138,139,140,141,142,143,144,145,146,147,148,149,150,151,152,153,154,155,156,157,158,159,160,161,162,163,164,165,166,167,168,169,170,171,172,173,174,175,176,177,178,179,180,181,182,183,184,185,186,187,188,189,190,191,192,193,194,195,196,197
ウエイト(Weight),3157986390,797528399,68469210,24018140,22818067,9607431,13210636,1200073,24854442,7233650,8810396,8810396,15533884,3253296,2503855,1127510,4696816,3927566,24841,4062744,1136253,2926491,69438002,40456237,7072438,1792854,838863,2045357,1911335,5029007,1425544,1477424,1537400,4102849,3251268,1719922,4320332,1580100,936550,1414994,12873571,2858725,3931600,1931229,1421216,542797,546339,1641665,7558830,2578315,1853045,3127470,8549364,1044144,3360949,1286594,2556190,301487,64498902,50339974,13928341,3482489,10941844,10941844,10843261,202195,14158928,5297806,6678857,2159304,22961,33323947,26239327,13763109,688328,13074781,12476218,632940,7488234,751556,1801744,1801744,7084620,7084620,85887615,55384707,2988970,2417302,1409857,3434026,2437566,1777487,1295418,1471673,900515,2540791,837197,1688633,2210175,999834,3007137,840309,1244434,933319,1023470,1023470,1352933,3016704,1721032,6044546,1654002,2020624,2532390,2532390,24444,4059,30502908,7634685,717808,662211,2914937,1663411,1332337,343981,11223049,5357967,2904988,2960094,11645174,1932251,2339045,1872638,1036542,2473899,1677849,312950,30728767,29179377,574712,3256493,4787624,696852,680239,252033,376197,1947740,733484,1466838,1026101,1206340,1331236,1254716,3169178,4335886,1055981,1027727,1549390,1549390,33715019,3454376,2716442,737934,30260643,620083,2370160,2858255,1544289,1473046,879438,658966,1501366,1982522,1375830,1742104,2720936,2169206,1716709,4829299,848685,969749,70816953,3781843,7622064,2403690,1489062,11796119,3231239,2618921,2271916,6151254,3802395,4749961,2690091,6435763,9318477,735662,1718496
ウエイト１万分比(Weight per 10000),10000,2525,217,76,72,30,42,4,79,23,28,28,49,10,8,4,15,12,1,13,4,9,220,128,22,6,3,6,6,16,5,5,5,13,10,5,14,5,3,4,41,9,12,6,5,2,2,5,24,8,6,10,27,3,11,4,8,1,204,159,44,11,35,35,34,1,45,17,21,7,1,106,83,44,2,41,40,2,24,2,6,6,22,22,272,175,9,8,4,11,8,6,4,5,3,8,3,5,7,3,10,3,4,3,3,3,4,10,5,19,5,6,8,8,1,1,97,24,2,2,9,5,4,1,36,17,9,9,37,6,7,6,3,8,5,1,97,92,2,10,15,2,2,1,1,6,2,5,3,4,4,4,10,14,3,3,5,5,107,11,9,2,96,2,8,9,5,5,3,2,5,6,4,6,9,7,5,15,3,3,224,12,24,8,5,37,10,8,7,19,12,15,9,20,30,2,5
197001,31.9,31.7,34.8,44.4,44.6,,,36.6,25.6,27.0,22.4,,24.2,,18.0,,29.6,,,34.4,34.0,,26.6,29.1,32.8,23.8,32.2,34.0,26.9,44.6,15.4,53.2,45.7,48.7,26.5,23.6,,7.99,22.2,,28.5,46.8,20.9,28.0,,19.9,,,18.4,13.6,15.9,22.7,22.0,33.1,,,,,40.2,40.4,25.3,,44.8,48.7,53.1,,39.3,,37.5,,,53.8,42.8,42.5,23.4,,44.3,25.0,,41.7,41.2,,80.5,80.5,25.9,27.2,23.9,15.8,17.8,12.9,79.8,,,,19.2,23.2,20.1,27.2,22.8,23.5,25.2,30.8,,,,,35.7,45.9,70.3,36.5,27.5,,,,,,24.6,37.4,21.9,23.4,82.1,21.6,13.1,,24.1,25.1,21.4,24.8,16.5,18.1,23.9,17.2,,,12.2,,36.9,36.1,34.7,27.1,30.5,,,53.3,,,,,23.6,,,,,66.9,,,60.6,45.7,46.1,62.5,67.2,48.3,43.4,27.7,40.0,34.7,62.8,45.4,40.7,57.5,54.2,,,34.9,39.4,,,,,,29.3,18.7,,,27.7,,,,30.9,36.8,27.6,,23.0,70.4,40.5,42.8,28.8
197002,32.0,32.0,34.8,44.5,44.8,,,36.7,25.6,27.0,22.3,,24.3,,18.0,,29.6,,,34.9,34.3,,26.1,28.2,31.7,23.6,30.9,35.8,26.2,44.2,14.7,50.1,44.6,48.4,26.7,23.6,,8.25,18.8,,28.3,46.2,20.5,28.9,,20.0,,,18.5,13.7,16.0,22.7,22.2,33.4,,,,,40.2,40.4,25.4,,44.6,48.4,53.2,,39.4,,37.6,,,53.6,42.8,42.5,23.4,,44.3,25.0,,41.7,41.2,,79.5,79.5,27.0,29.3,32.4,14.1,21.3,13.4,65.5,,,,20.9,32.2,20.6,29.9,24.0,23.5,42.5,30.3,,,,,,39.4,68.1,39.9,32.2,,,,,,24.2,35.6,23.1,24.3,74.8,22.2,13.1,,24.2,25.1,21.5,25.1,16.7,18.1,24.1,17.3,,,12.2,,38.4,37.6,37.5,29.4,32.0,,,47.2,,,,,,,,,,71.6,,,61.6,46.4,46.2,62.6,67.5,48.2,43.5,27.7,40.1,34.7,62.7,45.5,43.0,57.6,54.2,,,34.8,39.6,,,,,,29.5,18.9,,,27.9,,,,31.2,37.0,27.7,,23.2,70.4,40.5,43.0,28.7
197003,32.3,32.4,34.8,44.5,44.8,,,37.0,25.7,27.0,22.4,,24.4,,18.0,,29.6,,,35.1,34.7,,26.6,28.9,32.6,25.8,31.8,31.1,28.4,43.4,16.3,47.4,46.7,47.8,26.4,24.3,,8.56,17.0,,28.5,46.6,20.2,29.5,,20.3,,,18.6,13.8,16.2,22.8,22.5,34.2,,,,,39.9,40.2,25.4,,44.0,47.7,53.1,,39.3,,37.5,,,52.4,42.9,42.6,23.4,,44.2,25.0,,41.7,41.2,,75.6,75.6,28.3,31.8,40.1,12.5,28.4,13.0,47.0,,,,22.2,37.8,22.0,40.1,31.4,23.7,50.4,31.4,,,,,,37.7,65.2,40.2,33.3,,,,,,23.8,33.9,24.8,25.0,67.9,23.1,13.2,,24.4,25.3,21.8,25.3,16.8,18.2,24.3,17.4,,,12.5,,41.7,41.0,,31.0,34.3,,,46.7,,,,,,,,,62.7,81.0,,,62.7,47.4,46.2,62.6,67.5,48.1,43.6,27.7,40.0,34.6,62.7,45.7,45.4,57.6,54.3,,,34.8,39.8,,,,,,29.7,19.1,,,28.1,,,,32.1,36.9,27.7,,23.3,70.4,40.5,43.2,28.7
197004,32.6,32.7,34.9,44.6,44.8,,,37.4,25.7,27.1,22.6,,24.4,,18.2,,29.6,,,35.6,35.2,,26.2,28.0,31.7,24.4,31.1,32.5,27.2,42.6,15.2,52.9,43.1,42.4,24.7,24.9,,8.56,16.4,,28.9,46.3,19.9,31.1,,20.6,,,18.7,14.0,16.3,22.8,22.7,34.2,,,,,40.2,40.0,25.4,,43.7,47.3,53.3,,41.1,,38.9,,,50.9,42.8,42.6,23.4,,44.2,24.9,,41.7,41.2,,70.6,70.6,29.6,34.2,49.4,9.82,42.5,12.9,37.4,,,,23.9,50.0,24.8,51.7,36.8,24.2,55.7,31.3,,,,,57.5,32.3,58.1,35.1,25.1,,,,,,23.4,32.5,26.6,25.4,61.4,24.7,13.4,,24.5,25.3,21.9,25.3,16.9,18.2,24.4,17.7,,,12.5,,42.4,41.7,,33.6,46.5,,,45.5,,,,,,,,,45.9,75.2,,,63.7,48.0,46.5,62.6,67.6,48.1,43.8,27.7,40.0,34.8,63.0,45.8,47.6,58.3,54.3,,,35.9,39.8,,,,,,29.9,19.3,,,28.2,,,,31.9,37.1,28.0,,23.5,70.3,40.5,44.1,28.9
197005,32.5,32.2,35.0,44.6,44.8,,,37.8,26.1,27.5,23.1,,24.5,,18.3,,29.6,,,35.7,35.3,,25.6,26.9,31.7,22.8,29.4,30.8,25.1,42.7,13.9,45.5,41.9,36.7,23.2,25.3,,8.25,16.7,,28.8,46.3,19.9,23.9,,20.9,,,18.8,14.0,16.3,23.2,22.9,34.3,,,,,40.3,40.1,25.5,,43.7,47.0,53.3,,41.4,,39.3,,,48.4,42.9,42.6,23.4,,44.2,24.9,,41.7,41.2,,61.8,61.8,28.2,31.9,27.6,12.9,37.1,13.7,21.1,,,,28.6,45.5,24.6,42.5,54.2,24.8,39.4,32.6,,,,,53.1,32.0,51.9,29.2,24.6,,,,,,23.4,31.9,26.9,25.5,59.0,25.0,13.5,,24.7,25.6,22.2,25.7,17.1,18.5,24.4,17.8,,,12.7,,37.8,36.9,,37.7,,,,45.6,,,,,,,102.4,,37.7,74.2,,,64.8,48.8,46.8,62.7,67.7,48.1,44.3,27.7,40.0,34.8,64.7,45.9,49.2,60.5,55.6,,,36.2,39.8,,,,,,30.0,19.4,,,28.3,,,,31.9,37.4,28.1,,23.6,70.3,40.5,44.5,28.7
197006,32.5,31.9,35.1,44.6,44.8,,,38.2,26.3,27.6,23.4,,24.7,,18.4,,30.0,,,35.9,35.5,,25.3,26.6,30.9,25.3,31.6,26.7,25.5,40.5,14.1,44.0,39.0,33.0,23.0,26.0,,8.31,18.1,,28.5,44.1,19.9,22.1,,21.3,,,18.9,14.1,16.4,23.2,23.1,34.8,,,,,40.3,40.0,25.5,,43.7,46.9,53.1,,41.6,,39.6,,,47.9,43.0,42.8,23.5,,44.2,24.9,,41.7,41.2,,59.7,59.7,24.5,25.7,17.3,17.1,22.4,15.1,18.9,,,,33.2,25.6,32.4,26.7,46.5,23.7,26.2,35.7,,,,,27.6,22.1,41.3,27.2,14.8,,,,,,23.4,31.6,27.1,25.0,58.0,25.0,13.6,,24.9,25.7,22.3,25.8,17.3,18.7,24.5,18.1,,,12.9,,44.1,43.3,,43.6,,,,46.0,,,101.9,,,65.6,50.7,,30.2,77.5,,,65.2,49.2,47.4,62.7,67.7,48.1,44.7,27.7,40.0,35.0,65.8,45.9,50.3,62.0,56.9,,,37.3,39.8,,,,,,30.1,19.5,,,28.6,,,,33.3,37.5,28.2,,23.7,70.3,40.5,45.0,28.8
197007,32.5,31.7,35.3,44.6,44.8,,,38.5,27.0,28.3,24.0,,25.1,,18.5,,30.9,,,36.0,35.6,,26.3,28.1,31.9,29.1,32.3,25.3,28.7,40.1,16.0,48.5,42.7,35.5,23.4,27.1,,8.25,,,28.4,43.4,20.2,22.1,,21.7,,,19.1,14.3,16.4,23.7,23.3,34.9,,,,,40.6,40.4,25.5,,44.3,47.6,53.0,,41.8,,39.7,,,48.2,43.1,42.9,23.6,,44.2,24.9,,41.7,41.2,,60.6,60.6,23.1,23.0,33.7,23.7,32.4,19.3,28.9,,,,52.1,21.2,78.3,35.2,44.1,25.6,23.0,,,,,,21.8,18.5,23.7,18.9,13.8,,,,,,23.4,30.9,27.3,24.9,55.6,25.4,13.8,,25.4,26.1,23.0,25.9,17.4,18.9,24.1,18.2,,,13.0,,41.3,40.4,,50.5,,,,47.8,,,72.0,,,22.6,30.4,,30.8,74.9,,,65.5,49.4,47.7,62.8,67.9,48.3,45.3,27.7,40.0,36.1,66.4,45.9,51.3,63.3,57.1,,,37.9,39.9,,,,,,30.3,19.7,,,28.6,,,,33.3,37.5,28.4,,23.9,70.3,40.5,45.2,28.8
197008,32.4,31.6,35.4,44.6,44.8,,,38.5,27.6,28.9,24.4,,25.5,,18.7,,31.6,,,36.1,35.9,,26.9,29.2,33.3,30.5,31.4,30.5,32.1,39.0,17.3,69.4,45.1,37.8,23.3,27.8,,8.44,,,28.4,42.6,20.1,22.5,,21.8,,,19.3,14.4,16.6,23.8,23.4,35.0,,,,,40.7,40.4,25.6,,44.3,47.6,53.2,,41.8,,39.9,,,47.9,43.1,43.0,23.6,,44.2,24.9,,41.7,41.2,,59.5,59.5,22.9,22.7,26.6,28.0,31.9,18.4,31.7,,,,30.9,20.2,42.4,41.1,34.6,26.0,24.8,58.6,,,,,18.1,21.5,16.3,22.0,9.07,,,,,,23.7,31.0,28.0,25.0,55.2,26.0,13.9,,25.8,26.5,23.5,25.9,17.7,19.1,24.0,18.7,,,13.1,,33.9,32.9,,,,,,55.3,,32.4,36.3,,,23.1,22.0,,,66.0,,,65.7,49.5,48.1,63.0,67.9,48.2,45.7,27.7,40.0,37.5,66.8,45.9,51.8,63.1,57.3,,,38.3,40.1,,,,,,30.5,19.9,,,28.7,,,,33.3,37.8,28.7,,24.1,70.3,40.5,45.4,28.8
197009,32.9,32.3,35.7,44.6,45.0,,,38.7,28.7,29.9,26.7,,26.1,,19.0,,32.4,,,36.5,36.2,,27.3,29.9,34.8,32.7,32.6,30.4,31.5,38.0,16.6,63.6,44.6,37.4,24.7,28.1,,8.44,26.0,,28.6,42.2,20.2,22.6,,22.1,,,19.3,14.7,16.6,24.0,23.6,35.4,,,,,40.7,40.5,25.7,,44.3,47.5,53.5,,41.9,,39.9,,,49.6,43.2,43.0,23.6,,44.2,24.9,,41.7,41.2,,64.7,64.7,24.9,25.8,28.7,30.2,34.0,18.5,31.3,,,,20.6,20.3,29.5,54.5,30.4,26.2,30.2,37.5,,,,,15.7,25.3,19.3,23.4,13.0,,,,,,24.1,31.2,28.2,25.1,55.0,26.9,14.0,,26.1,26.9,23.7,26.5,18.1,20.1,24.1,19.2,,,13.3,,38.8,38.0,62.0,,54.6,,,53.5,,26.2,39.5,,,24.5,21.3,,,60.6,,,65.9,49.7,48.9,63.0,68.0,48.2,46.7,27.7,42.2,39.3,67.0,46.0,52.6,65.0,57.6,,,38.7,40.6,,,,,,30.7,20.1,,,29.1,,,,33.2,38.0,28.8,,24.4,70.3,40.5,45.6,29.6
197010,33.4,33.3,35.8,44.6,45.0,,,38.7,29.2,30.3,27.3,,26.6,,19.5,,32.9,,,36.7,36.4,,27.4,29.8,36.4,29.4,32.5,28.8,30.8,37.6,17.1,60.8,43.4,38.0,25.8,28.9,,8.44,26.9,,28.8,42.2,20.2,23.4,,22.3,,,19.4,14.9,16.7,24.0,23.8,35.1,,,,,40.9,40.7,25.9,,44.3,47.6,53.9,,41.8,,39.9,,,52.8,43.9,43.9,24.1,,44.2,24.9,,41.7,41.2,,74.5,74.5,29.0,32.3,55.6,25.7,36.0,17.5,54.7,,,,18.6,18.8,24.4,46.1,29.6,26.2,33.2,34.6,,,,,16.4,35.8,25.2,35.4,16.1,,,,,,24.6,31.3,27.7,25.5,54.5,27.5,14.2,,27.0,27.6,24.6,28.2,18.8,20.7,24.1,20.4,,,13.6,,37.8,36.9,42.2,,30.7,,,52.0,,24.9,,,31.2,,,,,62.5,,,66.3,49.9,49.7,63.0,68.0,48.2,47.4,27.7,44.1,40.1,67.2,46.1,53.1,65.1,57.8,,,39.3,40.8,,,,,,31.0,20.3,,,29.2,,,,36.1,38.0,29.0,,24.6,70.4,40.5,46.0,30.4
197011,33.4,33.1,35.9,44.8,45.1,,,38.8,29.3,30.5,27.4,,26.8,,19.8,,33.0,,,36.9,36.7,,28.2,30.9,36.9,29.7,33.1,30.0,30.0,37.6,16.8,58.4,43.6,41.1,30.1,29.4,,8.56,28.1,,29.4,42.2,20.5,24.9,,22.8,,,19.5,15.0,16.8,24.0,24.1,35.2,,,,,40.9,40.8,26.0,,44.3,47.3,54.3,,41.8,,39.7,,,53.0,44.1,44.1,24.2,,44.3,25.0,,41.7,41.2,,74.5,74.5,27.1,28.8,49.5,14.7,22.5,15.6,44.7,,,,17.8,18.2,22.7,33.6,28.8,24.6,37.6,33.6,,,,,24.4,44.9,37.1,39.8,22.9,,,,,,25.0,31.4,26.9,26.0,54.4,28.1,14.6,,27.4,27.9,24.8,29.1,19.2,20.9,23.9,21.4,,,13.9,,34.6,33.7,40.0,35.2,27.1,,,52.5,,24.8,,,23.4,,,,,58.7,,,66.5,50.2,49.8,63.2,68.2,48.3,47.6,27.7,44.5,40.5,67.4,46.2,53.2,64.8,57.9,,,39.3,41.5,,,,,,31.4,20.4,,,29.4,,,,36.1,38.3,29.2,,24.9,70.3,40.5,46.4,38.4
197012,33.7,33.4,36.0,44.6,45.1,,,38.4,29.5,30.7,27.5,,27.0,,19.9,,33.3,,,37.1,36.8,,29.2,32.6,38.1,30.7,37.1,33.5,28.7,38.6,16.4,55.3,46.9,47.3,32.1,31.4,,8.50,27.4,,30.1,42.6,21.1,25.8,,23.6,,,19.7,15.2,17.0,24.2,24.6,35.5,,,,,41.1,40.9,26.2,,44.2,47.0,54.7,,41.9,,39.8,,,54.5,44.2,44.2,24.3,,44.4,25.1,,41.7,41.2,,79.5,79.5,26.8,28.1,40.7,13.9,21.5,14.5,49.4,,,,19.1,18.6,22.9,25.5,26.2,24.0,44.8,33.3,,,,,27.3,51.0,79.2,41.3,27.6,,,,,,25.6,32.1,26.6,27.7,55.1,28.5,15.2,,28.2,29.0,25.7,29.4,19.8,21.2,23.9,22.1,,,14.3,,33.7,32.7,40.6,33.7,26.4,,,50.4,,,,,25.1,,,,,53.9,,,66.4,50.1,50.1,63.1,68.0,48.3,47.8,27.7,44.6,41.0,67.6,46.1,54.2,64.8,57.9,,,40.0,41.7,,,,,,31.6,20.7,,,29.7,,,,36.1,38.5,29.4,,25.1,70.4,40.5,46.6,38.4
197101,34.0,33.9,36.1,44.8,45.1,,,38.2,29.8,30.9,27.7,,27.2,,20.1,,33.4,,,37.1,36.9,,30.3,34.0,40.0,34.2,36.4,33.4,29.2,38.8,17.8,59.8,52.5,50.3,33.5,32.8,,8.82,27.3,,31.1,43.1,23.5,26.5,,24.4,,,19.8,15.2,17.0,24.4,25.0,35.7,,,,,41.1,40.9,26.3,,43.8,46.8,54.7,,42.0,,39.8,,,52.6,44.3,44.3,24.3,,44.7,25.5,,41.7,41.3,,72.5,72.5,28.8,31.2,45.9,16.1,26.5,14.7,57.5,,,,23.8,18.8,24.8,27.9,26.3,23.7,51.1,37.1,,,,,35.4,45.6,64.4,51.1,24.6,,,,,,25.9,32.3,26.6,28.5,54.8,28.7,16.0,,28.5,29.1,26.2,29.4,20.0,21.6,24.1,22.2,,,14.8,,34.4,33.4,41.2,34.1,26.8,,,50.6,,,,,29.3,,,,,59.1,,,66.3,49.9,50.2,62.8,67.7,48.3,48.0,27.7,44.8,41.0,67.6,46.2,54.1,65.9,58.0,,,40.6,41.9,,,,,,31.8,20.7,,,30.1,,,,36.4,38.6,29.5,,25.8,70.3,40.5,46.9,38.4
197102,34.0,34.0,36.1,44.8,45.1,,,38.3,29.8,31.0,27.8,,27.3,,20.3,,33.5,,,37.3,37.2,,29.8,33.2,38.0,32.8,41.7,43.1,29.4,39.7,15.9,64.8,51.5,47.2,35.1,32.6,,9.13,23.9,,31.1,43.6,22.2,27.5,,24.9,,,19.8,15.2,17.0,24.4,25.4,36.1,,,,,40.8,40.6,26.4,,42.9,45.7,54.9,,42.0,,39.8,,,52.0,44.8,44.3,24.3,,46.8,28.1,,41.7,41.3,,69.6,69.6,29.0,31.1,41.9,12.5,26.7,13.3,49.5,,,,23.8,18.6,25.2,25.3,25.2,23.5,54.6,36.3,,,,,41.9,51.8,61.6,54.8,24.1,,,,,,26.3,32.2,26.6,28.9,54.0,28.9,16.2,,28.8,29.4,26.4,29.4,20.9,23.8,24.1,22.8,,,15.2,,35.1,34.2,42.5,34.4,26.8,,,50.8,,,,,,,,,,67.1,,,66.2,49.9,50.3,62.8,67.7,48.3,48.1,27.7,44.9,40.9,67.6,46.6,54.2,66.0,58.2,,,40.5,42.0,,,,,,32.0,20.9,,,30.3,,,,36.4,38.6,29.6,,26.1,70.4,40.5,47.1,38.4
197103,34.0,33.9,36.1,44.8,45.1,,,38.4,29.8,31.0,27.8,,27.4,,20.3,,33.6,,,37.6,37.5,,30.1,33.5,38.2,30.0,39.5,41.4,31.2,40.3,17.3,59.4,52.6,47.0,35.7,33.4,,9.26,21.5,,31.3,44.5,21.5,27.4,,25.1,,,19.9,15.4,17.1,24.4,25.6,36.2,,,,,40.8,40.5,26.5,,42.7,45.5,54.8,,41.9,,39.7,,,52.2,44.8,44.3,24.3,,46.8,28.1,,41.7,41.2,,70.3,70.3,27.3,28.2,29.9,8.69,26.5,11.8,35.5,,,,24.5,17.1,25.7,22.7,25.4,22.4,55.0,36.1,,,,,56.0,44.9,54.2,45.2,23.9,,,,,,26.6,32.2,26.8,28.9,53.5,28.9,16.7,,28.9,29.6,26.5,29.4,21.4,25.1,24.1,23.0,,,15.6,,36.4,35.5,,34.5,26.3,,,50.6,,,,,,,,,60.5,65.8,,,66.2,49.9,50.3,62.8,67.7,48.3,48.1,27.7,44.8,41.0,67.4,46.7,54.2,66.0,58.3,,,40.3,42.0,,,,,,32.2,21.1,,,30.4,,,,37.1,38.7,29.8,,26.4,70.4,40.5,47.3,38.4
197104,34.5,34.1,36.2,44.8,45.1,,,38.6,30.0,31.1,27.8,,27.6,,20.5,,33.7,,,37.9,37.9,,29.9,33.2,37.5,28.2,36.8,39.9,28.7,40.7,16.3,62.7,50.1,44.7,36.1,33.7,,8.88,21.3,,31.4,44.9,21.1,26.6,,25.6,,,20.0,15.4,17.1,24.7,25.9,36.3,,,,,40.9,40.7,26.5,,42.8,45.6,55.2,,42.0,,39.9,,,51.0,44.8,44.3,24.3,,46.8,28.1,,41.7,41.2,,65.9,65.9,28.0,29.3,28.7,8.96,33.4,11.1,29.8,,,,25.9,17.9,25.1,30.0,30.2,22.0,70.0,38.6,,,,,49.4,37.1,51.7,37.7,15.6,,,,,,26.6,32.0,26.9,28.6,52.8,29.0,16.8,,29.0,29.7,26.6,29.9,21.7,25.8,24.3,23.3,,,16.0,,38.6,37.7,,36.0,30.4,,,51.5,,,,,,,120.5,,44.5,61.3,,,65.7,49.6,50.5,63.0,67.9,48.3,48.3,27.7,44.8,41.2,67.4,46.6,54.4,65.9,58.3,,,40.7,42.1,,,,,,32.3,21.4,,,30.4,,,,37.3,38.8,30.0,,26.7,70.4,40.5,47.4,38.4
197105,34.6,33.8,36.2,44.8,45.1,,,38.4,30.2,31.3,28.0,,27.6,,20.6,,33.6,,,38.1,38.1,,30.4,33.8,38.3,26.0,32.9,43.9,27.8,40.8,17.9,62.9,47.7,43.6,36.7,33.4,,8.75,23.5,,31.3,44.8,21.1,23.9,,25.9,,,20.2,15.6,17.2,25.3,26.0,36.8,,,,,41.3,41.2,26.5,,44.0,46.8,55.5,,42.0,,39.9,,,52.5,47.5,47.8,26.3,,46.8,28.1,,41.7,41.2,,64.5,64.5,26.3,26.3,20.2,12.7,26.7,14.2,25.1,,,,28.0,22.5,26.9,32.4,36.2,22.6,43.7,38.5,,,,,40.1,29.2,41.3,27.3,13.4,,,,,,26.9,32.0,27.1,28.5,52.3,29.1,17.4,,29.2,29.9,26.7,30.0,22.0,26.3,24.4,23.7,,,16.3,,34.8,33.9,,39.2,,,,51.5,,,,,,,66.4,,36.9,59.9,,,65.8,49.7,50.6,63.0,67.9,48.3,48.4,27.7,44.9,41.2,67.4,46.6,54.8,66.1,58.3,,,40.8,42.2,,,,,,32.6,21.5,,,30.7,,,,38.0,38.8,30.1,,27.0,70.4,40.5,47.4,38.4
197106,34.8,33.9,36.3,44.8,45.1,,,38.5,30.2,31.3,28.1,,27.7,,20.8,,33.8,,,38.2,38.3,,30.3,33.7,38.4,28.9,33.1,35.3,28.3,41.1,16.6,59.4,45.1,44.4,39.0,33.4,,9.01,25.2,,31.2,44.4,21.1,23.3,,26.5,,,20.3,15.6,17.4,25.3,26.4,37.7,,,,,41.4,41.3,26.6,,44.5,47.1,55.5,,42.0,,39.9,,,52.6,48.2,48.5,26.6,,47.3,28.1,,43.3,41.3,,63.0,63.0,25.6,24.8,19.4,18.6,22.7,16.0,26.1,,,,34.0,20.4,50.1,38.6,27.6,22.2,21.0,46.5,,,,,25.4,28.0,40.3,21.3,14.3,,,,,,27.1,32.2,27.4,29.2,52.1,29.6,17.6,,29.4,30.0,26.9,30.0,22.4,26.5,24.4,24.0,,,16.7,,36.2,35.4,,41.0,,,,51.4,,,118.1,,,32.5,45.4,,32.2,58.5,,,64.9,49.0,50.6,63.2,68.0,49.0,48.5,27.7,45.0,41.0,67.4,47.0,55.2,65.9,58.4,,,40.9,42.1,,,,,,32.8,21.7,,,30.7,,,,38.0,39.0,30.0,,27.2,70.4,44.5,47.5,38.4
197107,34.7,33.6,36.3,44.8,45.2,,,38.5,30.2,31.3,28.2,,27.9,,20.9,,33.8,,,38.3,38.4,,31.0,35.0,39.9,33.1,32.0,37.0,33.3,39.9,17.7,48.4,48.8,45.1,37.1,34.1,,9.20,,,31.1,43.5,21.3,23.7,,26.7,,,20.3,15.6,17.4,25.4,26.7,38.2,,,,,41.8,41.8,26.7,,45.5,48.4,55.4,,42.1,,39.9,,,52.1,48.4,48.7,26.8,,47.9,28.1,,45.3,41.4,,60.7,60.7,22.0,18.6,18.1,21.5,24.5,16.4,26.2,,,,40.1,19.3,64.7,33.7,30.1,23.5,19.1,70.1,,,,,16.5,15.8,16.1,18.5,11.9,,,,,,27.3,32.4,27.5,29.7,52.1,29.6,18.0,,29.6,30.3,27.2,30.1,22.7,26.6,24.4,24.3,,,17.0,,39.9,39.1,,49.5,,,,74.0,,,73.8,,,26.3,35.1,,31.7,55.9,,,64.8,48.8,50.8,63.9,68.2,51.0,48.6,27.7,44.9,41.1,67.3,47.6,56.3,65.9,58.5,,,41.1,42.1,,,,,,33.2,21.7,,,30.8,,,,40.6,38.9,30.1,,27.2,70.4,44.5,47.4,38.4
197108,34.7,33.8,36.3,44.8,45.2,,,38.6,30.2,31.4,28.2,,28.0,,21.0,,33.7,,,38.3,38.4,,31.8,36.1,40.8,35.2,30.1,39.8,37.0,39.8,20.1,57.8,55.2,48.7,38.0,34.7,,9.20,,,31.4,43.7,21.8,24.1,,26.6,,,20.4,15.7,17.5,25.5,26.9,39.2,,,,,42.4,42.5,26.8,,46.9,49.9,55.7,,42.2,,40.0,,,53.6,48.5,48.7,26.8,,48.1,28.1,,46.0,41.4,,65.6,65.6,23.7,21.4,21.1,28.9,31.7,17.3,35.0,,,,30.7,20.2,42.2,44.1,37.9,25.0,20.9,51.7,,,,,13.7,18.7,17.6,18.7,11.7,,,,,,27.6,32.5,27.7,30.0,52.3,29.7,18.2,,29.6,30.3,27.2,30.1,22.9,26.8,24.6,24.7,,,17.2,,33.2,32.3,75.3,,,,,88.9,,32.5,40.9,,,23.6,19.0,,,52.5,,,64.8,48.9,50.9,64.4,68.2,51.9,48.7,27.7,45.0,41.1,67.4,48.6,56.9,66.0,58.6,,,41.1,42.5,,,,,,33.3,21.9,,,31.3,,,,40.6,39.0,30.1,,27.3,70.4,44.5,47.8,38.4
197109,35.5,35.7,36.3,44.8,45.2,,,38.6,30.2,31.4,28.3,,28.0,,21.0,,33.7,,,38.5,38.7,,32.3,37.0,41.6,36.5,30.5,37.4,36.7,39.4,19.2,86.6,52.6,47.2,39.0,35.4,,9.39,29.4,,31.7,43.5,22.3,25.1,,26.8,,,20.4,15.6,17.5,25.6,27.2,39.9,,,,,43.4,43.6,27.1,,49.1,52.1,56.0,,43.1,,40.2,,,57.4,48.8,49.1,27.0,,48.1,28.1,,46.1,41.4,,78.6,78.6,30.8,33.3,33.4,39.3,46.7,18.4,48.6,,,,23.1,21.9,33.8,65.2,39.2,26.0,28.1,40.9,,,,,15.7,42.3,30.3,31.4,18.5,,,,,,27.8,32.8,28.7,30.4,52.4,29.8,18.4,,29.7,30.4,27.4,30.1,23.2,27.3,24.6,25.2,,,17.3,,40.2,39.5,65.1,,42.7,,,93.0,,27.6,45.6,,,27.2,18.3,,,64.7,,,64.8,48.9,51.0,64.7,69.0,51.7,48.8,27.7,44.9,41.2,67.6,49.4,57.7,66.1,58.5,,,41.1,42.5,,,,,,33.4,22.0,,,31.3,,,,40.7,39.1,30.6,,27.6,70.3,44.5,48.0,38.3
197110,35.6,35.6,36.3,44.9,45.2,,,38.7,30.3,31.5,28.3,,28.0,,21.0,,33.8,,,38.6,38.7,,31.8,35.7,41.8,31.4,28.0,37.4,34.0,39.0,19.1,69.4,52.3,45.9,40.9,35.0,,9.58,33.8,,32.4,44.0,23.3,26.1,,27.0,,,20.5,15.8,17.6,25.6,27.7,41.3,,,,,43.5,43.6,27.4,,48.8,51.7,56.1,,43.3,,40.2,,,56.3,48.8,49.1,27.0,,48.1,28.1,,46.1,41.4,,74.5,74.5,31.3,33.8,47.1,27.7,38.8,16.9,52.2,,,,19.6,21.0,25.3,45.8,34.6,24.8,31.5,35.2,,,,,16.2,39.0,35.7,31.8,25.1,,,,,,28.1,33.0,30.6,30.7,52.3,30.0,18.7,,30.3,30.8,28.4,30.1,23.5,27.4,24.6,25.8,,,17.5,,39.4,38.5,42.0,,35.1,,,64.6,,25.2,,,31.6,,15.0,,,60.2,,,64.6,48.7,51.2,65.7,70.3,51.9,48.8,27.7,45.1,41.2,67.7,49.7,58.1,66.1,58.5,,,41.1,42.6,,,,,,33.6,22.1,,,31.3,,,,41.0,39.3,31.0,,27.7,70.3,44.5,48.5,38.4
197111,35.3,34.6,36.3,44.9,45.2,,,38.7,30.4,31.5,28.3,,28.0,,21.1,,33.8,,,38.8,38.8,,30.9,33.8,41.5,27.5,26.7,36.4,30.8,38.7,16.3,55.6,48.5,46.3,39.0,35.2,,9.39,28.6,,32.9,44.8,24.3,27.1,,27.0,,,20.5,15.9,17.6,25.6,28.2,41.5,,,,,43.4,43.4,27.4,,48.1,51.2,56.2,,43.4,,40.2,,,56.5,48.8,49.1,27.0,,48.1,28.1,,46.2,41.4,,75.0,75.0,26.3,25.3,31.6,15.3,20.6,14.5,27.7,,,,18.0,20.9,21.5,22.6,32.0,24.5,32.9,32.0,,,,,26.8,30.4,43.8,34.0,35.3,,,,,,28.4,33.3,31.6,31.0,52.5,30.0,18.8,,30.5,30.8,28.7,30.2,23.6,27.7,24.6,26.0,,,17.6,,36.1,35.2,38.4,37.8,28.8,,,48.2,,25.4,,,26.8,,,,,52.1,,,64.4,48.6,51.5,66.5,71.3,51.9,48.8,27.7,45.1,41.1,67.8,49.9,58.2,66.4,58.6,,,41.1,42.6,,,,,,33.8,22.3,,,31.5,,,,41.0,39.6,31.2,,28.1,70.3,44.5,48.8,38.3
197112,35.3,34.6,36.4,45.0,45.2,,,39.0,30.6,31.7,28.5,,28.1,,21.2,,33.8,,,38.8,38.9,,31.8,35.0,41.9,27.7,27.4,35.4,28.9,38.8,15.1,56.3,54.3,50.7,40.6,35.5,,9.45,25.8,,33.5,44.9,25.1,27.6,,27.1,,,20.7,16.1,17.9,25.8,28.6,42.2,,,,,43.5,43.5,27.5,,48.1,51.0,56.7,,43.6,,40.5,,,58.5,48.8,49.1,27.0,,48.1,28.1,,46.2,41.4,,82.3,82.3,24.5,22.0,24.3,12.6,14.0,11.8,20.2,,,,18.6,20.1,20.5,17.0,25.7,24.0,32.2,29.8,,,,,30.0,32.1,70.7,36.5,35.2,,,,,,28.4,33.0,31.9,31.1,51.4,30.3,19.0,,30.8,31.2,28.9,30.3,23.9,28.9,24.8,25.4,,,17.9,,34.5,33.5,39.8,33.7,27.0,,,48.3,,,,,37.8,,,,,48.3,,,64.3,48.5,51.6,67.0,72.1,52.1,48.9,27.7,45.1,41.0,68.1,49.9,58.8,66.4,58.6,,,41.1,42.6,,,,,,34.0,22.4,,,31.7,,,,41.2,39.6,31.5,,28.3,70.4,44.5,48.9,38.3
197201,35.4,34.6,36.5,45.0,45.3,,,39.0,30.6,31.8,28.5,,28.1,,21.3,,33.8,,,38.9,38.9,,32.5,36.5,43.5,28.3,30.8,53.9,31.0,39.7,17.3,54.0,64.7,52.9,42.0,35.5,,9.83,26.3,,33.4,44.8,25.3,27.6,,27.0,,,20.8,16.2,18.0,26.0,29.0,43.2,,,,,43.5,43.5,27.8,,47.9,50.9,56.6,,43.7,,40.6,,,54.2,48.9,49.2,27.0,,48.1,28.1,,46.2,41.6,,67.0,67.0,24.7,22.5,21.9,11.0,13.6,11.1,23.5,,,,21.9,20.0,20.0,18.1,24.8,24.4,32.4,33.0,,,,,41.4,34.2,59.6,38.4,25.5,,,,,,28.6,33.0,32.1,30.9,50.7,30.7,19.3,,31.0,31.3,29.2,30.5,24.1,29.8,24.9,25.2,,,18.1,,34.6,33.7,39.6,36.6,27.9,,,48.7,,,,,33.2,,,,,46.4,,,64.3,48.5,52.0,67.5,72.6,52.4,49.4,27.7,45.1,41.0,70.5,51.9,58.8,66.6,58.6,,,41.1,42.8,,,,,,34.1,22.7,,,31.7,,,,42.1,39.6,32.1,,28.5,70.3,44.5,48.9,38.3
197202,35.5,34.7,36.6,45.1,45.3,,,39.0,30.6,31.8,28.5,,28.2,,21.3,,33.8,,,39.0,39.0,,31.9,35.3,41.4,29.3,32.5,53.0,31.4,39.7,16.7,55.3,58.3,50.2,42.0,35.2,,10.5,24.0,,33.4,45.0,24.5,27.8,,27.0,,,20.8,16.3,17.9,26.0,29.1,43.3,,,,,43.5,43.4,27.8,,47.7,50.6,56.4,,43.7,,40.7,,,54.4,48.8,49.1,27.0,,48.2,28.1,,46.2,41.6,,67.7,67.7,25.5,23.7,14.8,7.83,12.3,8.68,26.5,,,,21.7,20.1,19.6,15.6,23.1,24.1,34.6,31.6,,,,,63.0,45.7,60.8,44.4,41.5,,,,,,28.6,33.0,32.1,30.7,50.4,30.7,19.5,,31.0,31.6,29.1,30.6,24.2,30.3,25.1,25.2,,,18.2,,35.4,34.5,41.0,37.4,28.1,,,48.3,,,,,,,,,,51.6,,,63.9,48.3,52.2,67.5,72.6,52.2,49.6,27.7,45.1,41.0,71.7,52.1,58.9,66.6,58.8,,,41.1,42.8,,,,,,34.2,22.9,,,31.8,,,,42.1,39.8,32.2,,28.7,70.3,44.5,48.9,38.2
197203,35.8,35.3,36.6,45.1,45.3,,,39.0,30.6,31.8,28.6,,28.2,,21.3,,33.8,,,39.0,39.1,,31.9,35.3,41.6,29.1,27.9,48.7,32.4,39.4,17.6,54.2,57.1,49.1,41.8,34.8,,10.7,21.5,,33.0,45.2,23.2,27.9,,27.0,,,21.0,16.5,18.0,26.1,29.5,43.6,,,,,43.5,43.5,27.8,,47.7,50.6,56.4,,43.8,,40.5,,,57.0,48.9,49.2,27.0,,48.1,28.1,,46.2,41.6,,76.7,76.7,26.4,25.1,17.6,11.1,17.8,8.41,49.7,,,,22.2,19.7,19.4,18.0,22.2,23.9,36.5,32.1,,,,,63.1,38.5,57.0,40.9,33.4,,,,,,28.9,33.3,32.3,30.4,51.5,30.6,19.8,,31.3,31.7,29.2,30.8,24.4,30.9,25.1,25.0,,,18.5,,39.8,39.0,,38.3,33.0,,,47.9,,,,,,,,,52.8,53.3,,,63.9,48.3,52.2,67.5,72.8,52.2,49.6,27.7,45.1,41.1,71.8,52.1,58.7,66.6,58.8,,,41.1,42.8,,,,,,34.5,22.9,,,32.1,,,,42.4,40.1,32.3,,28.9,70.3,46.8,48.9,38.2
197204,36.3,35.7,36.7,45.4,45.5,,,39.4,30.7,31.9,28.8,,28.3,,21.5,,33.8,,,39.1,39.2,,32.1,35.7,41.7,28.3,29.6,49.5,30.8,38.9,16.9,52.6,59.2,48.3,39.0,34.8,,10.4,21.4,,32.9,44.8,22.8,28.0,,27.0,,,21.0,16.5,18.1,26.2,29.7,43.9,,,,,43.9,43.9,28.2,,48.5,51.4,56.6,,44.0,,40.7,,,56.0,48.9,49.2,27.1,,48.1,28.1,,46.2,41.4,,73.0,73.0,28.5,28.6,26.6,13.1,42.7,10.9,57.6,,,,22.5,20.9,18.8,30.8,24.0,24.7,29.8,33.9,,,,,59.9,37.7,54.7,37.2,27.8,,,,,,29.1,34.0,32.3,30.1,53.4,31.0,20.1,,31.2,31.7,29.1,30.8,24.5,31.2,25.1,25.0,,,18.8,,39.6,38.8,,39.6,37.7,,,48.9,,,,,,,111.7,,42.9,54.7,,,64.1,48.3,52.1,67.5,72.9,51.9,49.5,27.7,45.1,40.9,71.3,52.1,58.7,66.6,58.6,,,41.0,43.0,,,,,,34.6,23.0,,,32.3,,,,42.3,40.1,32.3,,29.1,70.3,48.7,49.0,38.2
197205,36.3,35.6,36.9,45.4,45.8,,,39.4,31.4,32.7,28.9,,28.5,,21.8,,33.8,,,39.1,39.2,,31.8,35.1,41.7,31.3,30.3,35.8,29.7,40.1,15.6,52.8,55.2,46.2,38.5,34.4,,10.6,,,32.9,45.7,22.7,27.5,,27.0,,,21.0,16.6,18.1,26.2,30.0,43.9,,,,,44.0,44.1,28.2,,48.8,51.9,56.6,,43.9,,40.7,,,54.0,48.9,49.2,27.1,,48.0,28.0,,46.2,41.4,,66.1,66.1,29.9,30.7,33.0,17.4,36.4,15.6,47.4,,,,22.6,27.3,17.9,45.5,35.0,28.7,22.6,35.7,,,,,54.5,31.7,49.3,31.3,23.3,,,,,,29.3,34.3,32.5,30.1,54.2,31.1,20.2,,31.4,31.8,29.5,30.8,24.6,31.3,25.1,25.0,,,18.9,,36.0,35.1,,43.0,,,,48.9,,,,,,,84.1,,36.4,54.6,,,63.9,48.3,51.9,67.4,72.6,51.9,49.4,27.7,45.1,40.8,70.7,52.1,59.0,66.6,58.5,,,41.0,42.8,,,,,,34.7,23.1,,,32.1,,,,42.3,40.2,32.3,,29.2,70.3,48.7,48.9,38.2
197206,36.4,35.4,37.3,45.7,46.1,,,39.3,32.3,33.9,28.9,,28.6,,21.8,,33.8,,,39.2,39.2,,31.6,34.7,41.0,37.6,30.6,30.1,31.4,40.0,16.6,50.7,51.0,46.5,34.8,33.8,,10.4,,,32.8,44.8,23.0,26.3,,27.0,,,21.0,16.6,18.1,26.2,30.2,43.9,,,,,44.0,44.1,28.2,,48.7,51.8,56.5,,44.1,,40.9,,,53.9,48.9,49.2,27.1,,48.0,28.0,,46.2,41.4,,65.7,65.7,27.4,26.4,30.1,22.6,35.8,16.0,34.5,,,,29.6,29.2,40.1,36.7,31.4,30.8,18.0,51.1,,,,,32.5,21.5,39.5,24.4,15.5,,,,,,29.5,34.7,32.5,30.1,55.4,31.7,20.4,,31.5,31.9,29.7,30.9,24.8,31.4,25.0,25.3,,,19.0,,37.1,36.2,,49.1,,,,48.5,,,96.4,,,40.6,47.5,,31.0,49.8,,,64.3,48.5,51.9,67.3,72.6,51.8,49.2,27.7,45.1,40.8,70.0,52.0,59.4,66.4,58.4,,,40.7,42.2,,,,,,35.0,23.4,,,32.3,,,,42.9,40.2,32.3,,29.4,70.3,48.7,48.9,38.2
197207,36.4,35.2,37.4,45.7,46.1,,,39.4,32.5,34.1,28.9,,28.7,,22.0,,33.8,,,39.2,39.2,,32.6,36.6,40.7,42.2,33.9,32.3,36.7,40.8,18.5,47.2,56.7,49.3,34.5,34.0,,10.8,,,32.8,44.8,23.0,25.7,,27.0,,,21.1,16.6,18.1,26.2,30.2,44.0,,,,,44.0,44.2,28.2,,48.8,51.8,56.5,,44.2,,41.0,,,53.7,48.9,49.2,27.1,,48.2,28.1,,46.0,42.1,,65.2,65.2,25.6,23.0,21.1,26.0,25.4,17.5,29.5,,,,36.5,25.1,70.0,35.5,31.3,30.8,19.4,81.1,,,,,22.1,26.4,25.3,18.9,14.4,,,,,,29.6,35.0,32.1,30.0,56.1,31.4,20.8,,31.5,31.9,30.0,31.0,24.9,31.4,24.9,25.4,,,19.2,,36.0,35.1,,52.8,,,,49.5,,,72.0,134.5,,29.4,27.1,,38.8,46.9,,,64.6,48.7,51.9,67.3,72.6,51.8,49.2,27.7,45.1,40.9,69.4,52.0,59.6,66.3,58.5,,,40.6,42.6,,,,,,35.0,23.4,,,32.4,,,,43.0,40.3,32.4,,29.5,70.3,48.7,48.8,38.2
197208,36.7,35.9,37.4,45.7,46.1,,,39.5,32.7,34.2,29.2,,28.8,,22.0,,33.8,,,39.2,39.2,,32.9,37.0,41.0,42.1,32.1,36.3,38.5,40.3,19.1,76.6,62.1,52.3,33.2,34.1,,10.8,,,32.9,44.9,23.3,25.9,,27.3,,,21.1,16.6,18.2,26.3,30.2,44.7,,,,,44.1,44.2,28.2,,49.0,51.9,56.4,,44.2,,41.1,,,54.4,49.1,49.2,27.1,,49.1,28.0,,46.1,45.0,,67.2,67.2,27.8,26.8,34.8,26.0,48.6,18.6,50.3,,,,26.3,24.2,38.1,46.5,38.7,31.8,21.3,57.5,,,,,25.2,23.6,23.5,26.6,17.0,,,,,,29.9,35.5,32.1,30.1,57.2,31.6,21.1,,31.7,32.1,30.0,31.0,25.0,31.5,25.1,25.6,,,19.3,,40.2,39.3,,,,,,51.1,,37.9,43.0,80.4,,27.8,26.5,,,51.4,,,64.8,48.8,51.9,67.3,72.6,51.8,49.3,27.7,45.1,41.7,69.4,52.0,59.6,66.3,58.4,,,40.7,43.0,,,,,,35.1,23.4,,,32.6,,,,43.0,40.2,32.6,,29.6,70.3,48.7,48.8,38.2
197209,36.9,36.2,37.5,45.9,46.1,,,39.6,32.7,34.5,29.3,,28.8,,22.2,,33.8,,,39.3,39.2,,32.4,35.9,41.6,37.9,31.2,37.7,38.1,41.3,19.4,69.1,57.9,50.7,32.2,34.4,,10.8,29.1,,33.2,46.1,23.5,26.3,,27.3,,,21.3,16.9,18.4,26.4,30.4,44.6,,,,,44.4,44.5,28.6,,49.2,52.1,56.4,,44.4,,41.2,,,56.4,49.3,49.2,27.1,,49.5,28.0,,46.1,46.3,,73.7,73.7,27.8,26.7,27.1,36.6,36.7,16.7,37.9,,,,21.2,23.1,27.8,40.1,35.1,30.5,23.2,37.8,,,,,27.9,22.5,24.1,30.3,14.1,,,,,,30.0,35.7,31.7,30.1,58.0,31.8,21.2,,31.6,32.1,29.8,31.5,25.2,31.6,25.2,25.8,,,19.4,,42.4,41.6,47.2,,51.3,,,48.1,,31.2,49.0,48.0,55.8,35.2,27.8,,,55.3,,,65.6,49.4,52.3,67.5,72.8,51.9,49.8,27.7,45.1,43.4,69.4,52.0,59.6,66.4,58.5,,,40.7,42.8,,,,,,35.2,23.7,,,32.4,,,,43.0,40.4,32.9,,29.9,70.1,48.7,48.9,38.2
197210,37.1,36.4,39.5,49.3,49.5,,,41.3,33.1,34.6,29.4,,28.9,,22.3,,33.8,,,39.3,39.3,,32.0,35.1,42.2,34.3,30.1,38.2,35.8,40.9,19.0,52.7,58.4,50.7,33.1,34.4,,11.4,33.4,,33.6,47.3,23.7,27.3,,27.4,,,21.2,17.0,18.6,25.8,30.6,44.6,,,,,44.8,45.0,29.6,,49.2,51.9,56.5,,44.4,,41.4,,,58.0,49.3,49.2,27.0,,49.7,27.9,,46.1,47.3,,79.4,79.4,27.6,26.3,19.1,24.6,22.5,16.0,27.9,,,,18.6,21.4,22.3,30.5,32.8,30.3,23.4,32.0,,,,,30.6,26.8,37.1,31.8,21.2,,,,,,30.2,35.8,30.7,29.8,58.3,32.1,21.3,,31.9,32.2,30.0,31.6,25.4,31.7,25.3,26.0,,,19.7,,39.9,39.0,38.0,,34.1,,,46.6,,30.1,,45.8,38.3,,20.9,,,51.0,,,67.5,50.9,52.5,67.5,72.8,51.9,49.9,27.7,45.1,44.6,69.4,52.1,59.7,66.3,58.4,,,40.7,42.6,,,,,,35.3,23.7,,,32.5,,,,43.6,40.6,33.2,,30.2,70.3,48.7,49.0,38.2
197211,37.1,35.9,39.7,49.4,49.7,,,41.8,33.1,34.7,29.4,,28.9,,22.3,,33.8,,,39.4,39.4,,32.5,35.9,41.8,38.7,31.8,38.1,34.5,41.5,18.3,45.1,58.5,51.7,33.9,34.5,,11.7,32.3,,33.5,47.9,23.7,27.3,,27.6,,,21.5,17.5,18.8,26.1,30.7,44.5,,,,,45.2,45.4,30.6,,49.2,51.9,56.4,,44.5,,41.5,,,59.1,49.3,49.2,27.1,,49.7,27.9,,46.0,47.3,,83.2,83.2,25.9,23.3,14.4,12.8,14.9,13.7,27.7,,,,17.7,20.4,20.8,22.8,26.3,28.4,25.0,30.8,,,,,30.4,43.3,58.1,34.2,29.5,,,,,,30.2,35.9,28.8,30.1,59.1,32.0,21.5,,31.9,32.4,30.1,31.6,25.3,31.9,25.3,25.7,,,19.7,,32.0,31.0,36.9,38.6,23.1,,,46.4,,33.3,,,27.4,,,,,44.7,,,68.2,51.4,52.5,67.4,72.8,51.7,49.9,27.7,45.0,45.0,69.1,52.1,59.7,66.1,58.4,,,40.6,42.8,,,,,,35.5,23.9,,,32.7,,,,43.6,40.7,33.3,,30.2,70.1,48.7,49.3,38.1
197212,37.3,36.3,39.7,49.4,49.7,,,42.4,33.1,34.7,29.5,,28.9,,22.3,,33.8,,,39.3,39.4,,33.3,37.2,43.4,38.9,32.3,38.2,33.2,41.9,18.2,42.2,62.0,54.0,35.0,34.8,,11.7,31.7,,33.7,48.6,24.1,27.7,,27.7,,,21.8,18.1,19.3,26.3,30.6,44.2,,,,,45.7,46.0,31.6,,49.4,52.0,56.5,,44.5,,41.6,,,61.4,49.3,49.2,27.0,,49.8,27.9,,46.1,47.3,,90.9,90.9,27.9,26.5,18.4,17.1,16.5,13.3,51.0,,,,18.6,20.6,20.5,26.3,24.7,29.0,27.7,31.0,,,,,34.5,55.7,70.6,44.7,36.7,,,,,,30.5,36.4,27.3,30.3,60.8,32.2,21.5,,32.2,32.5,30.3,31.7,25.6,32.9,25.6,25.8,,,20.0,,26.8,25.7,37.1,36.0,19.3,,,44.6,,,,,30.3,,,,,42.3,,,67.0,50.6,52.5,67.4,72.8,51.7,50.0,27.7,45.0,45.3,69.2,52.0,59.7,66.1,58.3,,,40.6,42.8,,,,,,35.7,24.0,,,32.8,,,,45.4,40.8,33.4,,30.4,70.1,48.7,49.4,38.0
197301,37.7,36.9,39.8,49.5,49.7,,,42.4,33.2,34.7,29.4,,29.0,,22.4,,33.9,,,39.4,39.5,,35.0,40.0,47.4,43.6,33.2,47.4,36.4,43.5,19.8,44.3,69.5,55.2,38.2,35.7,,12.1,32.1,,34.2,50.0,25.0,28.1,,27.8,,,22.5,18.3,21.8,26.6,30.8,44.3,,,,,46.1,46.5,32.5,,49.6,52.4,56.4,,44.6,,41.7,,,58.4,49.3,49.2,27.0,,49.9,27.9,,46.2,47.4,,80.8,80.8,29.9,29.6,20.0,17.9,19.9,14.2,50.5,,,,22.1,21.9,22.0,29.5,24.0,31.1,31.1,33.6,,,,,36.5,55.2,60.6,45.2,33.0,,,,,,30.9,36.6,26.4,30.6,61.1,32.4,21.9,,32.5,33.3,30.1,32.1,26.0,33.7,25.7,26.0,,,20.3,,27.0,25.9,38.7,37.4,19.2,,,46.3,,,,,34.1,,,,,44.8,,,67.4,50.8,52.6,67.4,72.6,51.7,50.1,27.7,45.1,45.4,69.4,52.1,59.6,66.1,58.4,,,40.6,43.3,,,,,,35.8,24.1,,,33.1,,,,44.0,41.0,33.6,,30.6,70.1,48.7,49.4,38.0
197302,38.0,37.4,39.8,49.5,49.7,,,43.4,33.2,34.9,29.4,,29.3,,22.6,,34.1,,,39.5,39.6,,33.9,37.5,45.5,36.9,30.9,,35.5,46.2,18.6,45.0,61.8,53.5,37.3,35.2,,12.3,25.7,,34.9,52.4,24.8,28.0,,28.1,,,22.9,18.8,22.1,26.9,31.0,44.5,,,,,47.7,48.5,35.1,,51.0,54.0,56.7,,45.0,,42.2,,,59.7,51.3,51.7,28.5,,49.9,27.9,,46.2,47.6,,80.2,80.2,31.0,29.1,19.0,15.2,19.5,12.1,43.2,,,,21.6,23.1,22.0,28.4,21.8,32.1,34.1,31.6,,,,,59.2,54.6,58.3,44.4,40.9,,,,,,34.6,37.3,26.2,30.7,62.0,32.1,22.0,,46.0,46.7,41.7,51.8,26.4,35.2,26.0,26.1,,,20.4,,28.9,27.8,38.8,37.7,19.6,,,46.5,,,,,,,,,,54.7,,,66.5,50.2,54.1,67.5,72.9,51.6,51.8,27.7,51.1,46.8,69.4,52.9,59.7,66.1,58.3,,,40.8,43.1,,,,,,36.2,24.4,,,33.8,,,,45.2,41.3,33.7,,30.8,70.1,48.7,51.4,38.0
197303,38.9,38.8,40.0,49.6,49.9,,,45.9,33.2,34.9,29.7,,29.4,,22.8,,34.1,,,39.7,39.7,,34.8,38.7,46.2,40.7,28.8,45.5,37.2,48.1,19.8,47.8,69.3,52.6,38.5,35.7,,12.6,21.4,,35.5,53.5,26.4,28.0,,28.4,,,23.3,19.2,22.9,27.2,31.2,44.8,,,,,51.0,51.1,37.0,,53.9,57.0,59.5,,50.6,,47.4,,,64.4,54.8,56.0,30.8,,49.9,27.9,,46.2,47.6,,87.6,87.6,33.3,32.7,29.4,18.2,33.4,12.9,50.6,,,,23.1,31.1,22.9,38.4,22.9,33.9,37.6,31.7,,,,,77.7,46.1,57.7,46.1,38.2,,,,,,34.8,37.8,26.6,30.9,63.1,32.4,22.3,,45.9,45.9,42.3,53.3,26.7,35.5,26.1,26.4,,,20.7,,34.9,33.9,,39.5,23.0,,,45.9,,,,,,,,,50.7,62.0,,,66.6,50.2,55.6,68.0,73.6,51.7,53.4,27.7,52.5,53.0,70.0,53.6,59.8,66.6,58.3,,,40.8,43.1,,,,,,36.5,24.5,,,34.3,,,,45.4,42.0,33.8,,31.1,70.1,48.7,54.2,38.0
197304,39.6,39.5,40.1,49.6,49.9,,,47.4,33.7,35.4,30.1,,29.5,,23.0,,34.1,,,39.8,39.7,,35.3,39.4,46.2,40.5,28.9,48.2,36.4,49.6,20.0,42.2,64.5,52.2,37.1,36.2,,12.8,20.1,,36.1,54.6,27.1,28.5,,28.7,,,23.8,19.7,23.3,28.1,31.5,45.2,,,,,51.8,51.9,37.8,,54.3,57.8,60.5,,51.7,,48.5,,,62.5,54.9,56.1,30.9,,49.9,27.9,,46.2,47.6,,80.7,80.7,34.7,35.1,47.0,16.9,50.9,13.6,42.6,,,,24.6,33.9,23.9,57.0,31.2,35.7,45.4,31.5,,,,,65.6,41.2,52.2,35.4,26.2,,,,,,35.0,38.0,26.6,31.1,63.3,32.8,22.5,,45.7,45.4,42.4,53.2,26.9,35.8,26.2,26.6,,,21.0,,37.3,36.4,,41.7,28.1,,,45.4,,,,,,,,,38.0,54.3,,,66.2,49.9,56.3,68.4,74.1,51.8,54.1,27.7,53.1,55.4,70.0,53.8,60.3,66.3,59.0,,,41.0,43.1,,,,,,36.9,24.7,,,34.6,,,,46.8,42.6,33.9,,31.4,70.1,48.7,55.6,38.0
197305,40.3,40.1,40.2,49.8,49.9,,,48.0,34.1,35.6,31.4,,29.8,,23.4,,34.1,,,40.2,40.0,,36.0,40.1,45.8,42.2,29.1,41.7,36.6,52.1,20.8,47.8,64.1,53.6,36.8,36.2,,13.7,,,36.6,55.8,27.6,27.5,,28.9,,,24.2,20.0,23.6,28.6,31.9,45.8,,,,,52.2,52.3,38.3,,54.7,57.9,60.9,,52.1,,48.5,,,59.6,54.9,56.1,30.9,,50.0,27.9,,46.3,47.8,,70.9,70.9,38.0,40.6,69.6,25.7,50.9,18.5,37.5,,,,26.3,41.5,24.4,65.0,49.4,39.2,42.5,33.0,,,,,66.9,38.9,51.3,34.8,27.1,,,,,,35.1,38.4,27.0,31.3,63.9,33.1,22.8,,45.3,44.8,42.3,52.9,27.1,36.1,26.4,26.5,,,21.3,,36.4,35.5,,48.1,,,,44.7,,,,,,,98.2,,37.8,54.1,,,66.3,50.0,56.6,68.5,74.2,51.8,54.4,27.7,53.2,56.2,70.0,54.4,61.0,66.3,59.6,,,41.0,42.9,,,,,,37.1,24.8,,,34.8,,,,48.3,42.9,34.0,,31.5,69.9,48.7,56.3,38.0
197306,40.4,39.5,40.5,49.9,50.0,,,48.6,34.6,35.9,33.0,,30.6,,23.9,,35.2,,,40.3,40.0,,35.1,37.9,44.3,39.1,27.6,37.9,34.8,53.8,19.2,48.5,55.6,49.2,33.9,36.2,,13.3,,,37.5,58.5,28.2,27.1,,29.2,,,24.6,20.1,23.9,28.8,32.1,46.2,,,,,52.5,52.6,38.7,,55.1,58.2,60.8,,52.4,,49.0,,,59.2,54.9,56.1,30.9,,50.0,27.9,,46.4,47.9,,69.5,69.5,32.5,31.0,37.4,24.3,37.7,20.3,27.1,,,,37.5,31.4,58.2,44.4,47.6,36.3,33.1,43.0,,,,,39.8,26.5,42.0,28.3,16.5,,,,,,35.2,38.7,27.1,31.6,64.4,33.2,23.2,,44.9,44.4,42.0,52.7,27.4,36.2,26.2,26.8,,,21.7,,39.8,39.0,,56.3,,,,45.9,,,108.6,,,,54.9,,35.4,52.4,,,66.0,49.7,56.8,68.4,74.1,51.8,54.6,27.7,53.2,56.7,69.9,54.7,61.8,67.2,60.6,,,41.1,43.0,,,,,,37.5,25.0,,,35.1,,,,50.4,43.2,34.0,,31.9,69.9,48.7,57.1,37.8
197307,40.7,39.9,40.6,49.9,50.0,,,49.5,34.7,35.9,33.1,,31.2,,24.1,,36.2,,,40.5,40.2,,36.0,38.9,43.5,45.2,25.0,36.4,37.7,55.5,20.8,53.0,61.0,49.4,32.7,35.8,,12.4,,,38.9,63.6,28.5,26.9,,29.5,,,25.1,20.2,24.0,29.6,32.4,46.5,,,,,53.4,53.8,39.4,,56.9,60.3,60.9,,52.6,,49.2,,,59.1,55.0,56.2,30.9,,50.3,28.2,,46.4,47.9,,69.1,69.1,31.3,29.0,37.5,35.9,44.6,27.6,46.3,,,,49.7,29.5,68.8,51.7,68.4,35.9,35.0,72.5,,,,,28.8,25.6,26.6,21.1,20.1,,,,,,35.4,38.9,27.1,32.3,64.6,33.4,23.2,,44.9,44.4,42.1,52.6,27.6,36.3,26.4,27.0,,,22.1,,42.3,41.5,,63.2,,,,45.0,,,79.4,104.3,,31.2,34.2,,,51.0,,,65.8,49.7,57.1,68.5,74.4,51.7,55.0,27.7,53.3,56.9,71.0,54.8,62.3,67.0,61.7,,,41.2,43.0,,,,,,37.5,25.0,,,35.3,,,,49.1,43.3,34.0,,31.9,69.9,48.7,57.3,37.8
197308,41.0,40.6,40.7,50.0,50.1,,,50.5,34.9,36.1,33.5,,31.7,,24.3,,37.4,,,40.7,40.2,,37.9,41.9,46.1,48.7,26.8,40.6,44.6,60.1,22.1,73.4,71.5,53.3,36.6,37.9,,12.9,,,40.0,66.5,29.6,27.4,,29.6,,,25.3,20.1,24.3,29.8,32.7,46.6,,,,,54.1,54.5,40.2,,57.8,60.9,62.1,,52.8,,49.5,,,60.4,55.6,56.2,30.9,,53.0,30.7,,48.9,48.1,,71.7,71.7,31.9,29.8,36.6,47.3,47.1,27.0,40.3,,,,33.3,29.2,52.8,62.7,58.8,36.3,39.0,45.1,,,,,25.3,27.3,22.7,23.0,15.0,,,,,,35.7,39.4,27.4,34.0,65.2,33.5,23.3,,45.1,44.6,42.3,52.3,27.8,36.4,26.7,27.2,,,22.3,,45.4,44.5,,,,,,56.2,,41.6,49.4,88.8,,32.7,30.4,,,51.3,,,66.0,49.7,57.4,68.9,74.9,51.5,55.3,27.7,53.2,57.3,72.3,54.8,63.5,66.9,62.7,,,41.1,43.3,,,,,,37.7,25.1,,,35.7,,,,49.2,43.4,34.0,,32.2,69.9,48.7,57.7,37.9
197309,42.2,42.3,41.1,50.3,50.2,,,51.6,35.0,36.1,33.9,,32.5,,24.5,,39.0,,,41.0,40.5,,37.5,40.3,46.2,51.5,29.7,38.1,43.8,60.9,23.2,45.4,68.4,51.6,36.6,37.6,,13.4,,,40.9,69.1,30.3,28.1,,29.8,,,26.0,20.8,24.8,30.1,33.2,46.9,,,,,55.8,56.4,42.4,,58.4,61.5,65.9,,53.3,,50.2,,,66.4,55.8,56.3,30.9,,54.0,31.3,,50.4,48.1,,92.1,92.1,39.1,41.8,43.2,54.3,59.9,26.4,55.2,,,,33.3,30.9,53.5,98.8,53.1,35.2,47.2,37.1,,,,,27.2,40.8,30.7,38.1,18.6,,,,,,36.1,40.1,27.7,36.2,65.6,33.8,23.7,,45.4,44.9,42.4,52.5,28.4,36.8,27.2,28.2,,,22.5,,46.8,46.0,58.2,,51.6,,,68.7,,34.3,52.4,52.4,,35.8,30.7,,,51.2,,,66.3,50.0,57.8,69.5,75.9,51.2,55.6,27.7,53.2,57.6,72.7,54.8,64.8,68.2,63.2,,,41.7,43.3,,,,,,38.5,25.6,,,37.8,,,,50.7,43.8,34.2,,32.8,69.6,48.7,58.5,37.9
197310,42.4,42.1,41.8,51.0,51.0,,,54.3,36.7,38.1,34.6,,33.0,,24.8,,39.7,,,41.4,40.7,,37.7,40.2,46.5,50.0,29.3,38.4,41.5,57.2,23.1,33.5,69.5,51.7,38.4,37.8,,13.6,40.5,,41.8,70.0,30.9,28.1,,30.2,,,26.9,22.0,25.9,30.9,34.2,48.8,,,,,56.9,57.6,43.9,,58.4,61.3,68.4,,53.6,,50.4,,,65.0,55.9,56.3,30.9,,54.4,31.7,,51.1,48.2,,87.3,87.3,36.2,35.8,40.4,22.2,33.4,21.2,46.2,,,,27.9,32.6,47.9,55.4,49.9,34.3,53.9,32.7,,,,,27.1,31.7,30.1,40.1,19.7,,,,,,37.4,40.8,28.2,38.7,66.0,34.1,24.0,,45.5,45.2,42.5,52.8,30.5,42.3,27.6,30.1,,,23.2,,43.2,42.3,42.5,,34.1,,,61.8,,33.3,,57.3,42.3,,,,,54.3,,,66.6,50.2,59.2,70.0,76.7,51.4,57.2,27.7,58.1,57.9,73.1,55.0,65.4,70.6,63.7,,,44.1,43.4,,,,,,39.3,26.9,,,38.3,,,,51.1,44.1,35.4,,34.0,69.9,48.7,59.5,37.9
197311,42.7,42.1,42.7,51.8,51.7,,,57.0,38.8,39.9,37.9,,33.4,,25.2,,40.1,,,42.2,41.6,,39.6,42.6,48.0,51.0,30.3,37.9,41.5,57.9,23.0,31.8,70.0,51.7,45.3,38.4,,13.8,37.5,,42.7,70.2,31.3,28.4,,30.7,,,28.0,23.2,27.0,32.0,35.7,49.9,,,,,57.2,58.1,44.8,,57.9,60.5,69.5,,54.2,,50.9,,,63.9,55.9,56.3,30.9,,54.6,31.8,,51.4,48.2,,83.3,83.3,34.7,32.4,26.9,19.4,20.1,19.0,41.2,,,,26.1,32.9,44.8,30.4,39.6,31.6,53.8,31.0,,,,,29.3,49.6,52.2,40.1,27.1,,,,,,38.7,42.1,29.0,43.0,67.2,34.3,25.5,,45.9,45.6,43.0,52.9,32.0,46.1,27.9,31.1,,,24.2,,33.5,32.7,38.6,41.8,25.1,,,55.6,,35.2,,,25.6,,,,,45.1,,,66.7,50.3,62.9,71.7,78.7,51.7,61.0,27.7,62.2,58.6,90.6,55.0,66.5,71.4,63.8,,,45.5,43.5,,,,,,40.2,27.4,,,39.4,,,,51.9,45.5,36.0,,35.0,70.9,48.7,60.9,38.0
197312,44.1,43.9,43.7,52.3,52.1,,,59.8,40.0,40.9,39.7,,36.4,,27.1,,44.2,,,46.1,46.0,,42.1,46.0,54.7,52.8,30.2,39.8,40.7,58.9,25.4,34.1,77.6,54.6,51.6,40.0,,14.5,36.9,,44.4,71.9,32.0,28.7,,32.5,,,29.1,24.4,27.9,33.2,37.6,51.0,,,,,57.8,58.8,46.6,,57.6,59.9,70.3,,54.4,,51.3,,,69.4,56.2,56.7,31.1,,54.8,31.8,,51.7,48.3,,101.5,101.5,37.3,35.9,36.6,28.3,18.0,20.0,60.0,,,,29.5,37.7,47.3,32.3,39.1,33.3,58.7,31.8,,,,,35.3,57.5,71.9,42.7,26.2,,,,,,40.0,43.5,31.4,47.4,67.5,35.1,26.8,,46.9,46.7,43.6,53.4,33.6,48.7,28.3,32.8,,,25.1,,31.9,30.8,39.7,43.8,24.0,,,56.1,,,,,27.5,,,,,43.4,,,67.6,50.9,68.3,78.6,86.4,56.7,66.2,27.7,63.3,58.9,113.5,59.1,72.1,72.2,68.8,,,47.3,45.1,,,,,,42.4,29.6,,,41.3,,,,54.9,47.8,38.0,,37.2,73.0,48.7,64.0,38.0
197401,46.0,47.1,46.9,52.4,52.3,,,60.4,48.7,50.5,45.9,,47.4,,33.5,,61.3,,,57.7,58.5,,44.8,49.7,58.2,59.5,33.2,,43.9,64.3,27.2,36.1,87.4,57.3,53.7,41.7,,14.8,36.9,,45.8,73.3,32.4,29.5,,34.7,,,30.8,26.5,30.1,33.8,40.5,52.9,,,,,58.5,59.6,47.4,,57.9,60.5,71.7,,54.5,,51.5,,,76.9,67.1,69.9,38.5,,55.0,31.9,,52.3,48.7,,100.5,100.5,43.9,45.9,56.8,37.6,26.8,24.5,74.4,,,,36.1,44.0,52.0,44.2,40.9,34.5,67.9,33.8,,,,,47.7,56.9,62.6,47.1,29.5,,,,,,42.0,44.4,33.0,49.3,67.3,36.2,28.1,,51.0,51.0,47.6,55.6,35.3,49.5,29.4,34.5,,,27.3,,33.8,32.7,41.4,46.1,25.5,,,58.3,,,,,,,,,,49.4,,,70.3,52.9,72.6,84.7,94.1,58.6,70.2,27.7,64.0,65.8,115.8,63.8,81.4,80.6,74.8,,,54.4,49.1,,,,,,45.4,31.2,,,43.6,,,,56.3,54.3,43.4,,40.3,77.8,48.6,69.1,37.9
197402,47.5,49.2,47.8,52.6,52.3,,,60.8,50.3,52.4,46.8,,51.5,,39.4,,60.8,,,61.6,61.7,,45.5,49.2,54.9,59.3,32.3,,44.3,68.1,26.0,41.9,89.9,57.1,56.9,42.0,,17.5,31.2,,47.1,74.6,32.0,30.0,,36.3,,,32.9,28.2,32.3,36.0,43.3,53.8,,,,,60.4,60.4,47.8,,58.1,60.6,75.2,,60.5,,58.2,,,78.3,67.6,70.4,38.8,,55.1,31.9,,52.3,48.6,,104.2,104.2,49.7,54.6,86.0,36.5,38.8,29.3,88.3,,,,42.0,44.0,60.8,54.5,49.1,33.8,70.3,32.6,,,,,76.8,69.4,69.6,51.4,51.0,,,,,,43.6,44.3,34.4,51.3,63.9,37.3,29.6,,53.7,53.3,50.5,60.8,37.1,50.3,30.5,36.6,,,29.2,,36.7,35.7,41.9,46.4,26.5,,,56.8,,,,,,,,,,69.4,,,74.1,55.9,73.8,86.6,96.7,59.3,71.2,27.7,70.9,69.7,102.8,66.2,84.4,88.6,76.1,,,57.1,49.7,,,,,,49.0,32.9,,,45.2,,,,58.9,62.3,51.6,,45.1,83.8,49.5,73.6,39.6
197403,47.7,49.3,47.9,52.7,52.3,,,60.9,50.5,52.4,47.2,,51.2,,39.9,,58.8,,,60.7,60.1,,45.4,48.5,52.6,51.9,29.8,54.5,45.1,64.1,25.4,39.2,85.6,56.9,57.7,43.4,,18.0,26.7,,47.2,74.7,31.3,30.8,,36.5,,,33.6,28.6,33.1,36.8,44.8,54.4,,,,,61.0,60.8,47.9,,58.3,60.9,76.2,,62.4,,60.4,,,76.1,67.6,70.5,38.8,,55.0,31.9,,52.0,48.5,,96.6,96.6,47.2,50.2,69.3,20.0,43.5,24.4,68.9,,,,46.4,40.3,69.7,50.2,58.7,32.4,72.4,31.0,,,,,81.0,71.3,65.1,48.0,43.1,,,,,,43.9,43.8,34.6,51.4,61.6,37.5,30.1,,54.0,53.7,50.6,60.9,37.9,50.6,30.9,37.5,,,30.0,,41.7,40.7,,47.2,27.0,,,51.2,,,,,,,,,69.4,73.4,,,76.4,57.6,73.4,86.4,95.9,59.9,70.9,27.7,71.8,70.3,96.4,66.7,84.9,90.5,75.5,,,59.9,50.0,,,,,,51.2,34.3,,,46.3,,,,59.1,63.6,55.0,,48.7,94.1,51.5,75.2,46.2
197404,49.0,50.9,48.0,52.7,52.3,,,61.5,50.8,52.7,47.3,,51.3,,40.3,,58.5,,,60.9,59.9,,47.7,52.4,53.0,57.0,30.7,59.1,45.8,68.5,25.0,38.7,85.7,58.2,63.9,44.1,,17.6,25.9,,47.6,75.4,30.9,31.0,,37.0,,,34.0,29.0,33.1,37.5,46.1,55.0,,,,,62.0,61.7,48.2,,59.6,62.7,77.1,,63.5,,61.3,,,76.8,67.7,70.6,38.9,,55.2,31.9,,52.3,48.9,,98.7,98.7,50.0,54.8,106.5,22.1,68.6,25.6,54.5,,,,55.2,41.2,77.4,81.9,96.1,30.9,72.1,30.8,,,,,80.6,52.5,60.6,48.9,30.3,,,,,,44.0,43.4,34.9,51.0,60.0,37.6,30.8,,54.1,53.6,51.1,61.3,38.4,50.9,31.4,37.8,,,31.1,,49.9,48.9,,50.5,30.8,,,49.5,,,,,,,,,59.6,68.7,,,77.7,58.6,73.6,86.7,96.1,60.4,71.0,27.7,72.2,70.5,95.0,67.1,85.4,92.3,75.8,,,61.2,50.0,,,,,,52.6,34.1,,,46.9,,,,60.4,64.7,57.1,,51.8,98.9,56.7,76.2,52.6
197405,49.2,50.1,48.2,52.9,52.7,,,61.9,51.1,53.2,47.6,,51.8,,41.3,,57.9,,,60.7,59.6,,47.2,50.9,52.3,53.5,31.7,42.4,41.9,69.1,22.8,39.1,75.5,57.4,64.6,44.2,,17.9,,,48.2,76.7,31.0,30.7,,37.6,,,34.3,29.4,33.6,37.6,47.1,54.9,,,,,62.9,62.6,48.3,,60.7,64.3,78.7,,64.2,,61.8,,,76.1,68.7,70.6,38.9,,61.2,39.1,,52.3,48.9,,93.8,93.8,42.1,41.1,39.7,21.6,38.5,24.6,26.1,,,,66.1,46.2,85.5,56.9,102.4,33.9,45.8,29.8,,,,,67.6,36.9,49.6,43.2,22.1,,,,,,44.5,43.2,34.8,49.2,59.0,37.1,32.1,,54.5,53.7,51.7,61.5,39.6,51.1,31.8,39.2,,,32.6,,49.4,48.5,,58.0,,,,53.7,,,,,,,100.5,,56.5,69.9,,,78.8,59.5,73.9,86.9,96.4,60.5,71.4,27.7,73.0,70.9,94.2,67.3,85.2,92.2,78.3,,,61.5,50.5,,,,,,53.9,34.6,,,47.4,,,,61.4,67.1,57.7,,53.3,107.4,59.2,76.5,56.4
197406,49.4,49.6,48.3,53.1,52.8,,,62.1,51.2,53.4,47.6,,52.0,,41.7,,57.6,,,60.7,59.5,,46.7,49.8,51.3,51.9,30.4,40.7,43.7,67.6,22.3,47.4,69.9,59.6,60.1,44.0,,17.6,,,48.3,75.8,31.1,31.0,,38.2,,,34.7,29.7,33.8,38.1,47.6,55.0,,,,,62.9,62.6,48.3,,60.9,64.6,78.3,,64.3,,62.0,,,73.7,69.5,70.6,38.9,,65.6,40.9,,52.4,57.9,,83.3,83.3,37.9,33.8,23.6,26.2,27.9,25.1,29.7,,,,80.3,33.2,71.6,46.3,47.9,35.0,32.3,37.4,,,,,40.5,31.8,46.6,33.2,21.2,,,,,,44.7,43.0,34.8,46.9,58.7,37.5,33.1,,54.6,53.9,51.8,61.5,39.9,51.1,31.8,39.6,,,32.9,,50.5,49.4,,62.8,,,,52.5,,,164.9,,,,69.0,,45.6,69.1,,,79.5,60.1,74.8,90.8,100.0,65.1,72.0,27.7,73.2,71.0,94.4,67.6,85.6,92.9,84.8,,,61.9,50.6,,,,,,54.9,34.9,,,47.8,,,,62.0,67.4,58.2,,54.3,110.6,69.3,76.7,59.0
197407,50.4,51.0,48.5,53.2,52.9,,,62.3,51.4,53.6,47.6,,52.3,,42.2,,57.5,,,61.1,59.7,,49.1,54.2,51.6,64.2,31.3,43.6,50.9,66.3,27.1,51.4,80.9,64.5,61.3,45.4,,18.1,,,48.6,74.9,31.0,31.7,,38.7,,,34.7,30.1,34.1,37.8,47.8,55.0,,,,,63.4,63.3,48.5,,62.2,66.5,77.6,,64.3,,61.7,,,77.0,72.8,74.3,41.0,,67.4,41.2,,52.4,63.1,,86.9,86.9,41.8,40.3,40.9,45.2,62.5,30.1,61.1,,,,79.0,35.9,107.0,86.4,37.4,38.0,37.2,78.4,,,,,27.6,41.2,48.8,30.5,38.6,,,,,,44.9,43.1,35.2,45.7,59.0,37.2,33.6,,54.7,53.8,52.1,61.6,40.2,51.2,32.0,40.4,,,33.1,,51.4,50.3,,66.7,,,,52.7,,,91.3,,,39.7,39.3,,,67.0,,,80.0,60.3,76.0,96.1,105.3,69.8,72.5,27.7,73.3,70.7,96.3,67.7,85.6,93.2,88.4,,,62.4,51.1,,,,,,55.4,35.1,,,47.8,,,,62.1,67.7,58.4,,55.0,112.0,71.6,77.0,59.9
197408,50.9,52.4,48.6,53.4,53.0,,,62.5,51.5,53.7,47.6,,52.3,,42.3,,57.3,,,61.2,59.7,,50.7,56.8,54.6,71.4,32.0,58.8,57.1,66.0,31.3,38.4,92.1,68.5,65.0,45.9,,19.1,,,48.8,74.7,31.0,32.2,,39.3,,,34.9,30.3,34.3,37.8,48.2,55.2,,,,,64.3,64.2,48.9,,64.0,68.5,77.7,,64.8,,62.5,,,80.8,77.6,80.0,44.1,,67.8,41.4,,52.4,63.8,,88.5,88.5,43.0,42.1,57.6,49.2,69.2,30.3,60.7,,,,63.8,34.7,78.6,89.2,44.8,39.0,39.1,72.6,,,,,33.5,30.5,34.0,44.7,30.1,,,,,,45.2,43.2,35.6,45.5,59.0,37.3,33.9,,55.1,54.4,52.6,61.2,40.7,51.2,32.0,41.1,,,33.6,,59.8,58.9,,,,,,59.7,,52.6,60.7,107.9,,39.2,45.8,,,70.7,,,80.0,60.2,78.6,99.3,109.0,71.8,75.1,27.7,73.3,70.8,111.9,67.4,85.6,94.5,90.3,,,62.5,51.8,,,,,,55.7,35.4,,,48.2,,,,62.1,67.5,58.4,,55.2,113.7,71.8,77.0,60.5
197409,51.6,53.3,48.7,53.7,53.3,,,62.9,51.5,53.7,47.8,,52.4,,42.4,,57.3,,,61.3,59.8,,49.9,54.9,60.9,74.2,35.6,50.9,55.7,65.2,32.1,45.9,89.5,68.1,62.8,45.5,,18.7,,,49.5,74.7,31.2,32.9,,40.5,,,35.4,31.1,34.7,38.1,48.5,55.4,,,,,64.7,64.8,49.3,,64.8,69.4,78.3,,65.0,,62.7,,,90.3,77.9,80.1,44.2,,68.1,41.4,,52.4,64.8,,120.4,120.4,48.7,51.5,53.6,61.7,63.8,32.9,72.3,,,,52.8,37.8,65.1,82.8,47.1,45.1,39.8,47.3,,,,,31.7,49.2,54.3,46.9,42.3,,,,,,45.7,43.3,36.2,44.5,59.1,37.3,34.6,,55.2,54.4,52.8,61.2,41.5,51.4,32.2,42.5,,,34.2,,52.8,51.8,63.4,,86.0,,,60.3,,37.1,56.0,55.9,,40.1,41.7,,,71.4,,,79.3,59.8,79.9,102.4,113.2,72.5,76.0,27.7,73.4,70.8,115.1,67.5,86.0,100.2,93.2,,,62.5,52.9,,,,,,56.3,35.7,,,48.7,,,,63.3,67.9,58.8,,56.8,116.0,73.2,76.9,61.4
197410,52.8,54.5,58.3,69.4,69.3,,,69.2,51.7,53.7,48.0,,52.6,,42.7,,57.4,,,61.6,60.0,,49.2,53.0,60.4,61.2,34.6,49.7,51.6,61.3,28.7,47.1,85.7,68.5,63.5,46.5,,19.5,50.0,,50.4,75.3,31.6,36.6,,41.6,,,35.7,31.4,34.9,38.4,49.0,56.0,,,,,65.1,65.2,49.5,,65.4,70.0,79.0,,65.1,,62.7,,,89.3,78.0,80.2,44.2,,68.4,41.5,,53.3,64.7,,116.9,116.9,46.0,46.5,45.7,36.0,44.1,29.8,58.1,,,,43.5,37.4,54.6,58.1,48.7,46.8,41.0,40.8,,,,,29.3,43.9,55.2,42.7,48.3,,,,,,46.2,43.4,36.2,43.1,59.4,37.5,35.2,,55.9,54.9,54.1,61.0,42.3,51.7,32.2,43.5,,,35.1,,47.1,46.0,46.5,,38.7,,,58.9,,34.5,,46.0,46.9,,,,,70.7,,,79.5,60.1,82.2,110.3,123.8,73.5,77.6,27.7,73.6,70.7,119.0,70.6,86.4,107.3,99.7,,,65.2,53.7,,,,,,57.0,36.0,,,49.8,,,,65.4,67.9,58.7,,57.3,117.7,73.2,76.9,61.9
197411,53.2,54.6,58.8,70.1,70.1,,,71.5,51.7,53.7,48.3,,52.7,,42.9,,57.4,,,61.8,60.1,,51.1,55.9,65.5,61.8,35.3,52.1,51.0,62.4,28.1,48.6,87.3,71.4,67.6,46.8,,19.8,48.2,,51.6,75.3,31.6,48.4,,43.1,,,36.2,32.1,35.3,38.9,49.8,56.4,,,,,65.4,65.4,49.5,,65.4,70.1,79.8,,65.4,,63.4,,,90.8,78.6,80.2,44.2,,71.6,41.5,,65.3,65.2,,120.6,120.6,44.1,42.8,31.5,23.7,31.5,28.2,49.3,,,,40.1,43.1,50.1,41.3,47.2,47.0,47.5,38.7,,,,,40.9,64.0,75.6,50.0,54.5,,,,,,46.9,43.6,36.8,42.3,59.5,37.8,35.7,,56.6,55.5,54.8,61.2,43.3,51.9,32.6,44.9,,,36.2,,41.2,40.1,47.1,55.8,29.4,,,57.1,,36.3,,,33.4,,,,,62.0,,,79.4,59.9,86.6,115.1,130.0,74.3,82.0,27.7,73.6,70.7,140.7,76.3,88.0,111.0,106.4,,,68.1,54.6,,,,,,57.9,36.8,,,50.3,,,,67.1,68.7,58.9,,57.8,119.5,73.2,77.9,62.0
197412,53.4,55.0,58.9,70.1,70.2,,,71.6,51.9,54.0,48.4,,52.7,,42.9,,57.2,,,61.8,60.1,,52.1,57.2,68.7,62.4,33.4,53.6,48.7,64.8,26.6,47.3,89.9,75.2,68.8,48.0,,20.4,46.0,,52.6,76.0,32.0,58.9,,43.9,,,36.6,32.6,35.6,39.3,50.3,57.2,,,,,66.0,65.7,49.6,,65.6,70.3,80.1,,67.6,,65.7,,,92.6,78.7,80.2,44.3,,72.0,41.6,,66.9,65.3,,126.3,126.3,42.9,40.3,29.5,21.4,28.3,24.9,44.2,,,,43.9,42.7,47.6,33.8,43.4,47.6,47.7,40.4,,,,,61.0,63.9,86.7,55.1,50.4,,,,,,47.4,43.8,36.9,42.5,59.9,37.5,36.2,,57.6,56.7,55.8,61.2,43.6,51.7,32.8,45.4,,,36.7,,39.9,38.8,50.0,64.0,29.0,,,60.5,,,,,42.6,,,,,57.9,,,79.2,59.7,88.0,118.7,131.9,82.6,83.1,27.7,73.5,70.8,142.7,78.8,89.5,111.9,107.5,,,70.0,55.0,,,,,,58.5,37.6,,,50.7,,,,67.0,69.6,59.1,,58.5,119.9,73.1,79.3,61.9
197501,54.0,55.9,58.9,70.0,70.1,72.1,75.8,71.4,51.8,53.9,48.9,,52.6,,42.7,,56.9,,,60.0,60.0,61.2,53.8,59.8,70.0,65.9,32.5,,51.0,65.5,26.7,49.3,106.5,78.1,70.2,49.3,90.5,22.0,48.5,,53.3,77.1,32.4,65.9,,44.9,,,37.2,32.9,35.4,40.1,51.0,56.8,,,,,66.5,66.0,49.9,,65.8,70.5,79.9,,68.6,,66.9,,,86.8,78.8,80.3,44.2,99.0,72.2,41.6,,67.3,65.3,,106.5,106.5,44.1,42.2,31.2,24.5,29.6,24.7,44.3,,,,52.3,41.9,49.6,32.4,44.6,49.0,48.4,43.0,,,,,94.5,68.0,74.9,79.7,50.1,73.5,,,,,47.7,43.9,36.6,41.9,60.3,37.5,36.4,,57.7,56.8,56.0,60.9,44.0,51.8,33.0,45.3,,,37.6,72.0,49.8,48.8,53.7,65.4,30.7,93.6,,68.3,,,,,,,,,,61.6,,,77.8,59.1,88.2,120.1,132.9,84.9,83.2,27.7,73.7,70.6,141.9,80.7,89.6,113.0,108.5,,,71.1,55.2,,,,,,59.7,38.4,,,52.3,,,,68.4,70.4,59.1,,59.4,120.5,73.9,80.8,61.9
197502,54.1,56.2,58.9,70.0,70.1,72.2,75.8,71.4,51.9,54.1,49.0,,52.5,,42.7,,56.7,,,59.1,59.9,59.9,53.0,57.9,68.6,61.1,30.8,,50.0,68.1,24.9,49.4,103.9,78.4,71.8,49.6,90.7,21.9,38.7,,53.7,77.7,32.0,70.9,,45.1,,,37.4,33.2,35.7,40.4,51.0,57.0,,,,,67.0,66.4,50.2,,66.7,71.3,80.2,,68.8,,67.4,,,89.2,78.7,80.3,44.2,98.9,72.1,41.5,,67.3,65.1,,114.5,114.5,44.2,42.4,30.9,20.5,28.7,23.6,48.3,,,,53.4,41.4,48.7,30.1,41.3,51.2,49.1,44.0,,,,,100.3,80.9,82.4,81.3,66.5,62.8,,,,,47.8,43.9,37.0,41.8,60.5,37.5,36.4,,58.0,56.9,56.5,61.0,44.2,51.6,33.0,45.8,,,37.7,72.4,51.3,50.3,58.0,67.6,31.5,93.6,,65.4,,,,,,,,,,63.2,,,77.9,59.1,88.4,121.1,133.5,86.5,83.2,27.7,73.6,70.4,141.3,81.6,91.8,113.8,108.5,,,71.5,55.3,,,,,,59.9,38.6,,,52.8,,,,69.5,70.2,59.1,,59.8,120.5,73.9,81.1,62.3
197503,54.6,57.2,59.1,70.3,70.2,72.3,76.2,71.5,52.4,54.1,50.5,,52.3,,42.7,,56.5,,,59.2,59.7,60.2,52.5,57.1,67.1,57.9,29.6,56.7,49.1,71.0,24.3,50.6,102.0,76.5,73.6,49.0,90.7,22.5,32.8,,53.7,77.8,31.6,72.4,,45.5,,,37.6,33.3,35.7,40.5,51.0,57.0,,,,,68.0,67.8,50.4,,68.8,74.4,80.7,,69.1,,67.6,,,97.3,78.7,80.3,44.2,98.8,72.0,41.6,,67.3,64.9,,141.1,141.1,45.5,44.4,34.3,17.9,32.3,26.6,58.9,,,,53.5,41.1,49.8,30.7,42.0,56.1,49.5,46.1,,,,,107.8,64.5,77.6,68.5,58.3,61.4,,,,,47.9,43.9,37.0,41.6,60.5,37.1,36.7,,58.0,57.0,56.7,60.9,44.3,51.7,32.9,45.9,,,38.0,72.4,57.9,57.0,,72.7,35.9,95.6,,64.7,,,,,,,,,81.5,71.7,,,77.9,59.0,88.5,121.4,133.6,87.1,83.3,27.7,73.5,70.3,140.9,81.7,92.8,114.3,108.6,,,72.4,55.3,,,,,,60.2,39.3,,,53.6,,,,70.0,69.8,59.1,,60.7,119.4,73.9,81.9,62.3
197504,55.5,57.5,59.2,70.3,70.2,72.3,76.3,71.4,52.5,54.1,51.5,,52.3,52.8,42.7,,56.2,,,61.8,59.6,63.7,53.3,58.2,66.6,67.7,29.5,57.1,50.6,71.8,24.7,49.9,98.5,74.6,72.0,50.9,92.9,22.0,29.0,,53.9,79.4,31.4,62.7,,45.7,,,37.7,33.7,35.8,40.5,51.0,57.1,,,,,68.5,68.3,50.6,,69.6,75.4,81.4,,69.1,,67.8,58.5,,92.5,78.7,80.3,44.2,98.8,71.9,41.5,,67.1,64.7,,125.6,125.6,45.4,44.3,35.6,19.2,35.2,24.1,42.5,,67.6,,52.2,38.9,51.3,49.0,39.9,63.8,44.8,48.3,,,,,104.8,55.1,68.4,60.4,37.4,60.5,,,,,48.0,43.9,37.1,41.4,60.6,37.1,37.0,,58.1,56.9,57.0,60.9,44.5,51.3,33.0,46.4,,,38.3,72.9,59.3,58.5,,79.1,50.6,82.0,,65.5,,,,,,,,,67.2,80.9,,,77.9,58.9,88.5,121.4,133.5,87.3,83.3,27.7,73.2,70.2,141.2,82.1,93.5,113.9,108.4,,,72.5,55.2,,,,,,60.7,39.5,53.2,,54.5,53.6,,,70.4,69.8,59.2,,61.4,119.1,73.9,83.3,62.2
197505,55.8,57.5,59.2,70.3,70.2,72.3,76.3,71.4,52.8,54.1,52.1,,52.2,52.6,42.7,,56.0,,,62.5,59.4,64.9,53.1,57.5,65.0,58.4,28.6,55.5,47.4,75.3,24.3,53.0,94.9,72.7,69.9,51.9,92.2,22.2,,,54.4,82.2,31.3,48.5,,46.8,,,37.9,33.7,35.9,40.5,51.0,57.0,,,,,68.9,68.8,51.0,,70.3,76.2,81.7,,69.2,,67.8,58.7,,85.7,78.7,80.3,44.3,98.7,72.0,41.5,,67.2,64.9,,102.6,102.6,47.3,47.3,32.7,31.0,39.6,31.0,42.2,,67.4,,56.3,43.2,59.7,71.3,45.4,80.3,39.2,54.1,,,,,95.6,63.2,71.8,51.8,35.3,92.7,,,,,48.1,44.0,37.5,41.2,60.6,37.1,37.1,,58.0,56.8,56.9,60.7,44.6,51.3,33.1,46.6,,,38.5,73.4,57.9,57.0,,85.2,,79.4,,336.0,,,,,,,112.9,,61.1,80.6,,,78.2,58.9,89.0,121.5,133.3,87.7,83.8,27.7,73.3,70.3,143.4,82.7,94.8,114.9,108.5,,,72.4,55.6,,,,,,60.9,39.6,53.0,,54.8,53.6,,,71.2,70.0,59.4,,62.2,119.2,73.9,84.9,62.1
197506,55.8,57.0,59.2,70.3,70.2,72.3,76.3,71.4,52.8,54.1,52.3,,51.9,52.1,42.5,,56.0,,,62.3,59.3,64.5,53.1,56.9,63.7,60.5,28.9,51.8,48.2,78.7,28.3,56.5,89.2,73.7,64.6,52.1,92.1,22.1,,,55.6,85.2,31.6,47.8,,47.1,,,37.9,34.0,35.9,40.5,51.3,57.3,,,,,70.4,70.7,51.6,,73.6,80.3,81.9,,69.4,,68.1,58.7,,85.1,78.7,80.2,44.3,98.2,72.0,41.5,,67.3,64.9,,100.6,100.6,42.4,39.3,25.9,36.7,41.4,35.2,39.3,,66.8,,67.4,40.7,129.2,80.1,42.9,69.3,31.8,66.8,,,,,51.0,35.3,56.4,40.1,26.9,78.2,,,,,48.1,44.1,37.4,41.3,60.8,37.3,37.3,,58.0,56.8,56.9,60.8,44.8,51.2,33.1,46.6,,,38.8,73.5,58.3,57.5,,96.5,,80.3,,143.1,,,169.0,,,,73.2,,53.6,80.1,,,78.3,59.1,89.9,121.6,133.3,87.9,84.9,27.7,73.3,70.3,151.4,82.8,96.0,114.9,108.5,,,72.5,55.4,,,,,,61.1,40.1,53.0,,54.9,53.6,,,70.6,70.7,59.4,,62.6,119.1,73.9,86.8,62.1
197507,56.0,57.2,59.2,70.3,70.2,72.5,76.4,71.4,53.0,54.2,52.5,,51.9,52.1,42.4,,55.8,,,62.5,59.3,64.9,53.8,58.6,65.7,65.6,29.5,49.8,53.5,75.9,35.1,58.2,94.4,78.5,63.7,53.1,94.7,22.5,,,55.3,84.0,31.3,48.2,,47.2,,,38.1,34.3,35.9,40.7,51.1,57.3,,,,,73.1,74.1,52.2,,80.3,88.2,82.2,,69.8,,68.3,60.1,,84.8,78.7,80.2,44.4,97.9,72.1,41.5,,67.5,65.0,,99.5,99.5,41.5,37.6,37.4,50.9,54.4,34.5,54.7,,67.6,,83.9,37.5,118.3,78.8,59.3,61.8,30.8,104.4,,,,,31.6,33.3,36.8,29.9,28.2,68.1,,,,,48.3,44.2,38.0,41.4,60.6,37.8,37.3,,58.0,56.7,56.9,60.7,45.1,51.2,33.2,47.2,,,39.0,73.6,55.3,54.4,,107.2,,82.8,,96.9,,,117.5,148.2,,46.8,44.1,,,72.2,,,78.4,59.1,89.9,121.6,133.2,88.2,84.9,27.7,73.3,70.1,151.5,83.2,96.3,115.8,108.1,,,72.5,55.5,,,,,,61.9,40.4,53.4,,55.1,53.8,,,71.8,70.7,59.3,,62.7,119.1,81.0,87.7,62.0
197508,55.8,57.5,59.2,70.4,70.2,72.5,76.4,71.4,53.0,54.1,52.6,,51.8,52.0,42.4,,55.6,,,62.3,59.4,64.5,55.6,61.8,69.2,66.4,32.0,68.8,60.9,76.4,34.4,72.5,106.9,85.4,64.4,56.6,96.4,23.1,,,55.4,84.4,31.5,50.1,,46.3,,,38.1,34.2,35.9,40.6,50.8,57.6,,,,,74.5,75.6,53.1,,82.7,90.2,82.7,,70.9,,68.8,64.3,,84.5,78.7,80.1,44.3,97.9,72.0,41.5,,67.5,64.9,,98.9,98.9,43.0,40.2,34.4,67.3,51.3,30.3,50.9,,67.3,,54.2,35.2,77.5,69.1,67.2,60.8,29.5,76.3,,,,,28.2,34.8,28.7,38.2,21.0,79.6,,,,,48.4,44.3,38.0,41.6,60.7,37.8,37.3,,58.0,56.8,57.0,60.6,45.2,51.2,33.1,47.5,,,39.1,73.6,49.2,48.1,,,,84.2,,249.2,,58.3,61.2,95.3,,42.4,34.5,,,60.1,,,78.9,59.1,88.1,121.5,132.9,88.7,82.8,27.7,73.3,69.8,135.8,83.2,97.1,116.5,107.9,,,72.8,55.6,,,,,,62.3,40.5,53.9,,55.3,53.1,,,72.0,70.8,59.3,,62.7,118.9,85.2,88.1,62.0
197509,57.0,59.5,64.7,80.5,80.7,80.7,85.0,72.3,53.0,54.1,52.7,,51.7,51.7,42.4,,55.5,,,62.0,59.4,64.1,55.6,62.0,69.5,65.3,29.4,57.5,57.3,77.1,30.7,79.9,99.5,80.0,63.3,55.8,98.2,23.0,,,55.6,84.9,31.7,51.0,,46.1,,,38.1,34.4,36.0,40.4,50.5,57.8,,,,,75.6,76.8,54.6,,83.2,91.1,83.7,,71.4,,69.0,65.8,,89.1,78.7,80.2,44.4,97.8,72.0,41.5,,67.4,64.7,,114.2,114.2,46.1,45.1,35.6,74.2,51.6,35.8,54.9,,67.8,,40.6,38.2,55.3,93.3,79.1,57.0,33.2,53.7,,,,,27.3,37.2,35.2,39.7,24.0,73.6,,,,,48.5,44.3,37.9,41.5,60.7,37.8,37.4,,58.1,57.1,57.2,60.4,45.4,51.2,33.1,48.0,,,39.2,73.5,56.0,55.1,81.2,,132.3,85.1,,187.9,,46.6,69.6,67.9,,49.7,33.4,,,68.8,,,79.1,59.5,89.0,121.6,133.2,88.5,83.7,27.7,73.2,69.8,141.4,83.2,97.9,119.3,108.0,,,72.9,55.8,,,,,,62.7,41.0,54.2,,55.6,53.6,,,72.2,70.8,59.2,,63.1,118.5,87.3,88.2,61.9
197510,57.9,61.4,65.5,81.8,82.1,82.3,87.0,72.7,53.0,54.1,52.9,,51.4,51.5,42.3,,55.1,,,62.9,59.4,65.3,55.3,61.4,70.5,66.6,29.4,57.9,56.1,76.3,30.2,53.0,106.9,81.7,65.3,57.7,99.6,23.8,60.6,,55.4,85.2,31.9,49.9,,45.8,,,38.2,34.5,36.0,40.5,50.6,58.2,,,,,76.2,77.5,55.9,,82.7,90.6,84.5,,71.6,,69.3,65.9,,89.0,79.9,81.5,45.0,100.2,72.6,41.5,,69.8,64.9,,111.1,111.1,53.3,56.6,39.7,68.1,54.4,34.7,74.6,,68.0,,35.6,38.2,51.5,78.5,99.6,56.5,44.6,50.8,,,,,31.6,69.9,47.3,58.2,38.8,75.4,,,,,48.5,44.4,38.2,41.6,60.9,37.7,37.4,,58.1,57.0,57.1,60.2,45.5,51.1,33.3,48.3,,,39.4,74.0,65.3,64.5,66.1,,46.9,100.0,,161.3,,53.0,,85.0,64.1,,,,,76.0,,,79.4,59.7,89.6,121.6,132.9,88.8,84.6,27.7,73.5,69.8,146.7,83.2,98.1,121.0,108.2,,,72.9,55.8,,,,,,63.0,41.0,54.3,,55.8,54.9,,,72.0,70.6,59.3,,63.4,118.0,87.4,89.8,61.8
197511,57.7,60.3,65.5,82.0,82.2,82.8,87.3,72.9,53.0,54.1,53.0,,51.4,51.3,42.3,,55.1,,,61.7,59.4,63.7,56.7,63.7,70.5,66.6,31.9,62.8,54.7,74.9,31.2,57.5,106.0,83.6,68.6,58.8,105.3,24.1,56.1,,55.8,86.2,32.3,50.5,,46.4,,,38.3,34.7,35.9,40.7,50.5,58.4,,,,,76.9,78.4,56.6,,82.7,90.8,87.5,,71.9,,69.6,66.9,,89.2,80.1,81.8,45.1,100.5,73.0,41.5,,71.7,65.0,,111.2,111.2,49.6,50.6,64.7,39.3,41.6,31.0,66.2,,68.0,,33.8,37.5,46.1,55.3,76.6,52.6,48.0,48.2,,,,,48.5,69.8,74.3,59.0,50.0,72.2,,,,,48.8,44.5,38.2,41.6,61.1,37.7,37.4,,58.0,56.8,57.0,60.1,45.8,50.9,33.3,49.1,,,39.6,74.6,51.2,50.2,63.5,79.9,31.0,96.9,,144.9,,55.3,,,40.4,,,,,60.3,,,79.4,59.8,89.5,121.6,133.0,88.5,84.4,27.7,73.4,70.0,144.4,83.2,98.2,122.9,108.0,,,72.9,55.8,,,,,,63.1,41.4,54.3,,55.9,55.0,,,72.0,70.2,59.4,,63.6,117.9,87.9,91.0,61.7
197512,57.7,59.9,65.5,82.1,82.3,83.0,87.3,72.8,53.0,54.1,53.0,,51.3,51.5,42.2,,54.9,,,61.6,59.3,63.7,57.5,64.7,71.6,62.1,31.2,61.5,51.5,76.7,30.8,60.0,104.7,84.8,70.8,60.8,112.7,24.1,50.8,,56.3,87.5,32.0,51.5,,47.6,,,38.4,34.8,36.2,40.6,50.8,59.1,,,,,77.7,79.2,57.3,,83.2,91.1,89.4,,72.3,,69.6,69.2,,88.4,80.1,81.7,45.1,100.5,73.1,41.5,,72.2,64.9,,108.8,108.8,46.7,45.9,76.8,33.1,28.3,27.3,60.1,,68.3,,35.2,36.0,43.5,48.1,57.6,50.3,52.9,47.8,,,,,63.2,78.0,94.5,72.0,46.9,74.7,,,,,48.8,44.6,38.5,42.0,61.2,38.0,37.5,,58.1,57.0,57.0,60.2,45.8,50.8,33.5,48.9,,,39.7,75.3,48.0,47.0,62.1,81.6,27.6,86.5,,118.5,,,,,49.6,,,,,63.7,,,79.7,60.0,88.5,121.5,133.0,88.4,83.2,27.7,73.3,69.9,136.8,83.2,98.5,122.6,107.8,,,72.9,55.8,,,,,,63.1,41.6,54.3,,56.2,54.9,,,72.2,70.4,59.4,,63.6,117.4,87.9,92.1,61.6
197601,58.7,61.4,65.5,82.1,82.3,83.0,87.4,72.6,53.0,54.1,53.0,,51.2,51.5,42.4,,54.7,,,60.8,59.4,62.5,58.9,67.6,73.6,67.4,33.2,,55.9,78.0,34.7,61.7,115.5,86.4,76.4,62.1,117.0,26.9,51.6,,56.6,87.6,32.2,52.3,,47.9,,,38.5,35.1,36.2,40.8,51.0,59.5,,,,,78.2,79.8,58.1,,83.1,91.2,90.7,,72.6,,70.1,70.5,,85.8,80.4,82.0,45.3,100.9,73.1,41.5,,72.5,64.9,,99.2,99.2,53.9,57.4,97.1,42.0,33.1,31.7,119.9,,69.9,,39.3,36.5,46.6,64.9,52.9,51.6,59.3,51.9,,,,,89.2,87.2,81.0,86.4,51.8,84.4,,,,,48.8,44.8,39.3,42.8,61.0,38.2,37.5,,58.1,57.2,56.9,60.2,45.8,50.7,33.5,48.9,,,39.7,75.7,48.3,47.2,61.2,80.9,27.9,85.1,,101.6,,,,,,,,,,63.2,,,79.9,60.2,88.4,121.4,132.9,88.0,83.2,27.7,73.5,69.8,136.9,83.1,98.5,122.9,107.3,,,72.9,55.9,,,,,,63.4,41.9,55.0,,56.4,55.6,,,72.4,70.2,59.4,,63.8,114.3,88.0,94.1,61.5
197602,59.2,62.3,65.5,82.1,82.3,83.4,87.4,72.5,53.0,54.1,53.3,,51.2,51.3,42.4,,54.6,,,60.9,59.5,62.6,57.5,64.6,71.4,62.2,28.3,,56.3,79.1,27.9,61.7,110.1,85.5,74.7,62.4,121.6,26.7,42.1,,56.7,88.0,31.8,52.1,,48.6,,,38.5,35.1,36.2,40.9,51.0,59.5,,,,,78.8,80.5,59.2,,83.4,91.5,91.4,,72.7,,70.2,70.4,,89.5,81.8,83.9,46.3,102.5,73.1,41.5,,72.6,64.7,,108.3,108.3,56.3,61.2,111.0,37.9,44.5,33.3,117.3,,70.8,,42.1,36.9,48.4,76.3,52.4,53.0,74.2,50.6,,,,,118.0,89.2,91.1,78.7,64.9,73.5,,,,,49.0,45.1,39.8,43.5,61.1,38.2,38.1,,58.1,57.1,56.7,60.2,46.0,50.3,33.7,49.4,,,39.9,75.8,52.5,51.5,62.3,81.0,29.7,90.3,,94.4,,,,,,,,,,85.1,,,79.7,60.5,88.5,121.3,132.9,87.9,83.4,27.7,73.5,70.2,137.3,83.1,98.4,122.7,107.3,,,72.9,55.9,,,,,,63.6,42.2,55.0,,56.6,55.7,,,72.6,70.8,59.5,,63.8,114.3,88.2,95.3,61.4
197603,59.3,62.3,66.4,82.1,82.3,83.4,87.5,72.6,56.8,58.0,56.7,,51.8,53.4,42.8,,54.6,,,61.9,61.9,63.0,57.3,64.2,71.5,63.1,27.0,63.1,55.6,79.1,26.8,62.6,110.7,83.4,73.0,62.3,125.1,26.7,34.8,,56.8,88.1,31.7,51.8,,49.1,,,38.6,35.1,36.2,41.0,51.1,59.6,,,,,79.2,81.0,59.7,,83.8,92.1,91.5,,72.7,,69.9,70.5,,91.9,86.3,89.6,49.7,108.8,73.0,41.5,,72.6,64.5,,105.7,105.7,53.0,55.9,78.1,23.2,57.5,23.9,79.4,,82.6,,41.4,34.6,46.5,81.1,50.3,53.7,74.0,49.7,,,,,128.0,90.5,83.6,68.5,59.0,59.2,,,,,49.1,45.3,40.4,43.8,61.1,38.3,38.0,,58.3,57.4,56.9,60.1,46.0,49.8,33.8,49.2,,,40.1,76.2,57.5,56.6,,79.1,30.6,87.2,,83.1,,,,,,,,,84.0,83.1,,,79.9,60.6,88.5,121.1,132.9,87.7,83.4,27.7,73.5,70.2,136.0,83.0,98.5,123.0,107.2,,,72.9,56.4,,,,,,63.8,42.3,55.4,,56.9,56.1,,,72.7,70.9,59.3,,64.5,114.2,88.2,96.6,61.4
197604,60.7,63.7,66.7,82.1,82.3,83.4,87.5,72.7,57.9,59.1,58.0,,52.6,56.3,43.4,,54.2,,,63.1,64.5,63.7,57.8,65.2,71.6,64.1,26.6,60.6,54.1,79.1,28.2,63.4,108.6,80.9,71.8,63.0,126.6,27.2,32.8,,56.9,88.1,31.7,50.5,,50.4,,,38.7,35.1,36.4,41.1,51.4,60.3,,,,,79.7,81.3,60.3,,83.9,92.3,92.0,,73.6,,70.7,70.8,,91.0,86.9,90.2,50.0,110.2,73.1,41.5,,72.9,64.5,,101.6,101.6,60.8,68.3,144.9,37.5,113.1,24.5,80.7,,88.4,,45.5,35.2,52.5,121.3,71.8,52.6,82.8,49.7,,,,,122.2,72.4,84.1,66.2,56.8,72.6,,,,,49.2,45.5,41.0,44.1,61.1,38.8,38.6,,58.3,57.5,56.9,60.2,46.1,49.6,33.7,49.5,,,40.4,76.2,56.2,55.3,,75.6,32.9,88.5,,75.3,,,,,,,,,66.0,75.9,,,80.1,60.6,88.5,121.3,132.9,87.9,83.4,27.7,73.4,71.2,134.6,83.0,98.3,123.0,107.4,,,72.8,57.6,,,,,,64.1,42.5,55.7,,57.7,56.2,,,73.1,71.0,59.5,,64.8,114.2,88.2,97.9,61.4
197605,61.0,63.5,66.9,82.1,82.3,83.4,87.5,72.9,58.2,59.5,58.0,,52.7,56.8,43.7,,54.2,,,63.7,65.7,63.9,58.5,66.4,71.4,65.9,27.7,62.1,54.1,78.5,28.7,64.2,104.8,82.0,72.5,62.9,129.1,26.6,,,56.9,88.0,31.9,46.4,,51.4,,,38.6,35.1,36.5,40.8,51.7,61.0,,,,,79.9,81.5,60.4,,83.9,92.5,91.9,,74.2,,71.6,71.1,,89.9,86.9,90.2,50.0,110.2,73.0,41.4,,73.1,64.4,,97.8,97.8,56.0,60.5,84.7,32.7,80.9,29.6,53.2,,89.7,,49.5,48.5,57.2,98.6,75.6,56.1,79.1,51.6,,,,,99.8,66.2,74.9,54.6,49.8,91.9,,,,,49.4,45.8,42.5,44.4,61.2,39.2,39.0,,58.4,57.4,57.0,60.2,46.1,49.5,33.8,49.3,,,40.6,76.2,58.8,57.9,,77.3,,87.8,,71.4,,,,,,,116.6,,67.2,76.2,,,80.4,60.6,88.5,121.1,132.8,88.0,83.5,27.7,73.3,72.1,133.7,82.8,98.4,123.0,107.3,,,72.9,58.2,,,,,,64.2,42.6,56.3,,57.8,56.2,,,73.3,71.1,59.3,,64.8,114.2,88.2,97.5,61.4
197606,61.1,62.9,66.9,82.1,82.3,83.4,87.5,73.0,58.3,59.6,58.0,,52.8,56.8,44.0,,54.2,,,63.7,66.3,63.8,58.1,65.6,71.5,70.4,28.3,50.8,56.2,77.1,30.4,68.5,100.6,78.7,70.9,63.9,127.0,27.0,,,56.8,87.2,32.0,46.7,,52.5,,,38.6,35.4,36.6,40.5,51.8,61.2,,,,,80.0,81.5,60.7,,83.9,92.3,91.7,,74.5,,71.9,71.2,,89.0,86.9,90.2,50.0,110.0,73.0,41.4,,73.1,64.4,,94.7,94.7,50.0,50.6,54.9,45.4,69.1,32.2,46.8,,89.0,,57.3,49.7,123.7,85.4,59.9,57.0,61.3,66.3,,,,,62.9,53.2,74.2,42.1,38.7,93.3,,,,,49.5,45.9,43.3,45.0,61.2,39.3,39.0,,58.3,57.3,57.1,60.2,46.4,49.5,34.0,50.1,,,40.9,76.2,64.3,63.6,,85.9,,88.5,,69.6,,,211.8,,,,81.9,,53.7,81.5,,,81.1,60.7,89.5,121.0,132.6,87.9,84.6,55.2,73.4,73.1,131.6,82.9,98.1,123.6,105.2,,,72.9,58.9,,,,,,64.4,42.7,57.0,,57.9,56.1,,,73.7,71.4,59.3,,64.4,114.2,88.5,98.0,61.4
197607,61.5,63.2,66.9,82.1,82.3,83.4,87.5,73.4,58.6,60.0,58.2,,53.0,57.3,44.3,,54.1,,,62.7,66.7,62.2,60.3,69.5,71.6,87.0,29.4,52.8,66.3,81.4,38.1,66.6,106.8,82.5,71.2,63.4,130.0,27.8,,,57.2,87.9,32.3,46.8,,52.2,,,38.6,35.5,36.5,40.5,52.0,61.5,,,,,80.5,82.2,60.8,,85.6,94.0,91.5,,74.6,,72.1,71.6,,90.3,86.9,90.1,50.0,109.5,73.1,41.3,,73.1,64.7,,99.3,99.3,46.4,44.8,63.8,54.3,56.9,34.2,43.9,,88.6,,76.4,49.2,92.9,67.4,75.3,54.5,52.6,124.4,,,,,44.7,36.1,40.7,38.2,34.5,64.8,,,,,49.8,46.1,44.1,45.2,61.5,39.9,38.8,,58.4,57.4,57.2,60.2,46.7,49.5,34.3,50.7,,,40.9,76.6,69.2,68.5,,104.7,,96.0,,69.0,,,125.7,179.3,,62.6,59.9,,,77.5,,,81.4,61.0,89.5,120.5,132.3,87.0,84.6,55.3,73.3,74.1,130.3,82.9,98.5,123.8,103.8,,,73.1,59.5,,,,,,64.4,42.5,57.2,,57.9,56.5,,,73.8,71.6,59.3,,64.7,114.0,88.2,98.9,61.4
197608,61.1,62.5,67.0,82.1,82.3,83.4,87.5,73.4,58.8,60.2,58.4,,53.1,57.6,44.4,,54.1,,,63.2,67.7,62.5,61.7,72.2,73.3,89.4,30.9,60.2,71.6,81.1,41.9,79.0,111.3,83.8,76.1,63.9,131.0,27.7,,,57.3,87.7,32.9,47.9,,52.4,,,38.8,35.7,36.8,40.6,52.0,61.5,,,,,80.7,82.3,60.9,,85.7,93.9,91.7,,74.9,,72.3,71.7,,89.9,86.9,90.2,50.1,109.5,73.0,41.3,,73.0,64.4,,98.1,98.1,46.7,45.2,35.6,69.4,60.8,32.8,57.1,,91.3,,57.6,51.7,67.1,84.8,72.7,51.7,56.4,100.5,,,,,40.6,38.7,31.8,35.3,24.5,71.3,,,,,49.9,46.4,45.1,45.7,61.7,40.2,38.9,,58.4,57.3,57.2,60.2,47.0,49.6,35.0,51.0,,,41.2,76.6,53.7,52.7,,,,95.3,,65.2,,69.3,71.4,124.9,,51.8,32.5,,,68.8,,,81.6,60.9,89.4,120.0,132.3,85.8,84.6,55.4,73.3,74.7,129.3,83.0,98.6,123.9,103.0,,,72.9,59.6,,,,,,64.8,42.6,57.6,,58.1,57.4,,,74.8,71.8,59.3,,64.8,114.0,88.1,99.3,61.1
197609,62.6,64.9,71.7,89.4,89.8,89.4,94.1,75.0,61.6,63.9,58.8,,53.7,58.7,44.9,,54.6,,,64.8,70.0,63.8,63.4,74.8,74.4,90.1,32.5,62.4,71.8,81.6,44.8,91.7,110.9,83.0,76.9,64.7,135.7,30.0,,,58.1,88.3,34.1,50.1,,52.8,,,39.0,35.9,37.1,40.9,52.4,62.0,,,,,80.4,81.9,61.3,,84.1,92.1,92.4,,74.9,,72.4,71.8,,92.6,86.9,90.2,50.1,109.5,73.5,41.3,,75.3,64.4,,106.9,106.9,53.2,55.4,46.5,79.2,65.3,38.5,67.1,,92.1,,45.7,43.2,57.4,115.9,62.4,54.7,66.1,70.5,,,,,42.8,60.1,47.5,40.4,31.5,73.1,,,,,50.4,47.0,48.4,46.5,62.0,40.7,39.2,,58.4,57.3,57.2,60.4,47.5,49.6,35.9,51.9,,,41.8,76.7,60.6,59.6,80.7,,154.9,94.4,,67.2,,52.9,64.0,78.5,,47.4,34.7,,,83.1,,,82.9,61.3,89.0,119.7,132.6,84.8,84.1,55.4,73.4,75.1,125.2,83.2,98.6,124.6,102.7,,,72.9,59.7,,,,,,65.1,43.2,58.4,,58.3,57.1,,,75.0,71.8,59.4,,65.2,114.2,88.2,99.4,61.3
197610,63.0,65.2,72.5,90.4,90.9,90.8,95.9,75.7,62.1,64.5,58.9,,54.2,59.6,45.4,,54.7,,,65.7,70.8,64.6,63.6,74.7,75.3,82.4,31.2,61.3,67.5,80.0,42.3,92.9,107.6,83.0,80.2,65.8,135.7,29.7,66.0,,59.0,88.9,35.5,50.3,,53.2,,,39.5,36.6,37.4,41.2,52.7,62.4,,,,,79.5,80.8,61.8,,81.6,89.2,92.3,,74.9,,72.5,71.8,,92.9,86.9,90.1,50.1,109.3,73.7,41.3,,75.8,64.6,,107.5,107.5,53.3,55.5,41.2,50.2,61.9,36.4,65.6,,92.2,,40.6,38.1,44.9,66.5,54.7,53.1,64.0,57.6,,,,,47.1,66.3,55.4,49.0,50.1,82.6,,,,,50.7,47.3,51.9,47.0,62.1,41.2,39.2,,58.7,57.6,57.6,60.6,47.7,49.4,36.5,52.4,,,41.9,76.9,62.9,62.1,62.1,,51.1,98.2,,80.0,,45.0,,66.1,63.2,,,,,83.2,,,83.8,61.4,88.5,119.4,132.0,84.6,83.7,55.4,73.3,75.2,121.6,83.0,98.9,124.6,103.1,,,73.0,59.8,,,,,,65.3,43.6,59.6,,58.6,55.9,,,76.1,71.8,59.5,,65.2,114.0,88.2,99.4,61.2
197611,63.0,64.2,72.7,90.6,91.0,91.4,96.1,76.8,62.5,64.8,59.5,,54.5,60.0,45.7,,55.0,,,65.8,71.6,64.6,65.0,76.7,75.9,86.4,34.6,61.6,65.8,80.2,47.0,102.5,109.0,84.2,88.8,66.4,137.3,30.3,60.7,,59.8,89.7,36.9,50.5,,53.1,,,39.8,37.1,37.8,41.3,53.5,63.0,,,,,78.8,79.9,61.8,,79.9,87.1,92.5,,74.8,,72.6,70.5,,91.5,86.9,90.1,50.1,109.1,73.5,41.3,,75.8,64.3,,103.0,103.0,46.6,44.4,31.9,32.6,31.7,32.3,46.2,,91.7,,40.2,35.9,39.8,40.8,47.1,50.7,57.3,54.4,,,,,62.1,67.1,100.8,57.1,55.0,77.4,,,,,51.0,47.7,54.9,47.5,62.3,41.4,39.3,,58.8,57.6,57.9,60.6,48.0,49.5,36.9,52.9,,,42.1,77.2,59.6,58.6,61.2,93.8,38.5,91.4,,77.6,,48.8,,,47.5,,,,,72.4,,,84.5,61.8,87.9,118.6,131.8,83.3,83.1,55.4,73.7,75.4,117.3,83.1,98.7,125.2,102.6,,,73.0,59.8,,,,,,65.7,43.8,60.2,,58.9,57.4,,,75.6,72.1,59.6,,65.3,114.2,88.2,99.5,61.1
197612,63.8,64.3,72.7,90.6,91.0,91.4,96.3,79.6,62.5,64.8,59.5,,54.6,59.9,46.0,,55.1,,,65.3,72.1,63.7,64.4,74.2,77.1,84.2,33.1,58.2,60.5,82.6,36.2,112.6,112.4,83.3,93.2,67.2,136.8,31.0,54.9,,61.8,91.1,41.4,50.9,,54.2,,,40.3,38.0,38.2,41.7,54.7,63.3,,,,,78.3,79.4,61.8,,78.5,85.5,92.7,,74.5,,72.4,69.7,,94.7,86.9,90.1,50.1,108.9,73.6,41.3,,76.0,64.3,,113.4,113.4,45.2,41.9,32.6,29.7,26.0,29.2,61.8,,92.4,,43.2,34.7,36.0,35.1,36.3,49.2,54.6,52.7,,,,,77.5,86.3,104.7,68.9,54.9,81.7,,,,,51.4,48.6,59.2,49.1,62.8,41.7,39.8,,58.8,57.5,58.1,60.6,48.1,49.4,37.9,52.7,,,42.1,77.5,62.7,61.7,63.8,85.9,39.7,93.4,,67.8,,,,,54.9,,,,,64.3,,,85.1,62.2,88.5,118.3,131.3,83.2,84.0,55.4,77.0,75.6,119.4,83.1,98.5,125.2,102.7,,,72.9,60.1,,,,,,65.9,44.7,60.3,,59.6,57.9,,,75.8,71.8,59.9,,65.3,114.0,88.2,100.7,61.1
197701,64.3,65.9,72.9,90.7,91.0,91.6,96.4,80.0,62.6,65.1,59.4,,54.9,60.3,46.5,,55.1,,,65.9,72.4,64.5,66.0,76.6,80.2,100.4,34.6,,63.9,83.0,36.4,110.4,126.2,84.4,91.2,67.9,137.1,31.5,59.5,,62.9,92.6,42.1,51.7,,54.2,,,40.6,38.3,38.4,42.2,55.4,63.7,,,,,78.3,79.3,62.1,,78.2,85.0,92.2,,74.6,,72.6,69.5,,93.4,87.6,90.1,50.1,108.9,77.3,46.7,,76.2,64.1,,107.9,107.9,51.4,51.7,45.1,38.1,33.2,35.7,88.4,,92.5,,53.6,34.7,40.2,46.5,38.5,49.8,53.8,59.7,,,,,97.8,87.5,93.6,67.1,49.4,99.2,,,,,51.7,49.1,61.4,49.9,63.0,42.3,39.8,,59.0,57.8,58.4,60.6,48.3,49.2,38.1,52.9,,,42.8,77.6,68.1,67.2,66.5,94.6,44.1,92.7,,61.8,,,,,,,,,,65.9,,,86.1,62.9,89.0,118.0,131.0,82.6,84.4,55.4,78.2,75.7,119.4,83.1,98.4,125.6,102.8,,,72.9,60.1,,,,,,66.2,45.1,60.4,,60.3,58.0,,,76.4,72.1,60.1,,65.5,114.0,88.2,101.1,61.1
197702,64.6,66.8,72.9,90.7,91.0,91.7,96.4,80.1,62.6,65.1,59.5,,55.0,60.5,46.6,,55.2,,,66.1,72.5,64.6,65.4,75.6,78.8,103.5,30.6,,66.4,82.4,32.8,116.4,125.6,83.6,89.9,66.9,139.4,32.0,52.3,,62.7,92.5,41.2,52.5,,54.2,,,40.8,38.5,38.7,42.4,56.0,63.8,,,,,78.2,79.3,62.3,,78.3,85.0,92.3,,74.5,,72.4,69.6,,96.2,87.5,90.1,50.1,108.8,77.3,46.7,,76.1,64.3,,117.1,117.1,56.4,59.7,81.5,41.4,42.4,40.9,118.3,,93.2,,53.6,37.4,40.2,63.4,34.9,49.7,56.0,57.8,,,,,123.6,90.6,99.1,70.3,75.0,89.9,,,,,52.0,49.4,62.7,50.4,63.5,42.4,39.8,,59.2,58.0,58.5,60.6,48.6,49.2,38.8,53.4,,,43.0,77.7,70.0,69.2,67.8,98.1,44.0,93.4,,58.3,,,,,,,,,101.0,72.5,,,87.4,64.1,89.2,117.8,131.0,82.3,84.6,55.4,79.3,75.8,119.0,83.1,98.5,125.5,102.6,,,72.9,60.2,,,,,,66.2,45.0,60.9,,60.6,58.1,,,76.4,72.1,60.0,,65.3,114.0,88.5,101.6,61.1
197703,65.0,67.5,72.9,90.7,91.0,91.7,96.4,80.7,62.6,65.1,59.6,,55.2,60.9,46.7,,55.2,,,66.1,72.8,64.6,66.0,76.3,79.6,100.9,28.8,73.9,66.8,81.8,35.7,119.6,126.6,84.4,90.3,67.7,140.8,33.0,45.4,,62.9,92.5,41.5,52.8,,54.7,,,41.1,39.0,39.1,42.4,56.8,64.2,,,,,78.3,79.4,62.4,,78.4,84.9,92.2,,74.5,,72.4,69.4,,102.1,87.5,90.1,50.0,108.8,77.3,46.7,,76.1,64.0,,136.7,136.7,56.8,60.2,77.8,27.8,49.6,43.3,101.9,,92.7,,56.9,41.5,41.7,77.3,36.2,49.2,66.9,59.5,,,,,133.3,78.3,91.8,67.8,62.6,80.2,,,,,52.4,50.0,64.3,52.0,64.0,42.3,40.0,,59.5,58.4,58.6,61.6,48.8,49.3,39.0,53.3,,,43.3,77.5,72.5,71.7,,103.2,43.8,91.4,,56.8,,,,,,,,,93.5,80.9,,,88.5,65.3,89.2,117.2,130.7,81.7,84.8,55.4,80.0,75.7,118.6,83.3,98.5,125.3,102.6,,,73.7,60.5,,,,,,66.6,45.7,61.4,,60.8,58.0,,,77.6,72.4,60.1,,65.5,114.0,88.5,101.1,61.1
197704,66.1,67.8,73.0,90.7,91.0,91.7,96.4,82.5,62.7,65.1,59.7,,55.2,60.9,46.9,,55.2,,,66.6,73.0,65.2,68.6,79.7,79.4,110.5,29.6,82.7,69.5,87.9,37.5,124.3,123.1,85.6,92.6,67.8,141.0,33.8,42.5,,65.9,99.5,43.4,51.1,,54.5,,,41.4,39.3,39.5,42.8,57.6,64.4,,,,,78.4,79.5,62.4,,78.5,85.1,92.4,,74.5,,72.4,69.4,,93.7,87.5,90.1,50.1,108.8,77.3,46.7,,76.3,63.7,,109.0,109.0,57.3,60.6,67.9,28.7,65.5,38.2,60.2,,92.4,,58.6,50.0,43.3,100.8,43.8,48.3,90.9,59.4,,,,,136.8,69.3,84.9,68.7,45.6,62.4,,,,,52.8,50.6,65.1,53.1,64.6,42.3,40.1,,60.2,59.2,59.3,61.9,49.0,49.2,39.4,53.4,,,43.9,77.7,73.9,72.9,,108.4,46.5,89.7,,58.0,,,,,,,,,72.2,91.8,,,89.5,66.1,89.8,117.6,131.0,81.7,85.6,55.4,80.1,75.9,121.1,82.8,98.5,126.1,102.6,,,75.7,61.7,,,,,,66.7,46.0,62.0,,60.9,58.3,,,77.0,72.6,60.2,,65.4,114.2,88.5,101.6,61.1
197705,66.7,68.2,73.0,90.9,91.0,91.7,96.4,83.3,62.7,65.2,59.6,,55.4,61.1,47.2,,55.3,,,66.5,72.9,65.1,70.3,80.6,79.8,103.3,31.2,71.9,69.2,103.2,37.4,134.1,118.2,90.2,90.6,68.7,140.6,34.2,,,70.7,110.1,46.9,49.9,,54.5,,,42.2,40.4,40.1,43.5,58.1,64.9,,,,,78.4,79.5,62.4,,78.6,85.3,92.4,,74.5,,72.3,69.5,,92.0,87.6,90.1,50.1,108.8,77.3,46.7,,76.3,63.9,,103.1,103.1,56.3,58.7,48.8,39.9,51.5,44.0,42.1,,92.4,,63.1,61.3,49.9,97.3,72.1,52.3,68.9,63.3,,,,,102.9,56.4,83.5,63.0,38.8,94.4,,,,,53.1,51.0,66.2,53.2,65.4,42.2,40.2,,60.9,59.8,60.4,61.9,49.2,49.2,39.8,53.4,,,44.2,77.9,76.7,75.8,,121.2,,89.4,,57.1,,,,,,,137.1,,70.1,81.1,,,90.3,66.9,90.1,117.7,130.9,82.1,85.8,55.4,80.3,76.1,122.2,82.9,98.6,125.8,102.6,,,77.2,62.6,,,,,,67.0,46.0,62.3,,61.2,58.6,,,77.5,72.6,60.4,,65.5,114.3,88.5,102.3,61.0
197706,66.4,67.2,73.0,91.0,91.0,91.7,96.5,84.5,62.8,65.2,59.7,,55.5,61.1,47.6,,55.3,,,66.2,73.0,64.7,72.0,81.6,79.2,107.5,32.3,67.2,71.9,116.0,39.3,130.6,112.6,91.5,91.8,67.9,140.8,34.7,,,75.3,120.2,49.6,52.5,,55.0,,,43.1,41.6,41.6,43.9,58.6,65.7,,,,,79.1,80.5,62.5,,80.6,87.6,92.2,,74.6,,72.4,69.4,,90.8,87.5,90.1,50.0,108.9,77.3,46.6,,76.1,64.1,,99.4,99.4,50.2,48.7,54.2,48.9,53.5,41.3,45.7,,93.2,,78.3,44.5,135.0,78.3,76.5,56.7,45.3,84.2,,,,,54.3,47.4,67.1,39.0,28.1,91.1,,,,,53.6,51.5,66.8,54.1,66.0,42.2,40.3,,61.3,60.3,60.5,61.7,49.6,49.2,40.2,54.3,,,44.6,77.9,68.9,67.9,,124.5,,89.5,,61.7,,,177.3,,,,75.8,,63.0,76.8,,,91.4,67.6,89.9,117.7,131.0,82.0,85.6,54.7,80.6,76.1,118.6,82.9,98.7,125.9,102.5,,,78.2,63.4,,,,,,67.1,46.4,62.5,,61.4,58.2,,,77.2,72.7,60.4,,65.4,120.2,88.5,103.1,61.0
197707,66.2,66.6,73.1,91.0,91.0,91.7,96.5,85.7,62.8,65.2,59.7,,55.6,61.1,47.9,,55.3,,,66.1,73.0,64.6,73.7,83.4,80.5,110.9,32.6,70.3,78.3,112.9,44.6,140.7,114.3,92.5,92.8,67.2,140.3,33.6,,,76.9,121.5,51.8,56.5,,55.1,,,44.6,43.0,43.3,45.6,59.7,67.5,,,,,79.8,81.2,62.5,,82.6,89.4,92.2,,74.9,,73.0,69.6,,90.9,87.5,90.1,50.0,108.8,77.3,46.6,,76.2,63.9,,99.9,99.9,46.0,41.6,40.1,58.4,48.6,43.2,42.6,,93.3,,81.8,43.1,89.5,81.1,78.8,55.9,44.5,141.7,,,,,36.0,35.8,38.3,30.6,34.7,83.1,,,,,54.0,51.9,66.8,54.8,66.7,42.2,40.4,,62.2,61.0,61.7,61.8,49.6,49.2,40.6,54.5,,,44.8,77.9,62.4,61.3,,,,82.5,,66.1,,,117.0,179.7,,57.9,51.8,,,69.4,,,92.6,68.7,89.8,118.0,131.5,81.8,85.5,54.7,80.6,76.1,117.3,83.1,98.6,125.8,102.5,,,78.3,63.5,,,,,,67.4,46.4,63.1,,61.5,58.2,,,77.8,73.0,60.3,,65.5,120.8,88.5,103.3,60.9
197708,66.3,67.6,73.0,91.0,91.0,91.7,96.5,86.2,62.8,65.2,59.8,,55.6,61.2,47.9,,55.3,,,65.5,73.0,63.7,76.7,88.9,81.9,135.0,38.2,76.5,88.3,108.3,50.4,144.6,122.5,92.9,101.2,67.1,142.2,35.3,,,75.9,116.3,53.1,59.9,,55.2,,,46.2,44.8,45.4,46.9,60.3,67.9,,,,,80.1,81.2,62.7,,82.7,89.2,92.0,,75.8,,74.0,70.7,,91.1,87.4,89.9,50.0,108.7,77.4,46.7,,76.3,64.2,,100.5,100.5,51.1,49.7,54.1,77.0,70.5,40.0,76.4,,93.1,,61.9,39.5,57.6,101.9,86.3,56.1,48.4,103.7,,,,,32.2,45.5,36.9,39.3,26.1,93.0,,,,,54.3,52.1,66.7,55.1,67.4,42.3,40.1,,62.8,61.8,62.2,62.5,49.8,49.1,40.7,54.7,,,44.9,77.7,57.6,56.3,,,,82.6,,68.7,,70.1,70.6,131.1,,53.7,40.6,,,70.7,,,93.4,69.1,89.7,118.1,131.5,82.1,85.4,54.7,80.6,76.3,116.3,82.9,98.6,125.8,102.5,,,78.7,63.6,,,,,,67.5,47.0,63.6,,61.6,58.4,,,77.5,73.1,60.2,,65.4,121.1,88.5,103.6,60.9
197709,67.4,69.4,76.7,97.3,97.6,96.2,101.8,89.9,62.9,65.2,59.9,,55.8,61.3,48.1,,55.3,,,65.7,73.2,64.0,77.3,89.0,82.0,128.4,35.3,73.0,79.5,100.2,44.7,139.6,119.2,91.1,98.1,67.3,141.3,36.2,,,76.1,114.8,54.7,62.0,,55.3,,,47.9,47.1,47.3,48.3,61.3,68.5,,,,,80.4,81.5,63.0,,83.1,89.7,92.1,,76.4,,74.5,70.9,,95.6,87.6,89.9,50.0,108.7,78.1,47.9,,76.3,64.1,,114.8,114.8,55.7,57.0,98.9,74.4,87.2,39.6,90.3,,93.7,,47.6,39.9,51.2,123.9,56.7,56.6,55.5,65.3,,,,,33.9,43.4,44.1,44.0,27.8,78.4,,,,,54.5,52.4,66.7,55.8,67.6,42.1,40.6,,62.8,61.8,62.4,62.5,50.2,49.0,41.2,55.4,,,45.3,77.9,61.8,60.7,88.0,,180.4,85.7,,72.8,,51.0,64.3,78.1,,55.7,36.8,,,90.5,,,94.3,69.6,89.8,118.1,131.5,82.2,85.5,54.7,80.8,76.3,115.8,83.0,98.6,125.9,102.5,,,79.2,63.9,,,,,,67.7,47.2,63.2,,61.5,59.9,,,77.2,73.1,60.4,,65.3,121.4,88.5,103.3,60.9
197710,67.8,69.7,77.3,98.7,98.9,97.9,104.0,90.9,62.9,65.2,59.9,,55.9,61.4,48.2,,55.3,,,67.6,73.3,66.5,76.8,87.9,81.6,118.0,34.6,71.2,79.2,100.0,48.0,127.5,121.5,94.8,100.8,69.3,139.9,35.3,75.5,,76.1,113.2,55.5,64.4,,55.5,,,49.1,48.4,49.1,48.8,62.2,70.0,,,,,80.3,81.3,63.0,,82.4,89.2,92.1,,76.7,,74.7,71.2,,95.8,87.7,89.8,50.0,108.3,78.9,48.9,,76.3,64.3,,115.7,115.7,52.7,52.1,65.4,39.8,52.5,34.7,59.2,,92.8,,45.0,40.6,45.5,63.8,55.6,55.7,55.2,57.4,,,,,38.6,45.9,42.0,53.7,32.8,77.9,,,,,54.7,52.6,66.9,56.2,68.1,41.9,40.4,,62.9,61.8,62.4,62.8,50.4,48.9,41.7,55.6,,,45.6,78.6,73.0,72.0,69.7,,61.2,89.5,,68.6,,50.2,,86.1,73.0,,,,,80.8,,,95.9,70.2,89.6,117.7,131.0,81.9,85.3,54.7,80.8,76.4,114.5,83.1,99.1,126.1,102.4,,,79.5,64.2,,,,,,67.8,47.3,63.3,,61.8,58.9,,,76.7,73.2,60.4,,65.3,128.8,88.5,103.7,60.8
197711,67.1,67.7,77.6,98.8,99.0,98.5,104.2,92.2,62.9,65.3,59.7,,56.3,61.5,48.3,,56.2,,,69.8,73.3,69.6,75.9,85.7,81.7,117.8,35.7,80.9,80.1,92.3,40.0,129.8,123.1,99.5,101.2,69.7,141.5,35.8,63.1,,76.5,112.6,57.1,64.6,,55.9,,,49.8,48.9,50.0,49.6,62.6,70.5,,,,,79.9,80.9,63.2,,81.5,88.1,91.8,,76.7,,74.7,71.1,,94.6,87.8,89.8,50.0,108.2,79.4,49.7,,76.3,64.3,,111.2,111.2,44.8,39.2,36.0,19.1,24.9,30.5,30.7,,92.1,,41.6,40.0,39.9,32.6,47.0,52.8,54.7,53.1,,,,,41.5,52.9,56.8,53.4,26.5,84.1,,,,,54.9,52.7,66.2,56.6,68.4,41.8,40.6,,63.1,62.1,62.5,62.8,50.5,48.8,41.6,55.6,,,46.0,79.3,60.0,58.8,61.4,94.8,38.2,93.8,,68.3,,53.1,,,50.2,,,,,73.7,,,96.5,70.5,89.6,117.1,130.3,81.7,85.3,54.7,80.7,76.8,113.2,83.2,99.0,125.9,102.4,,,79.6,64.3,,,,,,68.1,47.5,63.5,,62.0,58.9,,,77.0,73.4,60.4,,65.3,134.0,88.5,104.2,60.8
197712,66.9,67.1,77.9,98.8,99.0,98.6,104.2,95.5,63.1,65.4,59.8,,57.7,61.7,48.6,,59.1,,,70.4,73.4,70.4,74.0,81.4,81.7,101.5,33.6,68.9,71.0,93.9,33.3,133.0,120.8,99.2,103.3,69.1,143.2,37.4,57.6,,77.9,113.5,59.7,65.9,,56.1,,,50.6,49.7,50.6,50.1,63.2,71.4,,,,,79.7,80.6,63.2,,81.0,87.6,91.6,,76.5,,74.8,71.0,,96.4,88.0,89.9,50.1,108.5,80.0,50.1,,77.9,63.9,,116.7,116.7,44.4,38.2,27.3,23.4,19.3,27.0,40.8,,93.1,,42.7,39.7,39.8,35.4,35.7,52.6,55.2,51.4,,,,,49.2,73.0,82.2,72.9,27.6,77.4,,,,,55.1,53.4,63.6,57.5,70.1,41.8,40.7,,63.1,62.2,62.1,62.7,50.5,48.5,41.7,55.4,,,46.2,79.4,53.3,51.9,55.8,81.9,32.5,89.5,,63.0,,,,,53.2,,,,,63.5,,,96.8,70.3,89.6,117.0,130.0,81.6,85.5,54.7,80.9,78.2,111.9,82.8,99.1,126.1,101.9,,,79.8,64.5,,,,,,68.1,47.3,63.6,,62.1,59.2,,,76.8,73.1,60.4,,65.1,136.2,88.5,104.5,60.6
197801,67.2,68.1,78.0,98.8,99.0,98.6,104.2,95.8,63.1,65.5,59.7,,58.5,62.1,48.7,,60.6,,,70.7,73.3,70.8,76.7,85.8,83.0,116.6,37.5,,81.0,101.0,41.0,131.0,136.8,102.5,106.9,69.2,145.2,37.1,58.2,,79.2,115.3,61.1,65.7,,56.5,,,50.8,49.8,51.1,50.3,63.5,71.7,,,,,79.7,80.6,63.4,,80.9,87.3,91.4,,76.8,,74.9,70.9,,92.6,88.2,90.1,50.1,108.7,80.5,50.3,,79.5,64.0,,103.9,103.9,49.4,46.1,30.5,30.4,26.5,27.4,56.6,,92.5,,46.7,41.7,46.3,46.2,35.5,53.7,61.9,55.8,,,,,73.5,87.1,82.1,79.9,41.7,76.9,,,,,55.3,54.0,62.5,58.1,71.7,41.6,40.7,,62.8,62.1,61.9,62.7,50.8,48.6,41.8,55.6,,,46.5,79.6,52.7,51.3,53.4,80.3,32.1,94.1,,61.3,,,,,,,,,,65.3,,,97.0,70.2,89.8,116.8,129.9,81.5,85.6,54.7,81.0,79.7,111.4,82.7,99.1,125.9,101.8,,,80.0,64.6,,,,,,68.2,47.4,63.6,,62.0,59.1,,,76.4,73.2,60.4,,65.3,136.8,88.3,104.6,60.5
197802,67.6,68.7,78.2,98.8,99.0,98.6,104.2,96.2,63.1,65.6,59.7,,58.9,62.4,48.7,,61.1,,,71.2,73.5,71.4,75.7,83.3,81.2,118.0,29.2,,83.4,103.0,32.6,121.0,133.1,100.7,107.4,68.4,146.7,39.0,47.6,,80.2,115.5,64.5,66.4,,56.5,,,51.0,49.9,51.3,50.6,63.6,72.0,,,,,79.4,80.3,63.6,,80.8,87.1,90.2,,76.7,,74.9,70.6,,90.2,88.3,90.1,50.1,108.8,80.9,50.4,,80.8,63.8,,95.8,95.8,52.9,51.6,36.3,36.5,31.0,28.1,54.8,,93.6,,49.3,44.5,51.6,51.7,34.2,56.9,65.7,55.2,,,,,104.7,102.0,95.0,84.9,73.5,78.4,,,,,55.6,54.5,61.7,58.3,73.2,41.7,40.6,,62.8,62.2,61.7,62.9,50.8,48.6,41.7,55.4,,,46.6,79.7,57.2,55.9,51.0,79.1,33.7,95.2,,61.1,,,,,,,,,97.8,65.5,,,96.4,68.6,90.1,117.2,130.6,81.5,85.9,54.7,81.1,80.3,111.8,82.6,99.1,126.1,101.6,,,80.0,64.6,,,,,,68.2,47.1,63.9,,62.0,59.3,,,76.9,72.7,60.5,,65.3,137.1,88.5,104.7,60.5
197803,68.2,69.6,78.3,98.8,99.0,98.5,104.2,97.1,63.1,65.8,59.5,,59.1,62.7,48.9,,61.5,,,71.7,73.5,72.2,76.0,83.2,80.4,115.7,27.7,75.4,82.3,105.7,34.2,122.2,130.2,96.1,106.6,67.9,148.5,39.8,40.8,,82.3,117.7,69.7,66.7,,56.5,,,51.3,50.2,51.9,50.9,63.5,72.2,,,,,79.2,79.9,63.6,,80.4,86.7,89.6,,76.7,,75.2,70.6,,90.2,88.3,90.1,50.1,108.7,81.1,50.5,,81.7,63.7,,95.8,95.8,55.0,55.0,46.5,36.1,44.2,25.8,74.1,,93.1,,49.5,46.6,56.8,60.5,33.5,59.1,65.9,54.4,,,,,118.6,85.2,85.1,66.8,55.7,77.5,,,,,55.9,55.4,60.8,58.4,75.7,41.7,40.7,,62.9,62.2,61.9,62.8,50.8,48.4,41.6,55.0,,,47.1,80.1,65.9,64.9,,81.2,40.7,94.5,,57.8,,,,,,,,,89.0,84.8,,,95.7,67.3,90.2,117.1,130.5,81.4,86.0,54.7,81.0,80.4,112.6,82.6,98.4,126.1,101.1,,,80.1,64.3,,,,,,68.2,47.5,63.9,,62.3,59.3,,,77.2,72.2,60.6,,65.5,137.6,88.5,104.6,60.5
197804,68.9,70.1,78.3,98.9,99.0,98.5,104.2,98.6,63.1,65.8,59.4,,59.2,62.5,48.8,,61.8,,,71.8,73.5,72.3,76.0,82.8,79.5,108.5,27.4,71.0,77.7,105.6,32.7,111.9,129.5,89.6,106.6,68.2,145.7,40.6,37.5,,83.1,118.2,72.5,63.6,,56.8,,,51.6,50.3,52.2,51.1,63.6,72.5,,,,,79.2,79.8,63.6,,80.3,86.3,89.0,,76.7,,75.1,70.5,,90.6,88.3,90.1,50.1,108.5,81.0,50.5,,81.6,63.7,,97.0,97.0,56.3,57.0,66.8,31.1,75.0,23.5,70.6,,92.4,,48.0,47.8,57.3,99.6,36.9,61.1,58.3,54.3,,,,,120.1,69.0,76.8,64.9,42.9,71.2,,,,,56.1,55.9,60.4,58.1,77.0,41.6,40.8,,62.8,62.2,61.8,62.7,50.8,48.3,41.5,54.9,,,47.1,80.3,69.5,68.4,,85.7,53.8,94.7,,56.0,,,,,,,,,76.4,88.5,,,95.0,66.5,90.2,116.5,129.3,81.7,86.2,54.7,81.0,80.7,113.5,82.5,98.4,126.5,100.4,,,80.1,64.5,,,,,,68.4,47.7,64.1,,62.3,59.3,,,78.4,72.4,60.5,,65.4,137.4,88.2,104.6,60.5
197805,69.3,70.3,78.4,98.9,99.1,98.5,104.4,99.7,63.4,66.1,59.6,,59.5,62.6,49.2,,61.9,,,71.5,73.5,71.9,75.3,81.0,76.9,108.5,28.0,55.7,73.6,107.9,32.6,111.5,119.3,83.7,102.6,68.0,147.6,39.0,,,84.2,119.1,75.0,63.6,,57.0,,,51.6,50.2,52.5,51.2,63.4,72.6,,,,,79.0,79.7,63.7,,80.1,85.9,88.5,,76.7,,75.2,70.5,,89.3,88.3,90.1,50.1,108.5,81.0,50.4,,81.6,63.7,,92.8,92.8,56.0,56.5,87.5,33.4,57.5,26.7,50.3,,92.6,,48.3,55.6,58.2,92.1,56.7,63.4,41.0,55.1,,,,,102.8,68.0,74.2,54.2,35.4,86.6,,,,,56.3,56.4,60.2,58.5,78.2,41.8,41.0,,62.9,62.1,61.9,63.1,50.8,48.3,41.6,54.7,,,47.3,80.3,71.0,70.0,,97.2,,90.8,,56.2,,,,,,,121.0,,68.0,89.4,,,95.4,66.1,90.4,116.7,129.6,81.7,86.4,54.7,81.0,80.8,114.6,82.5,98.3,126.5,100.4,,,80.2,64.4,,,,,,68.4,48.0,63.9,,62.4,59.2,,,78.9,72.2,60.4,,65.3,137.7,88.1,104.5,60.5
197806,69.0,69.4,78.4,98.9,99.1,98.5,104.2,100.2,63.4,66.1,59.6,,59.4,62.4,49.1,,61.9,,,71.5,73.4,72.0,76.0,81.7,74.4,111.1,27.8,52.5,73.4,112.0,39.6,118.1,116.4,84.3,100.0,67.3,145.0,40.2,,,85.0,119.8,76.6,67.0,,57.4,,,51.7,50.4,52.4,51.0,63.3,72.7,,,,,78.9,79.5,63.7,,80.2,85.7,87.6,,76.9,,75.4,70.3,,88.1,88.3,90.1,50.1,108.6,81.0,50.4,,81.9,63.5,,88.8,88.8,48.7,44.6,55.6,44.4,71.7,33.6,41.4,,92.4,,57.1,47.7,121.5,82.6,52.4,67.2,31.8,70.1,,,,,52.8,43.1,55.9,39.4,26.5,74.7,,,,,56.4,56.7,60.0,58.8,79.0,41.6,41.0,,62.8,61.9,61.6,63.1,50.9,48.2,42.0,55.1,,,47.4,80.3,70.5,69.5,,108.9,,95.6,,69.0,,,186.5,,,,82.5,,62.0,70.8,,,94.9,65.0,90.6,116.6,129.5,81.6,86.5,54.7,81.0,80.9,115.3,82.4,98.4,126.2,100.4,,,80.5,64.4,,,,,,68.6,48.3,64.2,,62.3,59.2,,,79.5,72.6,60.4,,65.3,137.9,88.1,104.7,60.5
197807,69.2,69.8,78.3,98.9,99.0,98.6,104.2,100.6,63.4,66.1,59.6,,59.3,62.3,49.2,,61.9,,,71.3,73.3,71.6,77.6,84.0,73.8,121.6,29.3,56.7,80.0,116.2,40.3,115.6,121.4,85.6,98.9,66.8,144.6,40.0,,,86.8,123.5,78.3,73.8,,56.8,,,51.7,50.2,52.6,51.0,63.4,72.7,,,,,78.9,79.6,63.5,,80.8,86.4,86.8,,76.7,,75.2,69.8,,88.7,89.9,92.1,51.4,110.4,81.0,50.3,,82.1,63.5,,86.9,86.9,53.0,51.2,60.3,75.4,114.5,42.3,102.6,,92.0,,75.1,40.3,111.6,147.8,50.9,63.8,32.0,116.6,,,,,33.9,44.6,46.3,36.6,46.0,85.2,,,,,56.8,57.1,59.7,59.1,80.0,41.9,41.0,,62.8,62.0,61.8,63.3,51.3,47.9,42.0,56.0,,,47.6,80.3,64.0,62.8,,,,103.7,,89.2,,,132.6,189.0,,60.8,52.2,,,62.2,,,94.8,64.5,90.5,116.7,129.7,81.5,86.5,54.7,81.1,80.9,115.1,82.5,98.3,126.1,100.3,,,80.4,64.4,,,,,,68.7,48.5,64.5,,62.3,59.3,,,79.6,72.5,60.4,,65.2,139.1,88.1,104.6,60.4
197808,69.4,71.0,78.3,98.9,99.0,98.6,104.2,100.6,63.5,66.1,59.6,,59.3,62.2,49.1,,62.0,,,71.5,73.3,71.9,81.5,90.4,75.9,154.0,34.1,66.4,94.2,117.7,45.9,128.5,132.1,92.0,106.0,68.0,143.1,40.3,,,88.3,126.0,79.7,75.9,,56.8,,,51.8,50.7,52.7,51.0,63.2,72.2,,,,,79.2,79.8,63.6,,81.5,87.1,86.8,,76.7,,75.1,69.9,,90.5,91.7,94.4,52.6,112.7,81.0,50.3,,82.1,63.6,,88.8,88.8,57.8,58.8,99.1,88.1,101.8,41.5,87.9,,90.8,,56.4,38.5,93.0,131.4,57.3,62.5,33.7,83.9,,,,,34.5,54.5,41.0,51.3,42.6,84.1,,,,,56.9,57.6,59.7,59.4,81.2,41.9,41.2,,62.8,61.8,61.9,63.2,51.4,47.8,42.2,56.6,,,47.8,80.1,63.8,62.7,,,,100.4,,97.7,,78.2,70.9,131.4,,55.7,52.8,,,64.7,,,94.6,64.1,90.5,116.2,129.0,81.2,86.5,54.7,81.1,80.9,114.7,82.4,98.4,126.2,100.4,,,80.4,64.6,,,,,,68.9,48.4,64.5,,62.3,59.8,,,79.9,72.5,60.4,,65.2,139.3,88.1,104.3,60.4
197809,70.1,71.9,78.3,98.9,99.0,98.6,104.2,100.5,63.5,66.1,59.6,,59.4,62.3,49.0,,62.0,,,71.5,73.2,72.0,80.2,87.9,76.4,135.4,34.3,59.7,89.7,117.3,46.1,104.0,126.4,90.0,104.8,66.8,141.8,39.8,,,88.8,126.9,80.4,74.0,,57.2,,,51.8,50.7,52.9,51.0,63.0,72.1,,,,,79.3,80.0,63.6,,81.7,87.3,87.4,,76.6,,74.9,69.9,,93.7,92.1,94.7,52.8,113.8,80.8,50.3,,82.0,63.4,,98.6,98.6,61.4,64.7,84.3,89.3,91.9,56.0,67.4,,90.9,,48.5,43.1,70.0,103.5,68.7,62.0,40.0,60.6,,,,,35.9,68.7,46.9,64.2,58.9,82.1,,,,,57.0,57.9,59.2,59.4,82.1,41.6,41.4,,62.7,61.5,62.1,63.1,51.5,47.7,42.3,56.5,,,47.9,80.4,69.1,67.9,95.6,,202.2,104.5,,84.1,,59.5,77.7,83.1,,63.9,61.1,,,68.6,,,94.8,64.1,90.2,115.1,127.7,81.0,86.4,54.7,81.1,80.7,114.5,82.3,98.3,126.2,100.0,,,80.3,64.5,,,,,,68.7,48.0,64.7,,62.1,59.8,,,78.4,72.6,60.4,,65.0,139.4,88.1,104.5,60.5
197810,70.3,72.0,78.4,98.9,99.0,98.6,104.2,99.8,63.6,66.2,59.6,,59.4,62.2,49.1,,62.2,,,71.9,73.2,72.4,78.8,85.3,76.9,127.3,31.6,64.3,85.9,111.8,37.0,85.8,123.4,92.7,104.5,67.1,143.4,41.2,77.3,,89.1,127.5,80.9,73.4,,57.0,,,51.8,50.6,52.9,51.0,62.8,71.7,,,,,79.0,79.8,63.9,,80.9,86.3,87.4,,76.6,,74.8,69.9,,92.9,92.2,95.0,52.8,114.1,80.8,50.3,,81.7,63.4,,95.6,95.6,59.2,61.0,65.3,42.4,52.9,44.0,80.1,,89.8,,44.2,45.9,67.1,82.7,87.3,61.5,50.3,54.1,,,,,37.5,64.2,50.1,71.7,51.8,86.6,,,,,57.3,58.2,58.6,60.1,82.9,41.6,41.4,,62.6,61.4,61.9,63.1,51.7,47.8,42.2,57.0,,,47.9,80.9,79.7,78.8,71.1,,71.5,126.6,,75.6,,55.1,,91.0,83.0,,,,,66.8,,,94.9,63.7,89.9,114.7,127.1,80.9,86.2,54.7,81.1,80.3,114.1,82.2,98.3,126.1,100.0,,,80.5,64.4,,,,,,68.9,48.0,65.1,,62.2,59.9,,,79.7,72.4,60.4,,65.1,139.7,88.2,104.3,60.4
197811,69.6,69.9,78.3,98.9,99.0,98.6,104.2,98.5,63.4,66.1,59.3,,59.3,62.2,48.9,,62.1,,,71.9,73.3,72.3,77.4,82.4,77.9,118.4,33.6,61.4,81.7,105.3,34.3,77.9,119.6,92.7,103.1,67.4,141.7,40.9,61.7,,89.5,127.5,81.8,74.2,,57.4,,,51.9,50.7,52.8,51.3,62.4,71.5,,,,,78.7,79.4,64.0,,80.1,85.3,87.2,,76.6,,74.6,69.6,,93.2,92.1,94.9,52.8,113.9,80.7,50.1,,81.8,63.4,,96.5,96.5,52.0,49.2,53.7,23.5,28.2,33.7,47.6,,89.9,,42.5,46.2,67.7,48.1,67.1,57.6,58.2,51.2,,,,,50.6,92.8,91.0,55.6,46.7,81.8,,,,,57.4,58.6,58.3,60.1,83.6,41.6,41.5,,62.5,61.4,61.8,63.0,51.7,47.7,42.3,57.1,,,48.0,80.8,65.9,64.9,69.9,101.6,44.1,115.7,,69.9,,59.4,,,49.0,,,,,64.7,,,94.8,63.5,89.7,114.2,126.3,81.0,86.0,54.7,81.1,80.3,113.3,82.0,98.3,126.1,99.8,,,80.5,64.5,,,,,,68.9,48.1,65.3,,61.8,59.7,,,79.1,72.4,60.4,,65.1,139.7,88.2,104.6,60.5
197812,69.5,69.4,78.3,98.9,99.1,98.6,104.2,94.9,63.4,66.1,59.3,,59.3,62.2,49.0,,62.0,,,71.1,73.3,71.5,76.7,81.2,79.4,122.8,35.6,58.2,81.9,107.9,36.9,79.7,123.9,89.6,108.4,67.4,142.4,41.2,58.8,,89.8,127.6,83.2,73.4,,57.6,,,51.9,50.7,53.0,51.2,62.1,71.4,,,,,78.7,79.3,64.2,,79.7,84.9,87.4,,76.6,,74.6,69.5,,96.4,92.1,94.8,52.8,113.5,80.7,50.2,,81.9,63.2,,107.1,107.1,48.9,44.1,35.4,22.3,20.6,27.1,37.7,,90.9,,43.9,46.0,71.4,38.2,58.7,56.3,67.6,49.5,,,,,66.9,79.9,97.4,65.4,45.0,88.6,,,,,57.5,58.6,56.9,60.4,83.7,41.5,41.6,,62.3,61.3,61.6,63.0,52.1,48.3,42.4,57.7,,,48.2,80.6,64.9,63.7,71.6,99.1,40.7,101.1,,58.9,,,,,47.9,,,,,60.4,,,94.6,63.0,89.6,113.5,125.3,81.0,85.9,54.7,81.1,80.3,112.9,81.7,98.2,125.8,99.9,,,80.3,64.6,,,,,,68.8,48.2,65.3,,61.8,59.2,,,79.4,72.4,60.4,,65.2,139.6,88.2,104.1,60.4
197901,69.6,70.0,78.3,98.8,99.0,98.6,104.2,94.3,63.6,66.3,59.4,,59.3,62.2,49.0,,61.9,,,71.3,73.3,71.5,78.8,84.9,82.5,132.0,32.3,,85.2,113.3,40.5,85.4,133.4,89.8,114.2,68.7,142.4,41.5,59.9,,91.1,129.3,85.4,73.8,,57.4,,,51.9,50.7,52.8,51.3,61.9,71.4,,,,,78.5,79.2,64.3,,79.2,84.2,87.6,,76.4,,73.6,69.5,,91.5,92.1,94.9,52.8,113.8,80.6,50.1,,81.9,63.1,,91.4,91.4,50.8,47.1,35.4,24.1,22.3,25.3,49.6,,89.9,,49.5,47.1,78.5,37.1,56.4,54.8,74.5,51.8,,,,,92.9,79.0,85.5,75.1,45.3,78.4,,,,,57.6,58.6,56.9,60.4,83.6,41.7,41.5,,62.4,61.4,61.8,63.1,52.4,49.1,42.7,57.9,,,48.3,80.3,66.7,65.6,74.1,104.5,41.8,90.5,,57.0,,,,,,,,,,65.8,,,94.6,63.2,89.6,113.2,125.3,80.3,86.0,54.6,81.1,80.4,112.9,81.7,98.2,125.8,99.9,,,80.2,64.6,,,,,,68.8,48.3,65.2,,62.1,59.2,,,79.5,72.2,60.4,,65.3,139.6,88.2,104.2,60.3
197902,69.4,69.7,79.4,100.9,101.2,98.8,104.9,93.7,63.6,66.3,59.6,,59.3,62.2,49.0,,61.9,,,71.9,73.3,72.5,77.9,82.8,81.5,129.1,27.5,,90.9,116.0,31.2,81.7,130.6,85.0,116.5,68.2,143.9,42.5,47.4,,91.1,129.3,85.8,73.2,,58.1,,,52.3,50.9,52.9,51.8,61.6,71.4,,,,,78.1,78.7,64.5,,78.8,83.4,86.4,,76.4,,73.6,69.5,,89.1,92.1,94.9,52.8,113.8,80.6,50.2,,81.6,63.1,,83.4,83.4,49.9,45.7,28.3,17.9,21.3,20.0,42.1,,90.1,,46.8,47.5,83.0,33.2,54.7,50.3,75.7,47.5,,,,,115.2,87.1,98.1,79.3,63.2,69.2,,,,,57.6,58.5,56.7,60.4,83.7,41.4,41.8,,62.2,60.9,61.7,63.1,52.7,50.1,42.5,57.8,,,48.5,80.0,68.1,67.1,75.1,106.3,42.3,89.4,,56.2,,,,,,,,,86.1,67.9,,,94.8,63.0,89.5,113.2,125.0,80.6,85.9,54.6,81.2,80.3,113.1,81.6,98.0,125.8,99.7,,,80.1,64.4,,,,,,68.7,48.3,65.0,,62.0,59.2,,,79.5,72.0,60.4,,65.3,139.4,88.2,104.2,60.2
197903,70.0,70.6,79.6,101.2,101.4,98.9,105.0,93.7,63.6,66.3,59.6,,59.1,61.7,49.0,,61.9,,,71.8,73.2,72.3,77.7,82.9,80.6,131.3,27.3,69.4,87.9,115.9,30.2,80.9,130.0,82.6,113.6,68.6,145.9,43.3,38.7,,90.8,129.2,85.5,72.7,,57.9,,,52.2,50.9,53.0,51.8,61.4,71.2,,,,,78.0,78.4,64.5,,78.4,83.0,85.6,,76.3,,73.5,69.2,,89.9,92.1,94.9,52.9,113.7,80.6,50.3,,81.6,63.0,,85.8,85.8,54.0,52.1,42.4,26.7,32.7,20.1,46.3,,89.5,,45.1,46.3,80.9,47.6,64.4,45.7,74.2,46.5,,,,,128.3,82.9,97.8,72.4,60.2,73.6,,,,,57.8,58.6,56.2,60.3,84.0,41.2,41.9,,62.3,61.0,61.8,63.1,53.0,51.2,42.7,57.9,,,48.6,79.8,71.1,70.1,,108.1,44.1,90.0,,54.3,,,,,,,,,83.6,77.3,,,95.1,63.7,89.5,112.8,124.3,80.4,86.0,54.6,81.1,80.3,113.3,81.9,98.1,126.1,99.9,,,80.1,64.4,,,,,,68.7,47.8,65.0,,62.2,59.4,,,79.5,72.0,60.4,,65.2,139.4,88.3,104.0,60.1
197904,70.9,71.4,79.6,101.2,101.4,98.9,105.0,93.8,63.6,66.2,59.6,,59.2,61.7,49.2,,61.9,,,71.6,73.2,72.2,80.0,86.7,81.2,132.3,29.5,75.0,89.7,115.8,33.0,80.9,129.7,81.6,114.2,70.2,148.8,44.8,37.1,,91.2,130.7,85.3,69.1,,57.9,,,52.2,50.9,53.0,51.6,61.3,71.2,,,,,77.8,78.3,64.7,,78.3,82.6,84.9,,76.3,,73.4,69.2,,90.3,92.1,94.9,52.9,113.5,80.6,50.4,,81.4,62.8,,87.1,87.1,56.8,56.7,45.1,32.4,53.9,25.6,43.5,,89.4,,46.3,45.3,86.5,80.5,85.2,43.6,68.3,47.3,,,,,136.0,69.8,93.6,64.7,59.2,75.4,,,,,57.9,58.6,56.2,60.3,84.1,41.3,42.0,,62.3,61.0,61.9,63.0,53.1,51.7,42.7,57.8,,,48.8,79.9,70.6,69.5,,109.6,52.7,87.3,,57.5,,,,,,,,,71.1,73.1,,,95.5,64.1,89.6,112.5,123.8,80.6,86.1,54.6,81.2,80.6,113.6,81.7,98.1,125.3,99.8,,,80.3,64.6,,,,,,68.8,47.8,65.4,,62.3,59.6,,,79.5,72.3,60.4,,65.1,139.1,88.3,103.1,60.1
197905,71.5,71.7,79.6,101.2,101.4,98.9,105.0,93.6,63.6,66.2,59.6,,59.1,61.6,49.2,,61.8,,,71.5,73.2,72.1,80.2,87.3,80.4,120.9,30.4,69.4,83.7,115.7,34.1,81.6,125.2,82.9,113.3,70.0,150.6,46.1,,,91.4,132.0,84.6,68.2,,58.5,,,52.1,50.8,53.0,51.6,61.0,70.9,,,,,77.8,78.3,64.9,,78.2,82.6,84.5,,76.2,,73.5,69.2,,89.9,92.1,94.8,52.9,113.2,80.8,50.7,,81.5,62.9,,85.7,85.7,56.0,55.4,36.3,39.6,56.5,33.7,53.2,,89.6,,50.9,50.6,92.1,86.0,101.6,48.9,47.6,48.5,,,,,120.4,61.8,83.6,60.8,49.4,83.7,,,,,57.9,58.6,56.1,60.2,84.3,41.4,42.0,,62.2,60.9,61.6,63.0,53.1,51.9,43.0,57.3,,,49.0,79.9,76.4,75.5,,113.6,,91.4,,61.9,,,,,,,134.1,,70.7,79.7,,,95.7,64.4,89.6,112.5,124.3,80.2,86.1,54.6,81.1,80.4,113.7,81.7,98.0,125.8,99.7,,,80.5,64.6,,,,,,68.7,47.8,65.4,,62.1,59.6,,,79.0,72.0,60.4,,64.9,139.4,88.3,103.1,60.1
197906,71.6,70.9,79.6,101.2,101.4,98.9,105.0,93.3,63.6,66.2,59.7,,59.1,61.7,49.2,,61.7,,,71.5,73.2,71.8,80.2,87.3,79.5,128.7,30.7,58.3,83.7,115.8,39.4,79.5,120.0,86.3,108.9,71.1,149.4,44.3,,,91.3,130.6,85.4,69.0,,59.8,,,52.1,50.6,53.0,51.6,61.0,71.1,,,,,78.4,79.1,65.3,,79.7,84.2,84.5,,76.3,,73.5,69.1,,89.2,92.1,94.8,52.9,113.2,81.0,50.7,,81.9,63.1,,83.7,83.7,50.8,46.9,38.6,45.2,51.9,34.9,50.6,,89.0,,69.9,42.4,124.6,77.4,72.3,53.6,39.1,63.1,,,,,72.2,46.5,66.2,44.6,31.6,82.5,,,,,58.1,58.8,56.9,60.4,84.8,41.6,42.1,,62.3,61.3,61.9,63.0,53.3,52.1,43.4,57.4,,,49.4,79.8,75.3,74.2,,117.8,,97.0,,76.0,,,178.5,,,,81.4,,66.1,78.0,,,96.1,65.1,89.6,112.7,124.3,80.3,86.1,54.6,81.1,80.3,113.5,81.6,98.0,125.9,100.3,,,80.5,64.6,,,,,,68.8,47.8,65.5,,62.2,59.7,,,79.9,72.1,60.4,,64.8,139.3,88.3,102.8,60.2
197907,72.2,72.2,79.6,101.2,101.4,98.6,104.9,93.3,63.6,66.4,59.6,,59.1,61.4,49.2,,61.7,,,71.6,73.3,71.9,80.9,88.7,82.3,126.8,32.0,61.4,96.7,118.1,43.8,82.3,128.3,88.9,103.1,71.9,150.8,43.8,,,90.8,129.2,84.9,69.4,,60.3,,,52.2,50.9,52.9,51.6,61.0,71.0,,,,,78.7,79.5,65.4,,80.6,85.1,84.8,,76.1,,73.1,69.1,,89.1,92.1,94.8,52.9,113.2,81.1,50.7,,81.9,63.3,,83.3,83.3,61.1,63.3,62.1,76.0,97.4,40.8,79.0,,88.7,,124.0,40.6,176.4,111.2,70.4,54.5,42.0,128.7,,,,,67.9,68.3,66.2,54.2,55.4,86.0,,,,,58.2,58.9,56.8,60.1,85.0,41.8,42.2,,62.5,61.4,62.1,62.9,53.6,52.2,44.2,57.5,,,49.8,79.9,70.3,69.3,,,,110.2,,141.3,,,122.9,198.5,,65.2,56.6,,,79.3,,,96.6,65.9,89.6,112.7,124.3,80.3,86.2,54.6,81.0,80.6,113.3,81.8,98.0,126.1,100.4,,,80.6,64.6,,,,,,68.9,47.8,65.4,,62.3,59.9,,,79.8,72.2,60.4,,64.8,139.3,88.3,103.7,60.1
197908,71.5,71.3,79.6,101.1,101.4,98.6,104.9,93.1,63.6,66.3,59.6,,59.1,61.5,49.3,,61.8,,,71.6,73.3,71.9,83.1,92.6,85.0,145.6,32.6,67.8,106.7,117.3,46.6,91.6,139.1,92.0,105.6,77.3,152.5,45.2,,,90.8,128.8,84.9,68.8,,60.4,,,52.3,51.1,53.1,51.6,61.0,71.0,,,,,79.0,79.6,65.7,,80.1,84.4,85.5,,77.1,,74.4,69.2,,90.5,92.1,94.8,52.9,113.1,81.1,50.9,,81.7,63.1,,87.8,87.8,53.9,51.6,52.3,79.4,70.5,38.3,65.4,,89.0,,75.3,46.0,93.9,104.2,76.9,54.0,42.4,96.4,,,,,69.1,41.8,35.3,47.9,27.8,82.6,,,,,58.4,59.0,56.6,59.8,85.5,41.8,42.1,,62.8,61.5,62.4,62.8,53.8,52.3,45.1,57.9,,,49.8,79.7,64.8,63.6,,,,115.1,,196.2,,76.0,65.8,138.3,,54.9,54.0,,,74.6,,,96.8,66.2,89.6,113.0,125.1,79.9,86.2,54.6,81.1,80.6,113.5,81.6,97.9,125.8,100.3,,,80.5,64.4,,,,,,68.9,47.8,65.5,,62.3,60.0,,,79.9,71.9,60.3,,64.8,139.6,88.2,103.7,60.1
197909,72.4,71.8,79.6,101.2,101.4,98.8,104.9,93.2,63.6,66.2,59.7,,59.4,61.9,49.5,,61.9,,,71.5,73.3,71.8,81.5,89.5,85.6,129.9,32.5,65.2,98.9,115.9,46.2,82.3,127.7,89.4,103.0,81.4,157.2,43.9,,,90.6,128.1,84.9,68.4,,60.9,,,52.5,51.1,53.5,52.0,60.9,71.1,,,,,79.0,79.5,66.0,,79.4,83.5,86.1,,77.5,,74.9,69.3,,96.3,92.2,94.8,52.9,113.1,81.2,51.1,,81.6,63.0,,106.5,106.5,57.2,56.9,45.6,86.7,73.1,35.6,68.1,,88.4,,62.5,48.0,69.1,86.8,69.0,52.8,42.2,60.2,,,,,66.6,50.0,50.7,50.2,34.8,78.2,,,,,58.7,59.1,56.4,59.7,85.6,42.1,42.1,,63.1,62.0,62.8,62.7,54.1,52.6,46.1,57.9,,,50.4,80.1,65.4,64.2,90.7,,188.9,112.2,,147.2,,57.5,61.2,76.7,,59.2,51.8,,,78.2,,,97.4,66.7,89.7,112.8,124.6,80.2,86.3,54.6,81.1,80.8,113.6,81.7,98.0,126.1,100.5,,,80.9,64.3,,,,,,68.9,47.9,65.8,,62.6,60.1,,,79.4,71.8,60.3,,64.8,139.4,88.2,103.7,59.9
197910,73.3,73.3,79.6,101.1,101.4,98.8,104.9,92.8,63.6,66.4,59.5,,59.5,62.1,49.6,,62.0,,,71.2,73.3,71.2,81.7,90.6,88.3,130.6,35.1,72.7,97.6,110.0,45.0,70.7,132.0,90.6,109.8,91.2,153.6,46.1,82.6,,89.7,125.8,83.7,67.2,,61.0,,,52.8,51.6,53.8,52.1,61.1,71.3,,,,,78.5,78.7,66.4,,77.7,81.2,86.1,,77.9,,75.4,69.4,,94.4,92.1,94.7,52.9,112.7,81.3,51.3,,81.6,62.8,,100.5,100.5,63.7,67.2,47.6,88.2,66.3,43.3,93.5,,87.2,,54.2,44.4,59.4,88.1,62.8,53.9,42.2,56.2,,,,,67.3,95.0,86.0,60.4,55.1,85.4,,,,,58.9,59.1,56.2,59.7,85.8,42.3,42.2,,63.8,62.8,63.3,62.8,54.3,52.7,46.6,58.2,,,50.4,80.0,74.0,73.0,72.4,,62.6,109.1,,150.1,,52.4,,71.0,85.7,,,,,75.2,,,97.5,67.1,89.6,112.7,124.4,80.1,86.3,54.6,81.1,80.8,113.5,81.9,97.8,125.6,100.4,,,80.7,64.7,,,,,,69.1,48.5,66.2,,62.9,60.5,,,79.5,71.9,60.2,,64.7,139.4,88.3,103.7,59.9
197911,73.0,72.2,79.7,101.2,101.4,98.8,104.9,92.4,63.6,66.3,59.2,,59.6,62.3,49.8,,62.1,,,71.7,73.3,71.9,81.4,90.1,89.8,124.4,38.9,72.3,95.5,98.9,48.3,67.4,127.7,88.3,111.2,100.8,153.0,46.8,65.5,,88.8,124.2,83.2,67.1,,60.8,,,53.0,51.8,53.8,52.6,61.3,71.5,,,,,78.5,78.7,67.0,,77.0,80.1,86.2,,77.9,,75.4,69.0,,98.1,92.1,94.6,52.9,112.9,81.4,51.4,,81.6,63.0,,113.0,113.0,61.3,63.2,47.7,60.4,55.6,38.1,102.8,,88.2,,49.5,43.2,46.1,76.6,57.8,52.3,42.9,53.5,,,,,95.5,129.4,121.9,70.6,67.6,91.1,,,,,59.2,59.3,56.0,60.1,86.2,42.4,42.2,,64.2,63.2,63.6,62.7,54.6,53.1,47.4,58.2,,,50.7,80.2,61.4,60.3,72.2,112.4,36.3,108.6,,139.0,,60.0,,,55.1,,,,,78.0,,,97.5,67.3,89.7,112.8,124.3,80.6,86.4,54.6,81.1,80.7,114.6,81.7,97.8,125.5,100.4,,,80.8,64.3,,,,,,69.1,48.7,66.3,,63.0,60.5,,,78.8,71.9,60.2,,64.7,139.0,88.4,103.3,59.9
197912,73.5,72.7,79.7,101.2,101.4,98.8,104.9,90.6,63.7,66.5,59.5,,59.6,62.1,49.9,,62.1,,,71.8,73.3,72.0,80.8,89.4,91.7,104.6,36.9,73.5,93.1,102.9,42.7,70.5,127.5,87.0,113.6,106.1,163.2,51.2,64.8,,88.1,122.6,82.0,65.4,,60.5,,,53.3,52.0,54.2,52.9,61.5,71.8,,,,,78.5,78.7,67.6,,76.3,79.2,86.0,,78.0,,75.6,68.8,,103.0,92.1,94.6,52.9,112.7,81.5,51.6,,81.7,62.9,,129.5,129.5,65.1,69.1,96.2,53.2,74.0,35.8,156.7,,89.6,,50.9,42.5,41.5,87.3,52.6,53.0,43.8,53.2,,,,,130.4,130.8,121.8,97.2,111.5,78.8,,,,,59.7,59.9,55.6,60.4,87.5,42.8,42.3,,64.9,63.9,64.7,63.0,54.8,53.5,48.4,58.4,,,50.8,80.0,56.6,55.3,72.7,110.2,32.6,114.2,,109.2,,,,,59.4,,,,,68.5,,,97.5,67.2,89.9,112.2,123.8,80.0,86.6,54.6,81.1,80.7,116.2,81.7,98.2,125.2,100.1,,,80.8,64.4,,,,,,69.3,48.8,66.6,,63.0,61.0,,,78.8,72.0,60.1,,64.7,139.4,88.4,103.5,60.1
198001,74.2,74.0,79.9,101.4,101.7,98.8,104.9,90.0,64.8,66.8,63.0,,59.9,62.7,50.2,,62.2,,,71.5,73.4,71.9,84.6,96.8,97.7,120.5,34.7,,99.1,106.2,45.8,75.4,138.8,89.2,116.5,111.9,164.9,49.2,64.6,127.4,87.6,122.7,82.0,65.5,91.1,60.8,,,53.6,52.3,54.3,53.2,62.4,72.4,,,,91.9,78.7,78.7,68.4,133.9,76.0,78.7,85.6,65.8,78.7,88.0,75.5,68.8,,95.7,92.2,94.8,52.9,113.0,82.2,53.2,,81.3,63.2,,104.2,104.2,72.1,80.3,148.6,50.9,121.3,43.2,166.7,,88.7,,56.6,43.3,42.8,96.2,58.2,55.4,46.4,58.6,63.2,,,,158.5,122.3,112.5,98.5,106.4,91.6,,,,,60.2,60.2,55.4,61.0,88.5,43.7,42.3,,65.3,64.3,65.3,62.8,55.5,54.0,48.9,58.9,,,51.1,80.0,57.5,56.2,73.7,111.0,31.7,116.5,176.3,106.3,,,,,,,,,,68.8,,,97.7,67.5,90.6,112.2,123.6,80.4,87.7,54.6,81.5,80.7,116.7,81.5,98.6,125.9,100.3,,,80.8,64.6,101.8,,,,,69.8,50.7,66.5,,63.0,61.8,,,79.1,72.4,60.4,61.4,64.4,139.0,88.0,103.5,60.1
198002,74.8,75.3,81.2,103.1,103.5,99.2,105.6,89.8,66.7,68.3,65.9,,60.4,63.5,50.6,,62.3,,,71.7,73.6,72.1,82.9,93.5,94.9,138.8,31.0,,101.3,110.3,44.4,76.1,136.6,88.9,116.4,109.4,159.0,52.3,51.6,115.2,86.7,121.2,80.5,64.2,89.9,61.0,,,53.8,52.8,54.7,53.3,62.9,73.0,,,,89.3,79.0,79.0,69.1,135.4,75.8,78.6,85.8,67.3,78.7,87.4,75.8,68.8,,95.1,92.1,94.8,52.9,112.9,82.0,53.2,,81.6,62.8,,102.6,102.6,78.2,90.1,238.6,57.9,149.0,45.4,186.0,,89.7,,58.6,46.1,42.2,119.3,56.3,64.5,50.2,60.1,61.6,,,,155.8,130.0,116.4,98.2,119.8,93.1,,,,,60.8,60.5,55.4,60.9,89.3,43.2,42.9,,66.2,65.2,66.7,62.9,56.1,54.2,49.6,59.7,,,51.4,79.6,64.4,63.2,75.6,113.9,32.2,113.7,177.9,82.9,,,,,,,,,86.8,84.2,,,98.1,67.7,91.2,112.0,123.6,80.2,88.4,54.6,83.6,80.8,120.3,82.0,100.4,125.8,100.1,,,81.0,64.5,101.3,,,,,70.2,50.7,67.1,,63.2,62.6,,,79.5,72.5,60.4,61.5,64.6,139.1,88.0,103.7,60.0
198003,75.2,75.7,82.1,103.3,103.8,99.4,105.7,89.8,68.6,70.2,67.6,,62.3,69.9,51.3,,63.1,,,71.9,75.4,71.5,82.3,92.2,94.3,131.1,29.8,86.5,99.8,108.2,39.6,75.4,136.4,89.3,116.1,110.1,154.9,55.0,40.7,113.6,86.4,120.2,79.8,63.9,91.3,61.0,,,54.4,53.2,55.2,53.9,63.6,73.9,,,,89.8,79.1,79.2,69.2,136.1,76.0,78.8,86.3,67.2,78.8,87.2,76.3,68.9,,100.5,92.1,94.8,52.9,112.7,82.2,53.3,,81.7,63.1,,121.3,121.3,75.6,85.3,228.2,41.7,168.8,50.5,139.3,,92.1,,60.8,46.9,40.2,136.6,66.5,77.3,54.5,61.5,60.8,,,,137.1,106.2,107.1,80.0,97.3,74.4,,,,,61.4,60.9,55.1,61.0,89.9,44.5,43.3,,67.4,66.5,67.7,63.0,56.5,54.2,50.3,60.0,,,52.3,80.7,67.8,66.6,,117.3,33.5,108.8,171.3,69.2,,,,,,,,,85.4,80.9,,,98.2,67.9,92.6,112.4,124.1,80.3,89.9,54.6,87.8,80.9,127.6,81.9,102.8,125.9,100.3,,,81.2,64.5,101.9,,,,,70.5,51.0,68.0,,63.9,62.8,,,80.8,73.3,60.5,61.4,64.8,139.1,88.0,104.0,60.2
198004,76.6,75.5,83.2,103.4,103.9,99.4,105.9,89.9,70.5,72.8,68.4,,65.2,72.8,53.0,,66.7,,,73.6,79.1,72.1,83.1,93.4,93.9,124.4,32.2,85.1,98.2,106.5,39.1,74.7,136.2,87.1,116.1,109.9,156.3,56.7,38.0,107.4,86.1,119.7,79.1,60.9,91.6,61.1,,,54.6,53.7,55.5,54.2,64.2,75.0,,,,89.9,79.5,79.7,69.9,136.9,76.2,79.1,86.8,66.6,79.2,87.4,76.7,69.2,,98.8,92.3,94.7,52.9,112.5,83.3,53.1,,81.9,64.7,,115.0,115.0,67.7,72.0,151.7,31.9,151.6,44.1,75.2,,94.8,,65.0,48.7,39.4,132.0,69.7,78.4,50.7,62.8,59.2,,,76.3,130.5,77.2,92.8,65.9,72.4,59.6,,,,,62.0,61.4,55.2,60.4,90.2,46.0,44.0,,68.4,67.7,68.8,63.4,57.0,54.4,50.2,60.5,,,53.5,80.7,70.4,69.3,,122.6,37.0,109.1,176.5,68.1,,,,,,,,,70.2,83.9,,,98.5,68.2,93.5,112.5,124.3,80.5,90.9,54.6,89.7,80.9,130.2,82.2,104.1,131.3,100.1,,,81.2,64.1,102.9,,,,,71.1,51.3,68.7,,65.0,63.3,,,82.8,74.4,61.4,61.6,65.3,139.0,88.0,105.5,60.9
198005,77.2,75.0,83.9,103.6,103.9,99.5,106.0,89.9,71.1,73.4,68.8,,67.6,73.6,55.4,,69.9,,,74.7,81.4,72.9,81.7,91.3,89.2,118.5,33.7,76.2,90.7,106.7,39.1,74.4,129.3,87.2,112.7,108.4,157.7,55.8,,106.4,84.6,116.2,77.5,60.5,90.0,61.4,,,55.1,54.4,55.8,54.8,64.9,76.3,,,,90.8,80.3,79.9,70.1,138.5,76.5,79.4,86.9,67.4,81.6,89.5,80.0,70.2,,97.1,92.7,94.7,52.9,112.6,84.4,53.2,,81.8,66.6,,107.9,107.9,60.5,59.6,79.0,35.5,64.8,41.8,45.3,,95.3,,74.1,63.1,44.1,79.3,73.2,84.2,40.5,68.2,60.5,,,51.8,119.0,53.2,75.5,55.9,52.4,73.5,,,,,62.6,61.8,55.2,60.1,90.6,47.1,44.3,,69.5,68.6,70.1,63.9,57.5,54.7,51.1,60.9,,,54.7,81.0,71.7,70.6,,129.2,,105.5,158.4,68.3,,,,,,,119.2,,63.1,86.2,,,98.9,68.3,94.2,112.9,124.6,80.5,91.7,54.6,91.0,80.9,131.9,82.5,105.5,138.7,99.7,,,81.5,64.2,103.6,,,,,72.2,51.5,70.0,,66.6,63.9,,,83.5,75.7,65.2,62.6,65.8,139.3,88.0,106.7,61.4
198006,77.5,75.0,84.2,103.6,104.0,99.7,106.2,90.0,71.2,73.5,69.0,,68.5,73.4,56.0,,71.3,,,75.4,82.0,73.6,80.8,89.6,87.8,128.4,32.3,68.4,91.5,102.4,42.4,73.1,125.4,89.0,103.6,106.8,157.4,53.8,,112.2,84.0,113.5,77.3,61.4,90.6,61.7,,,55.4,54.9,56.1,55.0,65.2,76.2,,,,91.4,80.4,80.0,70.0,139.6,76.9,79.7,86.7,67.1,81.9,89.6,81.0,70.3,,95.1,92.9,94.6,52.9,112.2,85.3,53.1,,82.0,68.1,,100.7,100.7,59.8,58.3,48.0,57.2,66.5,42.9,44.8,,96.2,,89.2,65.5,93.0,85.6,61.6,88.4,48.7,95.4,63.1,,,43.4,79.5,51.8,73.2,43.5,42.0,87.0,,,,,62.9,62.1,55.4,59.9,91.0,48.1,45.0,,69.8,68.8,70.5,64.9,57.7,54.6,51.3,60.8,,,55.3,81.3,71.8,70.7,,132.1,,105.1,138.3,70.9,,,167.1,,,,76.0,,56.5,84.3,,,98.8,68.0,94.9,113.4,125.3,81.0,92.5,54.6,91.6,81.0,135.4,84.7,105.9,140.3,100.0,,,81.6,64.4,103.8,,,,,72.6,51.8,70.7,,67.3,63.6,,,83.5,76.5,66.4,62.6,66.1,139.1,88.0,108.5,61.6
198007,77.6,75.0,84.3,103.6,104.0,99.7,106.2,89.9,71.4,73.7,69.2,,69.1,73.5,56.9,,71.9,,,75.4,82.7,73.2,81.0,90.1,88.6,142.0,34.7,69.4,100.6,101.8,46.8,72.4,128.3,92.1,95.5,106.5,153.9,53.9,,113.2,83.6,110.8,76.8,64.8,94.8,61.8,,,55.5,55.2,55.8,55.2,65.6,77.1,,,,91.5,80.9,80.6,70.2,139.2,78.4,81.1,86.6,67.5,82.2,89.6,81.4,70.4,,94.9,93.0,94.6,52.9,112.4,85.8,53.5,,81.9,68.7,,99.6,99.6,58.6,56.3,51.5,73.1,67.5,56.1,51.1,,96.1,,122.7,69.6,119.2,91.2,72.8,86.2,52.2,161.5,65.0,,,36.2,63.8,42.3,51.5,41.5,42.2,72.8,,,,,63.2,62.4,55.4,59.9,91.1,49.0,45.1,,70.1,69.1,70.5,66.1,58.1,54.8,51.6,61.4,,,55.8,81.4,70.6,69.5,,,,109.8,138.5,143.5,,,102.4,175.9,,70.1,50.2,,,89.3,,,98.8,68.1,95.7,113.5,125.3,81.1,93.3,54.6,91.9,81.9,136.0,86.1,107.1,141.0,100.3,,,81.7,67.5,103.5,,,,,72.8,52.1,70.6,,67.8,63.6,,,84.0,77.7,67.3,62.4,66.3,139.3,88.0,108.5,61.8
198008,77.4,75.7,84.4,103.6,104.1,99.7,106.2,89.9,71.5,73.8,69.3,,69.3,73.3,57.4,,72.1,,,75.8,83.0,73.8,82.0,91.7,90.8,154.7,35.7,78.7,113.9,103.6,51.3,76.0,138.7,96.6,87.2,105.9,153.4,53.4,,115.3,84.1,112.6,76.1,65.0,95.3,61.7,,,56.1,55.6,56.0,55.5,65.9,77.7,,,,91.5,81.2,80.9,70.2,140.7,78.8,81.4,87.0,67.4,82.6,90.2,81.9,70.6,,100.2,93.2,94.6,53.0,112.4,86.4,54.7,,82.1,68.7,,117.5,117.5,62.6,62.6,58.2,75.4,90.8,54.4,80.9,,96.9,,99.0,71.1,66.5,111.7,70.7,86.4,62.0,132.7,67.8,,,41.0,55.4,57.4,55.2,45.5,32.5,70.8,,,,,63.6,62.8,55.4,60.1,91.6,49.8,45.5,,70.4,69.2,70.9,66.4,58.4,54.6,51.6,62.2,,,56.2,81.5,67.0,65.8,,,,114.3,160.5,140.8,,86.2,61.2,125.4,,60.2,38.6,,,87.1,,,98.8,68.1,96.6,113.8,125.6,81.4,94.4,54.6,92.2,84.4,136.1,87.7,107.2,141.3,100.3,,,84.8,69.5,104.2,,,,,73.2,52.4,70.6,,68.2,63.7,,,84.8,78.1,67.7,64.0,66.7,139.4,87.9,109.0,65.3
198009,78.7,77.4,84.5,103.6,104.1,99.7,106.2,90.0,71.5,73.9,69.3,,69.7,74.1,57.6,,72.2,,,76.1,83.5,73.9,82.9,92.3,90.3,152.9,35.6,76.2,109.9,109.8,48.1,93.8,131.8,96.7,86.5,103.1,149.9,54.4,,120.3,85.1,115.1,76.6,64.0,96.1,61.1,,,57.4,56.6,57.8,56.3,66.2,77.8,,,,91.8,81.3,81.0,70.3,141.2,78.7,81.6,86.9,66.6,82.8,90.0,82.1,70.4,,98.6,93.4,94.6,53.0,112.2,87.4,55.9,,81.9,69.3,,111.7,111.7,71.8,77.4,100.3,98.2,119.0,60.1,98.8,,96.3,,69.7,66.6,48.1,154.5,65.6,83.5,73.8,83.1,72.3,,,49.8,55.1,85.3,67.2,60.7,43.1,76.7,,,,,63.9,63.1,56.6,60.3,91.9,49.9,45.8,,70.7,69.4,71.3,68.1,58.7,54.8,52.0,62.9,,,56.4,81.6,73.3,72.2,92.6,,185.1,116.0,188.9,120.0,,63.9,57.8,70.7,,62.0,36.1,,,102.1,,,99.0,68.1,97.6,113.8,125.7,81.0,95.4,54.6,92.3,87.0,136.5,88.3,108.1,142.3,100.5,,,88.0,69.9,104.2,,,,,73.8,53.1,71.5,,68.7,63.9,,,84.6,79.5,68.1,66.6,66.8,141.1,87.9,108.9,69.9
198010,78.9,77.2,84.9,104.3,104.6,101.1,107.1,92.8,71.6,73.9,69.3,,69.9,73.9,58.2,,72.6,,,76.8,83.7,74.8,83.1,92.3,90.8,148.1,38.2,75.0,106.6,106.3,40.3,87.0,130.1,96.8,89.1,104.2,151.3,54.9,74.0,120.7,85.4,116.3,76.8,63.2,95.0,61.3,,,58.1,57.3,58.6,56.7,66.4,78.4,,,,91.9,81.5,81.1,70.5,142.7,78.8,81.6,86.8,67.3,83.0,90.3,82.6,70.6,,103.7,93.7,94.7,53.0,112.4,88.2,57.6,,82.2,69.1,,128.7,128.7,64.0,64.4,69.7,48.4,72.7,51.0,72.8,,95.7,,56.8,54.1,35.6,83.9,69.1,76.1,73.4,68.6,80.5,,,47.7,57.2,68.5,68.2,50.9,57.5,74.2,,,,,64.4,63.5,58.6,60.6,92.1,50.8,46.0,,71.1,69.5,71.6,69.3,59.4,55.2,53.1,63.5,,,56.5,84.5,78.7,77.9,71.0,,66.8,124.0,217.2,115.8,,54.7,,62.3,79.7,,,,,93.2,,,98.9,68.0,98.5,114.0,126.0,81.3,96.5,54.6,92.5,89.8,138.0,88.9,108.5,143.2,100.4,,,91.1,69.8,104.3,,,,,74.3,53.7,71.9,,69.0,64.0,,,84.3,80.4,68.3,67.5,67.2,143.6,87.6,109.8,71.5
198011,79.1,77.3,85.5,105.4,105.6,103.0,109.0,97.0,71.6,74.0,69.2,,70.1,73.9,58.4,,72.6,,,77.7,84.0,76.0,83.1,92.1,90.5,146.1,37.7,71.8,100.9,103.7,38.6,88.2,125.9,95.0,93.6,103.0,150.2,55.5,67.6,125.0,85.7,117.2,77.2,62.7,95.9,61.1,,,58.6,57.8,59.1,57.2,66.9,79.4,,,,92.5,81.5,81.2,71.0,143.0,78.7,81.6,87.1,67.6,83.0,90.1,82.6,70.5,,104.9,93.8,94.8,53.1,112.4,88.7,58.2,,82.2,69.3,,132.2,132.2,65.7,67.0,57.6,65.1,51.1,51.7,77.9,,96.2,,58.9,51.5,34.7,66.1,60.6,73.8,74.2,67.8,80.3,,,,74.0,100.5,130.3,81.3,89.9,79.3,,,,,64.8,64.0,60.5,61.0,92.2,51.2,47.2,,71.2,69.5,71.7,69.8,59.8,55.4,53.4,63.7,,,57.5,85.3,72.3,71.3,65.6,109.3,50.1,128.2,207.6,110.7,,62.7,,,59.6,,,,,76.4,,,98.8,68.0,98.8,113.9,125.9,81.3,96.9,54.6,93.0,90.8,138.3,88.6,108.5,142.6,100.7,,,91.7,70.7,103.6,,,,,74.6,52.9,72.2,,69.3,64.1,,,84.1,80.8,68.5,68.1,68.0,147.9,88.5,111.6,72.7
198012,78.8,76.6,85.8,105.6,105.9,103.3,109.4,101.3,71.6,74.0,69.2,,70.2,73.9,58.7,,72.7,,,77.8,84.1,76.2,83.9,93.1,90.9,140.2,35.5,76.9,98.9,101.5,43.0,88.7,132.7,95.9,102.1,103.7,149.9,55.8,62.5,122.6,86.6,119.3,77.5,64.0,98.8,61.1,,,58.8,58.2,59.3,57.2,67.2,80.4,,,,92.1,81.7,81.4,71.1,142.3,79.1,81.8,87.6,67.9,83.0,89.9,82.8,70.3,,106.3,93.8,94.7,53.1,112.2,88.9,58.5,,82.1,69.5,,137.2,137.2,60.5,58.2,47.3,41.1,37.6,44.1,96.5,,96.3,,58.9,50.2,31.3,46.5,48.8,71.0,76.2,67.9,79.6,,,,92.7,93.2,114.9,70.4,59.0,97.4,,,,,65.0,64.3,61.8,60.6,92.2,51.7,48.5,,71.3,69.6,71.9,69.9,59.9,55.3,53.8,63.3,,,59.3,86.2,67.3,66.0,63.6,101.4,42.9,123.6,213.8,87.3,,,,,68.6,,,,,71.4,,,98.8,68.2,99.1,114.0,125.9,81.3,97.2,54.6,93.0,91.6,139.6,88.9,108.9,143.7,100.6,,,91.9,70.7,103.5,,,,,75.2,54.1,72.9,,69.4,63.8,,,85.4,81.4,68.6,68.2,68.2,149.0,89.3,113.8,73.5
198101,79.6,78.9,85.8,105.8,106.0,103.5,109.4,102.1,71.7,74.1,69.3,,70.3,73.8,58.9,,72.9,,,78.0,84.1,76.5,85.1,95.0,93.1,161.0,35.7,,100.1,104.8,46.3,87.8,137.2,96.7,104.3,101.1,149.7,57.7,63.1,125.2,87.2,120.0,78.7,64.8,99.0,61.4,,,59.1,58.3,59.7,57.1,67.5,80.6,,,,91.8,82.2,82.1,71.1,141.9,80.3,83.4,88.1,67.4,83.0,89.5,82.8,70.5,,104.8,93.9,94.8,53.1,112.2,88.8,58.8,,82.1,69.0,,131.6,131.6,74.9,81.7,101.7,71.3,46.6,65.7,166.1,,96.5,,73.1,54.5,34.9,73.1,51.9,75.3,84.2,77.7,96.2,,,,120.1,97.5,106.0,87.3,60.6,108.4,,,,,65.3,64.7,63.8,60.9,92.0,52.0,49.5,,71.3,69.9,71.4,70.1,60.5,55.3,53.9,63.8,,,60.8,86.6,70.6,69.5,66.2,103.7,46.5,121.3,208.5,75.1,,,,,,,,,,71.4,,,98.6,68.1,99.3,114.0,126.0,81.2,97.4,54.6,93.1,91.8,140.4,89.0,109.2,144.3,100.6,,,92.2,71.0,103.5,,,,,75.8,54.6,73.4,,70.3,64.6,,,86.0,81.6,68.6,68.4,73.5,151.3,89.8,115.2,73.6
198102,79.5,79.3,85.9,105.9,106.1,103.6,109.5,102.8,71.7,74.1,69.2,,70.5,73.8,59.1,,73.0,,,79.1,84.2,78.1,83.0,90.7,91.1,155.1,31.7,,99.5,107.0,45.9,87.3,134.5,95.6,97.2,99.2,150.2,57.2,47.8,119.2,87.7,121.8,78.3,67.3,94.9,61.3,,,59.3,58.5,60.1,57.4,67.5,80.9,,,,92.2,82.8,82.8,71.3,142.5,81.7,84.8,88.4,67.4,83.1,89.6,82.8,70.6,,106.9,93.9,94.7,53.1,112.1,89.0,58.9,,82.2,69.3,,139.1,139.1,76.5,84.2,126.3,57.0,59.9,73.9,168.2,,95.7,,74.3,58.0,36.7,91.8,47.0,78.9,88.4,76.2,106.6,,,,124.0,117.2,117.2,74.7,88.9,86.7,,,,,65.4,64.8,64.5,60.7,91.5,53.2,50.0,,71.3,69.9,71.4,70.2,60.8,55.4,54.1,64.0,,,61.8,87.3,73.9,72.8,66.9,104.5,47.1,114.3,205.9,68.1,,,,,,,,,92.6,79.3,,,99.4,68.6,99.4,113.9,125.9,81.2,97.6,54.6,93.1,92.1,139.9,89.4,109.4,143.9,100.8,,,92.4,71.1,104.1,,,,,76.2,54.8,74.0,,70.3,65.1,,,87.4,81.8,68.7,68.3,73.6,151.9,89.7,116.3,73.8
198103,79.8,79.8,86.0,105.9,106.0,103.6,109.5,104.9,71.7,74.1,69.4,,70.6,73.8,59.4,,73.0,,,79.5,84.2,78.6,84.2,92.6,90.8,151.9,32.7,93.4,105.7,109.5,49.5,87.5,134.7,95.0,103.0,97.3,149.5,57.6,42.0,119.0,88.6,121.6,77.7,73.9,103.7,61.3,,,59.5,58.8,60.1,57.4,67.7,81.3,,,,92.1,83.3,83.4,71.3,141.9,82.3,85.7,90.0,67.6,83.2,89.8,82.8,71.0,,108.8,93.8,94.7,53.2,111.9,89.0,58.9,,82.1,69.3,,145.7,145.7,77.0,85.0,107.8,41.1,69.6,73.9,129.2,,95.4,,79.4,59.9,47.0,121.6,55.9,79.7,101.0,82.8,105.4,,,,130.5,108.3,111.0,79.7,94.9,84.2,,,,,65.6,64.6,64.7,60.5,90.6,53.0,50.4,,71.5,69.9,71.6,70.4,61.0,55.3,54.5,64.2,,,62.5,87.9,74.9,73.9,,106.7,47.4,108.6,197.4,60.0,,,,,,,,,90.1,86.8,,,99.5,68.9,99.2,113.4,125.1,81.3,97.5,54.6,93.2,92.2,138.3,89.4,109.5,144.3,101.0,,,92.5,71.5,103.9,,,,,76.4,55.0,73.9,,70.8,65.1,,,87.7,81.8,68.8,68.2,73.9,152.5,89.9,117.9,73.9
198104,80.4,80.0,86.6,107.0,107.0,103.8,110.0,108.4,71.7,74.1,69.3,,70.8,73.9,59.8,,73.0,,,80.0,84.4,79.2,84.4,92.8,90.1,143.7,33.1,102.9,98.9,109.3,41.9,89.9,129.3,90.3,101.2,94.5,148.8,57.5,37.6,116.4,88.4,121.7,79.0,69.1,103.1,60.9,,,59.6,59.2,60.2,57.4,67.9,81.5,,,,92.1,83.8,83.8,71.6,142.2,82.6,86.2,91.1,67.7,83.4,89.7,83.2,71.2,,101.8,93.9,94.7,53.2,111.9,89.1,58.9,,82.1,69.3,,121.4,121.4,78.2,86.8,108.0,38.7,92.4,55.5,73.5,,95.5,,82.8,91.2,49.9,136.9,59.5,84.6,141.4,83.1,110.4,,,81.0,136.5,84.6,107.0,82.6,72.8,66.6,,,,,65.8,64.6,66.0,60.2,90.0,52.8,51.6,,71.8,70.1,72.0,70.9,61.2,55.5,54.6,64.1,,,63.4,88.0,76.6,75.7,,111.8,47.4,115.0,217.9,60.7,,,,,,,,,80.5,99.9,,,99.5,69.2,99.3,113.7,125.3,81.4,97.6,54.6,93.1,92.2,139.6,89.4,109.5,143.0,100.7,,,92.9,71.5,103.5,,,,,76.9,55.1,74.7,,71.5,65.6,,,89.7,82.4,69.0,68.3,74.1,152.5,89.6,120.8,74.0
198105,81.1,79.9,86.8,107.2,107.2,104.1,110.2,110.1,71.9,74.4,69.5,,71.0,74.5,60.0,,73.0,,,80.6,84.9,79.9,84.3,92.6,89.9,146.5,34.9,85.2,94.7,114.2,42.5,92.0,129.2,89.7,101.1,92.9,150.4,56.0,,117.3,88.7,122.2,79.4,67.0,106.1,61.1,,,59.6,59.2,60.4,57.5,67.9,81.9,,,,92.6,84.1,83.9,71.7,142.1,82.7,86.2,91.4,68.2,84.8,91.1,84.9,72.7,,98.1,93.7,94.5,53.2,111.7,89.0,58.9,,82.2,69.0,,108.5,108.5,71.0,74.9,49.4,40.5,65.4,54.0,52.2,,95.4,,88.9,101.5,59.7,96.7,72.2,92.6,131.3,82.8,112.3,,,61.4,119.1,62.9,84.4,67.5,51.5,84.1,,,,,65.8,64.6,67.2,59.9,89.6,52.4,52.1,,71.9,70.2,72.2,71.1,61.4,55.5,54.9,64.1,,,64.3,88.7,82.5,81.8,,120.0,,114.3,211.1,57.6,,,,,,,146.7,,72.4,113.4,,,99.5,69.6,99.9,113.7,125.1,81.6,98.2,68.1,93.2,92.2,140.0,89.4,109.4,144.3,100.7,,,93.0,71.7,103.5,,,,,77.0,55.2,74.8,,71.7,65.5,,,89.8,82.2,69.0,68.6,74.3,152.7,89.6,121.2,74.1
198106,81.3,79.8,87.1,107.3,107.2,104.2,110.3,112.6,72.2,74.7,69.8,,71.3,74.9,60.4,,73.1,,,81.9,86.0,81.4,84.0,92.1,90.2,152.3,35.6,82.0,94.3,116.0,45.7,95.4,126.6,93.8,95.9,92.2,150.2,55.4,,118.2,88.3,121.5,78.7,66.5,106.5,61.1,,,59.8,59.4,60.4,57.5,68.4,82.1,,,,92.9,84.2,84.0,71.7,141.7,82.7,86.3,91.5,68.7,85.5,91.6,85.4,73.3,,98.6,93.9,94.6,53.2,111.9,89.3,59.0,,82.2,69.5,,110.2,110.2,67.3,68.9,68.2,52.2,79.6,55.9,73.4,,95.1,,105.7,61.6,130.4,102.1,71.5,97.0,84.7,110.3,121.3,,,48.1,81.4,61.8,79.5,54.9,41.7,81.1,,,,,65.8,64.6,68.4,59.4,89.6,52.0,52.4,,71.8,70.0,72.4,71.1,61.6,55.6,55.1,63.9,,,64.7,88.9,87.9,87.3,,147.6,,124.5,203.9,61.0,,,178.0,,,,82.5,,78.9,115.5,,,99.5,69.5,99.9,113.5,124.8,81.7,98.2,68.1,93.3,92.4,139.8,89.4,109.3,144.9,100.5,,,93.0,71.8,103.7,,,,,77.1,55.2,75.0,,71.8,66.1,,,89.8,82.2,69.0,68.4,74.6,152.7,89.8,121.8,74.1
198107,81.0,79.6,88.4,107.8,107.7,104.2,110.4,117.0,76.8,78.6,75.6,,71.4,75.0,60.6,,73.1,,,82.1,86.8,81.2,85.0,93.4,89.5,160.2,38.5,85.7,101.9,117.4,54.5,97.8,131.3,95.0,96.0,92.8,149.4,55.5,,121.9,89.7,123.0,78.9,67.6,114.0,61.6,,,59.8,59.6,60.2,57.8,68.4,82.2,,,,92.9,84.2,84.0,71.7,141.4,82.8,86.5,91.0,69.0,85.4,91.6,85.1,73.4,,97.5,93.9,94.7,53.2,112.0,89.3,59.0,,82.4,69.5,,105.9,105.9,64.7,64.3,78.9,81.1,87.2,59.5,97.1,,95.8,,117.4,56.3,118.0,116.7,79.1,88.6,79.0,169.0,129.4,,,36.8,55.2,47.4,55.5,45.2,60.1,82.0,,,,,66.1,64.6,69.5,58.9,89.7,51.9,52.5,,72.2,70.4,72.7,71.3,61.9,55.5,55.9,64.2,,,65.1,89.5,84.5,83.8,,,,129.7,189.0,96.1,,,113.4,183.5,,74.1,69.8,,,83.1,,,99.9,69.6,99.9,113.4,124.8,81.5,98.2,68.2,93.2,92.4,139.6,89.1,109.1,144.6,101.1,,,93.0,71.7,103.5,,,,,77.3,55.5,75.4,,72.1,65.7,,,89.8,82.2,69.0,68.4,74.7,153.0,90.1,122.7,74.0
198108,80.6,79.3,88.7,107.9,107.7,104.2,110.4,119.6,77.3,79.1,76.3,,71.6,75.2,60.9,,73.2,,,82.9,87.1,82.3,86.6,96.1,91.0,165.7,41.3,90.8,111.9,117.8,51.5,107.3,136.0,99.4,98.4,92.8,150.2,55.6,,126.6,90.3,124.0,78.8,67.6,116.6,61.5,,,59.9,59.6,60.4,57.8,68.7,82.6,,,,93.0,84.3,84.0,71.7,140.8,83.1,86.9,91.2,68.9,85.5,91.7,85.1,73.3,,98.8,93.9,94.7,53.2,112.0,89.1,58.9,,82.5,69.3,,110.9,110.9,63.6,62.5,71.1,102.4,104.3,50.8,72.9,,95.9,,84.1,51.7,84.2,102.4,131.2,79.4,76.9,121.5,134.1,,,36.2,42.8,40.8,39.7,53.9,39.5,82.5,,,,,66.3,64.8,69.7,58.6,90.1,52.1,52.9,,72.3,70.4,73.0,71.3,62.1,55.4,56.6,64.4,,,65.3,89.4,76.2,75.2,,,,131.9,184.9,104.2,,91.3,66.8,116.3,,71.4,61.3,,,79.7,,,99.9,69.6,99.9,113.4,124.6,81.8,98.2,68.2,93.2,92.3,139.6,89.3,109.3,144.2,101.1,,,93.1,71.8,102.9,,,,,77.4,55.5,75.6,,72.2,65.9,,,89.8,82.3,69.0,68.4,74.6,153.3,90.2,122.7,74.1
198109,81.9,80.5,89.0,108.2,107.9,104.7,110.4,120.5,78.0,79.8,76.8,,71.9,76.3,61.0,,73.2,,,83.0,87.4,82.3,88.1,98.8,93.1,168.9,40.6,93.1,108.9,113.5,47.4,123.5,133.7,98.8,97.7,90.4,149.5,55.4,,125.2,90.7,124.7,79.7,67.4,117.4,61.5,,,60.0,59.6,60.5,57.8,68.9,82.6,,,,92.4,84.3,84.0,71.7,139.2,82.9,86.8,91.3,69.0,85.5,91.5,85.4,73.3,,100.7,93.9,94.7,53.2,112.0,89.0,59.0,,82.4,69.0,,117.5,117.5,70.5,73.6,57.9,103.5,94.6,46.9,91.5,,95.9,,65.4,56.3,76.2,99.3,130.9,71.9,84.0,78.0,137.4,,,45.7,42.1,70.5,56.1,57.5,37.0,92.4,,,,,66.5,64.9,71.6,58.5,90.1,51.9,53.2,,72.5,70.7,73.1,71.3,62.4,55.4,57.8,64.8,,,65.4,89.7,76.2,75.3,102.3,,188.7,136.0,198.4,198.0,,65.2,59.6,74.8,,65.5,47.8,,,81.9,,,99.6,69.8,100.1,113.5,124.8,81.8,98.2,68.2,93.3,92.3,139.9,89.4,109.3,143.6,101.2,,,93.2,71.6,103.7,,,,,77.4,55.8,76.4,,72.4,65.1,,,90.4,82.2,69.0,68.5,74.4,153.3,89.8,123.1,74.2
198110,82.1,80.6,89.5,109.0,108.7,106.5,111.7,122.1,78.4,80.4,77.1,,72.0,76.2,61.1,,73.3,,,83.7,87.9,83.2,87.8,98.6,94.8,157.1,40.7,89.2,105.5,105.5,48.9,111.3,130.6,98.4,105.4,88.6,150.9,55.6,82.2,123.1,89.7,122.4,80.0,68.1,111.5,61.9,,,60.1,59.7,60.4,58.1,68.9,82.6,,,,91.3,84.1,83.8,71.7,139.3,82.3,86.0,91.3,69.3,85.5,91.3,85.3,73.2,,104.7,93.9,94.7,53.3,111.9,89.1,58.9,,82.3,69.2,,131.5,131.5,66.2,66.4,47.1,46.6,57.0,37.2,74.2,,95.3,,59.5,62.5,80.7,77.1,81.3,66.9,101.3,71.2,131.7,,,38.7,46.9,62.4,60.9,54.1,38.4,89.3,,,,,66.7,65.1,74.4,58.3,90.2,51.9,53.2,,72.6,70.7,73.3,71.4,62.7,55.4,58.2,64.6,,,65.9,92.9,83.2,82.4,75.1,,70.4,131.3,206.3,156.4,,57.6,,67.7,87.6,,,,,89.6,,,99.6,69.6,100.0,113.7,125.1,81.7,98.2,68.3,93.4,92.1,139.5,89.3,109.6,144.2,101.2,,,93.2,71.6,103.5,,,,,77.8,56.0,76.9,,72.8,66.2,,,90.6,82.5,69.0,68.7,74.7,153.6,90.0,123.7,74.3
198111,82.1,79.9,90.3,110.4,110.0,108.4,114.0,123.9,78.4,80.4,77.1,,72.1,76.4,61.6,,73.3,,,84.5,87.9,84.3,88.2,99.0,98.5,161.9,43.4,90.8,100.3,100.8,47.8,118.2,131.0,100.7,109.1,90.1,150.8,55.0,68.5,124.1,90.0,122.4,80.5,69.5,112.5,61.9,,,60.2,60.0,60.6,58.0,69.5,82.7,,,,91.7,83.7,83.4,71.7,138.1,81.5,84.9,91.0,69.0,85.3,91.1,85.0,73.3,,105.0,93.9,94.7,53.3,111.8,89.0,58.9,,82.3,69.0,,132.6,132.6,65.7,65.6,47.3,44.6,39.1,34.3,55.5,,94.5,,58.0,74.2,82.3,53.5,61.0,62.5,107.5,70.4,126.0,,,,58.0,98.0,103.5,70.9,47.8,103.0,,,,,66.8,65.4,75.6,58.3,90.3,52.2,53.3,,72.6,70.7,73.4,71.2,62.7,55.4,58.5,64.4,,,66.2,94.0,69.5,68.4,76.0,113.0,44.3,129.7,207.6,112.2,,60.0,,,59.1,,,,,77.9,,,99.5,69.7,100.0,113.5,125.0,81.8,98.2,68.3,93.4,92.3,139.2,89.2,109.6,144.5,101.3,,,93.3,71.8,103.5,,,,,78.0,56.2,77.3,,73.0,66.9,,,91.0,82.5,69.0,68.6,74.7,153.9,90.0,124.2,74.3
198112,82.1,80.2,90.4,110.5,110.3,108.7,114.3,125.4,78.5,80.5,77.1,,72.2,76.4,61.6,,73.4,,,85.0,88.1,85.0,87.5,97.5,101.4,146.8,41.6,91.5,96.0,96.5,46.4,122.2,132.0,99.9,112.8,87.4,152.2,54.7,64.7,126.7,90.2,121.3,81.1,72.0,113.0,62.5,,,60.2,60.0,60.6,58.1,70.1,82.7,,,,92.7,83.6,83.3,71.8,138.5,81.3,84.5,90.7,69.2,85.4,91.2,85.0,73.2,,108.5,93.8,94.6,53.2,111.7,88.9,58.9,,82.2,69.0,,144.9,144.9,66.8,67.3,63.7,55.1,33.9,31.9,72.2,,93.9,,60.1,72.0,81.2,56.1,53.1,62.2,104.1,71.5,126.3,,,,66.6,104.9,114.8,75.4,59.9,97.1,,,,,67.1,65.6,77.5,58.1,90.5,51.9,53.8,,73.0,71.2,73.6,71.3,62.9,55.4,59.0,64.2,,,66.4,95.3,69.5,68.5,76.5,109.4,43.6,127.0,225.3,89.4,,,,,59.4,,,,,77.3,,,99.2,69.6,100.0,113.5,124.8,81.6,98.2,68.3,93.4,92.4,139.1,89.4,109.7,144.7,101.4,,,93.6,71.6,102.6,,,,,78.0,56.2,77.6,,73.1,66.8,,,90.8,82.3,69.0,68.6,74.7,153.6,90.0,123.5,74.4
198201,82.1,80.9,90.5,110.5,110.4,108.9,114.5,125.1,78.8,80.9,77.5,,72.2,76.3,61.8,,73.1,,,85.0,88.2,84.9,89.1,100.1,103.7,153.9,39.2,,97.8,105.9,53.9,127.4,138.9,101.0,116.5,87.1,154.9,54.7,63.6,119.3,90.7,122.0,81.8,74.8,111.6,62.7,,,60.2,60.1,60.6,58.1,70.8,83.0,,,,92.6,83.6,83.3,72.0,137.3,81.3,84.6,90.7,69.0,85.4,91.3,85.0,73.3,,102.0,93.8,94.6,53.3,111.6,89.0,58.9,,82.4,69.1,,122.4,122.4,67.1,67.7,69.3,40.9,41.5,32.4,68.5,,94.2,,68.1,70.1,85.8,64.9,50.0,57.2,100.6,74.6,132.4,,,,80.8,92.1,98.2,74.9,67.9,82.5,,,,,67.1,65.6,80.0,58.4,89.6,52.1,54.3,,73.1,71.4,73.4,71.4,63.0,55.4,59.5,64.1,,,66.9,95.6,78.8,77.9,78.2,111.0,52.0,120.3,196.3,75.1,,,,,,,,,,82.9,,,99.5,69.5,100.5,113.4,124.4,81.9,99.0,68.3,93.3,92.4,138.9,89.2,109.5,144.3,108.4,,,93.6,71.8,103.6,,,,,79.0,57.2,78.2,,73.5,67.0,,,91.3,82.9,69.0,68.7,74.9,153.9,95.2,123.7,74.4
198202,82.1,81.0,90.5,110.5,110.3,108.9,114.5,125.6,78.9,80.9,77.5,,72.3,76.3,61.8,,73.3,,,85.6,88.1,86.0,88.6,98.8,102.5,149.4,34.6,,102.0,108.6,58.7,129.8,136.7,101.1,113.3,86.4,154.9,55.8,55.4,116.8,91.4,123.3,82.1,76.3,111.9,62.8,,,60.2,60.2,60.7,57.9,71.5,83.2,,,,92.9,83.7,83.3,72.0,138.0,81.4,84.6,90.7,69.3,85.5,91.3,85.3,73.3,,98.6,93.7,94.5,53.3,111.3,89.1,59.1,,82.3,69.2,,110.6,110.6,68.6,70.1,63.4,35.0,40.3,29.6,73.8,,93.9,,69.3,68.9,89.9,61.4,51.2,54.6,98.4,72.2,129.8,,,,111.1,94.6,108.5,86.1,79.3,98.8,,,,,67.3,65.7,81.5,58.2,89.4,52.2,53.9,,73.4,71.7,74.1,71.4,63.2,55.4,60.5,64.2,,,67.1,95.7,80.1,79.4,77.8,112.3,53.7,122.3,193.4,70.6,,,,,,,,,90.6,87.0,,,99.4,69.5,100.7,113.4,124.3,82.1,99.2,68.3,93.3,92.5,138.7,89.5,109.6,145.5,110.8,,,93.6,71.6,102.4,,,,,79.0,57.3,78.2,,73.9,67.0,,,91.8,82.8,69.0,68.9,75.1,153.8,95.2,123.4,74.4
198203,82.1,81.2,90.5,110.5,110.3,108.9,114.5,125.6,78.9,80.9,77.7,,72.4,76.3,62.1,,73.4,,,85.7,88.1,86.1,88.6,98.4,102.1,147.7,34.1,97.3,101.5,110.0,59.4,133.0,136.4,101.0,117.8,86.5,152.5,55.2,45.3,112.5,91.7,124.2,81.7,77.9,110.9,63.1,,,60.3,60.2,60.8,58.0,71.8,83.2,,,,92.4,83.7,83.4,72.3,137.7,81.5,84.8,90.7,69.3,85.5,91.1,85.3,73.3,,99.2,93.8,94.5,53.3,111.3,89.3,59.3,,82.5,69.3,,112.9,112.9,68.2,69.1,57.9,25.6,44.7,27.1,70.1,,93.7,,71.6,66.8,103.7,69.9,53.7,53.6,95.6,71.8,126.9,,,,111.9,90.0,102.9,85.2,70.2,81.4,,,,,67.5,65.7,82.5,58.3,89.5,52.1,54.0,,73.6,72.0,74.2,71.5,63.3,55.2,61.0,64.2,,,67.0,96.7,82.1,81.3,,111.6,56.8,128.0,191.0,67.8,,,,,,,,,90.3,110.6,,,99.4,69.5,100.7,113.0,124.1,81.8,99.3,68.3,93.3,92.3,138.7,89.7,109.7,143.6,112.2,,,93.6,72.3,102.5,,,,,79.2,57.4,79.1,,74.0,67.0,,,91.5,83.0,69.0,69.2,75.1,153.9,95.2,123.4,74.4
198204,82.8,81.6,91.2,112.0,111.6,109.0,114.7,125.9,78.9,80.9,77.7,,72.5,76.4,62.1,,73.4,,,86.7,88.1,87.6,90.1,100.9,101.9,145.1,35.2,107.4,100.7,113.8,58.0,133.4,131.4,99.1,121.8,85.3,156.3,54.0,43.7,113.6,92.0,125.2,81.4,75.6,112.7,63.0,,,60.3,60.2,60.9,58.0,72.6,83.6,,,,93.6,84.1,83.7,72.3,138.0,82.3,85.8,90.7,69.5,85.5,91.2,85.4,73.3,,97.1,93.7,94.5,53.3,111.2,89.3,59.2,,82.2,69.3,,105.3,105.3,69.9,71.9,69.9,36.1,72.4,29.4,60.6,,93.9,,68.2,68.6,100.6,98.2,71.5,50.9,84.3,69.3,129.4,,,73.9,107.3,74.6,94.6,79.0,63.4,86.5,,,,,67.6,65.7,84.5,58.0,89.4,51.9,53.9,,73.9,72.4,74.2,71.6,63.5,55.4,61.3,64.2,,,67.2,97.1,79.7,78.8,,113.1,65.7,130.5,202.4,68.9,,,,,,,,,83.1,91.0,,,99.6,69.9,100.7,112.8,123.7,81.7,99.3,68.3,93.3,92.3,138.3,89.7,109.7,145.6,112.5,,,93.6,71.9,103.6,,,,,79.3,57.8,78.8,,74.4,67.0,,,91.5,82.8,69.0,69.0,75.0,154.2,95.2,123.4,74.5
198205,83.1,80.8,91.4,112.1,111.7,109.1,114.8,125.8,78.8,80.8,77.7,,72.5,76.6,62.2,,73.4,,,87.1,88.2,88.1,89.2,99.3,101.5,133.5,36.3,88.7,93.7,117.7,52.2,129.2,131.3,98.3,120.4,83.8,163.2,53.6,,113.7,92.1,126.6,81.4,71.6,110.5,63.0,,,60.2,60.2,60.7,57.8,72.7,83.7,,,,93.6,84.3,84.1,72.3,138.0,83.1,86.5,90.7,69.9,85.5,91.3,85.2,73.7,,96.7,93.6,94.4,53.3,110.9,89.2,59.3,,82.1,69.3,,104.2,104.2,64.5,63.1,58.5,38.5,66.0,40.9,58.0,,93.7,,69.7,65.9,120.1,85.2,75.2,54.1,51.0,70.3,134.7,,,55.2,106.8,61.6,80.7,57.3,39.0,105.1,,,,,67.7,65.9,85.4,58.4,89.3,52.5,53.9,,74.0,72.3,74.7,71.7,63.6,55.3,61.8,64.4,,,67.3,97.4,77.0,76.1,,117.4,,124.5,195.5,68.2,,,,,,,133.4,,70.0,82.6,,,99.9,70.3,100.4,112.8,123.7,81.5,99.0,68.3,93.2,92.4,135.9,89.6,109.5,143.9,112.5,,,93.5,71.6,103.7,,,,,79.6,57.8,79.6,,74.6,67.0,,,92.2,82.4,69.0,69.2,74.8,153.9,96.3,122.6,74.6
198206,83.1,80.4,91.5,112.1,111.7,109.1,114.8,125.9,78.9,80.9,77.6,,72.5,76.8,62.3,,73.4,,,88.0,88.3,89.4,89.2,99.1,99.8,134.6,35.2,84.8,97.3,119.9,56.0,134.7,129.2,101.6,115.4,84.2,163.7,53.3,,114.1,92.3,127.6,81.8,71.2,107.9,63.5,,,60.3,60.3,60.9,58.0,73.0,83.6,,,,93.7,85.0,84.8,72.3,137.3,84.6,88.4,90.6,70.3,85.8,91.8,85.4,74.3,,95.1,93.6,94.3,53.3,110.8,89.4,59.3,,82.2,69.3,,98.5,98.5,62.4,59.4,67.1,53.0,66.8,50.8,51.5,,92.8,,84.3,54.3,175.2,74.5,67.0,59.9,41.2,91.8,140.1,,,41.7,73.9,49.8,71.5,48.7,40.6,103.7,,,,,67.9,66.1,86.4,58.3,89.6,52.6,53.9,,74.2,72.5,74.8,71.9,63.6,55.3,61.7,64.4,,,67.5,98.5,74.0,73.0,,116.2,,121.4,166.8,83.6,,,147.9,,,,75.0,,75.7,80.8,,,100.2,70.7,100.1,112.9,123.8,81.5,98.6,68.3,93.2,92.4,131.9,89.5,109.6,144.3,112.7,,,93.5,71.7,103.7,,,,,79.6,58.0,79.6,,75.2,66.8,,,93.1,82.7,69.0,69.1,74.3,154.1,96.4,122.4,74.6
198207,82.6,79.4,91.5,112.1,111.9,109.1,114.8,125.6,79.0,81.0,77.8,,72.6,76.8,62.6,,73.2,,,88.1,88.4,89.5,89.6,99.7,96.8,149.6,36.3,83.8,105.5,120.7,61.8,135.1,131.4,106.9,109.7,84.2,167.2,53.5,,115.8,93.0,128.4,81.8,70.9,112.1,64.2,,,60.3,60.5,60.6,58.0,73.1,83.5,,,,93.2,85.8,85.4,72.3,137.3,86.4,89.8,90.6,70.6,87.5,93.4,87.1,76.7,,94.9,93.7,94.1,53.2,110.4,90.1,59.9,,82.2,70.2,,97.7,97.7,56.6,49.9,51.8,57.8,57.4,44.9,46.9,,92.6,,90.1,48.7,127.3,66.9,52.9,51.1,40.3,122.8,143.9,,,30.3,46.1,48.5,41.3,34.8,35.2,87.5,,,,,67.9,66.2,87.1,58.5,89.6,52.7,54.1,,74.1,72.6,74.6,71.8,63.6,55.3,61.9,64.0,,,67.5,98.6,65.9,64.6,,,,125.3,154.3,109.3,,,82.1,151.2,,68.9,47.2,,,86.5,,,100.5,71.3,99.7,112.7,123.6,81.5,98.1,68.3,93.1,92.3,127.8,89.4,109.4,144.7,113.0,,,93.6,71.7,103.6,,,,,80.0,58.3,78.9,,75.3,67.0,,,92.9,82.5,69.0,69.6,74.0,154.2,100.8,122.6,74.7
198208,83.2,81.9,91.5,112.1,111.9,109.2,114.8,125.6,78.9,81.0,77.7,,72.8,76.6,62.9,,73.3,,,88.1,88.3,89.6,92.9,105.4,100.5,165.3,41.7,84.9,117.0,123.1,62.9,144.5,135.1,109.0,115.1,84.1,173.1,53.3,,118.6,93.4,128.7,82.1,71.0,113.7,64.7,,,60.3,60.9,60.6,58.0,73.2,83.8,,,,93.3,85.9,85.5,72.3,136.5,86.6,90.0,90.5,70.5,87.8,94.6,86.9,76.9,,95.8,93.9,93.9,53.3,109.8,91.4,60.0,,82.0,72.4,,100.1,100.1,70.5,72.6,90.0,103.9,117.5,53.5,118.7,,92.8,,75.1,50.9,91.0,121.1,51.6,53.9,42.9,127.9,145.8,,,47.9,44.6,82.9,81.1,41.3,47.4,99.6,,,,,68.0,66.4,87.7,58.8,89.6,53.0,54.4,,74.3,72.6,74.9,71.9,63.7,55.4,62.2,64.1,,,67.5,98.5,70.4,69.3,,,,127.8,154.6,112.7,,84.0,63.2,119.0,,63.1,54.0,,,78.8,,,100.1,71.4,99.4,112.5,123.4,81.5,97.8,68.3,93.1,92.3,126.0,89.1,109.1,143.0,112.8,,,93.5,71.7,103.8,,,,,80.2,58.2,79.4,,75.5,67.5,,,92.7,82.4,68.8,69.4,73.1,154.1,101.4,122.4,74.7
198209,84.4,83.2,91.6,112.2,112.0,109.2,115.1,125.8,79.0,80.9,77.9,,72.8,76.8,63.0,,73.2,,,88.7,88.4,90.3,97.0,112.9,100.1,157.9,41.5,82.6,113.8,111.9,59.7,205.5,132.7,104.3,112.0,83.6,175.2,54.7,,121.0,94.0,129.3,82.5,71.2,114.8,65.0,,,60.7,61.5,61.0,58.0,73.5,83.8,,,,94.4,85.9,85.4,72.3,137.0,86.3,89.9,90.6,71.1,88.1,94.8,86.8,77.2,,97.7,94.5,93.9,53.3,109.8,93.7,60.1,,85.9,74.7,,105.3,105.3,75.1,80.3,136.6,103.9,142.8,66.1,127.0,,93.4,,66.1,49.0,78.6,141.2,61.0,61.3,43.5,86.9,160.7,,,54.1,52.5,65.4,69.2,62.7,53.8,92.4,,,,,68.1,66.7,87.2,59.7,89.6,53.7,54.6,,74.2,72.8,74.5,71.8,63.9,55.3,62.7,64.2,,,67.6,98.6,74.0,72.9,101.2,,192.2,134.9,219.6,138.3,,59.2,62.0,73.4,,81.2,70.6,,,88.9,,,101.0,71.9,99.1,112.3,123.1,81.5,97.5,68.3,93.1,92.3,124.2,89.2,109.4,144.2,113.0,,,93.4,71.5,102.4,,,,,80.0,58.3,79.5,,75.6,67.4,,,90.8,82.3,68.9,69.5,72.7,153.9,101.2,122.1,74.7
198210,84.7,83.2,91.8,112.6,112.5,110.2,115.6,124.4,79.0,81.0,77.8,,72.8,77.0,63.1,,73.2,,,88.6,88.4,90.2,94.1,107.5,101.0,148.8,42.0,84.5,108.7,110.6,70.1,152.8,129.5,101.1,114.5,83.3,174.2,54.7,77.2,121.2,93.5,128.3,82.7,72.2,110.6,65.8,,,60.8,61.6,61.1,58.3,73.5,83.8,,,,93.0,85.8,85.2,72.3,136.5,86.1,89.3,90.6,71.0,88.1,94.6,87.1,77.2,,100.5,94.7,93.8,53.3,109.6,94.4,60.4,,88.1,74.9,,115.2,115.2,72.3,75.5,102.3,68.1,80.1,67.1,95.3,,93.7,,62.3,47.1,71.1,84.1,66.7,69.4,42.8,77.3,165.1,,,53.4,49.8,75.7,95.3,64.1,64.3,97.5,,,,,68.2,66.8,86.5,60.1,89.7,53.9,54.4,,74.0,72.5,74.5,72.2,64.0,55.7,62.8,64.2,,,67.8,98.6,81.9,81.0,74.8,,71.8,132.7,235.6,146.9,,55.8,,55.4,82.2,,,,,81.6,,,101.5,72.3,99.0,112.7,123.4,81.8,97.4,68.3,93.0,92.1,122.7,89.2,109.3,144.2,113.2,,,93.5,71.5,103.2,,,,,80.1,58.6,80.3,,75.5,67.5,,,90.4,82.2,69.0,68.8,72.3,153.6,101.4,122.0,74.6
198211,83.9,80.9,92.3,113.7,113.4,112.0,117.4,121.4,79.1,81.0,77.8,,72.8,77.0,63.0,,73.2,,,88.2,88.1,89.7,92.7,104.9,101.2,143.3,44.7,82.5,105.5,103.7,68.8,134.8,130.5,101.9,115.6,84.1,182.2,55.4,62.9,119.8,93.7,127.6,82.7,73.2,110.8,65.9,,,60.9,61.6,61.0,58.4,73.8,83.9,,,,93.8,85.6,85.0,72.4,138.2,85.5,88.5,90.5,70.9,88.2,94.6,87.1,77.3,,99.5,94.8,93.9,53.3,110.0,94.5,60.7,,88.6,74.6,,111.4,111.4,61.4,57.3,67.9,28.2,41.7,54.2,62.1,,94.2,,58.7,47.2,58.1,54.2,61.0,67.4,43.4,76.6,148.8,,,,53.5,65.2,108.1,63.8,49.1,77.5,,,,,68.5,66.8,83.7,60.9,90.0,53.7,54.8,,74.3,72.7,74.7,72.3,64.4,57.2,63.0,64.5,,,67.7,98.1,67.4,66.1,63.0,104.2,46.9,123.8,224.3,124.8,,61.4,,,46.0,,,,,84.1,,,101.5,72.3,99.3,112.5,123.4,81.5,97.7,68.3,93.0,92.4,122.5,88.6,109.0,143.4,113.5,,,93.6,71.6,106.9,,,,,80.1,58.8,80.0,,75.8,67.9,,,90.1,82.2,69.0,68.8,71.9,153.3,101.2,122.6,74.6
198212,83.8,80.5,92.5,113.8,113.8,112.6,118.0,110.1,79.2,81.2,77.9,,72.9,77.2,63.1,,73.3,,,88.8,88.1,90.6,91.6,102.3,101.0,140.6,44.5,84.6,101.3,101.4,58.0,132.8,133.7,99.2,118.3,84.3,188.3,55.3,64.3,121.2,94.1,128.3,83.9,74.1,109.0,66.4,,,60.9,61.8,61.1,58.4,74.7,83.9,,,,95.7,85.5,84.8,72.3,138.7,85.1,88.1,90.4,71.2,88.4,94.8,87.4,77.2,,98.0,94.8,93.9,53.3,109.8,94.5,61.0,,88.8,74.3,,105.7,105.7,61.4,57.1,46.8,31.7,28.2,54.2,52.1,,93.5,,61.3,44.8,56.3,44.5,51.9,67.3,44.8,79.1,124.5,,,,68.1,83.4,107.8,86.4,63.6,100.9,,,,,69.0,67.3,78.4,62.9,91.0,53.9,54.6,,74.5,73.0,74.4,73.0,65.2,61.2,63.2,64.3,,,68.0,98.3,63.5,62.2,57.3,94.8,41.0,119.0,221.1,90.4,,,,,44.9,,,,,77.8,,,101.5,72.6,99.3,112.3,123.4,80.9,97.8,68.3,93.0,92.4,122.1,88.4,108.7,143.4,113.2,,,93.6,71.5,108.5,,,,,80.3,58.9,80.4,,76.0,68.5,,,90.8,82.6,69.0,68.7,71.5,153.8,101.2,122.6,74.6
198301,83.9,81.7,92.5,113.8,113.9,112.6,118.1,108.4,79.2,81.1,77.9,,72.9,77.2,63.2,,73.2,,,88.9,88.0,90.9,93.1,105.3,101.2,149.1,44.1,,102.2,110.4,63.4,135.3,138.8,101.6,114.7,85.5,192.0,56.9,66.2,120.0,94.0,128.1,83.2,73.7,109.7,67.3,,,61.0,61.6,61.0,58.6,75.0,83.8,,,,94.9,85.6,85.0,72.7,139.2,85.1,88.0,90.5,71.5,88.4,94.8,87.4,77.1,,93.5,95.1,94.0,53.3,110.1,95.6,62.0,,89.3,75.3,,89.2,89.2,69.0,69.5,55.2,42.0,36.9,64.8,77.7,,93.7,,67.5,44.4,62.0,53.5,55.3,70.5,46.5,89.2,125.0,,,,87.7,128.4,109.9,89.5,91.6,108.0,,,,,69.2,67.4,76.9,63.3,91.7,53.8,54.6,,74.5,73.1,74.6,72.8,65.5,62.3,63.3,64.5,,,68.0,98.6,65.8,64.5,57.6,96.8,42.7,122.7,206.9,80.7,,,,,,,,,,78.2,,,101.6,72.3,99.3,112.3,123.4,81.3,97.7,68.3,93.0,92.4,121.1,88.4,108.4,143.7,113.3,,,93.5,71.5,109.1,,,,,80.3,59.0,80.4,,76.1,68.0,,,91.5,82.6,69.0,68.6,71.3,153.6,100.8,123.0,74.6
198302,83.6,82.0,92.5,113.8,113.9,112.6,118.1,108.4,79.3,81.2,78.0,,72.9,77.1,63.2,,73.3,,,89.1,88.1,91.2,92.4,103.9,99.0,156.1,38.8,,108.1,113.4,69.5,134.5,134.3,100.9,117.6,85.3,190.9,58.0,53.4,115.0,93.8,128.0,82.8,73.2,108.0,67.4,,,61.0,61.6,61.1,58.4,75.4,84.2,,,,95.4,86.0,85.5,72.9,138.0,86.0,89.2,90.5,71.7,88.5,95.2,87.4,77.1,,93.8,95.2,94.0,53.3,110.1,95.8,62.0,,89.4,75.6,,90.2,90.2,69.7,70.5,57.6,37.5,45.3,66.3,77.7,,93.7,,65.5,43.5,60.8,58.2,50.8,73.6,48.0,88.7,118.2,,,,106.7,124.8,116.9,85.7,115.3,95.1,,,,,69.5,67.5,75.7,63.6,92.2,53.4,54.7,,74.6,73.1,74.8,73.0,66.1,64.8,63.5,64.6,,,68.0,97.8,70.0,68.8,56.7,99.3,44.4,121.4,184.5,69.1,,,,,,,,,90.1,80.9,,,101.6,72.7,99.1,112.2,123.4,80.9,97.5,68.3,93.3,92.4,119.8,88.3,108.4,143.3,112.7,,,93.5,71.3,109.3,,,,,80.3,59.6,80.4,,76.3,68.0,,,91.3,83.0,69.0,68.4,71.1,153.3,101.2,122.7,74.6
198303,84.1,83.1,92.5,113.8,114.1,112.7,118.2,107.8,79.3,81.2,78.0,,73.1,77.7,63.3,,73.2,,,88.5,88.4,90.1,92.8,104.5,99.5,153.4,36.9,103.0,112.1,111.9,67.8,133.6,134.2,99.0,122.2,85.5,190.4,59.2,47.3,112.4,93.5,127.5,82.3,73.0,107.4,67.6,,,61.0,61.8,61.1,58.6,75.5,84.3,,,,94.3,86.3,85.8,72.9,138.0,86.7,90.1,90.6,71.3,88.3,95.1,87.3,76.9,,99.5,95.1,94.0,53.2,110.1,95.7,62.0,,89.5,75.3,,110.3,110.3,73.2,75.9,64.0,35.8,70.0,71.9,106.7,,93.8,,67.9,42.3,64.0,76.9,53.7,88.3,56.4,96.4,111.3,,,,121.4,108.5,110.1,79.5,100.7,96.4,,,,,69.9,67.8,74.9,64.5,92.7,53.5,54.9,,74.9,73.4,74.8,72.9,66.8,67.7,63.5,64.6,,,68.1,97.5,76.0,75.0,,104.7,49.4,118.5,177.6,64.7,,,,,,,,,91.0,87.3,,,101.7,72.6,99.1,112.7,123.4,81.5,97.4,68.3,93.1,92.2,119.1,88.4,108.3,142.3,113.2,,,93.2,71.2,111.0,,,,,80.4,59.6,80.6,,76.1,68.2,,,91.7,83.1,69.0,68.4,71.0,153.8,101.2,122.6,74.6
198304,84.4,83.1,92.7,113.8,113.9,112.6,118.2,107.6,79.3,81.3,78.1,,74.2,81.1,64.3,,73.3,,,89.4,90.9,90.2,92.8,104.8,97.6,140.5,39.2,102.2,111.4,110.4,62.9,133.2,132.7,95.1,123.5,85.7,186.9,59.3,45.7,115.1,93.1,125.1,82.5,73.9,107.2,67.9,,,61.0,61.9,61.0,58.4,75.8,84.3,,,,94.6,86.4,86.0,72.9,139.1,87.0,90.6,90.7,71.3,88.5,95.2,87.4,77.3,,97.3,95.2,94.0,53.2,110.0,96.1,62.0,,90.0,75.8,,102.2,102.2,72.7,75.0,66.7,37.7,76.6,63.8,83.9,,93.2,,66.2,44.1,64.5,99.3,63.8,94.4,58.6,95.8,113.1,,,85.9,117.3,98.7,107.2,73.7,93.0,79.2,,,,,70.3,67.9,72.8,65.4,92.9,53.5,54.9,,74.9,73.5,74.9,72.9,67.4,71.2,63.5,64.4,,,68.1,97.5,75.9,74.8,,114.9,58.9,122.5,178.6,65.2,,,,,,,,,77.2,106.2,,,101.2,72.2,99.3,112.3,123.4,81.1,97.8,68.3,93.0,92.1,118.6,88.6,108.3,143.6,113.2,,,93.4,71.5,116.1,,,,,80.5,59.7,80.9,,76.1,68.0,,,92.6,83.0,68.9,68.3,70.7,153.6,101.2,123.4,74.6
198305,85.3,83.9,93.0,113.9,114.1,112.6,118.4,107.2,79.6,81.6,78.3,,74.7,82.3,65.1,,73.3,,,90.0,92.6,90.3,92.2,103.5,96.8,137.7,39.2,91.9,105.0,117.3,59.3,133.7,128.5,94.7,123.3,86.7,187.8,59.3,,113.2,93.3,125.1,82.2,72.9,109.7,68.2,,,61.0,61.9,61.1,58.4,75.8,84.1,,,,93.8,86.4,85.9,72.8,137.7,87.1,90.6,90.4,71.5,88.7,95.6,87.4,77.7,,94.5,95.2,94.0,53.2,110.0,96.2,61.9,,89.9,76.2,,92.3,92.3,76.7,81.3,114.6,58.5,101.3,73.7,79.5,,94.3,,72.8,65.9,83.8,97.2,86.6,98.3,55.1,101.8,119.6,,,71.2,128.4,74.1,98.6,72.2,78.9,123.6,,,,,70.5,68.0,72.4,66.8,92.8,53.5,54.8,,74.9,73.4,74.9,72.9,68.0,73.8,63.7,64.5,,,68.2,97.4,83.9,83.1,,130.4,,120.9,182.6,65.3,,,,,,,135.7,,72.5,113.8,,,101.1,71.9,99.8,112.4,123.1,81.6,98.2,68.3,92.8,92.1,119.9,88.5,108.8,143.3,113.4,,,93.6,71.8,118.0,,,,,80.6,59.6,80.4,,76.2,68.7,,,92.7,83.3,69.0,68.4,70.5,153.8,101.3,124.1,74.7
198306,84.8,82.5,93.2,113.9,114.1,112.6,118.4,107.0,79.7,81.7,78.3,,76.1,82.8,66.0,,75.1,,,91.0,94.2,91.1,90.5,100.5,94.1,130.2,38.1,75.5,102.4,115.5,62.7,132.3,126.7,95.8,119.5,86.2,189.2,58.4,,115.0,92.9,124.0,82.0,70.4,108.2,68.9,,,61.2,62.2,61.2,58.6,76.1,84.4,,,,93.9,86.4,86.0,72.9,138.0,87.4,90.7,90.1,71.7,88.8,96.0,87.4,77.4,,93.9,95.4,94.1,53.2,110.2,96.3,61.9,,90.1,76.3,,90.0,90.0,65.9,63.5,50.3,54.4,78.6,69.7,54.4,,93.9,,95.5,60.1,122.3,80.9,64.6,91.7,56.3,149.4,117.6,,,40.8,82.6,55.7,75.4,52.1,42.3,107.0,,,,,70.7,68.4,71.5,67.9,93.5,53.2,54.8,,75.0,73.5,75.0,73.3,68.1,75.3,63.5,64.2,,,68.2,97.8,82.8,82.0,,143.0,,119.5,171.8,75.3,,,137.9,,,,87.4,,76.9,116.9,,,101.0,71.9,100.1,112.7,123.4,81.6,98.6,68.3,93.0,92.1,123.6,88.7,108.8,143.9,113.5,,,93.3,71.8,117.5,,,,,80.6,59.9,80.5,,76.2,68.3,,,93.5,83.3,69.0,68.4,70.3,153.8,101.4,124.4,74.7
198307,84.4,82.1,93.8,113.9,114.1,112.6,118.4,107.0,80.8,83.4,78.4,,77.6,83.3,66.7,,77.8,,,91.3,95.1,91.1,90.8,101.2,94.4,130.5,40.3,76.0,111.9,112.6,64.8,131.6,128.9,96.9,118.1,86.2,185.9,57.9,,117.9,91.7,122.9,80.8,67.8,103.3,69.7,,,61.2,62.2,61.2,58.6,76.3,85.0,,,,94.1,86.5,86.0,72.9,137.6,87.5,90.7,90.1,71.7,88.9,96.3,87.4,77.4,,94.7,95.2,93.9,53.2,109.6,96.2,61.9,,90.1,76.1,,93.1,93.1,65.5,62.6,54.7,70.9,88.0,57.7,60.0,,93.4,,107.6,62.6,118.3,94.3,65.8,85.6,58.3,163.7,117.2,,,41.6,66.9,61.8,57.4,41.6,42.9,103.3,,,,,71.0,68.7,71.4,69.0,93.9,53.3,54.9,,75.2,73.8,75.2,73.3,68.4,76.3,63.7,64.2,,,68.4,97.7,72.8,71.7,,,,120.4,165.0,78.8,,,88.3,158.0,,67.5,54.8,,,115.9,,,101.5,71.8,100.3,112.5,123.4,81.6,98.9,68.3,92.9,92.1,125.2,88.6,108.9,144.3,113.6,,,92.9,72.0,118.7,,,,,80.6,59.9,80.3,,76.1,68.2,,,93.8,82.9,68.9,68.3,70.1,153.6,101.4,124.7,74.7
198308,84.3,83.2,94.2,113.9,114.1,112.7,118.4,107.0,81.3,84.1,78.7,,78.7,83.4,67.3,,79.7,,,91.4,95.3,91.2,91.6,102.8,95.2,131.3,41.7,79.9,117.0,111.3,64.8,138.4,132.6,96.6,114.5,87.1,186.2,58.5,,117.8,91.2,121.3,80.8,67.4,102.7,69.7,,,61.2,62.3,61.4,58.4,76.4,85.0,,,,94.0,86.6,86.1,72.9,138.0,87.5,90.9,90.4,71.7,88.8,95.8,87.4,77.3,,94.4,95.1,93.8,53.2,109.6,96.1,61.8,,90.0,76.1,,92.2,92.2,71.8,72.8,77.8,103.3,134.6,59.5,106.1,,93.8,,84.1,65.9,73.4,141.6,102.2,82.2,61.4,127.9,118.3,,,45.7,72.0,65.4,57.6,53.0,45.7,118.0,,,,,71.3,69.0,71.9,70.9,93.9,53.6,54.9,,75.3,74.0,75.3,73.3,68.7,76.7,64.1,64.6,,,68.5,97.9,76.6,75.6,,,,123.1,163.1,85.3,,86.8,64.6,113.2,,61.5,73.2,,,124.5,,,101.5,71.7,100.3,112.4,123.3,81.4,98.9,68.3,92.9,91.7,125.4,88.0,108.9,144.0,114.0,,,93.0,72.0,118.6,,,,,80.5,59.9,80.3,,76.1,68.1,,,94.0,83.1,69.0,68.4,69.8,153.8,101.4,124.6,75.0
198309,85.2,83.3,94.4,114.0,114.3,112.9,118.5,107.0,81.7,84.5,78.7,,79.4,84.1,67.5,,81.0,,,91.3,95.5,91.0,90.5,101.2,96.1,126.0,42.2,82.4,118.4,99.5,58.4,106.4,129.7,94.0,108.8,85.7,183.9,59.6,,122.9,90.5,119.9,80.1,67.4,104.1,70.3,,,61.3,62.3,61.6,58.6,76.5,85.0,,,,94.5,86.6,86.2,73.1,136.3,87.6,91.1,90.5,71.9,88.9,95.9,87.5,77.4,,97.1,95.2,93.9,53.2,110.0,96.2,61.8,,90.1,76.2,,101.3,101.3,74.1,76.4,70.3,109.1,107.6,60.4,102.5,,94.6,,69.5,64.0,69.1,125.2,94.6,81.7,74.2,84.2,129.9,,,45.1,92.0,56.2,55.0,68.7,46.7,104.2,,,,,71.7,69.7,72.7,73.8,94.0,54.2,54.9,,75.4,74.1,75.4,73.3,69.1,77.9,64.7,64.8,,,68.8,97.8,72.0,70.8,91.8,,179.0,120.9,171.6,113.7,,58.2,60.2,67.1,,69.2,63.9,,,149.4,,,101.6,71.8,100.5,112.3,123.1,81.3,99.2,68.3,92.9,92.0,126.1,88.7,109.0,143.4,113.5,,,93.4,75.3,117.7,,,,,80.6,59.9,80.4,,76.3,68.3,,,94.0,82.9,68.9,68.3,69.8,153.4,101.4,124.7,74.7
198310,85.9,84.5,94.8,114.3,114.5,113.8,119.1,106.7,81.9,84.8,78.7,,79.8,84.2,67.9,,81.5,,,91.5,95.6,91.3,89.8,99.9,96.1,126.7,44.9,80.6,116.3,99.0,58.6,82.7,126.6,92.4,106.5,88.6,181.8,60.8,85.5,122.8,89.8,118.9,79.7,67.0,100.5,71.5,,,61.3,62.4,61.6,58.6,76.5,85.0,,,,94.6,86.5,86.0,73.0,136.2,87.2,90.6,90.4,71.9,88.9,96.0,87.4,77.4,,98.2,95.1,93.9,53.2,109.8,95.8,61.8,,89.7,75.6,,105.7,105.7,76.7,80.3,69.4,89.7,87.1,64.7,114.9,,94.6,,65.2,59.0,64.2,100.2,81.6,79.5,77.2,75.0,130.8,,,50.3,72.1,85.2,72.5,69.9,50.9,99.6,,,,,72.3,70.4,73.5,76.6,94.4,54.3,55.0,,75.6,74.3,75.5,73.4,69.9,80.7,65.4,65.2,,,68.7,98.9,85.1,84.4,67.8,,76.8,120.3,180.5,134.8,,55.6,,64.2,90.5,,,,,118.2,,,101.6,71.7,101.4,112.7,123.4,81.7,100.3,68.3,93.1,92.0,126.7,88.7,109.1,144.6,113.9,,,93.5,91.0,117.4,,,,,80.7,59.9,81.3,,76.0,68.5,,,93.7,82.8,68.8,68.1,69.4,153.3,101.8,125.6,75.0
198311,85.5,82.9,95.4,115.5,115.9,115.6,121.2,106.3,82.1,85.2,78.8,,80.1,84.4,68.0,,81.9,,,91.5,95.7,91.1,88.9,98.8,96.6,123.5,46.5,76.3,109.6,87.2,56.9,82.2,127.6,90.9,111.4,89.0,180.6,60.1,67.9,125.5,88.8,116.6,79.0,65.6,99.0,71.8,,,61.3,62.2,61.4,58.7,76.6,85.0,,,,94.5,86.2,85.6,73.1,135.8,86.4,89.6,90.2,71.7,88.9,96.3,87.4,77.6,,98.3,95.3,94.0,53.3,110.1,96.1,61.8,,90.1,76.1,,105.4,105.4,71.1,70.6,69.0,55.3,53.7,55.1,84.4,,95.4,,64.9,56.6,57.1,77.1,72.0,75.7,74.1,71.3,126.2,,,,74.6,92.6,104.3,88.5,54.9,90.7,,,,,73.1,70.6,74.3,77.6,94.6,54.5,54.9,,76.4,75.1,76.5,73.4,71.1,86.2,66.5,65.0,,,68.5,100.7,67.3,66.1,58.1,95.6,46.4,115.7,174.4,106.1,,57.8,,,52.5,,,,,103.1,,,101.6,71.5,101.5,112.8,124.0,81.3,100.4,68.3,92.6,92.1,126.6,88.7,108.5,142.6,113.6,,,93.6,94.1,117.6,,,,,80.8,59.8,81.3,,75.9,68.7,,,93.9,82.8,69.0,68.1,69.6,153.8,101.3,125.4,74.9
198312,85.2,82.5,95.6,115.8,116.1,115.9,121.7,105.5,82.1,85.2,78.6,,80.3,84.3,68.3,,82.0,,,91.2,95.7,90.5,88.5,97.9,97.1,136.3,44.0,75.8,103.2,85.0,57.1,84.3,129.8,93.2,114.2,89.8,182.0,59.9,59.6,124.9,88.7,115.4,79.7,63.8,101.3,73.0,,,61.4,62.3,61.6,58.8,76.5,85.1,,,,94.6,86.1,85.5,73.1,137.7,86.0,89.3,90.2,71.9,88.8,95.9,87.4,77.7,,99.2,95.2,94.0,53.3,110.0,96.0,61.7,,89.8,75.8,,109.1,109.1,69.1,66.4,77.8,48.1,45.9,48.9,75.4,,95.5,,67.3,53.5,52.3,72.1,58.0,73.9,72.7,69.6,118.5,,,,94.1,82.7,99.7,84.0,52.0,106.7,,,,,74.5,71.1,75.4,78.9,94.9,54.5,55.0,,79.5,78.5,80.2,73.3,72.1,89.6,67.1,65.4,,,68.8,102.0,63.5,62.2,51.9,84.6,41.7,120.7,169.6,71.4,,,,,49.8,,,,,95.5,,,101.7,71.4,101.6,112.9,124.1,81.5,100.4,68.3,92.7,92.1,126.9,88.1,108.7,143.7,113.7,,,93.7,94.4,117.6,,,,,80.9,60.3,81.2,,76.2,69.2,,,93.9,82.8,69.0,68.2,69.5,153.8,101.1,125.6,74.8
198401,85.5,84.0,95.7,115.9,116.3,116.2,121.8,105.3,82.2,85.3,78.6,,80.5,84.4,68.6,,82.2,,,90.6,95.9,89.6,90.0,100.5,98.4,136.1,44.7,,104.9,94.4,62.2,89.0,135.8,93.4,113.4,88.5,184.3,62.0,59.1,120.3,89.3,115.5,80.1,64.6,105.2,73.6,,,61.3,62.2,61.5,58.8,76.5,85.1,,,,94.7,86.1,85.6,73.2,138.5,86.0,89.2,90.1,71.9,88.8,95.6,87.4,77.6,,97.0,95.2,94.1,53.3,110.2,95.9,61.6,,90.1,75.8,,101.2,101.2,78.1,80.7,115.2,61.2,60.0,62.0,102.6,,95.6,,79.9,54.7,60.5,88.4,59.0,76.8,80.6,75.6,119.2,,,,108.3,110.0,104.8,93.3,59.4,112.6,,,,,74.9,71.2,76.1,79.6,94.7,54.7,55.2,,80.1,79.2,80.7,73.8,72.5,90.6,67.5,65.7,,,68.9,102.5,67.7,66.5,52.9,85.9,45.6,120.4,170.4,65.6,,,,,,,,,,91.3,,,101.6,71.2,102.0,113.0,124.1,81.6,100.6,68.3,92.9,91.9,127.8,88.0,108.9,144.0,113.7,,,93.7,95.6,118.3,,,,,80.9,59.9,81.4,,76.3,69.5,,,94.1,82.7,68.8,68.2,69.4,153.8,101.1,126.4,74.9
198402,86.0,86.1,96.4,117.3,117.6,116.2,122.2,105.5,82.4,85.6,78.8,,80.6,84.5,68.8,,82.3,,,90.9,95.9,90.0,90.0,100.3,96.3,137.1,41.4,,111.5,100.7,64.0,89.7,133.8,93.6,114.8,88.3,183.2,65.5,52.2,115.5,89.7,117.2,79.7,63.8,104.9,73.7,,,61.5,62.5,61.4,59.2,76.5,85.2,,,,95.1,86.4,85.9,73.2,138.2,86.6,90.1,90.3,71.9,88.8,95.7,87.4,77.7,,100.5,95.2,94.1,53.3,110.1,95.8,61.5,,90.2,75.6,,113.6,113.6,90.0,100.3,158.8,76.7,87.5,83.7,169.5,,96.1,,83.9,61.7,70.1,130.6,69.4,93.0,96.4,77.0,124.5,,,,120.1,129.7,121.8,82.7,110.1,119.3,,,,,75.3,71.2,76.4,80.6,94.4,54.6,55.0,,81.0,79.9,82.2,73.9,73.0,91.6,68.4,65.9,,,68.9,103.6,71.8,70.7,52.4,84.7,49.1,119.4,168.3,62.7,,,,,,,,,88.0,93.6,,,101.6,71.3,102.1,113.0,124.3,81.6,100.8,68.3,93.1,91.9,128.8,88.4,108.9,144.7,113.7,,,93.8,95.5,118.2,,,,,81.0,59.7,81.2,,76.4,69.7,,,95.0,82.6,68.9,68.7,69.3,153.8,101.1,126.4,74.9
198403,86.2,86.4,96.9,118.0,118.3,116.6,122.4,105.5,82.4,85.7,78.9,,80.8,84.5,69.2,,82.3,,,91.3,95.9,90.7,90.2,100.7,96.8,138.4,39.6,88.1,116.3,103.6,65.4,91.2,133.0,94.2,119.2,87.5,180.3,66.0,44.1,114.2,89.9,117.9,79.4,64.0,104.6,74.0,,,61.5,62.3,61.6,59.1,76.5,85.2,,,,95.0,86.5,86.1,73.3,139.3,86.8,90.5,90.3,71.7,88.6,95.4,87.0,77.7,,100.2,95.2,94.0,53.3,109.8,96.0,61.6,,90.1,75.9,,112.7,112.7,90.0,99.9,161.4,47.7,115.9,82.5,150.8,,96.7,,89.6,79.4,76.2,167.9,71.7,100.4,130.4,73.0,125.9,,,,116.7,107.1,117.2,80.7,97.3,107.7,,,,,75.6,71.3,76.7,81.4,94.2,54.4,55.1,,81.4,80.3,82.7,74.2,73.4,93.0,68.7,66.0,,,69.0,104.0,74.2,73.2,,85.3,51.0,114.3,161.8,60.0,,,,,,,,,86.9,96.5,,,101.6,70.9,102.1,113.2,124.1,82.0,100.8,68.3,92.8,91.9,129.1,88.4,108.8,144.3,113.7,,,93.8,95.0,118.7,,,,,81.1,59.6,81.3,,76.3,69.3,,,96.4,82.8,68.9,69.1,69.4,153.4,101.1,127.3,74.7
198404,86.4,85.8,97.0,118.2,118.6,116.7,122.5,105.5,82.6,85.7,79.1,,81.0,84.8,69.6,,82.4,,,91.8,96.0,91.4,91.3,102.5,96.6,141.2,37.7,86.6,115.1,104.9,62.7,93.4,131.8,94.4,125.4,87.5,181.3,65.5,38.0,115.6,90.6,118.9,79.0,63.7,106.5,74.3,,,61.7,62.6,61.4,59.4,76.5,85.4,,,,95.0,86.5,86.1,73.5,139.5,86.8,90.3,90.3,71.8,88.6,95.5,86.6,77.7,,98.3,95.2,94.0,53.3,110.0,95.9,61.4,,90.2,75.8,,105.5,105.5,84.8,91.2,152.4,36.1,115.4,67.1,73.2,,96.7,,97.7,84.4,83.8,161.2,96.8,99.0,127.7,69.0,125.7,,,86.1,120.7,86.8,103.9,75.7,80.2,91.9,,,,,76.0,71.5,77.0,82.7,94.1,54.2,55.1,,81.9,80.6,83.7,74.2,74.0,95.1,69.5,66.1,,,69.1,104.2,75.3,74.3,,85.6,51.8,113.0,167.0,59.8,,,,,,,,,83.5,93.7,,,101.5,71.0,102.2,112.9,123.7,81.8,101.0,68.3,93.2,92.2,129.3,88.6,108.8,145.0,113.7,,,93.7,95.1,120.2,,,,,81.2,59.9,81.3,,76.3,69.5,,,96.6,82.9,68.9,69.3,69.9,153.6,101.1,127.3,74.7
198405,87.0,85.6,97.0,118.2,118.6,116.7,122.7,105.6,82.6,85.8,79.1,,81.2,84.8,69.9,,82.4,,,91.3,96.0,90.6,90.1,100.0,96.6,131.2,36.7,75.6,107.1,103.6,59.7,92.9,127.9,95.4,125.4,86.8,179.8,65.7,,116.4,90.7,119.1,79.0,62.6,107.2,74.6,,,61.6,62.5,61.4,59.2,76.5,85.2,,,,94.9,86.6,86.2,73.5,139.5,86.9,90.5,90.2,72.2,88.6,95.5,86.9,77.6,,96.1,95.2,93.9,53.3,109.6,96.0,61.4,,90.1,76.0,,98.0,98.0,78.6,80.8,96.8,38.7,94.6,57.0,46.1,,96.9,,104.7,92.9,101.3,111.8,114.4,107.0,106.8,71.2,125.8,,,67.8,119.8,70.0,90.5,72.1,58.8,97.9,,,,,76.2,71.3,77.1,81.1,94.1,54.2,55.0,,82.2,81.1,84.0,74.3,74.6,96.2,70.0,66.5,,,69.1,104.4,79.7,78.8,,91.1,,112.4,164.4,59.2,,,,,,,165.4,,74.8,94.0,,,101.1,70.7,102.2,112.8,123.4,81.9,100.9,68.3,92.8,92.1,129.4,88.6,108.9,143.4,113.7,,,93.8,95.4,119.3,,,,,81.4,60.8,81.3,,76.4,69.7,,,96.9,83.1,69.0,69.4,70.1,153.4,101.1,127.5,74.7
198406,86.4,84.2,97.1,118.2,118.6,116.8,122.7,105.7,82.6,85.7,79.0,,81.2,84.9,70.2,,82.3,,,91.9,96.1,91.6,90.5,101.1,97.3,135.4,36.0,68.3,108.6,110.0,66.5,93.7,126.9,100.4,128.6,86.2,178.2,63.6,,117.1,90.6,119.1,77.8,65.0,107.3,74.4,,,61.8,62.6,61.7,59.3,76.5,85.1,,,,95.0,86.5,86.2,73.5,139.2,86.9,90.3,90.1,71.9,88.6,95.4,86.9,77.3,,94.5,95.1,93.8,53.3,109.3,96.1,61.5,,90.0,76.3,,92.6,92.6,68.9,64.8,39.8,45.8,65.1,48.9,42.5,,96.5,,130.2,86.2,208.6,68.0,83.5,111.3,76.5,92.6,123.9,,,44.0,86.3,58.1,75.5,46.8,40.8,108.8,,,,,76.2,71.1,77.2,79.5,94.0,54.6,55.0,,82.0,80.7,83.7,74.5,74.8,96.9,70.2,66.7,,,69.3,104.5,76.6,75.7,,102.0,,106.4,154.9,77.5,,,157.6,,,,87.2,,72.0,92.0,,,101.1,70.7,102.4,114.3,126.1,81.5,101.0,68.3,93.1,92.1,129.7,88.3,108.7,144.9,113.9,,,93.9,95.3,118.8,,,,,81.2,60.7,81.0,,76.5,69.6,,,95.9,82.7,69.0,69.3,70.2,153.1,101.2,127.1,74.7
198407,86.6,85.0,97.1,118.2,118.6,116.8,122.7,105.7,82.6,85.9,79.0,,81.3,84.4,70.5,,82.5,,,91.6,96.1,91.0,90.9,101.7,97.3,147.1,36.4,68.3,117.9,108.6,62.5,94.2,127.3,102.6,121.9,87.6,177.8,64.1,,119.5,90.9,119.0,77.1,65.7,112.1,74.2,,,61.8,62.7,61.8,59.2,76.5,85.5,,,,95.1,86.6,86.2,73.6,139.1,87.1,90.6,90.0,71.9,88.6,95.7,86.8,77.7,,94.3,95.1,93.9,53.4,109.4,95.9,61.4,,90.1,75.9,,91.9,91.9,70.2,66.9,57.7,85.1,86.4,59.6,64.4,,96.5,,135.9,77.0,123.2,98.6,97.0,106.8,67.6,135.2,128.7,,,43.9,66.9,52.4,61.9,46.2,55.2,102.9,,,,,76.3,71.1,77.5,78.8,93.9,54.8,54.9,,82.2,81.0,83.9,74.7,74.9,97.1,70.4,66.7,,,69.3,104.7,84.6,84.0,,,,116.9,149.1,90.2,,,109.5,180.0,,76.3,75.6,,,88.1,,,101.1,70.3,103.1,120.0,135.2,81.8,101.0,68.3,92.7,92.2,129.8,88.4,108.9,145.3,113.9,,,93.8,95.3,118.1,,,,,81.2,60.7,80.9,,76.7,69.5,,,96.0,83.0,69.0,69.1,70.2,153.4,101.0,127.1,74.7
198408,85.9,84.5,97.2,118.2,118.7,116.9,122.7,105.6,82.6,85.8,79.0,,81.4,84.0,70.8,,82.5,,,91.7,96.1,91.1,93.0,105.6,99.0,173.3,41.2,75.3,132.1,109.3,62.7,106.4,135.5,103.5,121.7,86.2,177.8,65.2,,126.5,91.4,119.8,77.4,66.2,113.1,74.1,,,61.7,62.6,61.8,59.2,76.5,85.5,,,,94.6,86.6,86.2,73.7,136.3,87.4,90.8,89.9,72.0,88.6,95.6,86.9,78.0,,94.8,95.1,93.8,53.4,109.4,96.1,61.3,,90.0,76.5,,93.7,93.7,68.5,64.2,61.9,103.8,81.8,59.4,72.1,,95.4,,104.1,63.7,83.2,110.0,93.9,92.1,68.8,96.8,129.4,,,41.0,50.8,49.0,41.4,50.0,35.1,115.6,,,,,76.4,71.1,77.1,78.9,94.0,55.2,55.0,,82.1,80.8,83.8,74.6,75.1,97.2,70.6,67.1,,,69.5,104.7,73.9,72.8,,,,120.0,156.7,101.6,,90.2,62.7,111.4,,65.9,63.6,,,89.5,,,101.0,70.1,103.5,123.4,140.8,81.7,100.9,68.3,92.7,92.1,129.8,88.4,108.8,144.0,113.7,,,93.8,95.1,118.7,,,,,81.3,60.8,81.2,,76.7,69.2,,,97.3,83.3,68.8,69.3,70.2,153.6,101.1,126.6,74.6
198409,87.2,85.8,97.3,118.4,118.8,117.2,123.0,105.7,82.6,85.8,78.9,,81.5,84.9,70.6,,82.5,,,91.9,96.4,91.5,92.8,104.5,100.5,157.4,44.7,74.3,130.3,102.1,63.1,107.8,130.2,102.3,111.2,86.1,176.1,63.6,,130.7,92.1,121.1,77.2,66.3,115.9,74.2,,,61.8,62.9,61.7,59.3,76.5,85.3,,,,95.4,86.7,86.3,73.8,135.7,87.6,90.8,90.0,72.3,88.6,95.8,86.6,77.7,,98.8,95.1,93.8,53.3,109.4,95.9,61.3,,89.9,76.2,,108.1,108.1,75.7,76.0,58.9,107.0,100.0,63.4,61.5,,95.4,,80.7,59.2,75.7,101.4,81.3,86.1,79.5,70.3,136.9,,,53.7,46.7,82.0,53.7,60.9,44.7,108.4,,,,,76.4,71.0,76.5,78.0,94.2,55.3,54.7,,82.2,81.0,83.7,74.8,75.2,97.6,70.4,67.0,,,69.3,104.2,77.9,76.9,98.8,,192.5,114.4,159.4,103.6,,71.0,62.5,69.9,,73.5,67.6,,,100.3,,,101.1,70.2,103.7,124.7,143.0,81.8,101.0,68.3,93.1,91.9,129.4,88.5,108.9,145.0,114.2,,,93.8,94.8,119.2,,,,,81.3,60.7,81.0,,76.7,69.2,,,97.0,82.7,68.9,69.6,70.4,153.6,101.1,127.1,74.5
198410,87.8,86.1,97.8,119.3,119.7,118.6,124.4,105.7,82.7,86.0,79.0,,81.6,84.9,70.8,,82.5,,,92.0,96.4,91.6,93.0,105.3,100.4,156.0,46.2,74.1,129.4,100.5,69.4,84.8,129.3,102.7,113.6,87.1,177.8,63.6,84.9,130.6,91.5,120.7,77.1,66.6,109.9,74.4,,,61.8,62.6,62.0,59.5,76.5,85.4,,,,95.1,86.6,86.2,73.8,135.1,87.2,90.2,90.0,72.2,88.4,95.7,86.6,77.6,,98.0,95.0,93.8,53.3,109.3,95.4,61.3,,89.5,75.3,,105.4,105.4,71.9,69.5,51.2,49.9,68.7,55.0,54.8,,96.0,,72.5,55.9,65.4,84.9,67.1,77.6,78.2,60.7,132.2,,,43.0,45.1,67.9,56.0,68.6,41.5,137.8,,,,,76.4,70.8,73.9,77.2,94.2,55.6,54.6,,82.4,81.1,84.2,74.8,75.2,97.8,70.3,67.4,,,69.4,103.6,91.3,90.9,78.0,,86.5,113.8,169.2,99.2,,57.0,,79.3,83.8,,,,,107.0,,,101.1,70.1,103.7,125.2,143.7,81.9,100.9,68.3,93.0,92.0,129.3,88.1,109.1,143.4,114.2,,,93.9,94.8,119.4,,,,,81.5,60.9,81.8,,76.6,69.4,,,97.1,82.8,69.1,69.3,70.6,153.6,101.3,126.8,74.9
198411,87.4,84.6,98.1,120.1,120.6,119.7,125.7,105.6,82.8,86.0,79.0,,81.6,84.6,70.8,,82.5,,,91.7,96.5,91.0,91.7,103.1,102.1,156.7,45.0,73.4,122.2,92.8,62.9,82.8,129.3,102.5,110.1,85.8,178.4,62.5,66.5,130.5,91.2,120.6,76.9,66.4,107.3,74.1,,,61.9,62.7,61.9,59.7,76.5,85.2,,,,95.4,86.4,85.9,73.7,135.8,86.6,89.7,89.9,72.4,88.3,95.4,86.4,77.7,,97.3,95.0,93.8,53.3,109.3,95.4,61.2,,89.8,75.3,,103.0,103.0,64.8,58.0,42.7,36.2,36.9,43.0,38.6,,96.1,,69.4,52.8,62.5,55.8,60.6,68.5,80.9,57.5,120.1,,,,50.5,75.7,88.8,65.4,41.2,95.1,,,,,76.4,70.6,73.2,76.2,94.2,55.7,54.6,,82.4,81.0,84.2,74.8,75.3,98.0,70.0,67.5,,,69.3,103.4,83.6,82.9,73.4,114.8,62.2,121.7,182.3,84.2,,60.4,,,58.5,,,,,106.5,,,100.8,69.6,103.8,125.0,143.4,81.8,101.0,68.3,92.8,93.0,129.2,88.6,109.1,145.6,114.1,,,93.8,94.4,118.7,,,,,81.7,61.0,82.2,,76.9,70.2,,,96.9,82.8,69.6,69.4,70.8,154.2,101.3,127.3,74.9
198412,87.5,85.2,98.2,120.3,120.7,119.8,125.8,105.5,82.8,86.0,79.0,,81.6,84.8,71.0,,82.5,,,91.3,96.5,90.4,91.7,102.8,104.9,151.9,45.3,82.5,112.7,94.0,67.5,85.6,130.1,102.6,111.8,87.5,179.4,61.5,64.2,131.6,91.7,121.8,77.3,66.5,108.0,74.0,,,61.9,62.8,61.9,59.7,76.6,85.4,,,,94.7,86.4,85.9,73.7,135.8,86.4,89.7,89.8,72.3,88.5,95.6,86.6,77.6,,97.2,95.0,93.7,53.4,109.1,95.6,61.4,,89.4,75.6,,102.6,102.6,64.5,57.4,38.0,37.8,27.6,37.0,41.6,,95.9,,70.8,50.2,67.1,50.0,52.9,63.1,85.9,56.3,101.6,,,,56.1,95.7,103.4,75.7,52.7,100.2,,,,,76.4,70.5,70.8,76.2,94.2,55.7,54.7,,82.3,81.0,84.1,74.8,75.3,97.7,70.2,67.6,,,69.3,102.8,93.1,92.7,73.5,112.4,65.9,122.9,181.0,69.9,,,,,60.3,,,,,105.5,,,100.6,69.8,104.1,125.3,144.0,81.7,101.2,68.3,92.5,93.6,129.3,88.4,109.2,144.7,114.1,,,93.7,95.5,118.9,,,,,81.8,61.1,82.1,,77.0,70.4,,,97.1,82.8,69.6,69.3,70.7,154.2,101.1,127.1,74.9
198501,87.8,86.5,98.5,120.8,121.3,119.9,125.8,105.1,82.9,86.3,79.2,,81.8,85.0,71.2,88.3,82.5,86.1,,90.4,96.6,88.9,94.3,107.1,108.6,165.1,46.7,,114.5,103.4,66.3,88.2,136.2,102.2,117.4,86.4,180.1,64.5,65.1,135.4,93.3,125.1,77.0,67.7,113.5,73.9,,,62.0,62.8,61.9,59.9,76.5,85.5,,,72.6,94.6,86.5,86.1,74.6,135.2,86.6,89.9,89.8,72.2,88.7,95.5,87.0,77.7,,95.3,95.1,93.7,53.4,108.7,96.7,62.0,125.6,89.5,75.1,,94.8,94.8,74.1,73.4,52.2,51.9,36.9,45.1,97.0,,96.2,,79.6,51.4,79.5,69.9,55.4,62.2,86.8,62.7,95.4,,,82.8,64.7,123.2,107.9,77.7,64.6,122.3,,,,,76.2,70.2,69.3,75.0,94.3,55.7,54.7,,82.0,80.8,83.7,74.8,75.4,97.7,70.6,67.9,,,69.3,102.6,90.3,89.7,77.7,121.9,70.7,122.6,178.7,69.9,,,,,,,,,110.7,105.0,,,100.8,70.9,104.2,125.3,144.0,81.5,101.3,68.3,92.2,94.6,129.3,88.4,109.1,144.6,114.1,,,93.7,95.4,119.2,89.6,99.1,,,81.9,61.3,82.0,,77.0,70.7,,84.1,97.1,82.7,69.4,69.6,70.7,153.6,101.3,127.3,74.8
198502,87.5,86.2,98.5,120.8,121.3,119.9,125.8,105.3,82.9,86.2,79.0,,81.8,84.9,71.1,88.1,82.5,86.2,,91.7,96.6,90.9,92.3,103.4,105.7,154.3,42.9,,116.6,102.4,61.4,88.5,131.3,100.5,121.8,84.8,175.9,64.3,49.7,122.4,93.3,125.2,77.1,68.0,111.1,74.0,,,62.0,62.7,61.9,60.0,76.5,85.5,,,72.6,94.0,86.4,85.9,74.7,135.4,86.5,89.2,89.7,72.8,88.8,95.5,87.4,77.7,,98.5,95.3,93.8,53.4,108.8,97.0,62.3,125.6,89.9,75.5,,106.0,106.0,72.2,70.3,51.7,41.9,41.6,39.9,92.0,,96.5,,76.1,51.3,82.3,70.3,51.1,58.0,85.3,57.3,88.7,,,86.2,75.5,113.5,121.4,88.5,105.6,91.9,,,,,76.3,70.3,70.1,75.1,94.5,55.6,54.9,,82.0,80.8,83.8,74.9,75.4,97.8,70.5,67.8,,,69.2,102.5,89.0,88.3,83.5,128.1,70.9,122.3,168.1,67.9,,,,,,,,,92.6,106.1,,,102.0,72.3,104.3,125.3,144.0,81.5,101.5,68.3,92.3,95.7,129.3,88.7,109.1,145.3,113.9,,,93.6,95.3,118.9,89.6,99.1,,,81.9,61.3,82.2,,76.9,70.4,,84.3,97.0,82.7,69.2,70.1,70.7,153.8,101.1,127.5,74.8
198503,87.8,86.5,99.2,122.1,122.6,120.2,126.3,105.3,82.9,86.3,79.1,,81.7,84.9,71.1,88.5,82.5,86.0,,91.7,96.4,91.0,93.1,104.8,105.5,154.3,40.8,93.3,122.7,106.5,66.5,86.7,132.9,99.3,130.3,85.4,174.2,63.2,42.1,121.7,93.6,125.7,76.8,67.7,115.1,73.9,,,62.0,62.9,62.1,59.9,76.5,85.7,,,72.5,94.3,86.4,85.9,74.7,135.9,86.5,89.0,89.6,73.0,88.6,95.6,86.8,77.6,,95.4,95.1,93.4,53.4,108.2,96.9,63.3,125.0,89.8,75.2,,95.6,95.6,73.3,72.1,52.4,39.3,48.3,36.1,79.6,,96.1,,77.1,49.6,83.0,63.7,51.6,53.5,82.1,57.8,82.2,,,97.2,77.5,120.7,122.8,92.7,110.7,88.1,,,,,76.2,70.2,68.8,75.0,94.2,55.5,55.0,,82.0,80.5,83.7,75.0,75.5,98.1,70.4,67.8,,,69.2,103.1,92.8,92.2,91.8,133.4,75.0,129.1,165.0,68.2,,,,,,,,,100.3,110.7,,,105.0,75.9,104.5,125.7,144.1,81.9,101.7,68.3,92.6,96.7,129.3,88.4,109.2,144.9,114.0,,,93.5,95.2,119.4,89.6,99.0,,,81.8,61.2,81.8,,77.0,70.4,,83.9,97.6,83.1,68.7,70.4,70.8,153.6,101.1,127.4,74.9
198504,88.3,86.9,99.3,122.2,122.8,120.2,126.3,105.3,82.9,86.2,79.2,,81.8,84.9,71.3,88.4,82.6,86.0,,91.6,96.4,90.9,93.7,105.8,104.0,157.2,39.0,96.5,117.3,106.4,61.6,85.2,132.1,97.3,131.2,85.0,177.0,63.4,,119.2,93.7,126.3,76.8,67.4,113.6,74.0,,,62.1,63.1,62.1,60.0,76.5,85.7,,,72.5,93.9,86.3,85.8,74.8,136.1,86.4,88.8,89.3,73.1,88.5,95.2,86.9,77.3,,96.2,95.2,93.5,53.4,108.3,97.3,63.6,125.8,89.4,75.4,,98.1,98.1,76.9,77.8,87.6,56.0,118.0,36.8,84.2,,95.6,,75.5,49.8,78.8,77.2,55.1,51.4,76.0,55.9,79.1,,,87.7,87.9,94.6,112.9,87.4,103.9,83.5,,,,,76.2,70.1,68.9,75.3,94.1,55.2,54.9,,82.0,80.6,84.0,75.0,75.5,98.1,70.5,68.1,,,69.2,103.1,87.6,86.8,98.1,142.4,,128.7,161.0,67.1,,,,,,,,,79.6,108.7,,,107.2,78.5,104.4,125.2,144.0,81.1,101.6,68.3,92.5,96.8,129.2,87.9,108.8,143.3,113.6,,,93.5,95.3,119.2,90.2,99.1,,,81.8,61.3,81.7,,77.0,70.4,,83.6,97.8,83.3,68.3,70.7,70.8,154.1,101.1,126.9,74.7
198505,88.5,86.5,99.3,122.2,122.8,120.2,126.5,105.3,82.9,86.2,79.2,,81.7,84.8,71.3,88.7,82.5,85.9,,91.5,96.5,90.7,92.3,102.7,101.9,145.1,38.6,84.4,111.0,108.1,63.1,85.0,128.0,96.4,130.0,84.9,174.9,62.5,,115.8,94.8,128.8,77.2,66.8,115.8,74.3,,,62.2,63.1,62.2,60.0,76.5,85.9,,,72.6,93.7,86.1,85.6,75.0,136.1,85.9,88.0,89.0,72.8,88.4,95.0,86.9,77.4,,95.2,95.4,93.7,53.4,108.7,97.9,64.8,125.5,90.1,75.9,,93.9,93.9,72.7,71.2,82.1,51.0,78.8,49.3,85.0,,96.3,,76.7,61.5,96.7,80.5,77.1,60.6,52.6,58.5,83.6,,,61.7,98.7,65.9,85.7,75.6,55.3,110.5,,,,,76.3,70.2,68.6,75.7,94.2,55.3,54.9,,82.3,80.6,84.6,75.1,75.5,98.2,70.5,68.0,,,69.3,102.4,94.3,93.6,,147.5,,130.4,164.2,66.5,,,,,,,150.7,144.9,68.4,110.5,,,110.0,81.8,104.4,125.2,143.7,81.5,101.7,68.3,92.3,97.2,129.1,87.9,109.2,143.9,114.2,,,93.5,95.0,118.8,90.2,98.9,,,81.6,61.4,81.2,,77.1,70.3,,83.9,98.1,83.9,68.1,70.3,70.7,154.2,100.3,126.5,74.8
198506,88.5,86.4,99.3,122.2,122.8,120.2,126.5,105.3,83.0,86.4,79.2,,81.8,84.7,71.4,88.6,82.5,86.1,,91.5,96.4,90.7,92.3,102.5,100.2,138.1,37.2,81.0,114.3,112.5,58.7,83.5,127.9,95.8,133.8,84.8,174.3,62.5,,119.4,95.1,130.3,77.3,66.2,114.1,74.0,,,62.3,63.0,62.1,60.4,76.6,85.8,,,72.8,94.0,85.9,85.4,75.0,135.9,85.8,87.8,88.6,72.7,88.2,94.8,86.8,77.2,,96.1,95.3,93.5,53.5,108.3,97.9,65.5,125.3,89.6,75.8,,97.4,97.4,71.7,69.4,82.9,59.6,85.4,51.6,94.0,,95.8,,92.3,57.6,151.6,109.5,55.1,66.9,42.7,89.3,90.2,,,48.6,83.2,66.9,88.6,60.9,49.9,98.9,,,,,76.5,70.3,68.7,76.5,94.2,55.2,55.1,,82.5,80.9,84.5,75.5,75.6,98.3,71.0,68.1,,,69.3,102.9,92.7,91.9,,146.4,,127.8,158.3,73.4,,,140.5,,,,88.7,97.9,,118.2,,,111.9,84.0,104.7,125.3,144.0,81.5,102.0,68.3,92.5,97.3,128.9,88.1,109.1,143.9,117.7,,,93.4,94.9,118.9,90.1,99.0,,,81.7,61.4,81.0,,77.1,70.4,,84.2,98.6,84.2,68.1,70.3,70.6,154.4,100.7,126.1,74.8
198507,88.7,87.1,99.3,122.2,122.8,120.2,126.3,105.3,83.1,86.4,79.4,,81.9,84.7,71.6,88.6,82.6,86.3,,91.8,96.4,91.1,93.3,104.1,101.1,136.1,41.2,86.1,124.1,117.6,64.3,84.9,130.4,97.8,130.3,86.0,173.1,63.1,,122.9,95.6,131.9,77.9,66.6,110.3,74.1,,,62.3,63.0,62.2,60.4,76.8,85.9,,,72.9,94.8,85.9,85.4,75.0,136.1,85.9,87.6,88.3,73.0,88.3,94.9,86.8,77.2,,97.3,95.3,93.3,53.5,108.0,98.4,66.1,125.9,90.3,76.1,,101.4,101.4,79.3,81.5,172.4,100.2,127.4,68.8,126.8,,96.8,,114.2,55.2,138.1,142.6,69.6,66.7,40.6,156.9,88.8,,,56.7,68.9,79.3,99.3,53.9,73.2,105.3,,,,,76.5,70.4,68.2,77.0,94.3,55.1,55.0,,82.5,81.1,84.4,75.4,75.7,98.6,70.7,68.2,,,69.1,102.0,83.0,81.7,,,,129.6,153.8,89.4,,,93.7,171.5,,71.2,66.0,74.1,,106.6,,,113.6,85.9,104.9,125.3,144.0,81.5,102.1,68.3,92.4,97.5,128.9,88.0,109.0,145.0,118.8,,,93.5,94.8,119.2,90.2,99.0,,,81.8,61.5,80.9,,77.1,70.2,,84.3,99.4,84.9,68.1,70.1,70.6,154.1,100.7,125.8,74.7
198508,88.5,87.1,99.3,122.2,122.8,120.2,126.5,105.3,83.1,86.5,79.4,,81.9,84.6,71.5,88.5,82.6,86.5,,91.2,96.4,90.3,95.3,107.9,103.0,136.5,45.5,97.8,131.8,117.5,65.5,100.2,136.3,98.2,134.7,90.3,176.3,65.0,,128.2,95.6,132.0,77.6,66.7,110.9,74.0,,,62.2,62.8,62.3,60.3,76.8,86.1,,,72.8,94.6,85.9,85.3,74.9,136.3,86.2,87.5,87.7,72.7,88.3,94.8,87.0,77.2,,97.8,95.5,93.4,53.5,108.2,98.6,67.2,125.3,90.2,76.1,,103.0,103.0,74.8,74.3,133.5,106.4,129.2,68.7,80.9,,96.5,,87.9,52.7,85.2,145.4,68.2,69.5,39.8,124.6,100.0,,,53.3,73.6,63.5,62.2,72.3,59.6,108.3,,,,,76.5,70.4,68.0,77.1,94.4,55.2,55.0,,82.5,81.0,84.2,75.5,75.8,98.8,71.0,68.0,,,69.1,102.5,89.8,88.8,,,,134.5,158.4,221.1,,92.0,64.7,114.2,,73.0,72.5,80.5,,98.0,,,114.5,87.0,105.2,127.6,144.3,86.3,102.2,68.3,92.5,97.6,128.8,88.2,109.0,146.9,119.1,,,93.6,94.9,118.7,90.2,99.1,,,81.7,61.5,81.0,,77.0,70.2,,83.2,99.5,84.9,68.1,70.0,70.6,154.1,100.7,125.1,74.7
198509,88.6,86.6,99.4,122.2,122.8,120.3,126.5,105.2,83.1,86.5,79.4,,81.9,84.8,71.5,88.6,82.5,86.3,,92.0,96.3,91.5,93.3,104.1,101.8,134.4,44.7,92.6,130.4,105.5,67.0,82.8,131.3,96.8,126.4,89.3,174.9,63.4,,128.1,95.4,131.1,77.9,66.6,109.9,74.5,,,62.6,63.4,63.1,60.6,76.9,86.0,,,72.8,95.4,85.9,85.4,75.2,136.5,86.3,87.7,87.7,72.7,88.2,94.9,86.8,77.3,,101.4,95.3,93.4,53.6,108.2,97.8,67.2,123.0,90.4,75.9,,116.7,116.7,70.8,67.8,64.3,102.9,86.0,72.4,62.8,,96.4,,69.0,52.5,67.7,105.2,64.3,71.4,37.8,71.5,105.3,,,47.8,62.3,60.3,66.9,58.5,56.3,103.7,,,,,76.8,70.4,68.2,76.6,94.4,55.5,55.1,,82.7,81.3,84.6,75.4,76.1,99.0,71.6,68.6,,,69.1,102.6,90.5,89.4,104.5,,174.3,133.7,165.2,220.1,,70.7,54.9,79.5,,77.8,,,,99.7,,,115.2,87.9,105.2,127.8,144.1,87.4,102.1,68.3,92.3,97.5,128.7,88.0,108.5,145.5,120.0,,,93.5,94.6,118.2,90.0,98.9,,,81.8,61.5,81.1,,77.0,70.4,,83.5,98.7,85.2,68.0,70.1,70.5,154.5,100.7,124.9,74.9
198510,89.4,88.4,99.7,122.2,122.8,120.3,126.5,105.1,84.6,86.5,83.5,,81.8,84.4,71.3,88.5,82.5,86.3,,91.7,96.3,91.1,94.0,105.5,102.8,131.1,46.5,94.5,129.4,103.8,71.8,80.8,132.2,98.9,125.8,90.5,172.6,63.4,84.5,128.3,94.6,129.6,78.0,66.4,106.4,74.4,,,63.5,64.2,63.8,61.5,77.1,85.9,,,72.8,96.4,85.8,85.2,75.1,137.3,85.6,86.7,87.6,72.8,88.3,95.0,86.8,77.2,,102.1,95.4,93.5,53.6,108.3,98.2,67.2,125.3,90.1,75.2,,118.9,118.9,78.4,79.9,58.9,82.8,82.6,70.9,111.4,,95.8,,66.2,51.2,63.2,105.2,69.8,71.7,36.3,65.3,103.8,,,56.6,59.4,97.7,83.5,68.5,63.5,97.8,,,,,76.8,70.4,68.2,76.9,94.4,55.4,55.1,,82.8,81.3,85.0,75.4,76.1,99.2,72.2,68.2,,,69.1,101.7,104.1,103.4,83.8,,101.9,135.1,171.0,204.1,,69.5,58.9,81.0,96.0,,,,,114.4,,,115.5,88.3,105.2,128.2,144.0,88.3,102.1,68.3,92.5,97.5,128.7,87.8,108.4,145.0,119.8,,,93.1,95.2,118.3,90.2,99.0,,,82.1,61.7,81.9,,77.2,71.2,,84.2,99.1,85.6,68.1,69.6,70.6,154.4,100.7,125.3,74.9
198511,88.7,86.0,99.9,122.2,122.8,120.3,126.5,105.1,85.3,86.6,85.0,,81.7,84.4,71.3,88.6,82.4,86.3,,91.9,96.2,91.5,93.6,104.5,101.6,120.8,46.8,,122.7,97.6,70.3,88.4,129.7,100.1,128.9,91.7,173.5,63.0,64.7,125.2,94.6,129.0,78.5,66.1,105.8,74.1,,,63.8,64.2,64.3,62.1,77.4,85.9,,,73.3,97.1,85.5,84.9,75.3,137.4,84.9,85.7,87.6,73.0,88.2,95.0,86.7,77.0,,101.3,95.4,93.5,53.6,108.2,98.3,67.1,125.3,90.3,75.4,,115.8,115.8,70.0,66.5,56.1,40.6,43.1,59.7,69.5,,96.2,,61.8,51.8,58.3,73.4,66.9,67.4,43.3,61.9,100.9,,,50.7,58.6,97.9,109.7,79.4,55.4,95.9,,,,,76.9,70.4,67.8,76.4,94.2,55.6,55.4,,83.0,81.2,85.1,76.8,76.2,99.2,72.7,68.4,,,69.2,100.6,76.8,75.4,72.4,115.8,56.2,132.9,166.7,137.0,,,,88.7,62.6,,,,,106.8,,,115.9,88.8,105.3,128.3,143.4,89.5,102.2,68.3,92.4,97.3,128.7,87.9,108.2,145.0,120.7,,,93.4,95.3,118.8,90.0,98.9,,,82.2,61.7,82.1,,77.2,71.9,,84.3,98.8,85.8,68.1,69.1,70.6,154.1,100.7,124.7,74.7
198512,88.8,86.2,99.9,122.2,122.8,120.3,126.5,104.8,85.4,86.6,85.7,,81.7,84.3,71.5,88.5,82.5,86.3,,91.0,96.2,90.1,93.8,105.1,100.9,124.4,48.9,,118.8,100.0,66.9,90.2,133.0,100.9,135.1,91.3,171.7,63.8,64.0,124.3,94.1,128.9,78.7,65.8,100.5,74.1,,,64.0,64.3,64.3,62.4,77.2,85.9,,,72.8,96.9,85.4,84.8,75.3,137.8,84.4,85.3,87.6,72.8,88.1,94.9,86.7,76.7,,103.7,95.4,93.3,53.6,108.0,98.5,67.0,125.6,90.1,75.8,,124.5,124.5,73.0,71.0,65.4,44.8,44.8,59.3,111.4,,95.2,,64.3,51.3,60.6,68.4,59.3,69.1,45.2,64.9,88.0,,,74.1,72.6,117.8,121.8,93.8,51.3,105.2,,,,,77.1,70.4,67.1,76.6,94.4,55.6,55.4,,83.2,81.2,85.1,78.5,76.4,99.0,73.1,69.0,,,69.4,100.2,71.0,69.4,71.0,110.5,52.7,128.5,166.8,89.5,,,,,62.9,,,,,92.4,,,115.9,88.8,105.2,128.0,142.5,89.8,102.2,68.3,92.4,97.4,128.4,87.6,108.9,143.6,121.0,,,93.7,95.6,117.8,89.9,99.0,,,82.1,61.8,82.2,,77.2,71.4,,84.4,99.0,86.0,68.1,68.7,70.5,154.1,100.7,124.5,74.9
198601,89.1,88.0,99.9,122.2,122.8,120.3,126.5,104.9,85.8,86.9,86.0,,81.7,84.4,71.6,88.7,82.4,86.1,,90.4,96.3,89.0,94.5,106.5,101.6,132.0,45.0,,121.7,102.7,69.4,94.2,134.1,103.2,133.6,92.7,172.6,64.8,64.4,121.5,93.8,127.5,79.0,66.2,101.4,74.2,,,64.1,64.6,64.4,62.3,77.2,85.8,,,72.9,96.4,85.4,84.8,75.6,138.4,84.4,85.0,87.6,72.8,87.9,94.8,86.6,76.3,,102.1,95.3,93.4,53.6,108.1,98.1,66.9,124.8,90.1,75.6,,119.1,119.1,82.7,86.6,106.5,56.6,70.8,71.3,187.3,,95.6,,73.8,55.3,67.5,82.9,62.9,77.0,48.8,68.8,90.3,,,91.0,97.2,118.1,118.7,100.9,63.8,114.6,,,,,77.1,70.4,66.9,76.3,94.5,55.8,55.5,,83.3,81.3,84.9,79.5,76.4,98.9,73.6,68.9,,,69.3,100.3,81.5,80.3,71.1,114.0,57.3,124.3,173.4,86.1,,,,,,,,,118.3,95.3,,,115.8,88.4,105.1,127.7,141.5,90.6,102.0,68.3,92.2,97.5,128.4,87.6,108.5,145.6,120.4,,,93.1,95.2,117.5,90.2,99.0,,,82.2,61.6,82.2,,77.4,71.6,,85.0,100.5,86.0,68.1,68.4,70.5,154.7,100.6,124.6,74.7
198602,89.0,87.8,100.2,122.8,123.4,120.3,126.6,104.9,85.9,86.9,86.2,,81.7,84.4,71.6,88.4,82.4,86.2,,90.5,96.4,89.1,93.7,104.9,100.9,135.0,42.0,,125.5,102.4,66.7,93.8,132.4,103.1,133.8,92.7,171.5,64.8,54.2,117.6,94.0,127.4,79.4,66.2,102.7,74.3,,,64.5,64.8,64.8,62.9,77.1,85.8,,,72.7,96.0,85.4,84.8,75.6,138.5,84.5,85.2,87.5,72.8,87.9,94.8,86.7,76.4,,101.4,95.3,93.3,53.6,107.9,98.2,66.9,125.3,90.1,75.5,,116.6,116.6,82.5,86.3,124.6,50.9,87.4,67.5,161.8,,96.2,,73.6,57.4,67.3,93.1,61.7,78.1,54.5,66.9,86.6,,,96.4,118.4,111.2,121.9,98.0,90.7,106.2,,,,,77.1,70.3,66.8,76.1,94.6,56.0,55.0,,83.3,81.1,84.9,80.0,76.4,98.7,73.9,68.9,,,69.2,99.9,79.8,78.5,69.6,114.3,57.3,121.8,172.8,82.1,,,,,,,,,90.3,96.6,,,115.1,87.6,105.2,127.6,141.2,90.9,102.2,68.3,92.3,97.5,128.4,87.8,108.8,145.3,120.5,,,93.6,95.7,118.4,89.8,98.8,,,82.3,61.7,82.2,,77.4,71.7,,84.4,101.2,85.9,68.1,68.4,70.5,154.5,100.7,124.5,74.8
198603,89.0,87.3,100.3,122.8,123.5,120.4,126.7,104.9,85.9,86.9,86.4,,81.6,84.4,71.5,88.4,82.4,85.7,,91.3,96.5,90.4,94.4,106.2,100.4,148.5,42.8,98.7,127.5,103.9,67.6,95.1,132.2,102.9,136.1,93.8,172.6,65.5,46.6,118.1,94.0,127.6,79.5,65.8,102.4,74.0,,,65.2,65.9,65.4,63.5,77.1,85.7,,,72.8,97.2,85.2,84.6,75.6,137.2,84.4,84.8,87.2,72.9,87.9,94.9,86.8,76.2,,101.5,95.1,93.2,53.6,107.8,97.8,66.8,123.8,90.2,75.6,,117.4,117.4,77.3,77.9,106.9,36.3,100.4,68.3,97.0,,96.2,,74.1,59.1,64.1,97.6,73.7,78.9,58.2,67.6,80.9,,,95.5,105.1,81.0,107.1,88.1,65.4,93.9,,,,,77.0,70.2,66.8,75.4,94.4,56.1,55.0,,83.5,81.1,85.2,80.7,76.3,97.4,74.0,69.1,,,69.1,99.2,79.6,78.3,69.2,113.0,56.9,116.8,160.7,70.5,,,,,,,,,86.2,97.5,,,115.1,87.5,105.3,127.6,141.1,91.3,102.3,68.3,91.9,97.5,128.2,88.0,108.7,146.2,121.3,,,93.9,95.1,119.4,90.2,99.2,,,82.4,61.8,82.4,,77.4,72.1,,84.2,101.1,86.0,68.8,68.1,70.5,154.7,100.7,123.9,74.7
198604,89.2,87.1,100.3,123.0,123.5,120.4,126.7,105.0,85.9,86.9,86.4,,81.7,84.4,71.8,88.3,82.4,85.7,,91.1,96.5,90.2,94.2,105.1,99.6,132.7,40.5,91.6,124.5,104.7,62.2,97.8,129.8,99.0,139.4,93.4,167.9,65.6,,117.3,94.0,126.5,80.1,66.7,104.3,74.0,,,66.7,67.5,66.9,65.3,77.3,85.8,,,73.0,97.6,85.2,84.6,75.7,137.3,84.5,84.4,87.2,72.9,88.0,94.9,86.7,76.3,,101.4,95.4,93.5,53.7,108.1,98.3,66.7,125.5,90.3,75.5,,116.1,116.1,74.9,74.2,92.5,38.0,92.2,56.3,60.8,,96.6,,76.0,61.5,66.4,116.8,84.1,77.0,56.1,67.0,79.0,,,85.9,94.0,82.6,104.2,82.1,57.9,87.0,,,,,76.9,70.1,66.7,74.8,94.4,56.0,55.2,,83.4,81.1,84.9,81.0,76.2,96.3,74.2,69.5,,,69.1,98.5,82.1,80.9,70.5,115.8,,114.1,161.5,70.0,,,,,,,,,82.0,96.5,,,114.8,87.3,105.2,126.4,140.1,90.1,102.3,68.3,92.4,97.5,127.9,88.1,108.1,144.3,121.6,,,93.9,95.2,118.9,90.2,99.3,,,82.5,61.9,82.7,,77.4,72.3,,84.3,101.1,86.1,70.1,67.8,70.5,154.5,100.2,124.0,74.6
198605,89.5,87.1,100.3,123.0,123.5,120.4,126.7,105.0,85.9,86.8,86.7,,81.8,84.5,71.8,88.5,82.5,85.9,,91.2,96.5,90.2,92.7,101.8,98.3,130.9,38.3,78.8,117.0,105.9,60.6,97.9,126.7,98.0,138.8,94.2,166.1,63.9,,113.1,94.0,126.2,80.1,64.1,106.7,74.0,,,67.9,68.6,68.6,66.5,77.3,85.8,,,72.8,98.3,85.0,84.4,75.7,132.4,84.3,84.2,87.0,73.0,87.8,94.5,86.7,76.5,,98.2,95.3,93.5,53.7,108.1,97.8,66.5,123.6,90.5,75.9,,104.8,104.8,75.8,75.8,77.7,50.4,75.1,60.6,60.4,,96.8,,82.2,81.2,92.7,101.9,108.5,84.0,54.0,72.4,79.6,,,67.4,101.5,73.5,97.9,73.6,52.8,107.8,,,,,76.9,70.1,66.6,74.9,94.2,56.0,55.2,,83.4,81.1,84.6,81.6,76.2,95.9,74.5,69.5,,,69.1,98.8,84.2,83.1,,123.9,,112.9,154.6,68.9,,,,,,,128.4,115.8,69.5,93.9,,,115.9,88.8,104.9,126.3,139.1,91.2,102.0,68.3,92.2,97.5,127.6,88.0,108.3,144.5,120.5,,,93.8,94.4,117.8,90.1,99.2,,,82.6,61.9,82.9,,77.3,72.2,,84.5,101.5,86.4,70.4,67.8,70.5,154.5,100.2,123.7,74.7
198606,89.0,86.6,100.3,123.0,123.5,120.4,126.7,105.0,86.0,86.9,86.7,,81.7,84.4,71.7,88.3,82.4,85.9,,91.1,96.5,90.1,92.3,101.0,96.6,132.6,38.5,71.2,114.8,105.6,59.1,100.1,125.0,100.2,136.9,93.3,167.7,63.4,,112.1,93.8,126.0,79.8,63.4,107.4,73.9,,,68.4,69.2,69.5,66.9,77.4,85.8,,,73.1,97.8,85.2,84.5,75.6,130.2,84.6,84.9,86.9,73.0,87.9,94.5,86.7,76.8,,97.2,95.1,93.3,53.7,107.9,97.7,66.5,123.1,90.2,76.2,,101.6,101.6,69.6,65.9,53.7,54.0,74.8,55.1,59.4,,96.0,,106.3,67.2,132.1,77.1,96.3,87.8,53.5,101.3,79.1,,,46.5,86.9,59.6,84.7,57.8,45.6,104.8,,,,,76.8,69.9,67.1,73.7,94.2,55.8,55.2,,83.4,81.1,84.4,81.9,76.1,95.4,74.4,69.7,,,68.8,98.8,91.2,90.2,,132.2,,113.7,136.9,67.6,,,137.1,,,,95.5,104.4,,105.0,,,115.7,88.4,104.7,124.8,136.6,91.2,102.0,68.3,92.2,97.2,127.5,88.0,108.5,144.7,120.7,,,93.7,94.9,117.5,90.0,98.9,,,82.7,61.9,82.9,,77.5,72.2,,84.6,101.5,86.2,70.5,67.6,70.5,154.5,100.2,124.2,74.7
198607,88.8,86.4,100.2,122.7,123.2,119.9,126.3,105.0,86.0,86.9,86.7,,81.7,84.4,71.8,88.3,82.4,86.0,,91.0,96.3,90.0,94.0,104.4,97.2,139.9,41.1,69.0,129.4,105.9,65.4,102.3,128.9,103.6,147.2,92.5,161.9,63.3,,117.7,93.4,125.4,80.1,63.2,105.3,74.4,,,68.6,69.5,69.6,67.2,77.5,85.7,,,73.2,98.1,85.2,84.6,75.8,127.1,85.0,85.0,86.7,72.7,87.9,94.7,86.6,76.7,,97.0,95.2,93.2,53.7,107.8,97.9,66.5,124.5,89.9,75.8,,100.8,100.8,69.6,65.9,56.4,81.1,70.9,60.6,60.8,,96.0,,120.2,59.6,114.8,78.3,91.6,81.3,57.9,161.0,76.6,,,45.9,65.2,68.9,73.7,54.4,46.0,93.4,,,,,76.7,69.7,67.5,72.5,93.9,56.1,55.2,,83.1,81.0,83.6,81.7,76.1,95.0,74.8,69.7,,,68.8,98.6,84.1,83.0,,,,117.9,129.5,69.7,,,97.1,163.1,,74.4,69.5,80.3,,103.3,,,115.0,87.4,104.6,124.2,135.9,90.7,102.0,68.3,92.2,97.3,127.1,87.9,108.5,144.2,120.9,,,93.7,95.1,117.4,90.2,99.0,,,82.6,62.0,82.6,,77.6,72.1,,84.7,101.1,86.1,70.5,67.8,70.4,154.5,100.2,124.1,74.8
198608,88.6,86.7,100.3,122.8,123.4,120.3,126.6,105.1,86.0,87.0,86.7,,81.7,84.3,71.7,88.2,82.4,86.3,,91.2,96.3,90.3,96.4,108.8,98.6,150.6,43.0,76.3,138.0,109.3,68.5,108.5,133.4,105.0,156.8,95.3,157.9,64.6,,120.5,94.2,126.2,79.8,63.4,109.6,74.4,,,68.7,69.5,69.5,67.2,77.6,85.7,,,73.1,99.2,85.1,84.5,75.8,124.3,85.0,85.0,86.5,72.9,87.8,94.7,86.4,76.7,,96.4,95.0,93.1,53.7,107.6,97.4,66.5,124.3,90.1,74.5,,99.6,99.6,69.3,65.5,64.8,92.3,80.6,62.4,56.7,,95.8,,98.1,61.4,80.4,87.3,104.8,77.3,65.0,137.3,80.3,,,39.5,62.3,60.3,65.2,58.8,47.9,99.1,,,,,76.6,69.7,68.0,72.4,94.0,55.9,55.2,,83.0,81.0,83.5,81.7,76.1,94.9,74.9,69.7,,,69.0,98.6,84.8,83.7,,,,115.4,134.0,73.0,,95.4,66.2,125.9,,68.1,59.6,80.3,,88.2,,,116.1,89.1,103.8,121.1,134.3,86.2,101.5,68.3,91.7,97.3,126.9,87.8,108.7,144.0,117.5,,,93.4,95.2,117.4,90.2,99.0,,,82.6,62.0,82.6,,77.5,72.5,,84.5,100.8,86.0,70.6,67.5,70.5,154.4,100.2,123.2,74.7
198609,89.0,87.1,100.3,123.0,123.5,120.3,126.7,105.2,86.0,87.0,86.7,,81.8,84.6,71.7,88.4,82.2,86.4,,90.9,96.2,89.9,98.1,112.3,98.5,145.3,45.4,78.8,139.4,100.2,69.6,135.4,128.9,102.2,150.4,94.0,156.0,65.0,,121.8,93.3,123.8,79.8,63.1,108.5,74.8,,,68.7,69.6,69.9,67.0,77.6,85.6,,,73.2,98.7,85.0,84.3,75.9,123.1,84.8,84.9,86.4,72.8,87.8,94.8,86.5,76.4,,97.7,94.9,93.0,53.7,107.3,97.8,66.5,124.6,90.1,75.1,,104.1,104.1,70.0,66.7,54.6,95.6,79.3,60.5,65.1,,95.6,,74.8,62.4,66.8,105.3,79.8,76.0,65.7,79.3,87.6,,,40.1,60.0,62.7,57.6,55.6,40.3,95.8,,,,,76.7,69.6,68.0,71.8,93.9,56.2,55.1,,83.1,80.9,83.8,81.9,76.1,94.8,74.6,70.0,,,69.2,98.8,85.3,84.2,110.3,,190.0,113.2,141.4,68.1,,66.5,53.7,80.2,,65.0,,,,86.6,,,115.5,88.8,103.3,118.2,131.6,83.1,101.4,68.3,91.8,97.3,126.6,88.4,108.3,143.9,115.9,,,93.8,94.7,117.4,90.4,99.0,,,82.6,62.2,82.8,,77.6,72.5,,84.5,100.1,85.9,70.5,67.4,70.4,154.1,100.1,123.5,74.7
198610,89.1,87.0,100.3,123.0,123.5,120.3,126.7,105.2,86.1,87.1,86.7,,81.7,84.4,71.5,88.3,82.2,86.4,,90.9,96.3,89.9,96.0,108.3,99.0,136.7,45.8,84.2,137.0,95.9,72.2,117.9,127.6,102.5,142.7,93.9,158.4,65.0,70.4,124.9,93.3,123.4,79.8,63.0,108.3,74.9,,,68.7,69.2,70.1,67.2,77.4,85.2,,,72.8,98.9,84.6,84.0,76.0,120.1,83.9,83.5,86.6,72.8,87.7,94.7,86.1,76.5,,99.0,94.7,92.9,53.7,107.0,97.1,66.5,123.8,89.8,74.3,,109.8,109.8,70.5,67.4,62.2,52.1,69.1,53.6,63.3,,95.8,,64.8,57.6,62.2,75.7,68.8,72.5,63.9,65.1,86.0,,,42.8,55.3,65.6,74.6,61.3,48.9,97.4,,,,,76.6,69.7,68.8,71.3,94.0,56.5,55.0,,83.2,81.1,83.7,81.9,75.9,94.4,74.6,69.5,,,69.0,96.9,85.9,84.8,68.6,,85.6,113.3,144.4,63.0,,56.4,53.4,71.9,84.0,,,,,82.8,,,115.6,88.9,103.2,116.8,129.6,82.7,101.5,68.3,92.3,97.2,126.3,88.2,108.5,144.5,116.1,,,93.8,94.5,117.0,90.5,99.0,,,82.7,62.1,83.3,,77.7,72.4,,84.4,100.5,86.0,70.6,67.5,70.4,151.4,100.2,123.6,74.7
198611,88.7,85.8,100.4,123.0,123.5,120.3,126.7,105.5,86.1,87.1,86.7,,81.8,84.5,71.6,88.3,82.3,86.3,,91.0,96.3,90.1,94.5,105.6,98.2,133.3,47.4,,128.2,92.6,70.7,114.8,126.8,101.6,143.0,93.9,157.2,64.1,61.5,124.5,93.0,122.5,79.8,62.8,108.2,74.8,,,69.0,70.0,70.0,67.5,77.8,85.2,,,72.8,99.8,84.3,83.5,76.1,114.3,83.5,82.9,86.4,72.7,87.7,94.6,86.3,76.5,,99.1,94.4,92.7,53.7,106.7,96.6,66.5,122.3,89.3,74.3,,110.9,110.9,67.0,61.9,60.2,36.3,41.5,44.6,53.7,,95.8,,63.3,54.8,57.9,53.0,64.0,67.8,61.5,62.1,84.4,,,46.5,60.0,85.1,112.6,80.0,56.6,89.6,,,,,76.5,69.7,69.8,71.0,94.1,56.5,55.1,,83.1,81.0,83.4,82.0,75.7,93.9,74.6,69.2,,,68.9,96.2,74.4,73.0,63.4,103.7,59.3,123.5,149.3,59.7,,,,88.8,62.4,,,,,82.4,,,115.2,88.5,102.7,115.3,127.7,82.1,101.2,68.3,91.8,97.1,126.2,87.8,108.0,142.9,115.2,,,94.0,94.5,116.7,90.4,98.9,,,82.7,62.0,83.1,,77.8,72.8,,84.7,101.3,85.9,70.7,67.3,70.3,150.2,100.2,123.7,74.7
198612,88.5,85.4,100.3,123.0,123.5,120.4,126.7,105.6,86.1,87.0,86.7,,81.7,84.4,71.6,88.2,82.4,86.2,,91.3,96.1,90.6,93.3,103.3,99.5,133.0,45.7,,122.5,91.3,67.3,114.4,128.8,100.7,145.7,93.7,155.5,64.4,59.1,121.7,92.9,122.2,80.1,62.7,107.0,74.8,,,69.0,69.7,70.1,67.8,77.5,85.2,,,72.0,100.0,84.2,83.4,76.2,114.8,83.3,82.0,86.5,72.8,87.6,94.5,86.2,76.4,,101.1,94.4,92.7,53.7,106.7,96.5,66.4,123.6,88.9,73.1,,118.1,118.1,66.2,60.6,60.6,34.3,35.0,40.6,58.1,,95.0,,65.2,52.4,56.5,47.6,54.9,67.8,61.4,62.0,83.9,,,60.3,72.9,93.1,107.9,77.3,69.4,99.5,,,,,76.5,69.5,70.1,70.8,93.9,56.5,55.1,,83.2,81.1,83.3,82.3,75.6,93.7,74.6,69.4,,,68.6,95.2,69.9,68.3,61.6,95.8,54.9,123.4,153.1,55.9,,,,,58.4,,,,,78.8,,,115.2,88.4,102.8,115.7,128.2,82.3,101.2,68.3,91.8,97.2,125.8,87.7,108.3,143.3,115.3,,,94.0,94.1,117.5,90.2,99.0,,,82.7,62.0,83.4,,77.7,72.6,,84.7,101.0,85.7,70.6,67.5,70.4,149.7,100.2,123.2,74.7
198701,88.2,85.6,100.3,123.0,123.5,120.4,126.7,105.6,86.0,86.9,86.7,,81.7,84.4,71.6,88.1,82.4,86.3,,90.8,96.0,89.8,94.6,105.8,100.8,145.1,44.3,,127.9,98.9,70.4,116.2,130.8,98.8,142.5,92.7,157.0,65.7,58.3,120.5,93.0,122.1,80.1,63.2,106.9,74.8,,,68.8,69.5,69.8,67.7,77.7,85.2,,,72.6,100.0,84.2,83.4,76.5,114.4,83.1,82.0,86.4,73.0,87.8,94.7,86.3,76.4,,93.4,94.3,92.6,53.7,106.7,96.4,66.4,122.3,88.8,74.2,,90.3,90.3,67.1,62.1,52.1,30.5,35.8,42.4,46.4,,94.2,,72.4,53.3,59.4,47.0,53.2,68.0,62.5,64.7,83.5,,,71.6,86.0,101.0,102.3,85.6,69.3,104.1,,,,,76.4,69.6,69.9,70.7,93.8,56.8,55.2,,83.0,80.9,83.4,82.1,75.5,93.2,74.6,69.5,,,68.7,94.6,72.7,71.3,61.8,96.9,55.4,116.1,149.6,53.7,,,,,,,,,91.5,78.6,,,115.0,88.4,102.7,114.9,127.1,81.9,101.2,68.3,92.1,97.1,125.6,88.1,108.4,144.0,114.0,,,93.9,94.8,118.2,90.5,98.9,,,82.7,62.1,83.7,,77.8,72.4,,85.3,101.1,85.6,70.7,67.2,70.5,149.1,100.3,122.9,74.7
198702,88.2,85.3,100.3,123.0,123.5,120.4,126.7,105.7,86.1,86.9,86.7,,81.7,84.4,71.6,88.3,82.2,86.2,,91.0,96.1,90.1,93.6,103.9,99.5,139.6,42.7,,129.7,99.2,70.1,112.4,128.7,95.3,143.3,92.1,157.0,65.3,49.8,114.0,92.8,121.6,79.7,64.2,107.0,74.8,,,69.0,69.8,69.7,67.8,77.5,85.3,,,72.6,99.6,84.0,83.3,76.5,112.9,83.0,81.6,86.0,73.0,87.7,94.6,86.4,76.3,,92.7,94.3,92.5,53.7,106.5,96.5,66.3,122.8,89.6,73.7,,88.1,88.1,66.0,60.5,43.9,25.3,34.1,35.3,49.9,,94.5,,70.8,52.6,57.0,43.0,48.5,66.8,64.8,62.9,82.0,,,86.0,90.0,99.4,108.0,86.6,86.5,94.6,,,,,76.4,69.5,70.5,70.6,93.8,56.5,55.2,,83.0,80.9,83.3,82.1,75.6,93.1,74.4,69.9,,,68.8,94.4,73.3,71.9,59.4,95.5,55.6,114.4,150.2,54.6,,,,,,,,,86.2,82.2,,,114.8,88.3,102.6,114.2,126.6,81.2,101.2,68.3,92.3,97.0,125.3,87.7,107.9,143.6,114.6,,,93.5,95.3,119.0,90.2,98.1,,,82.8,62.2,83.7,,77.9,72.9,,84.1,100.8,85.4,70.7,67.3,70.6,148.5,100.6,123.1,74.7
198703,88.5,85.8,100.2,123.0,123.5,120.4,126.7,105.7,85.7,86.5,86.6,,81.7,84.4,71.6,88.2,82.3,86.4,,91.0,96.0,90.1,93.7,104.2,98.6,142.5,41.8,89.1,132.6,98.8,68.2,110.7,128.3,90.7,155.0,92.4,153.7,66.7,44.3,112.1,92.3,121.8,78.1,65.0,106.3,74.5,,,69.0,69.7,69.7,67.8,77.5,85.2,,,72.3,99.5,84.0,83.1,76.4,114.0,83.0,81.5,85.4,72.8,87.6,94.4,86.5,75.8,,91.0,94.2,92.5,53.8,106.4,96.4,66.3,123.0,89.1,73.4,,81.8,81.8,69.5,66.0,48.9,29.3,47.5,35.7,79.5,,94.2,,72.4,51.7,57.1,59.2,48.1,67.1,65.5,67.4,80.8,,,87.1,81.8,91.8,109.6,88.4,87.7,95.2,,,,,76.3,69.4,71.0,70.9,93.7,56.3,55.2,,83.0,80.9,83.1,82.1,75.5,92.7,74.4,69.9,,,68.6,93.9,76.4,75.0,58.5,96.4,60.0,107.9,149.1,55.6,,,,,,,,,90.5,89.0,,,114.5,88.0,102.5,113.2,124.6,81.7,101.2,68.3,91.9,97.0,125.2,87.6,108.2,144.0,114.9,,,93.9,95.0,117.8,90.5,98.3,,,82.9,62.1,83.8,,78.0,72.9,,83.9,101.2,85.9,70.7,67.2,70.6,148.4,100.7,123.5,74.7
198704,89.3,86.7,100.2,123.0,123.5,120.4,126.7,105.8,85.4,86.1,86.5,,81.7,84.4,71.6,88.0,82.3,86.3,,91.1,95.8,90.5,94.0,104.9,98.8,136.5,39.5,96.3,130.9,97.6,65.1,109.7,124.3,86.9,152.4,92.1,152.0,65.8,,114.1,92.1,121.6,77.0,66.2,106.4,74.5,,,69.1,69.7,69.9,68.0,77.6,85.2,,,72.7,99.3,83.5,82.7,76.4,114.3,82.7,81.0,84.3,72.6,87.2,94.2,85.9,75.2,,89.7,94.3,92.5,53.8,106.4,96.8,66.3,124.3,89.8,73.2,,76.9,76.9,77.1,78.2,70.1,55.3,88.3,43.1,100.5,,93.8,,73.8,58.5,64.5,103.7,65.1,69.6,64.0,68.9,82.3,,,83.9,80.9,86.3,108.3,80.3,87.8,105.3,,,,,76.2,69.3,70.8,70.4,93.6,56.3,55.1,,82.9,80.7,83.2,82.1,75.5,92.6,74.5,70.1,,,68.8,94.0,76.8,75.4,61.0,101.5,,106.2,144.8,57.2,,,,,,,,,80.7,91.0,,,114.5,88.0,102.3,112.3,123.8,80.5,101.1,68.3,92.0,97.1,125.1,88.0,107.8,143.0,113.6,,,93.9,95.5,117.3,90.5,98.7,,,82.8,62.1,83.7,,78.0,72.6,,83.9,101.2,86.0,70.7,67.2,70.5,148.1,100.7,122.7,74.7
198705,89.5,86.8,100.2,123.0,123.5,120.4,126.7,105.8,85.4,86.1,86.3,,81.7,84.2,71.7,88.0,82.4,86.5,,91.2,95.5,90.7,93.0,102.8,97.5,127.5,41.3,93.1,123.5,102.9,64.6,109.6,122.7,85.5,147.0,90.2,150.4,65.0,,112.4,91.9,120.9,76.6,66.2,107.7,74.5,,,69.1,69.4,70.1,68.1,77.5,85.1,,,72.3,98.7,83.4,82.7,76.5,111.5,82.8,80.9,84.0,72.4,87.1,94.1,86.1,74.9,,88.2,94.3,92.4,53.8,106.3,96.9,66.7,123.3,89.4,74.0,,71.3,71.3,75.3,75.3,69.1,54.7,99.7,58.4,89.5,,93.8,,75.2,80.4,83.2,98.6,74.2,78.0,59.1,74.4,90.4,,,68.7,91.8,66.7,91.9,76.0,60.7,114.9,,,,,76.3,69.3,71.3,70.3,93.6,56.4,55.1,,83.0,80.8,83.3,82.2,75.5,92.8,74.3,70.1,,,68.8,94.1,86.2,85.1,,107.0,,106.6,143.3,57.1,,,,,,,148.0,142.5,70.9,84.5,,,114.5,87.9,102.3,112.3,123.8,80.8,101.1,68.3,91.3,97.0,124.9,88.4,108.5,143.4,114.9,,,94.1,95.0,116.4,90.7,98.8,,,82.9,62.1,84.0,,77.9,73.2,,84.8,102.1,85.5,70.7,67.2,70.5,147.9,100.6,121.8,74.7
198706,89.3,86.2,100.2,123.0,123.5,120.4,126.7,105.8,85.4,86.0,86.4,,81.7,84.3,71.8,87.8,82.2,86.4,,91.2,95.5,90.9,91.4,99.8,96.5,128.0,42.6,84.9,121.1,107.9,62.0,109.4,122.3,86.9,131.3,91.3,148.1,65.2,,115.1,91.8,121.5,76.4,65.4,106.8,74.8,,,69.1,69.5,70.1,68.0,77.5,85.2,,,72.6,98.8,83.2,82.3,76.5,104.8,82.9,80.6,83.7,72.5,87.2,94.2,86.0,74.9,,87.4,94.0,92.2,53.8,106.0,96.5,66.7,123.4,87.6,73.4,,69.2,69.2,73.4,72.3,87.8,74.0,105.2,61.7,75.1,,93.6,,88.7,73.0,121.7,99.0,69.1,84.6,51.9,109.2,99.1,,,53.5,83.8,66.2,81.9,58.8,49.6,104.5,,,,,76.2,69.2,71.2,70.3,93.4,56.2,55.0,,82.9,80.5,83.3,82.2,75.6,92.8,74.1,70.2,,,69.1,94.5,82.7,81.5,,112.8,,104.7,140.4,58.4,,,134.3,,,,91.4,88.8,,85.0,,,114.1,87.5,102.1,111.6,122.8,80.9,100.9,68.3,91.4,96.8,124.7,87.9,107.8,143.2,114.1,,,93.9,95.3,117.6,90.2,99.0,,,82.8,62.1,83.6,,77.9,73.1,,84.2,102.5,85.4,70.6,67.1,70.1,147.7,100.6,121.6,74.7
198707,88.9,85.0,100.2,123.0,123.5,120.4,126.7,105.8,85.2,85.8,86.4,,81.7,84.3,71.8,87.9,82.2,86.4,,92.0,95.4,92.2,92.4,101.3,96.8,137.1,44.4,83.6,133.9,106.9,71.6,110.5,126.4,90.5,128.1,90.3,148.1,64.3,,117.4,91.5,121.2,76.1,66.0,106.2,74.8,,,69.2,69.6,70.3,68.0,79.1,85.1,,,77.6,98.2,83.2,82.3,76.5,102.9,83.2,80.8,83.1,72.5,87.2,94.2,85.8,75.5,,87.3,94.0,92.1,53.8,105.7,96.5,66.8,123.3,86.6,73.7,,68.9,68.9,65.1,59.0,62.5,74.6,83.0,58.8,55.9,,94.2,,95.9,68.4,99.6,83.0,66.1,72.4,46.2,144.5,102.4,,,40.7,67.7,52.1,52.5,48.5,43.3,94.0,,,,,76.2,69.2,71.4,70.6,93.3,56.2,55.3,,82.6,80.5,82.9,82.3,75.6,92.5,73.9,70.5,,,68.9,94.0,78.3,76.9,,,,108.5,139.6,81.8,,,79.6,150.4,,73.6,63.3,79.2,,82.8,,,113.5,87.4,101.8,110.5,121.1,80.7,100.7,68.3,91.9,96.7,124.4,88.3,108.2,141.4,111.5,,,93.9,95.2,117.6,90.5,98.9,,,82.7,62.2,83.5,,78.2,73.1,,84.0,102.6,85.4,70.6,67.2,70.1,143.6,100.7,122.1,74.8
198708,89.0,85.7,100.2,123.0,123.5,120.3,126.7,105.8,85.4,86.0,86.9,,81.7,84.4,71.8,87.6,82.3,86.4,,91.9,95.3,91.9,92.8,102.0,97.0,139.6,44.1,84.1,144.0,102.7,69.8,119.3,131.3,91.4,119.6,91.9,146.0,65.8,,119.9,91.9,122.6,75.7,65.6,106.9,75.0,,,69.2,69.7,70.4,67.9,79.0,85.1,,,77.1,97.8,83.0,82.2,76.6,102.7,82.9,80.7,82.7,72.2,87.1,94.0,85.6,75.4,,87.5,93.9,91.9,53.9,105.4,96.6,67.4,122.8,86.8,74.0,,70.0,70.0,70.2,67.2,78.0,106.1,102.1,57.7,64.7,,95.0,,88.4,68.7,90.4,125.7,71.9,70.3,43.7,128.2,107.9,,,50.3,57.1,62.3,63.8,57.5,54.5,95.9,,,,,76.1,69.2,70.8,70.5,93.4,56.0,55.4,,82.8,80.6,82.9,82.3,75.4,92.2,74.1,69.7,,,69.0,94.2,78.9,77.6,,,,110.4,140.9,92.5,,88.8,59.6,114.7,,69.0,51.2,71.3,,78.0,,,113.6,87.4,101.5,110.3,120.8,80.5,100.6,68.3,92.2,96.4,124.2,88.1,107.7,141.6,110.1,,,94.0,95.5,117.6,90.6,99.1,,,82.7,62.3,83.7,,78.3,73.3,,84.6,101.9,85.4,70.5,67.2,70.1,143.0,100.6,121.3,74.7
198709,89.8,87.5,100.2,123.0,123.5,120.4,126.6,105.7,85.5,86.2,86.7,,81.6,84.5,71.8,87.7,82.2,86.0,,91.4,95.2,91.2,95.0,106.4,97.6,137.4,45.5,77.9,142.2,100.1,69.8,144.8,126.7,90.1,112.8,90.5,144.5,65.3,,120.9,91.7,122.4,76.1,66.6,103.2,75.1,,,69.1,69.2,70.5,68.1,79.1,85.1,,,77.4,97.8,83.0,82.1,76.5,103.9,83.1,80.7,82.9,72.2,87.2,94.2,86.1,75.3,,88.8,93.9,91.9,53.9,105.4,96.9,68.3,123.5,86.7,73.6,,74.4,74.4,79.3,81.8,92.9,107.6,106.8,65.0,108.6,,94.6,,73.5,65.2,77.3,142.3,96.0,72.1,45.7,84.5,117.4,,,51.2,57.4,89.7,67.5,78.7,51.5,94.1,,,,,76.2,69.2,71.4,70.8,93.4,55.9,55.4,,82.9,80.7,82.9,82.8,75.4,92.2,74.4,69.5,,,69.0,94.0,86.6,85.5,89.1,,192.3,110.8,142.3,93.3,,65.8,62.9,84.3,,76.2,,,,82.4,,,113.8,87.7,101.3,109.8,120.5,79.9,100.4,68.3,91.9,96.4,123.8,87.7,107.6,142.0,109.1,,,93.8,95.5,117.7,90.7,98.9,,,82.7,62.3,84.0,,78.4,73.5,,84.1,102.7,85.4,70.6,67.2,70.1,140.3,100.7,121.2,74.7
198710,89.8,87.1,100.2,122.8,123.5,120.3,126.6,105.6,85.5,86.1,86.7,,81.6,84.4,71.8,88.0,82.1,86.2,,91.9,95.2,92.1,93.2,103.2,97.3,138.2,46.1,83.2,140.5,95.6,71.4,124.3,127.7,89.3,114.2,91.0,145.0,65.5,68.1,123.9,91.4,122.1,75.6,67.2,101.1,75.3,,,69.1,69.2,70.4,68.1,78.8,85.1,,,77.1,98.0,83.0,82.1,76.8,104.8,83.0,80.5,82.9,72.2,87.1,94.3,86.1,75.1,,90.8,93.9,91.8,53.9,105.3,96.9,68.7,122.8,86.5,74.0,,81.8,81.8,76.1,76.7,103.2,54.5,87.6,55.6,78.7,,94.5,,65.6,60.8,63.4,86.4,103.4,72.1,48.8,71.0,115.6,,,49.5,60.9,75.5,78.9,77.1,57.3,89.8,,,,,76.1,69.2,71.2,70.7,93.4,55.7,55.2,,82.7,80.5,82.8,82.9,75.4,91.9,75.1,69.7,,,68.7,92.3,91.2,90.2,75.8,,85.0,119.6,150.9,86.9,,63.8,64.5,85.1,89.2,,,,,86.8,,,113.4,87.4,101.3,109.5,119.8,80.4,100.4,68.3,91.9,96.5,123.8,87.4,108.0,142.9,108.5,,,94.1,95.0,117.6,90.6,98.9,,,82.8,62.3,84.0,,78.4,74.0,,84.2,102.1,85.4,70.7,67.1,70.1,137.7,100.7,120.2,74.7
198711,89.3,85.6,100.0,122.6,123.1,119.9,126.1,105.5,85.5,86.2,86.7,,81.6,84.4,71.8,87.7,82.0,86.3,,91.9,95.1,92.1,92.2,101.2,97.8,132.2,47.3,,135.6,97.9,71.5,116.7,126.4,91.0,118.1,91.3,145.2,65.2,60.3,124.6,91.6,121.7,75.6,71.4,101.3,77.1,,,69.1,69.2,70.0,68.3,78.8,85.0,,,77.1,97.6,82.8,81.8,76.9,103.8,82.7,79.8,82.7,71.5,87.2,94.3,86.3,75.3,,89.4,93.9,91.9,53.9,105.4,96.9,69.1,123.1,85.7,73.4,,76.7,76.7,72.9,71.6,74.7,46.0,47.3,53.4,69.1,,93.2,,64.9,59.2,59.6,60.3,79.2,70.7,54.0,69.7,111.4,,,63.4,82.1,99.4,105.4,80.5,59.2,114.6,,,,,76.1,69.2,70.6,70.5,93.4,56.1,55.2,,82.6,80.4,82.6,83.0,75.4,91.4,76.1,69.5,,,68.9,92.2,70.5,69.0,66.3,106.2,51.8,126.9,153.6,78.7,,,,102.1,61.5,,,,,84.5,,,113.1,87.3,101.0,108.4,118.4,79.7,100.2,68.3,91.7,96.4,123.5,87.8,107.7,141.9,107.9,,,94.0,95.0,116.5,90.5,98.9,,,82.8,62.3,84.4,,78.4,73.9,,84.2,101.0,85.6,70.7,67.1,70.1,136.2,100.7,120.2,74.7
198712,89.2,85.5,99.7,121.9,122.4,119.3,125.2,104.7,85.6,86.1,86.7,,81.6,84.2,72.1,87.4,82.0,86.3,,91.5,94.9,91.5,90.8,98.2,98.5,134.9,47.7,,125.8,96.6,67.8,113.1,128.9,92.1,118.8,91.0,144.1,65.7,58.5,123.3,92.7,122.6,75.1,79.1,102.6,78.8,,,69.1,69.0,70.2,68.3,78.7,85.3,,,76.6,97.9,82.9,81.9,77.4,103.1,82.5,79.7,82.5,71.5,87.1,94.3,86.1,75.1,,90.8,93.4,91.6,53.9,104.8,96.2,69.2,121.0,86.0,73.3,,82.8,82.8,76.7,77.7,82.5,55.6,51.2,58.9,101.2,,92.5,,67.0,58.0,57.9,66.2,70.9,72.3,58.6,71.7,102.3,,,84.8,90.6,118.6,120.0,89.5,72.2,119.0,,,,,76.0,69.2,70.1,70.8,93.5,56.0,55.2,,82.5,80.3,82.3,82.9,75.4,91.2,76.5,69.5,,,69.1,91.8,60.5,58.7,60.7,94.8,44.0,123.9,151.7,72.4,,,,,56.5,,,,,78.5,,,112.6,87.2,100.8,108.2,118.2,79.8,100.0,68.3,91.7,96.4,123.3,87.6,107.6,142.4,107.4,,,94.0,94.6,115.9,90.2,98.7,,,82.8,62.5,84.9,,78.8,73.8,,84.1,100.9,85.6,70.6,67.0,70.1,135.7,100.7,120.3,74.7
198801,89.0,85.8,99.1,120.8,121.4,119.0,124.6,103.5,85.5,86.1,86.7,,81.6,84.2,72.2,87.4,82.0,86.3,,91.0,94.8,90.9,92.9,101.6,99.4,138.5,46.0,,130.3,99.7,76.2,114.3,129.6,92.9,125.1,89.7,143.2,66.7,56.0,125.0,93.4,124.5,74.2,82.4,102.5,80.3,,,69.1,69.4,70.2,68.1,78.9,85.3,,,76.7,98.4,82.8,81.9,77.4,103.5,82.2,79.3,82.4,71.5,87.2,94.4,86.1,75.0,,88.3,93.8,91.7,53.9,105.1,97.0,71.2,122.3,86.0,72.7,,73.1,73.1,77.3,78.5,84.1,45.2,62.2,58.1,95.4,,92.1,,73.2,58.1,57.8,71.1,68.6,75.2,67.7,76.5,102.6,,,94.2,99.3,124.3,112.4,84.8,84.0,97.5,,,,,76.2,69.5,69.5,71.5,93.9,56.0,55.6,,82.4,80.3,81.8,83.0,75.5,90.9,77.6,69.3,,,69.3,91.8,64.7,63.1,59.7,94.2,43.4,112.0,144.1,62.7,,,,,,,,,92.9,77.7,,,112.4,86.9,100.8,108.4,118.2,80.0,100.1,68.3,91.7,96.3,123.1,87.2,108.1,142.7,108.0,,,93.8,94.7,116.7,90.4,98.4,,,82.7,62.5,84.9,,78.8,73.6,,83.8,100.5,85.5,70.5,66.9,70.1,135.3,100.7,119.7,74.6
198802,88.8,85.8,99.1,120.8,121.3,119.0,124.6,103.5,85.6,86.1,86.7,,81.6,84.2,72.3,87.2,82.0,86.3,,90.6,94.9,90.1,92.2,100.4,98.3,134.0,43.3,,133.9,101.3,72.6,112.3,126.6,92.4,123.2,90.4,140.4,66.3,50.8,118.9,93.4,123.9,73.9,85.5,101.6,81.4,,,69.2,69.2,70.1,68.6,79.0,85.3,,,76.8,98.5,82.8,81.8,77.4,103.8,82.1,79.2,82.4,71.7,87.1,94.1,86.1,74.9,,88.8,94.0,91.9,53.9,105.3,97.0,71.2,121.8,86.5,73.2,,74.6,74.6,75.4,75.5,71.8,42.9,59.2,50.6,91.3,,92.8,,72.0,58.2,56.8,66.6,62.6,73.7,70.5,74.3,99.5,,,91.6,88.3,119.3,114.7,89.3,106.3,106.5,,,,,76.2,69.7,69.9,71.8,94.0,56.2,55.8,,82.4,80.3,82.0,82.9,75.6,90.8,78.1,69.2,,,70.0,91.3,68.5,67.0,58.1,93.1,44.9,111.7,134.1,58.2,,,,,,,,,88.4,80.3,,,111.6,86.0,100.9,108.2,118.2,79.6,100.2,68.3,92.0,96.2,123.0,87.7,107.8,142.6,107.8,,,93.9,95.2,116.7,90.5,98.9,,,82.6,62.5,84.9,,78.7,73.5,,83.6,100.8,85.3,70.6,66.9,70.1,135.0,100.7,120.1,74.7
198803,89.1,86.4,99.1,120.8,121.3,119.0,124.6,103.5,85.4,86.1,86.5,,81.6,84.1,72.4,87.2,81.8,86.4,,91.2,94.9,91.1,92.6,100.7,97.4,136.1,43.3,94.3,137.1,104.2,72.9,112.1,127.1,90.8,124.8,91.1,139.1,66.4,46.0,113.8,94.4,125.8,74.0,87.6,101.5,81.7,,,69.2,69.1,70.3,68.5,79.2,85.6,,,77.4,98.0,82.6,81.7,77.3,103.5,82.0,79.0,81.9,71.8,87.1,94.1,86.1,74.8,,89.1,93.9,91.9,53.9,105.4,96.8,71.2,121.4,86.1,73.0,,75.5,75.5,78.5,80.2,91.4,43.7,84.3,52.6,105.8,,92.4,,75.9,59.8,61.1,89.4,66.8,74.3,74.2,78.8,98.4,,,89.9,75.1,108.9,113.6,88.2,86.0,103.9,,,,,76.4,69.7,69.8,71.5,94.0,56.2,56.6,,82.5,80.3,82.2,83.0,75.9,90.6,79.1,69.4,,,70.8,90.7,73.3,71.9,60.3,95.0,51.3,108.1,130.4,57.1,,,,,,,,,88.9,85.4,,,111.1,86.0,100.9,108.5,118.2,80.4,100.0,68.3,92.0,96.2,123.1,86.9,108.0,141.0,107.4,,,94.0,94.4,116.9,90.7,99.0,,,82.6,62.5,84.8,,78.8,73.3,,83.3,100.8,85.5,70.5,67.0,70.1,134.8,100.7,120.6,74.7
198804,89.6,86.5,99.0,120.8,121.3,119.0,124.6,103.5,85.0,85.5,86.4,,81.7,84.2,72.5,87.5,81.9,86.5,,91.8,94.4,92.2,93.4,101.9,97.1,134.0,42.1,95.1,135.9,107.8,67.4,111.9,124.4,88.5,128.0,91.6,138.7,66.3,,111.2,95.3,127.1,74.9,88.3,103.3,82.5,,,69.3,69.5,70.5,68.4,78.9,85.4,,,76.5,98.2,82.7,81.7,77.3,104.4,82.0,79.2,81.6,71.7,86.9,94.0,86.0,74.1,,87.4,93.7,91.9,53.9,105.4,96.2,71.1,120.4,86.4,72.3,,70.0,70.0,78.5,80.2,95.1,44.8,101.9,50.7,77.9,,92.6,,76.6,65.0,63.3,93.9,83.5,77.7,77.1,77.0,100.7,,,82.8,77.3,94.7,110.1,84.1,83.7,91.0,,,,,76.5,69.8,70.0,71.3,93.9,56.1,57.7,,82.5,80.3,82.4,83.1,76.2,90.7,79.3,69.8,,,71.7,90.3,75.1,73.8,65.6,97.6,,103.8,135.6,58.1,,,,,,,,,82.1,91.1,,,110.2,84.9,100.6,107.1,116.5,79.5,99.9,68.3,91.8,96.1,123.0,87.3,107.8,140.7,107.5,,,93.8,94.4,116.9,90.6,98.3,,,82.7,62.7,85.1,,78.9,73.4,,83.8,100.5,85.4,70.5,67.0,70.1,134.8,100.7,119.8,74.6
198805,89.7,86.3,99.0,120.8,121.3,119.0,124.6,103.5,84.9,85.4,86.2,,81.7,84.1,72.2,87.6,81.9,86.7,,91.6,94.2,92.1,93.1,101.2,96.9,128.2,42.4,92.5,133.3,112.2,68.9,110.1,124.2,88.0,125.0,91.9,139.2,67.2,,115.8,95.5,127.9,75.8,82.1,103.2,83.7,,,69.3,69.4,70.2,68.7,79.2,85.7,,,77.1,98.4,82.6,81.7,77.4,101.8,82.1,79.3,81.4,71.7,86.8,93.8,86.1,74.1,,85.6,93.6,91.7,53.9,105.1,96.4,71.1,121.3,86.1,72.0,,63.3,63.3,74.2,73.3,70.0,48.0,75.4,55.4,67.4,,92.5,,80.6,77.1,70.6,70.4,86.8,82.1,68.7,77.3,101.7,,,65.8,84.0,73.2,91.8,73.7,59.7,110.5,,,,,76.7,70.0,71.0,71.2,94.0,56.2,58.3,,82.5,80.4,82.3,82.9,76.3,90.6,79.6,69.8,,,72.2,91.0,84.2,83.1,,101.5,,101.5,131.2,61.6,,,,,,,141.1,141.9,75.4,93.5,,,109.8,84.6,100.7,108.0,117.7,79.9,99.9,68.3,91.9,96.2,122.6,87.4,108.0,141.7,106.7,,,94.0,94.1,116.4,90.2,98.8,,,82.6,62.7,85.1,,79.1,73.4,,83.5,99.6,85.5,70.5,66.9,70.1,134.6,100.7,119.5,74.7
198806,89.5,85.9,99.0,120.8,121.3,119.1,124.6,103.5,84.9,85.2,86.4,,81.7,84.3,72.2,87.5,82.0,86.4,,91.4,94.1,91.8,91.6,97.9,96.4,118.1,42.9,79.6,129.7,111.0,65.6,109.1,121.8,92.7,120.4,91.8,139.4,66.9,,114.6,96.1,129.0,77.3,79.8,101.3,84.1,,,69.5,69.5,70.4,68.8,79.0,85.6,,,76.3,98.2,82.6,81.7,77.3,99.5,82.2,79.7,81.4,71.7,86.8,93.8,86.1,73.9,,85.7,93.7,91.7,53.9,105.1,96.7,70.8,121.8,86.1,72.8,,63.5,63.5,72.4,70.4,60.4,72.7,83.7,58.1,64.3,,92.8,,102.3,62.4,94.7,82.6,72.6,83.5,57.1,112.2,108.4,,,55.0,95.4,68.0,90.3,59.8,54.8,103.7,,,,,76.8,70.3,71.2,71.3,94.1,56.9,58.7,,82.4,80.1,82.3,82.9,76.4,90.8,80.0,69.7,,,72.5,90.9,84.5,83.5,,110.0,,97.2,123.2,68.3,,,135.3,,,,92.2,99.6,,92.9,,,108.9,83.8,100.6,107.5,117.1,79.3,99.9,68.3,91.7,96.3,122.6,86.9,107.2,142.1,107.5,,,93.9,95.4,115.6,90.5,99.0,,,82.5,62.7,84.9,,79.0,73.2,,83.2,99.7,85.6,70.5,66.9,70.1,134.6,100.3,119.0,74.5
198807,89.3,85.8,99.0,120.8,121.3,119.1,124.6,103.5,84.9,85.3,86.5,,81.7,84.3,72.3,87.8,81.9,86.7,,91.5,93.8,92.2,90.8,96.4,96.5,117.5,41.7,68.8,136.8,115.3,67.9,112.1,123.3,93.9,111.8,92.4,137.1,66.2,,115.0,96.2,128.9,78.0,79.5,100.7,84.5,,,69.5,69.4,70.3,69.0,79.1,85.6,,,76.6,97.6,82.6,81.7,77.3,98.4,82.7,80.0,81.3,71.6,86.8,93.8,86.2,74.0,,85.6,93.6,91.6,53.9,104.9,96.7,70.6,121.5,86.2,72.9,,63.3,63.3,71.6,68.9,75.7,90.2,94.5,63.9,59.1,,93.0,,126.5,59.7,97.5,98.0,70.4,80.9,58.2,179.0,109.2,,,51.4,78.0,63.3,74.0,59.0,57.2,94.7,,,,,77.0,70.5,71.4,71.2,94.3,57.5,59.0,,82.5,80.4,82.4,83.0,76.6,90.6,80.6,70.0,,,72.4,90.0,85.1,84.1,,,,104.7,121.2,74.9,,,101.5,168.5,,82.3,69.1,84.1,,86.7,,,108.2,83.0,100.7,108.1,117.7,80.2,99.9,68.3,91.9,96.3,122.5,87.0,107.9,139.7,107.5,,,94.1,95.0,115.2,90.7,98.8,,,82.5,62.8,84.5,,79.0,73.4,,83.1,99.1,85.6,70.5,67.0,70.0,134.3,100.3,118.3,74.7
198808,89.6,86.9,99.0,120.8,121.3,119.0,124.6,103.5,85.0,85.4,86.6,,81.6,83.9,72.1,87.6,81.9,86.8,,91.3,93.7,91.9,92.8,99.9,98.4,126.4,44.5,73.3,151.3,120.8,71.2,125.4,128.1,94.8,105.8,92.9,136.3,66.9,,117.1,97.2,130.7,79.1,80.3,101.7,84.9,,,69.4,69.2,70.3,68.8,79.1,86.0,,,75.8,98.0,82.6,81.7,77.2,99.1,82.7,79.9,81.2,71.6,86.6,93.7,85.9,73.9,,87.7,93.6,91.6,53.9,104.9,96.5,70.8,120.3,86.4,73.4,,71.3,71.3,77.8,78.8,108.6,99.8,123.5,67.8,85.1,,94.0,,115.6,60.6,95.5,103.9,91.5,83.4,66.2,157.0,116.0,,,55.9,78.1,67.7,81.5,70.9,60.2,92.2,,,,,76.9,70.7,70.8,71.0,94.6,57.7,59.5,,82.4,80.1,82.2,83.2,76.5,90.5,80.6,69.7,,,72.5,89.6,86.0,85.1,,,,111.3,119.3,77.4,,102.8,65.8,125.3,,74.6,57.4,82.9,,86.2,,,107.9,83.0,100.8,108.6,118.7,79.9,99.9,68.3,91.8,96.2,122.7,86.6,107.2,137.9,107.8,,,94.1,95.4,116.8,90.6,99.1,,,82.4,62.8,84.6,,78.8,73.5,,83.5,98.4,85.8,70.4,67.0,69.9,130.6,100.0,117.1,74.6
198809,90.3,88.1,99.0,120.8,121.3,119.0,124.6,103.5,84.9,85.3,86.6,,81.6,84.2,72.0,87.4,81.9,86.6,,91.0,93.6,91.5,93.1,100.5,98.2,117.0,45.1,79.6,147.1,108.1,71.6,111.7,125.6,93.0,102.7,92.0,137.1,67.1,,117.8,97.3,131.5,79.4,80.8,99.3,85.3,,,69.3,69.1,70.1,68.8,79.4,85.9,,,76.9,97.8,82.6,81.7,77.4,99.7,82.7,80.0,81.0,71.4,86.6,93.6,86.0,73.6,,89.5,93.4,91.6,53.9,104.7,96.3,70.7,120.3,86.3,73.0,,78.2,78.2,85.7,91.4,142.8,122.7,166.0,70.9,160.9,,93.9,,92.3,63.1,73.9,128.6,79.9,89.9,79.4,94.3,123.4,,,59.0,74.2,77.8,69.4,73.0,55.2,95.1,,,,,77.0,70.9,70.6,71.3,94.7,58.0,59.7,,82.4,80.1,82.0,83.5,76.5,90.4,81.3,69.5,,,72.5,90.3,89.2,88.4,95.3,,197.6,112.8,128.0,79.1,,71.9,58.8,81.7,,72.0,,,,87.0,,,108.0,83.1,100.8,110.0,120.5,80.4,99.8,68.3,91.9,96.3,122.5,86.7,107.7,139.4,107.2,,,93.8,94.8,115.2,90.5,98.9,,,82.4,62.7,84.7,,78.7,74.1,,82.8,99.2,85.5,70.5,66.8,70.0,127.9,100.3,115.9,74.7
198810,90.7,88.9,99.0,120.8,121.3,119.1,124.6,103.5,85.0,85.5,86.5,,81.6,84.3,71.9,87.4,81.7,86.9,,91.3,93.6,91.9,92.4,98.9,97.8,112.3,50.4,87.2,147.5,109.7,72.2,95.3,124.7,93.1,100.7,91.9,136.4,66.7,70.6,118.1,97.6,132.3,79.4,81.3,100.5,85.4,,,69.4,69.2,70.1,68.9,79.2,85.9,,,76.3,97.8,82.5,81.7,77.4,100.3,82.6,79.7,81.2,71.5,86.6,93.7,85.9,73.6,,91.4,93.5,91.6,53.9,104.7,96.4,70.7,121.0,86.5,72.4,,84.8,84.8,91.9,101.1,127.2,109.2,118.6,85.0,173.7,,92.7,,83.8,61.5,64.8,106.0,78.6,88.0,77.7,81.1,121.9,,,58.0,72.4,96.8,104.1,91.8,69.2,106.6,,,,,77.2,70.9,71.0,71.1,94.5,58.2,59.9,,82.5,80.2,82.3,83.4,76.8,90.2,82.6,69.9,,,72.5,90.1,88.9,88.0,71.7,,88.9,113.7,130.6,81.2,,58.6,57.0,71.9,88.4,,,,,86.4,,,107.8,82.8,100.7,109.9,120.5,80.0,99.7,68.3,91.7,96.2,122.4,86.9,107.5,139.0,107.3,,,93.5,95.5,114.5,90.6,98.8,,,82.3,62.7,84.5,,79.4,74.2,,83.1,98.7,85.5,70.5,66.4,70.0,122.8,100.5,116.2,74.7
198811,90.4,87.5,99.0,120.9,121.4,119.1,124.6,103.6,85.0,85.4,86.6,,81.7,84.3,71.8,87.6,81.8,87.0,,91.4,93.4,92.3,92.2,98.5,97.4,110.9,52.6,,140.9,106.2,69.0,87.7,122.6,92.5,110.0,92.4,135.7,67.1,64.8,119.4,97.8,132.6,80.0,80.7,98.8,86.0,,,69.3,69.0,70.0,68.9,79.6,85.9,,,77.0,98.3,82.4,81.4,77.4,99.9,82.1,79.3,80.9,71.7,86.8,94.1,86.1,73.6,,92.2,93.5,91.6,53.9,104.8,96.2,70.6,119.9,86.4,73.3,,87.6,87.6,86.9,93.1,118.9,78.0,86.6,81.5,140.7,,92.6,,78.8,59.8,55.7,93.2,74.5,85.4,77.2,76.4,120.4,,,62.0,69.5,100.4,125.3,92.6,68.0,111.6,,,,,77.2,70.9,71.5,70.9,94.5,58.2,60.2,,82.4,80.1,82.1,83.5,77.1,90.1,83.0,70.4,,,72.6,91.2,72.1,70.8,60.5,92.9,58.3,120.0,133.3,76.4,,,,74.1,61.9,,,,,84.1,,,107.6,82.9,100.7,110.5,121.1,80.5,99.6,68.3,91.8,96.3,122.4,86.5,108.2,139.2,106.6,,,93.2,95.2,113.1,90.7,99.5,,,82.3,62.7,85.1,,79.3,74.3,,82.6,99.2,85.4,70.5,65.2,70.0,122.2,100.5,115.7,74.7
198812,90.1,86.6,99.0,120.8,121.3,119.1,124.4,103.3,85.0,85.4,86.5,,81.6,84.1,71.8,87.7,81.7,86.9,,91.0,93.4,91.6,90.8,95.5,97.8,110.8,49.0,,124.7,105.8,65.8,86.3,123.7,93.2,103.6,92.8,136.8,65.8,65.3,115.3,98.1,133.5,80.8,80.5,96.1,86.6,,,69.3,68.8,70.1,69.0,79.9,86.1,,,77.3,100.1,82.4,81.4,77.4,100.5,82.0,79.1,80.9,71.3,86.8,94.0,86.3,73.6,,95.3,93.4,91.6,53.9,104.7,96.2,70.6,120.3,86.0,72.8,,99.4,99.4,81.1,83.9,107.8,69.4,72.6,73.4,98.9,,92.8,,80.7,57.4,51.6,75.8,65.2,84.0,76.4,74.7,116.1,,,76.7,65.8,95.0,117.8,92.3,53.2,100.6,,,,,77.4,70.9,70.9,70.8,94.7,57.8,60.2,,82.5,80.4,81.9,83.5,77.3,90.2,83.1,70.8,,,73.0,91.8,69.8,68.4,56.3,87.4,55.5,116.3,136.4,67.1,,,,,64.7,,,,,81.5,,,107.2,82.4,100.7,110.3,121.4,79.7,99.7,68.3,91.1,96.4,122.4,86.2,108.2,140.3,107.4,,,93.7,95.1,114.2,90.7,99.4,,,82.3,62.8,85.4,,79.6,74.5,,83.0,98.6,85.5,70.5,63.8,69.9,120.8,100.5,116.8,74.5
198901,89.9,86.9,99.0,120.8,121.3,119.1,124.4,103.2,85.2,85.6,86.6,,81.7,84.4,71.8,87.2,81.7,87.3,,90.0,93.2,90.2,92.8,99.2,99.5,119.7,46.5,,135.0,107.1,70.4,88.3,127.3,93.4,108.2,93.2,135.0,66.3,64.1,119.0,98.4,134.3,81.3,81.4,96.5,86.5,,,69.2,69.0,69.8,68.9,80.1,86.1,,,77.4,100.1,82.3,81.3,77.7,99.8,81.7,78.9,80.8,71.2,86.7,93.9,85.9,73.6,,89.8,93.4,91.6,54.0,104.8,96.0,70.8,119.8,86.1,72.7,,79.4,79.4,80.9,83.4,110.3,52.5,71.3,80.8,85.1,,92.1,,92.5,57.1,57.7,78.9,65.0,83.3,75.8,79.2,120.3,,,81.4,66.6,118.0,106.7,93.6,55.1,92.7,,,,,77.5,70.9,70.8,70.5,94.7,58.0,60.4,,82.6,80.5,82.2,83.5,77.4,89.9,84.1,70.8,,,73.2,92.0,74.9,73.8,58.6,94.3,57.5,117.9,143.5,61.2,,,,,,,,,102.0,82.4,,,107.1,82.2,100.7,110.4,121.1,80.4,99.6,68.3,90.9,96.2,122.2,87.0,108.1,139.7,107.7,,,93.3,95.3,113.2,91.0,99.6,,,82.4,62.7,86.3,,79.7,74.5,,84.1,98.8,85.7,70.5,63.6,70.1,120.8,100.5,116.7,74.7
198902,89.7,86.3,98.9,120.6,121.2,119.2,124.4,103.1,85.1,85.5,86.5,,81.6,84.2,71.8,87.6,81.7,87.1,,91.4,93.4,92.3,93.0,99.6,99.8,118.4,45.6,,138.3,109.1,69.5,88.2,128.1,95.0,115.1,92.6,134.9,68.0,56.2,113.3,98.7,134.8,81.5,81.5,96.4,86.5,,,69.0,68.3,70.0,68.7,80.2,86.2,,,77.4,100.1,82.1,81.2,77.6,99.9,81.7,78.4,80.3,71.4,86.6,93.8,85.6,73.6,,87.8,93.3,91.4,54.0,104.3,96.2,71.5,119.1,86.5,73.1,,72.4,72.4,75.8,75.5,67.6,31.5,57.9,66.3,77.2,,94.6,,90.4,56.0,55.9,65.5,62.0,81.8,74.9,76.6,119.1,,,89.4,72.6,126.4,122.9,96.6,93.5,91.9,,,,,77.5,71.0,71.7,70.6,94.9,57.8,60.5,,82.7,80.5,82.3,83.8,77.5,90.0,83.9,70.8,,,73.4,91.8,75.9,74.7,59.1,98.8,58.1,112.5,135.7,59.0,,,,,,,,,90.7,89.4,,,107.5,82.8,100.8,110.1,121.0,79.9,99.7,68.3,91.4,96.0,122.1,86.2,107.7,138.1,106.9,,,94.0,94.4,114.3,91.0,100.9,,,82.4,62.8,86.0,,79.9,74.3,,83.8,98.6,86.4,70.5,65.1,70.0,120.0,100.7,116.6,74.7
198903,90.1,86.9,98.9,120.6,121.2,119.3,124.4,103.1,85.2,85.7,86.5,,81.7,84.2,71.8,87.8,81.9,86.9,,90.7,93.3,91.1,93.8,101.1,100.8,119.8,46.1,100.2,144.6,108.0,70.8,85.5,127.3,94.6,122.6,93.0,135.6,68.0,49.0,108.4,98.4,134.2,82.2,81.3,94.9,86.2,,,69.0,68.2,69.9,68.9,80.4,86.1,,,77.9,100.4,82.3,81.3,78.0,100.6,81.7,78.3,80.4,71.5,86.5,93.8,85.4,73.5,,88.7,93.5,91.6,54.1,104.6,96.3,72.3,119.3,86.6,72.6,,75.3,75.3,78.4,79.4,67.5,37.4,76.3,63.8,76.8,,93.9,,92.9,57.0,56.6,85.2,63.7,84.2,74.7,80.1,117.1,,,90.7,72.8,128.5,134.1,99.0,87.9,94.5,,,,,77.7,71.1,71.4,70.6,94.8,57.9,60.6,,83.3,81.1,82.8,83.9,77.4,89.6,84.3,70.6,,,73.9,91.0,78.8,77.7,62.6,101.2,58.5,110.2,130.7,59.6,,,,,,,,,95.6,97.9,,,107.4,82.7,100.7,110.0,120.5,80.3,99.6,68.3,91.7,96.4,121.7,86.3,108.2,139.0,107.4,,,93.8,94.5,112.6,90.7,100.0,,,82.5,62.7,86.3,,79.7,74.0,,83.5,98.5,87.1,70.5,65.7,69.9,120.2,100.7,116.4,74.6
198904,91.7,88.8,101.2,123.0,123.6,122.1,127.0,105.5,87.7,88.2,89.0,,83.7,86.2,73.3,89.8,83.8,89.4,,93.0,95.5,93.7,95.6,102.2,102.7,111.8,43.4,98.4,140.3,111.7,66.7,86.2,125.9,93.3,125.3,95.3,135.9,69.0,,108.1,101.4,138.2,85.4,82.9,96.4,89.4,,,70.9,70.6,71.5,70.6,82.6,88.1,,,79.1,103.6,84.0,83.0,80.2,102.0,83.3,79.6,81.4,72.5,88.4,95.7,87.4,74.5,,90.8,96.5,94.5,56.9,107.0,99.4,75.5,122.1,89.2,75.1,,74.8,74.8,78.7,78.6,75.5,49.5,81.1,63.8,69.2,,94.5,,92.3,60.8,56.4,87.5,79.9,88.7,74.7,77.8,122.3,,,79.0,75.1,83.2,104.9,99.0,63.6,89.8,,,,,79.8,73.0,74.4,71.6,97.1,59.8,62.6,,85.8,84.0,84.8,85.7,79.5,91.9,87.0,72.2,,,76.3,94.8,82.1,81.0,66.9,106.0,,108.1,130.9,64.3,,,,,,,,,92.3,94.3,,,110.0,84.8,102.7,112.2,122.7,82.0,101.5,70.0,93.5,98.6,120.8,87.8,110.5,139.1,109.4,,,96.0,98.4,116.2,92.9,103.0,,,84.6,64.3,89.0,,81.9,75.9,,85.2,101.1,88.9,72.1,67.5,71.5,122.0,102.8,119.2,75.9
198905,92.2,89.2,101.3,123.1,123.6,122.2,127.1,105.6,87.8,88.4,88.9,,83.7,86.3,73.3,90.0,83.9,89.7,,93.7,95.4,94.6,96.0,103.1,102.9,119.2,43.5,97.8,136.8,115.2,66.1,88.5,127.5,96.3,127.7,94.7,137.3,68.8,,110.0,101.5,137.9,86.4,81.3,96.0,89.4,,,70.8,70.6,71.5,70.2,82.5,88.2,,,79.0,104.6,84.0,83.1,80.3,101.8,83.3,79.7,81.3,72.5,88.6,95.7,87.5,74.6,,90.1,96.6,94.5,57.1,106.8,99.5,75.9,122.4,89.0,74.9,,72.4,72.4,80.1,80.8,72.2,63.0,97.7,85.7,82.6,,93.9,,95.6,63.3,63.9,104.6,89.9,96.5,60.8,84.2,118.6,,,71.9,81.8,78.9,98.8,87.7,53.4,105.8,,,,,80.0,73.2,74.1,71.6,97.2,60.3,62.7,,86.1,84.4,85.0,85.7,79.5,91.9,86.6,72.3,,,76.5,94.4,86.3,85.3,,111.6,,106.6,132.4,67.5,,,,,,,130.2,131.2,80.2,95.4,,,110.1,85.1,102.5,112.5,123.3,82.2,101.4,70.0,93.6,98.5,118.9,87.7,110.7,140.5,110.1,,,95.9,98.2,114.4,92.2,103.4,,,84.6,64.3,88.9,,81.9,76.1,,84.8,101.4,89.1,72.2,67.6,71.5,121.4,102.7,119.3,76.0
198906,92.1,89.0,101.2,123.1,123.6,122.2,127.1,105.6,87.4,88.4,88.0,,83.7,86.1,73.3,90.0,83.5,89.9,,93.9,94.8,95.4,94.6,100.6,102.9,123.6,43.6,95.2,137.5,114.7,64.6,86.7,127.2,99.2,112.3,94.5,136.3,68.1,,108.9,101.1,136.2,86.5,79.9,97.2,89.4,,,70.9,70.7,71.8,70.3,82.8,88.3,,,79.5,104.4,84.1,83.1,80.3,102.3,83.5,80.1,81.4,72.8,88.5,95.1,87.8,74.3,,93.1,96.8,94.5,57.2,106.8,100.4,77.6,123.6,88.9,75.1,,82.6,82.6,77.8,76.9,69.0,67.6,99.9,97.6,69.3,,92.9,,117.2,60.5,104.4,98.3,87.8,97.8,56.2,118.5,126.6,,,57.0,85.3,71.8,102.9,68.7,54.8,111.5,,,,,80.1,73.4,75.1,71.5,97.0,60.9,63.1,,86.0,84.3,85.1,86.1,79.8,92.1,87.7,72.3,,,76.9,95.4,88.4,87.5,,119.2,,104.9,134.1,77.1,,,133.6,,,,92.6,100.1,,97.5,,,110.2,85.2,102.6,112.3,122.8,82.5,101.5,70.0,93.3,98.4,118.5,88.4,110.0,142.1,109.3,,,95.9,98.3,116.5,92.7,104.2,,,84.2,64.4,88.4,,81.9,75.2,,84.7,101.2,88.9,72.0,67.7,71.5,121.4,102.3,119.1,75.9
198907,92.0,88.8,101.2,123.1,123.6,122.2,127.1,105.6,87.4,88.5,88.0,,83.6,86.1,73.3,89.6,83.7,89.6,,93.5,94.7,94.9,92.9,97.4,103.4,122.3,43.1,82.6,148.8,115.1,66.3,86.0,128.9,100.4,94.6,94.4,135.0,68.4,,108.8,100.6,135.1,86.6,79.3,95.8,89.4,,,70.8,71.1,71.6,70.1,82.5,88.9,,,79.7,101.0,84.3,83.4,80.1,102.8,84.0,80.3,81.3,73.2,88.5,95.0,87.6,74.3,,93.6,97.1,94.5,57.2,106.8,101.3,80.1,123.1,88.9,75.7,,83.7,83.7,75.6,73.5,66.4,85.6,91.8,82.5,70.1,,93.7,,134.2,60.1,118.3,85.2,90.5,96.6,63.4,181.9,127.7,,,50.1,77.2,69.1,84.9,62.0,56.9,100.9,,,,,80.3,73.5,75.4,72.2,97.1,60.6,63.1,,86.1,84.5,85.1,85.7,80.0,91.9,87.8,72.8,,,77.0,95.6,91.0,90.2,,,,104.2,131.6,89.8,,,101.6,161.8,,86.8,76.3,94.3,,95.8,,,109.8,85.1,102.4,112.7,123.6,82.2,101.1,70.0,92.9,98.4,118.0,88.9,110.3,138.7,110.2,,,96.5,98.1,117.7,92.6,99.7,,,84.3,64.4,88.7,,82.0,76.0,,84.0,101.0,88.7,72.0,67.7,71.5,121.2,102.3,118.3,76.0
198908,91.9,88.8,101.2,123.1,123.6,122.2,127.1,105.6,87.4,88.5,87.9,,83.7,86.5,73.3,90.0,83.7,89.4,,93.3,94.6,94.7,94.1,99.9,104.8,125.0,45.8,88.8,156.6,112.6,64.8,106.5,132.7,100.5,96.4,95.3,131.4,69.2,,116.1,100.2,133.9,86.9,79.3,95.0,89.5,,,71.0,71.2,71.6,70.3,82.2,88.7,,,78.8,100.0,84.2,83.3,80.2,102.8,84.1,80.2,81.1,73.1,88.5,95.0,87.5,74.6,,92.8,97.2,94.6,57.3,106.9,101.6,84.5,120.8,89.2,75.3,,80.3,80.3,74.7,71.9,67.6,101.4,101.5,76.7,71.7,,94.5,,103.1,60.9,105.7,98.5,91.4,91.0,67.5,158.7,128.8,,,47.1,66.6,66.9,68.9,61.0,48.3,110.6,,,,,80.4,73.5,75.6,72.0,97.0,60.9,63.2,,86.2,84.7,85.1,85.6,80.1,92.0,88.1,73.0,,,77.1,95.6,92.8,92.0,,,,109.3,134.9,92.9,,101.5,72.4,117.8,,79.7,76.1,85.3,,90.3,,,110.2,85.8,102.4,112.4,123.3,82.1,101.2,70.0,93.0,98.3,117.5,88.8,109.8,141.3,109.4,,,96.1,98.6,117.7,92.0,101.2,,,84.2,64.4,88.2,,82.1,75.8,,84.0,101.7,88.3,71.9,67.8,71.4,121.4,102.1,118.3,76.0
198909,92.7,90.1,101.2,123.1,123.6,122.2,127.2,105.6,87.4,88.5,87.9,,83.6,86.4,73.4,89.7,83.9,89.0,,93.4,94.6,94.8,93.4,98.8,104.1,124.4,47.9,88.9,154.9,101.0,70.3,84.7,130.4,99.0,96.4,95.1,134.7,70.4,,115.0,99.7,131.9,86.8,78.6,96.2,89.6,,,71.0,70.8,72.0,70.4,82.1,88.7,,,78.6,100.0,84.1,83.2,80.3,101.6,84.0,80.0,80.8,73.0,88.3,94.9,87.4,74.3,,96.9,97.5,94.6,57.3,106.9,102.7,84.4,123.8,89.2,75.7,,94.3,94.3,84.6,87.6,79.0,134.5,121.1,91.9,135.3,,94.9,,86.0,59.7,86.3,134.9,83.0,89.2,75.6,98.4,133.6,,,58.8,62.7,82.8,79.4,70.4,52.1,104.4,,,,,80.5,73.6,74.8,71.5,96.9,61.9,63.6,,86.2,84.7,84.9,85.9,80.3,91.7,88.9,73.3,,,77.2,95.5,91.5,90.7,118.7,,197.2,111.9,131.1,91.8,,72.1,60.7,86.1,,85.0,,,,85.3,,,110.2,85.9,102.5,112.7,123.4,82.1,101.3,70.0,92.3,98.0,117.5,88.7,110.9,138.8,109.8,,,96.5,98.5,118.9,92.6,102.5,,,84.6,64.7,88.4,,82.5,76.7,,84.9,102.1,88.4,72.0,67.9,71.5,121.1,102.4,117.7,76.0
198910,93.4,91.6,101.3,123.3,123.9,122.7,127.3,105.6,87.4,88.4,87.9,,83.8,86.6,73.9,89.7,83.8,89.4,,93.4,94.5,94.9,93.5,99.2,104.0,125.7,49.7,92.9,152.8,98.3,64.4,81.9,128.8,100.0,94.9,95.8,132.9,70.3,76.2,113.1,99.5,131.7,86.7,78.3,95.8,89.5,,,71.0,70.7,71.8,70.5,81.9,88.6,,,78.2,99.6,84.1,83.2,80.4,101.4,84.0,79.8,81.1,73.4,88.3,94.7,87.4,74.6,,97.2,97.4,94.6,57.4,106.9,102.3,84.3,123.4,88.8,75.0,,95.5,95.5,91.4,98.4,90.5,89.9,130.2,93.4,109.3,,95.0,,78.7,58.3,75.3,129.1,83.7,84.0,74.9,81.2,132.8,,,72.8,59.7,96.7,109.2,94.2,69.6,105.8,,,,,80.7,73.9,75.8,71.8,97.2,62.1,63.7,,86.3,84.7,85.1,86.0,80.4,91.3,89.5,73.3,,,77.8,94.8,103.6,103.1,81.9,,103.3,124.0,134.8,88.6,,74.5,73.0,87.2,103.4,,,,,85.7,,,110.7,86.3,102.7,112.3,122.8,82.3,101.6,70.0,93.2,98.3,117.1,89.0,110.1,142.9,109.9,,,96.4,97.9,118.6,92.0,104.4,,,84.6,65.0,88.0,,82.7,76.7,,84.5,101.5,88.8,72.1,68.0,71.5,121.2,102.1,118.2,76.2
198911,92.4,88.5,101.5,123.7,124.2,123.2,127.7,105.6,87.5,88.5,88.1,,83.9,86.6,74.0,89.6,83.9,89.4,,93.0,94.5,94.1,93.6,99.4,104.2,121.6,50.6,,149.0,100.7,65.8,85.1,130.1,100.6,93.3,95.7,131.2,70.7,67.9,113.3,99.4,131.0,86.8,79.1,95.4,90.0,,,70.9,70.6,71.8,70.4,81.7,88.7,,,78.2,99.0,84.2,83.2,80.6,100.9,84.1,79.7,81.3,73.1,88.4,94.9,87.5,74.7,,98.6,97.3,94.5,57.4,106.7,102.2,84.4,121.9,89.1,76.1,,100.8,100.8,74.1,70.8,57.3,38.6,53.4,63.6,54.3,,94.6,,73.7,57.1,65.9,58.0,74.8,77.4,73.6,76.1,126.5,,,56.4,58.2,88.0,116.6,90.7,55.8,102.8,,,,,80.7,74.0,75.7,72.2,97.2,62.3,64.0,,86.3,84.9,84.6,86.7,80.4,91.3,89.6,73.4,,,77.5,94.8,81.5,80.4,74.0,107.7,65.5,129.6,141.9,80.9,,,,122.2,70.3,,,,,85.0,,,110.5,86.4,102.6,112.3,123.0,82.2,101.5,70.0,92.9,98.3,116.7,89.5,110.7,143.2,110.1,,,96.3,98.7,115.9,92.8,104.2,,,84.7,65.3,88.2,,82.5,77.2,,84.7,101.6,89.6,72.2,68.1,71.4,121.2,102.1,118.3,76.1
198912,92.5,88.5,101.6,123.9,124.5,123.2,127.8,105.7,87.4,88.3,87.9,,84.0,86.6,74.5,89.7,83.9,89.4,,92.5,94.3,93.4,93.3,98.9,106.3,129.6,48.9,,147.7,103.4,62.0,85.1,129.8,102.2,95.0,97.6,129.8,70.4,68.8,121.9,99.4,130.6,87.0,80.5,96.5,89.6,,,71.0,70.6,71.6,70.6,81.8,88.6,,,78.7,97.8,84.2,83.3,80.8,101.6,83.9,79.4,81.2,73.4,88.2,94.8,87.4,74.4,,97.9,97.1,94.6,57.4,106.7,101.1,84.3,119.4,88.6,75.6,,99.3,99.3,76.3,74.3,58.8,46.4,44.5,61.1,65.4,,94.6,,75.4,56.2,69.5,60.9,68.5,74.6,73.7,77.6,120.2,,,73.1,72.1,107.6,131.1,116.3,58.4,111.1,,,,,80.7,74.0,75.5,72.5,97.0,62.2,64.0,,86.4,84.9,84.8,86.7,80.4,91.3,89.7,73.4,,,77.7,93.1,77.7,76.4,72.6,100.6,61.1,124.3,137.4,71.0,,,,,80.2,,,,,84.5,,,110.3,86.0,102.5,111.9,122.1,82.6,101.3,70.0,93.0,98.1,117.2,89.1,109.3,144.3,109.4,,,96.7,98.1,115.6,92.8,103.7,,,84.7,65.4,88.0,,82.8,77.4,,84.5,101.5,89.1,72.1,67.9,71.5,121.1,102.2,117.8,76.1
199001,92.9,90.1,101.5,124.0,124.6,123.4,128.0,105.1,87.5,88.6,87.9,,84.0,86.6,74.3,89.7,84.0,89.4,,92.2,94.2,93.5,96.2,104.2,108.8,141.2,47.4,,150.1,105.3,67.2,86.8,135.1,102.6,102.7,96.7,130.8,72.4,71.1,118.0,99.8,131.5,87.1,82.4,96.5,89.8,94.1,,71.0,70.9,71.7,70.3,81.9,89.0,79.5,76.7,79.1,99.1,84.3,83.4,81.0,102.9,84.0,79.4,81.6,73.5,88.2,94.9,87.3,74.6,,94.3,97.5,94.5,57.4,106.6,102.5,84.1,123.8,88.6,75.0,,83.5,83.5,83.4,85.5,75.9,62.2,56.0,66.9,111.2,114.2,95.0,,84.5,57.2,76.7,76.7,72.7,75.7,75.3,84.5,120.6,,,95.8,85.2,126.7,126.6,98.2,59.7,119.9,220.1,,,,80.5,74.4,76.7,72.6,97.2,63.1,64.5,,86.6,84.7,85.4,87.0,79.7,91.6,90.6,73.8,59.8,,77.4,94.3,85.6,84.6,72.9,103.2,61.3,120.2,138.7,66.6,,,,,,,,,105.7,86.5,93.1,,110.0,86.1,102.6,112.5,123.0,82.7,101.4,70.0,92.8,97.9,117.2,89.3,110.4,138.7,110.0,,,96.3,98.7,117.0,92.5,104.5,,,85.0,65.6,88.4,,83.1,78.4,129.9,87.0,102.2,89.5,72.2,68.4,71.6,120.8,102.1,117.5,76.2
199002,93.0,91.0,101.5,124.0,124.6,123.5,128.0,105.1,87.6,88.6,88.1,,84.0,86.6,74.3,89.8,84.0,89.3,,92.7,94.3,94.1,95.5,102.7,107.0,135.1,45.1,,147.7,105.3,65.8,85.7,132.0,100.0,107.9,96.5,129.8,71.1,64.7,114.7,100.3,131.9,87.0,83.3,100.1,90.0,92.9,,70.9,70.4,71.8,70.5,82.1,88.8,79.9,76.9,79.5,98.7,84.4,83.5,81.1,104.9,83.9,79.4,81.5,73.7,88.1,94.8,87.3,74.6,,97.4,97.8,94.5,57.4,106.6,103.8,84.0,124.3,88.5,77.9,,95.3,95.3,88.6,93.8,102.3,65.4,76.5,71.6,144.2,129.7,95.0,,88.3,59.8,89.5,95.4,81.4,75.7,80.3,87.0,116.3,,,106.6,95.7,143.0,145.1,93.2,114.8,101.7,197.2,,,,81.1,74.4,77.2,73.1,96.9,63.4,64.3,,86.7,84.8,85.8,87.3,80.8,94.1,91.0,74.1,62.8,,77.8,94.1,90.2,89.3,74.6,104.8,66.8,121.5,139.0,70.2,,,,,,,,,102.0,89.8,87.4,,110.8,87.1,102.3,111.1,121.4,81.8,101.3,70.0,93.5,98.2,117.3,88.7,111.5,142.7,109.0,,,96.6,98.2,114.9,92.2,103.1,,,85.1,65.7,88.3,,83.1,78.4,130.6,87.9,102.0,89.5,72.2,68.5,71.6,120.9,102.1,116.9,76.1
199003,93.4,91.3,101.6,124.0,124.6,123.5,128.0,105.0,87.6,88.6,88.1,,84.2,86.6,74.7,89.8,84.0,89.7,,93.0,94.2,94.6,96.7,104.9,107.8,141.1,47.0,116.7,149.3,106.7,71.0,85.2,133.4,98.0,120.4,96.6,130.2,71.4,56.8,114.5,100.5,132.4,86.9,83.9,100.7,89.5,93.5,,70.9,70.4,71.7,70.5,82.1,88.8,79.7,77.2,79.5,99.3,84.6,83.6,81.1,105.8,84.0,79.5,81.7,73.6,88.3,94.8,87.7,74.4,,95.5,98.0,94.5,57.4,106.5,104.4,84.0,122.8,88.4,81.7,,87.2,87.2,87.5,91.8,91.5,55.0,95.3,56.2,135.4,109.7,94.8,,86.6,62.5,93.6,97.2,73.4,75.3,82.8,84.4,112.3,,,108.6,82.7,147.5,142.5,96.1,127.4,94.1,141.9,,,,81.4,74.5,76.8,73.3,97.0,63.4,64.5,,86.8,84.7,85.8,87.5,81.4,95.9,91.3,73.9,64.2,,78.1,94.7,94.9,94.2,73.8,105.5,70.8,121.9,132.7,87.0,,,,,,,,,107.3,92.8,87.4,,111.5,87.8,102.1,110.7,120.6,82.2,101.0,70.0,93.4,98.3,117.3,88.5,111.2,141.1,110.0,,,95.9,97.3,113.7,92.7,101.7,,,85.2,65.7,88.4,,83.1,78.7,129.6,87.7,102.0,89.7,72.2,68.9,71.5,120.9,102.1,116.7,76.2
199004,94.1,91.7,101.6,124.0,124.6,123.5,128.0,105.0,87.6,88.6,87.9,,84.2,86.6,74.9,90.0,83.9,89.7,,93.0,94.0,94.7,97.3,105.9,108.1,134.3,46.5,123.4,146.1,108.0,67.7,85.4,130.5,96.0,127.4,97.1,130.2,71.7,,112.4,100.8,133.0,87.2,84.6,99.2,89.9,94.2,,71.0,70.4,71.6,70.6,82.2,88.8,79.9,76.5,79.7,98.9,84.7,83.9,81.3,108.7,84.0,79.3,81.9,73.6,88.2,94.7,87.6,74.7,,95.5,98.3,94.4,57.5,106.3,105.8,84.0,124.4,88.7,84.0,,85.9,85.9,89.6,95.0,111.1,63.6,127.3,63.1,93.4,159.6,95.1,,85.4,69.7,95.8,120.9,100.6,77.5,81.9,82.6,112.4,,,88.9,78.2,100.8,124.4,111.4,86.4,105.3,132.4,,,,81.7,74.6,77.2,73.3,96.9,63.6,64.7,,87.3,85.2,86.6,87.5,81.9,97.1,91.3,74.2,65.8,,77.8,93.5,93.7,92.9,,108.4,,124.3,131.4,96.8,,,,,,,,,93.4,95.6,85.0,,111.7,88.0,102.6,111.8,122.0,82.5,101.5,70.0,92.9,97.9,117.1,89.3,111.4,140.9,110.3,,,96.9,98.5,115.4,92.7,104.2,,,85.6,65.6,88.7,,83.4,78.7,130.7,88.0,102.3,89.5,72.2,73.7,71.6,121.1,101.8,116.0,76.1
199005,94.6,92.4,101.6,124.0,124.6,123.5,128.0,105.0,87.5,88.6,87.9,,84.2,87.0,74.9,90.1,84.0,89.6,,92.9,94.0,94.6,97.3,105.8,107.5,126.4,47.4,129.2,144.0,106.3,71.5,85.8,129.5,94.4,125.6,96.3,131.4,72.6,,114.4,100.7,132.4,87.2,83.5,100.6,89.9,93.9,,71.0,70.7,71.4,70.7,82.0,89.0,79.9,77.2,78.9,99.2,85.1,84.3,81.5,110.1,84.4,79.9,82.4,73.6,88.3,94.7,87.7,74.9,,95.3,97.9,94.4,57.5,106.3,104.6,83.9,121.7,88.2,84.1,,86.5,86.5,90.8,96.4,111.5,68.5,164.1,78.8,100.5,147.0,94.9,,89.1,80.6,117.5,140.7,121.0,83.7,73.4,88.1,113.0,,,84.3,79.0,91.5,110.2,97.4,72.0,112.5,149.7,,,,82.6,74.8,77.8,73.2,97.1,63.8,64.7,,87.9,85.7,87.4,88.4,83.5,98.0,91.3,74.4,74.5,,77.8,94.0,101.3,100.8,,114.4,,126.2,135.7,97.5,,,,,,,142.3,139.9,84.6,101.4,90.7,,112.2,89.2,102.8,112.7,122.4,84.2,101.7,70.0,92.9,98.2,117.2,89.4,111.5,142.9,110.0,,,96.3,97.8,116.6,92.9,105.3,,,86.0,65.6,88.7,,83.1,78.9,130.8,88.8,102.5,89.3,72.2,78.2,71.6,120.8,101.8,117.7,76.1
199006,94.2,91.2,101.6,124.0,124.6,123.5,128.0,105.0,87.6,88.6,88.0,,84.3,87.0,75.2,90.2,84.1,89.6,,93.4,94.1,95.1,95.6,102.8,107.6,113.8,45.2,111.6,138.8,116.6,69.0,85.0,127.6,93.9,117.2,96.3,129.5,71.9,,115.7,100.7,132.3,86.9,84.8,100.2,89.9,93.7,,71.0,70.9,71.3,70.5,82.0,89.1,79.6,76.8,79.0,98.7,85.8,84.5,81.5,110.1,85.2,80.3,82.3,74.1,91.5,97.3,92.4,76.7,,96.1,98.5,94.5,57.6,106.5,106.1,84.0,123.9,88.4,85.5,,87.8,87.8,79.8,78.5,78.3,66.3,84.5,73.5,51.4,104.0,94.8,,101.4,75.7,145.3,81.0,134.5,79.2,76.3,125.7,114.4,,,56.6,84.0,63.7,94.1,68.0,56.0,103.8,137.1,,,,82.5,75.0,78.0,73.3,97.1,64.5,64.8,,88.2,86.0,87.6,88.8,82.9,98.3,91.3,74.7,70.0,,77.8,93.6,104.1,103.7,,124.7,,134.5,134.1,96.4,,,149.5,,,,109.0,114.5,,112.9,92.1,,112.5,89.5,102.8,112.9,123.4,83.4,101.6,70.0,92.9,98.0,117.3,89.6,111.4,145.0,109.8,,,96.5,98.4,117.3,92.6,104.3,,,86.2,65.6,89.3,,83.2,79.1,131.0,87.9,103.1,89.3,72.1,78.7,71.6,120.8,101.8,117.5,76.1
199007,94.1,91.0,102.0,124.0,124.6,123.5,128.0,105.0,87.6,88.6,88.1,,85.5,87.5,75.2,90.4,87.3,89.7,,93.0,93.9,94.7,95.9,103.0,106.8,117.2,46.9,104.5,157.3,117.5,71.7,85.0,131.2,94.7,108.6,96.8,132.0,72.7,,115.7,101.1,133.0,87.0,87.4,99.6,90.1,94.4,,71.1,70.9,71.6,70.6,82.8,89.1,81.6,77.8,79.0,98.5,86.4,85.0,82.2,111.1,86.1,81.1,82.3,74.2,92.5,98.4,93.6,77.6,,95.3,98.5,94.4,57.6,106.2,106.8,83.9,125.1,88.1,85.9,,84.5,84.5,82.5,82.5,87.9,108.7,115.8,68.9,60.2,120.8,94.3,,118.7,69.5,136.5,102.8,100.5,78.3,74.6,171.7,117.6,,,63.3,77.5,77.9,83.1,66.0,62.0,105.7,144.7,,,,82.9,75.1,78.0,73.2,97.3,64.8,64.7,,89.0,87.0,88.4,89.2,83.2,99.0,91.8,75.4,69.2,,78.2,94.4,88.8,87.9,,,,133.7,132.0,93.9,,,108.1,165.5,,92.0,85.6,85.9,,100.3,92.9,,113.1,90.3,103.6,115.4,126.1,85.0,102.2,70.0,92.8,98.7,117.2,89.7,112.2,146.6,115.1,,,96.5,98.2,118.1,92.4,103.5,,,86.3,65.8,89.2,,83.1,78.8,131.0,88.9,103.6,89.2,72.2,79.4,71.7,120.8,102.1,116.8,75.9
199008,94.4,92.3,102.2,124.0,124.6,123.5,128.0,105.0,87.7,88.6,88.2,,87.0,88.7,75.4,90.9,90.8,90.0,,92.5,93.7,94.0,98.2,106.8,108.3,133.8,53.5,115.1,174.9,109.7,72.7,94.9,136.0,95.4,113.6,99.2,133.1,74.6,,121.5,101.6,133.4,86.7,87.9,102.0,90.6,94.2,,71.9,71.9,72.2,71.4,83.2,89.1,81.7,78.2,80.0,98.6,86.7,85.3,82.2,111.5,86.8,81.8,82.0,74.2,93.0,99.1,94.1,77.7,,97.4,98.7,94.4,57.7,106.4,107.2,83.9,125.4,88.5,86.6,,92.6,92.6,87.1,90.1,105.8,122.9,125.1,80.4,106.4,153.3,94.0,,95.5,69.1,103.1,122.4,87.1,75.9,74.0,137.9,123.3,,,69.7,67.1,94.6,68.6,78.0,61.3,140.6,145.9,,,,83.4,75.3,77.6,73.2,97.3,65.2,65.3,,89.4,87.4,88.8,89.3,83.9,99.1,91.7,75.9,71.5,,79.0,94.9,93.9,93.1,,,,133.0,133.3,94.9,,112.9,81.3,120.8,,94.2,85.9,87.9,,87.7,92.1,,113.0,90.4,105.1,118.4,128.7,88.3,103.4,70.0,93.8,98.3,117.6,89.7,114.1,150.1,118.6,,,102.2,98.8,121.5,93.2,102.9,,,86.5,65.7,89.5,,83.3,79.1,131.2,88.6,103.5,89.5,72.2,79.5,71.7,120.9,102.3,116.7,79.8
199009,95.2,93.3,102.7,124.0,124.6,123.5,128.0,105.0,87.7,88.6,88.3,,89.0,91.7,75.6,90.8,93.1,93.0,,93.0,93.8,94.7,98.7,107.1,108.9,134.7,58.9,100.9,166.3,101.9,81.1,115.1,133.4,94.1,108.9,97.1,134.1,72.0,,120.3,101.8,133.4,86.9,87.9,102.7,91.3,95.2,,73.3,72.9,73.2,73.3,84.4,89.5,82.6,78.5,82.9,99.2,87.2,85.7,82.3,111.6,87.5,82.7,82.7,74.1,93.5,99.6,94.8,78.0,,102.7,98.7,94.5,57.7,106.5,106.9,84.0,124.3,89.0,86.8,,114.8,114.8,90.4,95.0,91.3,126.0,139.0,86.5,108.1,191.1,94.0,,81.4,68.2,98.2,120.4,97.4,74.8,73.0,92.6,125.2,,,75.7,63.4,102.7,84.6,86.0,68.0,119.8,158.3,,,,84.0,75.5,77.0,73.4,97.7,64.9,66.1,,90.3,88.5,89.7,89.6,84.6,99.4,92.2,76.1,73.4,,80.0,94.4,98.7,98.0,,,218.3,136.5,136.3,95.1,,90.8,80.8,95.2,,101.4,,,,91.6,90.5,,113.1,90.7,106.4,120.9,131.7,89.9,104.7,70.0,94.5,98.3,117.8,90.6,117.0,156.1,120.3,,,105.3,97.6,125.4,95.0,104.1,,,87.1,66.7,90.3,,82.9,78.9,131.2,92.3,103.3,90.2,72.2,79.9,71.9,120.8,102.9,116.8,83.9
199010,96.2,95.1,103.3,124.0,124.6,123.5,128.0,105.0,88.7,89.2,90.2,,90.8,94.4,76.6,93.3,93.9,96.1,,94.3,93.8,96.3,98.5,106.3,108.6,136.9,60.9,108.3,164.8,97.7,85.8,104.8,130.8,93.6,107.7,98.5,134.0,73.1,88.8,121.5,101.9,133.3,87.5,87.7,102.4,91.9,94.9,,74.2,74.0,74.5,74.2,84.9,89.6,81.7,78.6,86.3,97.3,87.3,85.7,82.4,112.5,87.2,82.4,83.2,74.5,93.7,99.7,95.3,77.5,,101.1,98.5,94.5,57.7,106.4,106.2,84.4,122.8,88.7,86.8,,108.9,108.9,98.7,108.2,108.0,125.0,116.9,107.0,131.7,169.2,94.0,,79.5,65.8,106.2,113.9,113.9,74.4,71.1,83.8,124.7,,,86.2,66.1,116.7,133.7,108.0,82.2,123.3,181.3,,,,84.5,76.1,77.5,74.0,98.1,65.5,67.3,,90.9,89.3,90.1,90.1,85.0,100.1,91.9,76.0,73.2,,80.9,94.3,113.5,113.4,82.9,,119.7,138.6,139.1,93.7,,90.3,90.2,106.8,110.2,,,,,94.2,90.7,,113.3,91.2,108.0,121.2,132.9,88.5,106.4,70.0,99.3,100.5,117.6,92.3,120.5,158.9,121.2,,,105.7,98.6,127.1,97.9,105.3,,,87.4,67.2,90.7,,83.5,79.2,131.1,94.9,103.6,91.0,72.2,80.2,72.3,120.8,102.9,115.6,85.7
199011,96.0,93.7,104.2,124.0,124.6,123.5,128.0,105.0,90.6,90.2,93.8,,92.1,96.3,77.7,96.5,94.2,97.5,,96.8,94.0,99.4,98.1,105.3,108.0,129.3,59.4,,159.3,98.1,86.4,101.5,127.6,94.1,107.1,99.9,132.8,73.7,79.4,122.5,101.6,131.1,87.6,89.6,101.8,93.9,95.4,,75.0,74.7,74.8,75.0,85.4,89.6,82.0,79.3,87.3,97.4,87.3,85.8,82.5,114.6,86.8,82.3,83.2,74.3,93.9,99.7,95.5,78.1,,102.8,99.0,94.9,57.8,106.9,107.0,85.0,124.3,89.0,86.9,,114.2,114.2,92.3,97.3,104.7,65.6,88.1,80.5,151.8,125.1,94.2,,78.4,65.0,103.6,94.3,125.1,73.5,73.7,77.5,122.4,,,84.6,83.6,123.4,151.9,114.7,84.7,107.0,192.4,,,,85.2,76.3,78.0,73.8,97.9,66.2,68.2,,92.3,90.3,90.7,93.7,85.6,101.3,91.8,76.8,72.5,,81.6,95.5,93.0,92.1,77.0,115.5,76.9,141.5,132.1,87.8,,,,126.5,75.6,,,,,87.1,88.8,,113.5,91.7,109.8,122.3,133.7,90.0,108.3,70.0,101.4,106.1,117.9,94.4,122.0,160.7,120.8,,,106.7,98.0,127.3,98.9,110.4,,,88.0,67.5,91.5,,83.3,79.7,131.0,97.2,105.0,91.9,72.2,80.2,73.7,121.2,102.9,115.3,87.2
199012,95.9,93.1,104.4,124.0,124.6,123.4,128.0,104.8,90.9,90.2,94.4,,92.8,97.3,79.4,97.5,94.5,97.5,,96.2,93.9,98.7,99.0,106.2,108.9,134.1,61.5,,160.7,99.6,90.3,99.3,129.2,95.5,106.2,101.7,133.9,73.6,79.9,122.2,102.3,132.5,88.2,91.4,101.5,95.1,94.9,,75.4,75.4,75.2,75.1,86.3,89.7,83.7,79.4,87.8,98.3,87.4,85.8,83.1,114.7,86.3,81.9,83.4,74.4,94.2,100.0,96.0,78.3,,103.5,99.3,94.8,58.0,106.8,108.2,85.4,127.0,88.2,87.0,,116.1,116.1,86.6,87.5,80.6,57.7,69.4,66.9,115.5,108.9,99.4,,77.0,61.8,103.6,86.4,93.1,74.1,73.7,74.9,108.4,,,89.4,104.2,139.8,134.5,100.6,76.1,120.6,181.5,,,,85.9,76.6,76.3,74.1,98.3,66.7,68.5,,94.0,91.4,92.9,95.8,85.9,103.4,92.3,77.1,69.9,,81.9,95.2,85.2,84.1,73.5,106.9,67.3,136.4,131.3,72.9,,,,,75.6,,,,,82.4,82.3,,114.1,92.1,110.6,122.8,134.6,89.8,109.0,70.0,102.4,108.3,117.9,95.4,123.7,156.5,121.2,,,106.3,98.3,126.8,99.8,112.0,,,88.2,67.7,91.1,,83.5,79.9,130.4,97.1,105.6,93.3,72.1,80.5,74.4,121.2,102.8,115.0,88.0
199101,96.6,95.8,104.5,124.0,124.6,123.4,128.0,104.7,91.1,90.3,94.9,,93.2,98.2,79.9,98.5,94.9,97.5,,96.5,94.0,99.1,101.0,110.1,111.1,148.0,57.2,,166.0,105.6,99.3,101.5,134.2,97.6,112.8,101.0,131.9,76.1,82.1,127.1,102.4,131.9,88.3,92.5,102.9,96.1,95.0,,75.6,75.0,75.6,75.4,85.7,89.9,82.0,79.6,88.1,96.9,87.6,86.0,83.7,114.7,86.4,81.8,83.4,74.7,94.4,100.0,96.2,78.6,,101.0,99.6,95.4,58.0,107.6,107.9,85.7,125.5,88.6,87.7,,104.7,104.7,101.2,110.9,132.4,86.8,100.3,78.4,174.3,140.5,101.8,,86.5,63.3,114.5,108.9,94.3,80.1,77.5,80.9,106.0,,,110.2,139.5,152.1,137.2,122.8,112.7,152.4,238.0,,,,86.6,77.0,76.3,74.8,98.9,66.6,68.8,,94.9,92.3,94.0,96.9,86.6,104.9,92.3,77.1,71.4,,82.3,95.0,101.1,100.4,75.1,109.4,83.4,128.2,143.8,76.1,,,,,,,,,119.0,84.1,76.5,,116.5,94.9,111.1,123.5,135.1,90.6,109.7,70.0,103.3,109.5,118.2,95.0,123.2,162.0,121.1,,,107.0,98.9,127.9,100.3,111.7,,,88.5,67.9,91.7,,83.7,80.6,131.0,97.1,106.3,94.3,72.3,80.8,74.7,120.5,102.6,115.4,88.8
199102,96.3,95.5,104.5,123.8,124.3,123.1,127.7,104.8,91.2,90.3,95.1,,93.7,98.8,80.8,98.5,94.9,97.9,,96.2,94.0,98.6,100.7,109.1,109.0,137.1,51.9,,163.7,106.8,96.2,98.6,132.3,96.6,125.7,101.8,132.5,75.3,74.8,120.6,102.7,132.0,88.1,93.4,103.6,97.0,94.2,,75.8,75.3,75.6,75.6,86.6,89.9,83.3,80.6,88.5,98.9,87.7,86.2,84.0,115.1,86.3,82.1,83.4,74.9,94.6,100.2,96.3,78.6,,103.6,99.8,95.7,58.1,107.9,107.8,86.1,125.1,88.4,87.6,,115.4,115.4,98.8,106.6,181.8,75.3,125.9,69.5,157.3,142.1,105.1,,85.6,64.0,112.2,117.1,92.3,81.4,80.1,74.4,97.6,,,112.2,127.4,115.3,144.0,107.4,138.7,119.5,195.6,,,,87.2,77.1,75.7,75.2,99.0,66.7,69.3,,95.6,93.0,93.9,98.0,87.6,105.4,92.4,78.9,74.4,,82.3,95.2,98.5,97.5,74.4,108.2,86.7,125.3,164.6,107.1,,,,,,,,,99.4,96.4,74.3,,122.1,101.3,111.4,123.7,135.3,90.9,109.9,70.0,103.9,109.8,118.2,95.9,125.0,161.7,121.3,,,107.5,97.4,129.2,100.3,112.1,,,88.8,68.3,91.6,,85.1,81.3,131.1,97.2,106.8,94.2,72.3,80.6,74.8,121.1,102.5,115.9,89.0
199103,96.8,96.1,104.6,123.7,124.2,123.0,127.7,104.7,91.3,90.3,95.4,,94.0,98.7,81.6,98.6,95.2,98.2,,96.2,93.9,98.7,101.1,109.6,109.0,134.9,54.7,116.8,166.0,106.4,96.8,98.2,132.6,96.1,134.4,102.7,133.1,76.0,68.7,122.3,103.2,132.1,89.3,94.0,103.8,97.4,95.3,,76.3,76.0,75.9,76.0,86.8,90.0,83.7,80.9,88.4,101.0,87.7,86.2,84.0,115.4,86.1,82.2,83.4,75.1,94.5,100.2,96.3,78.4,,108.6,100.4,96.2,59.3,108.0,108.6,86.5,126.6,88.5,87.7,,134.8,134.8,99.6,107.1,199.1,62.4,193.0,70.7,142.9,123.7,104.9,,87.7,65.6,114.7,135.4,118.8,83.7,80.6,75.2,92.6,,,110.6,106.2,99.7,132.9,105.7,113.6,106.5,161.7,,,,88.4,77.2,75.2,75.2,99.2,67.3,68.9,,97.1,94.5,94.9,100.3,89.4,105.7,92.5,80.1,82.6,,82.8,95.1,102.2,101.1,76.5,111.3,94.8,128.3,167.1,99.1,,,,,,,,,103.6,109.4,71.9,,128.4,108.3,111.7,124.2,135.7,91.6,110.2,70.0,104.8,109.8,118.0,96.4,124.0,161.9,120.8,,,107.4,98.0,131.2,101.2,111.9,,,89.1,68.6,91.4,,85.7,82.1,131.1,97.6,107.4,94.1,72.2,80.8,75.2,121.3,102.5,115.9,89.2
199104,97.4,96.5,104.7,123.7,124.2,123.0,127.6,104.7,91.5,90.6,95.5,,94.2,98.9,82.4,98.9,95.1,98.6,,96.7,93.8,99.3,102.1,110.8,109.1,138.9,54.1,120.0,161.3,105.1,98.4,98.5,131.2,94.9,145.1,103.3,132.5,75.8,,119.6,103.9,132.5,90.2,94.4,106.1,97.7,94.1,,77.3,77.1,76.7,77.4,87.6,90.4,85.0,81.3,89.2,100.3,87.7,86.2,84.1,115.5,86.1,82.3,83.2,75.1,94.6,100.2,96.3,78.9,,104.1,100.5,96.6,61.4,107.7,107.9,86.7,125.9,88.8,86.6,,115.2,115.2,100.6,108.1,168.4,68.0,209.8,69.5,103.7,152.5,104.5,,87.2,77.9,115.7,159.1,141.7,89.1,81.8,73.6,86.9,,,99.7,102.5,113.5,128.4,98.3,106.0,108.9,135.7,,,,89.8,77.5,75.4,75.8,99.6,67.1,69.3,,97.8,95.2,95.5,101.5,91.9,106.3,92.6,84.7,90.3,,83.0,94.3,104.9,103.8,,118.6,,123.1,180.8,100.4,,,,,,,,,99.9,112.3,68.6,,132.2,112.7,111.6,123.8,135.1,91.6,110.2,70.0,104.6,109.4,118.2,96.2,123.9,161.1,120.8,,,107.0,98.8,130.4,101.3,112.9,,,89.2,68.7,91.9,,86.3,82.5,131.1,97.4,106.9,94.3,72.2,81.1,75.6,121.2,102.5,115.7,89.0
199105,97.8,96.9,104.8,123.7,124.2,123.1,127.7,104.7,91.5,90.5,95.5,,94.6,99.2,83.2,99.3,95.3,98.7,,97.2,93.7,99.9,100.8,107.6,109.7,127.6,52.5,111.3,153.5,108.5,92.8,98.2,125.4,94.2,133.0,102.9,131.9,74.3,,120.8,103.9,131.2,91.1,94.3,105.1,98.1,94.1,,80.3,80.4,80.9,79.7,87.4,90.4,84.6,82.3,88.4,100.7,88.1,86.6,84.2,117.8,86.6,82.7,83.8,75.0,94.7,100.2,96.5,78.8,,102.2,100.9,97.1,61.9,108.1,108.5,86.9,126.4,88.3,87.6,,105.4,105.4,98.6,104.6,124.3,70.7,125.6,75.2,76.9,141.0,105.6,,92.0,130.9,137.0,115.0,161.0,100.8,85.3,75.9,85.1,,,91.9,116.9,86.4,118.4,99.7,95.7,119.3,157.1,,,,90.1,77.8,75.0,75.6,99.7,68.1,69.6,,98.9,96.2,95.7,104.0,91.8,106.8,92.4,85.1,88.0,,83.4,94.4,119.4,118.7,,130.6,,122.0,184.0,109.7,,,,,,,179.6,162.1,92.9,121.2,68.6,,136.0,116.5,111.9,124.4,136.0,91.7,110.5,70.0,104.8,110.9,118.3,96.6,125.0,160.1,121.3,,,107.3,98.2,130.3,100.8,113.4,,,89.4,69.2,92.8,,86.8,82.3,130.7,97.6,106.7,94.4,72.2,80.8,75.7,121.1,102.8,115.9,89.3
199106,97.5,95.8,104.8,123.6,124.1,122.9,127.6,104.7,91.5,90.5,95.8,,94.8,99.4,83.7,99.2,95.5,99.2,,97.9,93.7,100.8,100.4,106.0,108.8,126.2,52.7,99.8,148.3,113.2,88.8,97.8,125.1,98.0,122.6,103.8,131.8,74.3,,121.0,104.0,130.1,91.5,91.0,107.9,98.3,95.3,,83.3,84.0,84.4,82.5,87.5,90.4,84.5,82.0,89.0,100.8,88.3,86.9,84.1,117.5,87.6,83.6,83.7,75.1,94.6,100.3,96.3,78.7,,101.2,100.8,97.4,62.7,108.2,107.1,86.8,123.8,88.9,86.7,,101.8,101.8,90.7,91.3,68.0,79.4,106.7,75.2,66.2,112.9,105.3,,110.3,103.2,150.7,94.3,109.1,107.8,83.8,107.9,86.7,,,75.4,126.5,88.7,112.0,76.8,77.7,117.5,142.3,,,,90.4,78.0,75.3,76.0,99.6,68.3,70.6,,99.3,96.8,95.8,104.7,91.9,106.8,92.8,86.4,85.7,,83.8,93.8,113.0,112.0,,139.9,,128.8,178.0,114.4,,,185.6,,,,121.0,113.6,,116.2,81.6,,138.4,119.0,111.8,124.9,136.6,91.8,110.2,70.0,103.9,111.0,117.9,96.7,124.3,161.9,120.7,,,107.1,98.7,130.3,101.4,111.8,,,89.5,69.4,92.7,,87.1,82.5,131.2,98.0,106.8,94.1,72.2,80.7,76.1,121.2,102.8,115.9,89.3
199107,97.4,95.8,104.8,123.6,124.1,122.9,127.6,104.7,91.5,90.4,96.0,,94.8,99.6,83.8,98.9,95.3,99.3,,97.6,93.7,100.4,100.7,106.0,109.1,130.8,57.1,94.9,164.9,110.8,92.7,97.5,127.6,101.6,110.5,103.5,133.2,75.0,,123.7,104.2,129.6,92.6,90.9,109.1,98.7,95.4,,84.5,84.7,86.1,83.9,88.2,90.5,86.2,83.1,88.5,99.9,88.7,87.4,84.2,117.9,88.7,84.6,83.7,75.2,94.6,100.2,96.3,78.9,,100.5,101.4,97.6,63.8,107.9,109.0,87.1,127.4,89.1,87.5,,96.9,96.9,95.3,98.9,99.8,122.5,145.8,83.5,85.7,140.1,106.2,,158.3,100.7,180.2,134.1,94.0,128.8,79.8,196.1,85.9,,,75.7,108.2,81.3,105.3,80.0,88.4,122.3,146.9,,,,90.6,78.1,75.2,76.2,100.0,68.3,70.4,,99.7,96.8,96.2,105.7,92.2,106.8,93.3,86.3,86.4,,83.9,95.4,98.7,97.0,,,,133.6,165.4,116.5,,,131.7,196.8,,106.1,91.9,93.5,,92.9,85.7,,139.7,120.4,111.7,124.9,136.3,92.2,110.2,70.0,104.9,111.0,117.8,96.3,123.9,164.1,120.4,,,106.4,98.6,130.1,101.6,111.4,,,89.4,69.4,91.9,,87.5,82.5,131.1,97.9,107.8,94.0,72.2,80.7,76.3,121.3,102.8,115.7,89.4
199108,97.6,96.8,104.8,123.6,124.1,122.9,127.6,104.7,91.7,90.6,96.0,,95.0,99.9,84.3,98.9,95.4,99.1,,96.6,93.5,99.2,102.4,109.1,109.5,144.2,59.6,94.3,179.0,107.3,93.8,121.2,133.4,103.0,110.6,102.7,134.3,76.3,,126.4,104.1,128.4,92.8,91.1,109.7,99.3,95.6,,85.1,85.6,86.5,84.5,88.7,90.7,86.7,83.7,89.4,101.2,88.9,87.5,84.1,120.2,89.2,85.0,83.7,75.6,94.5,100.0,96.3,78.8,,100.7,101.3,97.8,64.1,108.1,108.0,87.2,125.6,88.2,87.3,,98.1,98.1,99.5,105.4,96.2,124.4,141.5,94.9,108.2,153.9,106.4,,125.8,106.9,139.7,160.6,86.7,128.8,79.9,166.3,89.3,,,80.6,93.2,111.5,96.5,92.9,85.6,124.8,157.8,,,,91.0,78.3,75.1,76.8,99.8,68.7,71.0,,100.1,97.3,96.6,106.4,92.8,106.8,93.8,86.9,88.7,,84.2,94.5,105.1,103.8,,,,136.3,164.8,118.5,,135.9,92.0,136.1,,100.2,87.1,99.4,,90.4,86.3,,140.7,121.6,111.5,124.1,135.8,90.9,110.0,70.0,104.5,111.3,117.8,96.4,123.1,158.2,121.1,,,107.4,98.6,128.3,101.4,110.6,,,89.4,69.6,92.3,,87.5,81.9,130.4,98.5,106.8,94.1,72.6,81.0,76.3,121.3,102.9,116.1,89.6
199109,97.7,96.0,104.9,123.6,124.1,122.9,127.6,104.7,91.8,90.8,96.2,,95.1,99.9,84.4,99.3,95.3,99.5,,97.9,93.3,101.0,99.8,104.3,110.1,131.5,67.0,89.3,169.4,92.8,94.2,97.1,127.6,100.2,100.7,102.9,133.5,74.4,,126.2,103.4,126.8,92.3,89.4,107.2,99.7,98.0,,85.7,86.1,86.9,85.3,89.0,90.7,87.1,83.9,89.7,101.7,88.9,87.7,84.6,120.9,89.1,84.9,83.7,75.7,94.5,99.9,96.2,78.7,,101.7,101.2,98.2,64.2,108.6,106.7,87.2,122.5,88.6,87.1,,102.5,102.5,96.1,99.9,89.9,123.4,115.1,87.8,93.4,155.3,106.8,,100.8,90.5,105.0,140.4,86.2,127.5,78.5,100.9,85.8,,,74.0,83.3,104.7,99.7,90.7,68.8,117.7,157.6,,,,90.9,78.6,75.5,76.8,100.0,69.5,71.0,,100.4,97.2,96.9,107.2,92.2,106.6,93.7,87.2,84.8,,84.5,94.5,100.2,98.6,,,202.3,140.4,164.2,119.3,,93.5,81.8,94.8,,95.3,,,,90.2,87.3,,141.2,122.3,112.0,125.0,137.0,91.5,110.5,70.0,104.8,111.0,118.0,96.0,124.0,159.5,121.2,,,107.0,98.6,130.0,101.2,114.2,,,89.7,69.5,91.8,,87.7,83.3,131.1,99.0,107.7,94.3,74.1,80.5,76.3,120.6,102.3,116.3,89.4
199110,98.8,98.3,105.1,123.8,124.3,123.1,127.7,104.7,92.2,91.3,96.2,,95.1,99.8,84.8,99.2,95.3,99.3,,97.9,93.4,100.8,100.8,106.0,109.6,136.8,73.8,90.8,172.9,93.4,106.4,85.0,127.8,102.2,97.9,105.3,132.5,75.4,99.1,127.1,103.2,125.4,93.1,90.0,107.6,100.4,96.8,,86.1,86.8,87.5,85.3,88.9,90.8,86.6,83.9,90.0,102.3,88.9,87.7,84.8,121.2,88.7,84.4,83.9,75.7,94.5,99.8,96.4,78.9,,103.1,101.5,98.4,64.5,108.8,106.8,87.3,122.7,88.7,87.2,,107.4,107.4,110.0,122.4,128.9,149.6,135.1,107.7,180.7,171.0,107.7,,97.0,78.6,93.9,125.8,89.0,124.1,77.3,92.4,89.8,,,109.2,82.7,152.6,175.4,105.1,126.3,126.0,191.2,,,,91.4,78.9,75.8,77.8,100.1,69.9,71.4,,100.7,97.5,97.2,108.2,92.8,106.6,95.2,87.5,86.2,,85.2,93.8,113.1,111.9,88.6,,120.0,137.0,166.1,118.3,,83.5,81.5,95.4,108.5,,,,,88.4,87.2,,142.6,123.8,111.9,124.5,136.6,90.8,110.4,70.0,104.8,110.6,117.7,96.7,123.5,161.7,122.0,,,107.2,98.2,127.7,101.4,113.8,,,89.9,69.6,92.6,,88.3,83.6,131.2,97.6,107.6,94.3,75.4,80.5,76.4,121.2,102.3,116.1,89.5
199111,99.0,98.6,105.2,123.9,124.5,123.3,128.0,105.6,92.2,91.2,96.2,,95.2,100.0,84.6,99.9,95.4,99.5,,98.2,93.9,101.1,101.7,106.8,110.2,123.6,69.6,,164.9,93.4,106.2,85.1,126.6,103.1,97.4,105.0,131.1,75.5,93.8,129.5,104.2,127.0,93.7,90.1,109.3,100.4,97.9,,87.7,88.6,89.3,86.6,90.3,90.8,90.1,84.0,89.8,102.4,89.0,87.8,85.2,121.9,88.4,84.1,84.0,75.7,94.5,99.7,96.1,79.0,,104.3,101.9,98.6,65.2,108.7,107.9,87.3,126.4,88.5,85.7,,111.5,111.5,110.9,123.3,149.1,113.3,122.0,102.0,238.4,159.9,108.8,,97.2,76.7,78.7,102.7,96.3,132.6,76.5,85.3,91.8,,,121.5,84.6,167.6,195.0,140.9,136.2,122.1,213.0,,,,92.0,79.7,75.6,78.8,100.0,70.9,74.0,,101.3,98.2,97.7,108.6,93.4,106.7,96.2,88.1,87.0,,86.2,94.3,111.2,109.9,91.5,139.0,92.9,150.5,170.3,112.9,,,,125.2,91.7,,,,,90.3,85.6,,142.9,124.2,111.9,124.8,137.4,90.1,110.3,70.0,104.6,110.9,118.0,96.1,125.0,157.7,121.2,,,107.5,98.7,130.9,101.4,112.1,,,90.0,69.8,92.6,,88.7,83.6,130.6,98.4,107.8,94.8,76.4,80.8,76.3,120.5,102.4,116.1,89.6
199112,98.5,97.0,106.4,126.3,126.7,125.7,130.8,110.3,92.3,91.4,96.1,,95.2,100.0,84.4,99.1,95.4,99.7,,98.6,94.0,101.6,102.4,107.7,110.1,125.3,61.2,,155.1,95.7,96.7,85.4,128.1,104.2,95.9,108.0,132.0,75.6,92.8,129.2,104.1,125.8,94.4,89.7,108.0,101.0,99.4,,88.5,89.2,90.1,87.8,90.4,90.5,89.8,84.9,90.3,102.4,89.0,87.8,85.2,123.2,88.4,84.1,83.9,75.8,94.4,99.7,96.2,78.2,,102.9,102.0,98.8,65.6,108.7,107.9,87.4,125.6,88.2,86.8,,105.1,105.1,95.3,97.6,125.7,68.0,88.3,86.8,105.1,115.3,107.5,,96.7,72.9,70.2,88.3,92.5,138.8,75.9,83.8,87.2,,,98.5,84.1,128.6,156.4,122.7,97.3,105.9,190.0,,,,92.3,80.0,75.0,79.4,100.0,71.1,75.8,,101.5,98.2,98.0,108.7,93.8,107.1,96.8,90.1,84.7,,86.9,94.3,108.2,106.8,95.1,130.2,87.6,139.1,170.5,100.3,,,,,112.7,,,,,86.4,84.7,,143.8,125.2,112.0,124.2,137.0,89.1,110.6,70.0,104.8,111.1,118.3,95.6,124.3,158.2,121.2,,,107.2,97.7,129.6,101.7,115.3,,,90.4,70.0,93.9,,88.8,83.6,131.5,98.6,108.0,95.0,77.2,80.3,76.5,121.4,103.0,116.8,89.7
199201,98.3,97.3,106.8,127.3,127.7,126.9,132.1,111.5,92.3,91.4,96.0,,95.1,99.8,84.6,99.5,95.5,99.1,,98.0,94.0,100.9,104.0,110.2,110.5,133.6,56.8,,160.4,100.4,97.5,86.4,130.4,106.8,104.4,105.2,132.4,76.4,93.7,128.3,105.0,127.0,95.3,88.5,110.3,101.6,99.9,,88.9,89.4,90.2,88.4,90.5,91.0,90.1,85.2,89.6,103.0,89.3,88.0,85.5,123.2,88.5,84.1,84.5,75.8,94.5,99.6,96.3,78.9,,98.1,101.9,98.8,65.8,108.7,107.3,87.8,123.4,88.7,87.2,,85.3,85.3,94.6,96.2,100.8,59.6,73.6,86.9,101.9,108.9,107.5,,113.9,72.6,74.6,72.3,93.8,147.7,76.4,92.7,88.3,,,96.5,89.0,144.5,139.8,119.7,94.9,126.5,208.7,,,,92.8,80.6,75.3,80.3,100.0,71.5,77.3,,101.7,98.8,97.7,109.0,94.2,107.3,97.8,91.6,82.6,,87.2,94.7,115.7,114.5,98.6,137.4,94.8,125.3,169.7,92.9,,,,,,,,,129.4,88.3,86.1,,144.1,125.5,112.2,125.6,137.9,91.2,110.6,70.0,104.9,110.9,118.0,96.0,125.7,161.9,120.0,,,107.2,98.0,130.6,102.0,114.5,,,90.6,70.2,94.3,,89.0,83.8,131.7,98.8,108.2,95.4,77.2,80.4,76.3,120.9,103.0,117.0,89.7
199202,98.2,97.1,107.3,128.0,128.5,127.7,132.8,112.3,92.4,91.7,96.2,,95.3,99.9,84.7,99.6,95.6,99.7,,99.1,94.2,102.2,103.7,109.1,110.3,125.8,52.5,,161.3,103.7,108.4,85.2,128.7,105.9,110.6,105.4,132.4,76.8,83.0,123.6,105.1,126.8,96.3,90.3,107.8,101.8,100.4,,91.2,91.4,92.4,90.9,90.9,91.5,89.7,86.0,90.5,102.8,89.4,88.1,85.5,124.5,88.6,83.9,84.4,76.2,94.5,99.5,96.2,78.9,,97.9,101.8,98.9,66.0,108.8,106.9,88.2,123.1,88.6,86.5,,84.4,84.4,93.1,93.7,95.9,53.6,67.4,83.1,106.2,107.1,108.3,,118.0,72.5,71.2,80.5,86.3,154.5,76.1,86.7,86.3,,,102.8,92.4,123.8,142.9,113.2,123.8,120.4,180.8,,,,93.0,80.9,75.7,80.8,100.0,72.0,78.8,,102.1,99.0,98.0,109.3,94.3,107.8,98.8,92.3,80.9,,88.0,93.6,111.3,110.0,101.7,146.0,92.9,121.5,160.8,89.9,,,,,,,,,107.7,101.8,84.7,,145.1,126.6,112.4,125.2,137.1,91.8,110.9,70.0,105.5,111.3,118.3,97.0,125.3,162.3,121.7,,,107.9,98.0,128.0,101.7,115.0,,,90.9,70.4,94.9,,89.2,84.0,132.0,98.8,108.6,95.7,77.7,80.6,76.2,120.9,103.2,117.3,89.6
199203,98.7,97.3,107.4,128.1,128.6,128.0,133.1,112.7,92.8,91.9,96.6,,95.2,99.8,84.7,99.0,95.4,99.7,,99.1,94.3,102.2,103.0,107.5,110.7,121.7,54.0,122.1,163.0,105.5,106.7,84.7,130.5,105.0,110.1,104.5,129.8,77.5,71.0,121.9,105.0,126.4,96.5,89.1,107.3,101.8,100.1,,93.2,93.7,94.5,92.8,90.7,91.2,89.8,85.6,90.1,102.2,89.5,88.4,85.6,125.7,88.7,84.1,84.2,76.6,94.4,99.7,96.0,78.6,,98.6,102.4,99.2,66.1,109.1,108.2,88.9,125.0,88.6,87.5,,86.1,86.1,92.4,92.4,86.9,46.5,68.3,90.3,82.1,106.2,108.5,,121.5,74.0,68.8,83.0,80.9,158.3,75.3,89.0,84.3,,,118.4,86.4,102.8,139.8,116.0,111.8,112.4,149.5,,,,93.3,81.2,75.7,81.7,99.8,72.1,79.2,,102.3,99.1,98.9,109.3,94.7,107.5,98.9,93.5,80.3,,88.8,94.7,117.6,116.4,110.6,161.4,95.4,123.3,147.0,86.0,,,,,,,,,116.9,101.9,87.8,,145.9,127.5,112.4,125.2,137.4,91.3,110.9,70.0,104.5,111.7,118.2,95.9,125.1,163.6,122.3,,,108.3,98.8,129.8,102.1,113.5,,,91.0,70.6,94.8,,89.5,84.1,131.0,99.9,109.5,96.1,77.5,80.5,76.3,121.3,103.1,117.6,89.7
199204,99.7,98.5,107.5,128.3,128.7,128.0,133.1,115.0,92.9,92.1,96.6,,95.3,99.8,85.2,99.6,95.5,99.7,,100.0,94.5,103.2,104.2,109.0,110.3,125.6,58.1,125.5,156.7,107.4,108.7,84.4,128.3,102.3,126.2,103.7,128.9,77.9,,115.6,105.9,127.6,98.3,89.8,106.8,102.7,100.3,,94.9,95.7,96.5,94.3,90.4,91.4,88.9,85.6,90.1,102.4,89.6,88.5,85.8,124.9,88.8,84.8,84.6,76.0,94.5,99.6,96.2,78.9,,97.3,102.6,99.3,66.6,109.1,108.7,89.9,125.4,88.5,88.0,,79.4,79.4,99.5,103.7,90.1,81.3,94.2,95.1,91.3,175.2,109.1,,125.7,79.3,67.6,111.0,89.9,169.1,72.7,92.3,87.0,,,111.2,81.8,114.0,135.8,113.6,130.9,115.2,128.6,,,,93.6,81.3,75.6,82.1,99.8,72.1,80.1,,102.5,99.3,98.4,110.3,95.2,107.5,99.8,94.5,80.8,,89.5,94.9,119.7,118.6,,179.6,,125.3,136.7,83.6,,,,,,,,,110.1,103.9,90.8,,145.9,127.8,112.3,125.4,137.0,92.3,110.7,70.0,105.0,111.3,118.0,96.7,125.5,160.5,121.0,,,108.0,97.9,131.6,102.0,113.2,,,91.2,70.7,94.8,,89.7,84.5,131.5,100.2,110.0,97.1,78.0,80.3,76.4,121.5,103.2,116.4,89.7
199205,99.8,98.0,107.6,128.3,128.7,128.0,133.1,118.7,93.0,92.2,96.7,,95.4,99.7,85.5,99.4,95.4,99.8,,99.9,94.4,103.1,103.6,107.4,109.7,115.4,54.6,126.4,151.6,109.7,99.8,84.6,125.0,100.4,124.6,104.7,127.9,77.9,,119.0,106.6,128.5,98.8,89.2,108.0,103.1,100.8,,95.1,95.3,96.9,94.8,91.4,91.5,90.9,86.4,90.4,101.9,89.5,88.3,85.5,123.0,88.8,84.8,84.6,76.3,94.3,99.5,96.0,78.2,,96.7,102.2,99.3,66.7,109.0,107.4,90.6,122.8,88.3,87.2,,78.2,78.2,92.8,92.7,72.4,68.2,83.1,94.7,75.7,133.4,109.1,,132.1,84.2,83.1,97.5,86.9,176.0,68.3,93.7,88.7,,,85.7,83.8,80.3,119.2,104.4,84.7,122.1,133.6,,,,93.7,81.5,75.7,82.4,99.9,72.5,80.5,,102.7,99.3,98.9,110.7,95.0,107.5,99.3,94.4,80.1,,89.6,94.4,124.3,123.3,,187.3,,123.9,128.8,88.6,,,,,,,177.4,164.8,99.3,110.1,94.2,,145.8,127.7,112.0,124.7,136.5,91.5,110.5,70.0,104.6,111.1,118.2,95.7,124.2,159.9,121.6,,,108.1,98.7,132.0,102.3,111.6,,,91.0,70.7,94.3,,89.8,84.6,131.2,99.1,110.3,97.6,77.9,80.3,76.5,120.6,103.2,116.1,89.8
199206,99.7,97.3,107.7,128.4,128.7,128.0,133.1,122.8,93.0,92.4,96.7,,95.5,99.7,85.8,99.2,95.6,100.0,,100.5,94.6,103.9,102.1,104.6,109.1,114.7,54.4,114.8,147.0,113.4,92.8,85.4,121.1,102.5,111.8,104.0,127.8,76.6,,118.3,106.6,128.4,99.6,88.0,106.2,103.5,101.2,,95.3,95.1,97.3,94.9,91.2,91.0,90.7,85.7,90.5,102.5,89.4,88.2,85.6,121.8,88.6,84.8,84.8,76.5,94.4,99.3,96.5,78.8,,96.8,102.5,99.2,66.8,108.7,108.8,91.0,125.1,88.9,87.9,,77.7,77.7,92.3,91.7,78.1,81.7,115.6,91.9,97.1,128.3,108.6,,150.9,74.6,116.1,127.4,73.8,168.8,63.8,139.7,91.4,,,73.1,97.5,83.1,111.2,83.4,66.9,113.4,127.4,,,,94.0,81.7,76.0,82.5,99.9,72.9,80.5,,102.9,99.4,99.2,110.7,95.8,107.5,99.7,95.7,82.1,,89.8,94.1,111.8,110.5,,189.1,,130.0,122.9,88.6,,,170.4,,,,115.1,112.3,,107.0,93.2,,145.9,128.0,113.0,125.1,136.5,92.5,111.4,99.8,105.7,111.3,118.4,97.4,125.9,161.3,120.2,,,107.4,97.7,127.9,102.1,113.3,,,91.2,70.7,94.4,,90.1,84.8,131.1,100.1,110.8,97.8,77.9,80.2,76.4,121.4,103.1,116.1,90.0
199207,99.0,96.0,107.9,128.5,128.7,128.0,133.1,127.6,93.1,92.5,96.7,,95.6,99.9,86.1,98.7,95.5,100.1,,101.2,94.7,104.7,101.3,103.1,109.6,117.6,53.9,101.7,158.4,110.8,93.9,85.1,124.1,105.2,99.6,102.3,128.7,77.4,,117.2,106.3,127.7,100.1,88.0,104.9,104.3,101.6,,95.7,95.9,97.6,95.1,91.5,91.5,91.8,85.5,90.0,102.2,89.6,88.5,85.9,123.0,88.9,84.8,84.9,76.6,94.6,99.4,96.5,79.3,,96.1,102.5,99.3,66.9,108.8,108.5,91.2,124.6,88.7,87.6,,74.6,74.6,86.7,82.2,74.3,91.2,101.2,83.0,62.9,125.2,109.1,,157.7,67.1,119.8,98.3,75.6,141.1,57.0,185.7,91.3,,,63.0,86.2,73.1,94.8,67.4,65.1,113.0,130.0,,,,94.4,82.0,76.3,82.7,99.9,73.2,81.2,,103.3,99.8,99.9,111.0,96.1,107.7,99.9,96.0,83.2,,89.9,94.5,96.1,94.1,,,,131.2,116.2,89.5,,,118.8,168.8,,106.1,82.9,100.4,,110.4,92.4,,147.1,129.4,113.0,124.3,136.0,91.3,111.5,99.8,104.5,111.2,118.5,95.1,123.9,162.5,121.8,,,107.5,98.9,129.2,102.0,114.0,,,91.3,70.7,94.5,,90.3,84.8,131.1,99.7,110.9,98.0,77.9,80.6,76.4,121.5,103.2,115.6,90.0
199208,99.3,97.1,107.9,128.6,128.7,128.0,133.1,130.4,93.1,92.4,96.7,,95.4,100.0,86.2,99.5,95.4,99.4,,101.5,94.7,105.0,103.9,107.6,110.0,134.9,60.0,107.2,174.4,112.2,105.8,121.7,131.3,105.7,101.8,103.3,127.4,77.8,,118.2,107.0,127.6,101.2,88.5,106.7,104.0,101.9,,95.8,96.3,97.8,95.0,91.1,91.2,90.7,85.5,90.2,101.7,89.5,88.4,85.5,121.9,89.2,84.9,84.6,76.9,94.5,99.3,96.4,79.1,,96.0,102.6,99.2,66.9,108.7,108.8,95.0,124.6,88.1,87.0,,74.4,74.4,90.8,88.7,77.3,124.3,103.7,85.5,66.4,145.1,109.5,,138.5,64.5,104.7,117.1,108.2,122.0,54.8,178.1,92.2,,,68.1,75.5,94.4,92.9,69.4,62.6,127.8,133.6,,,,94.6,82.1,76.6,82.5,100.0,73.6,81.3,,103.6,99.9,100.0,112.1,96.3,107.5,99.6,96.5,84.0,,90.3,94.9,102.5,100.7,,,,129.8,117.4,89.7,,130.8,94.6,136.2,,101.4,74.0,98.2,,114.4,91.6,,147.4,129.7,112.8,124.2,135.6,91.8,111.4,99.9,104.5,111.6,118.4,97.3,125.4,157.6,121.1,,,107.1,98.8,128.0,102.4,112.9,,,91.3,71.0,94.4,,90.5,84.8,131.6,99.4,111.0,98.3,78.0,80.4,76.3,121.4,103.1,115.9,89.9
199209,99.7,97.4,108.1,128.6,128.7,128.1,133.2,132.1,93.3,92.6,96.9,,95.7,99.9,86.5,99.4,95.5,100.2,,103.0,94.7,107.0,101.2,102.7,110.6,127.3,60.7,98.1,167.4,105.3,98.6,87.5,125.8,104.1,91.8,103.1,127.8,78.5,,118.9,106.9,128.4,101.0,88.5,104.3,103.3,102.8,,95.7,96.0,97.6,95.3,91.9,91.2,92.7,85.4,90.4,102.1,89.5,88.3,85.5,121.0,89.2,84.9,84.4,76.9,94.5,99.2,96.4,79.1,,97.0,102.4,99.4,67.0,109.0,107.6,95.1,121.3,88.6,87.5,,78.9,78.9,94.6,94.9,92.6,127.9,126.8,91.4,72.9,174.8,109.4,,117.9,67.2,91.6,131.5,109.7,107.6,55.7,115.8,95.3,,,69.9,83.9,92.4,86.3,85.3,58.2,124.1,131.9,,,,94.8,82.4,76.3,82.9,100.5,73.4,81.6,,103.7,99.9,99.9,112.3,96.6,107.6,100.0,96.6,85.1,,90.4,95.0,103.8,102.1,,,205.2,131.8,121.1,92.7,,98.6,77.7,99.4,,96.3,,,,111.7,91.6,,147.5,129.8,112.7,124.3,136.2,90.8,111.3,99.9,104.5,110.9,118.4,95.7,125.0,160.4,122.0,,,108.4,98.5,130.6,102.4,110.9,,,91.3,71.4,94.6,,90.5,85.0,130.2,99.1,111.2,98.7,78.2,80.4,76.4,120.7,102.8,115.9,90.1
199210,99.8,97.1,108.4,129.5,129.5,129.0,133.9,135.5,93.3,92.6,97.0,,95.7,100.5,86.3,99.3,95.5,99.8,,102.7,94.6,106.5,101.6,103.7,111.3,125.3,63.9,96.7,164.0,101.3,104.0,81.0,125.5,102.0,87.3,103.7,128.9,78.5,98.5,119.0,106.3,126.8,101.1,88.5,102.3,103.6,103.9,,95.5,95.3,97.5,95.0,91.0,91.0,89.9,86.0,90.6,102.9,89.6,88.5,85.8,121.4,88.9,84.8,85.0,77.1,94.3,99.3,96.1,78.9,,99.7,102.3,99.1,67.0,108.6,108.1,95.1,123.3,88.6,86.5,,90.8,90.8,90.4,88.0,70.3,85.6,103.3,76.3,56.7,135.6,109.9,,99.6,66.5,88.0,89.5,117.6,96.6,56.9,93.3,96.9,,,65.9,73.0,78.9,96.4,88.6,55.2,114.6,167.7,,,,94.9,82.5,78.3,83.6,100.2,73.5,81.7,,103.9,100.1,100.2,112.8,96.5,107.3,101.0,96.6,84.2,,89.9,95.3,107.0,105.5,90.5,,106.1,136.4,123.7,102.5,,81.5,71.1,86.8,99.6,,,,,111.6,90.7,,147.1,129.7,112.7,124.5,136.3,91.3,111.2,99.9,104.3,110.6,118.3,96.6,125.1,156.5,121.1,,,108.0,98.3,132.4,102.5,111.1,,,91.4,71.4,94.7,,90.8,84.9,131.1,99.9,110.8,98.8,77.9,80.0,76.4,121.4,102.8,115.5,90.1
199211,99.6,96.1,109.0,130.5,130.6,129.8,135.0,137.8,93.5,92.8,97.1,,95.6,100.0,86.4,99.2,95.4,99.9,,103.9,94.6,108.0,101.8,103.8,111.4,119.9,63.1,,153.8,99.2,103.8,82.5,123.9,102.3,82.9,103.3,129.5,78.7,88.5,118.5,107.0,126.8,101.6,89.2,102.7,103.6,107.6,,95.5,95.4,97.4,95.3,91.2,91.6,90.6,86.6,90.0,103.1,89.4,88.3,85.8,120.9,88.7,84.2,84.8,77.1,94.2,99.1,96.1,78.7,,99.3,102.8,99.5,67.0,109.1,108.9,95.1,123.9,88.6,88.0,,87.6,87.6,84.1,77.4,54.9,61.8,63.4,59.3,55.3,90.8,109.1,,93.6,66.4,85.5,69.6,90.9,84.7,57.9,87.7,100.7,,,65.4,73.2,87.2,123.1,88.9,56.0,115.2,179.1,,,,95.0,83.1,81.1,83.4,100.6,73.6,82.7,,104.1,100.3,100.6,112.5,96.3,106.8,102.2,97.4,80.5,,89.9,95.0,96.5,94.4,80.0,115.5,80.2,143.1,122.3,94.2,,,,95.6,78.3,,,,,91.5,87.7,,147.3,129.6,112.3,123.6,135.6,90.0,111.0,99.9,104.0,110.5,117.9,96.0,124.5,159.8,122.6,,,107.9,98.7,132.2,102.5,108.6,,,91.5,71.8,94.8,,91.4,85.2,130.6,99.4,110.4,98.8,78.2,80.0,76.2,120.6,103.2,115.4,90.2
199212,99.6,95.9,109.1,130.9,130.8,130.2,135.3,138.3,93.4,92.7,97.0,,95.6,100.1,86.7,99.4,95.6,99.3,,104.2,94.5,108.5,102.8,105.5,112.0,119.3,61.0,,150.9,102.0,96.0,81.5,125.4,103.8,82.6,104.4,129.3,78.0,89.8,118.5,107.4,127.2,102.3,90.8,101.4,103.6,109.2,,95.5,95.3,98.1,94.9,91.4,92.0,90.3,87.1,90.3,103.4,89.4,88.2,85.5,120.8,88.5,84.2,84.9,77.1,94.2,99.3,95.8,78.8,,99.3,102.6,99.5,67.1,109.1,108.1,95.1,122.8,88.4,87.4,,88.2,88.2,83.4,76.3,52.4,59.8,52.9,53.5,70.9,77.7,109.1,,93.1,64.7,91.4,61.2,77.5,79.9,58.6,88.9,102.0,,,83.4,81.3,109.2,129.0,84.3,56.8,116.6,182.7,,,,95.2,83.9,88.9,83.6,100.6,73.7,83.3,,103.9,100.1,100.4,112.7,96.1,106.8,103.6,98.3,76.9,,90.0,94.4,89.2,87.0,76.9,104.9,72.4,137.5,121.9,83.9,,,,,69.3,,,,,79.3,88.0,,147.9,130.2,112.0,123.2,134.8,90.3,110.7,99.9,104.5,110.4,117.8,95.8,124.8,159.6,121.3,,,106.5,97.8,127.7,102.2,110.3,,,91.7,71.8,95.4,,91.4,85.2,130.6,99.4,110.8,99.0,78.5,80.5,76.4,121.7,103.2,115.4,90.1
199301,99.5,97.3,109.1,131.0,130.9,130.2,135.5,139.2,93.3,92.6,96.9,,95.7,100.3,86.4,99.6,95.6,99.5,,102.8,94.5,106.8,104.5,108.6,112.7,130.2,55.6,,157.9,107.0,103.5,83.7,128.3,104.8,94.2,102.1,130.6,78.7,94.0,119.9,107.9,127.2,102.9,91.6,102.8,103.6,111.7,,95.8,94.9,98.4,95.8,90.9,92.0,89.7,86.9,90.1,103.7,89.5,88.5,86.0,119.9,88.8,84.1,85.2,77.0,94.2,99.7,95.4,78.2,,97.3,102.7,99.3,67.1,108.7,109.1,95.1,124.8,87.9,87.8,,79.0,79.0,91.2,89.0,69.4,70.1,72.9,61.0,117.2,88.1,109.5,,98.4,64.3,106.0,78.8,74.5,79.0,59.3,100.0,106.1,,,122.0,95.5,147.5,128.9,88.5,71.7,120.9,222.7,,,,95.3,84.3,94.1,84.1,100.6,74.0,83.1,,104.1,100.0,100.5,113.3,95.9,107.3,103.8,97.6,76.3,,90.1,93.7,97.0,95.1,80.3,108.2,76.9,133.8,121.5,79.2,,,,,,,,,112.5,80.0,85.2,,147.7,129.9,112.7,122.9,135.2,88.8,111.5,99.9,103.4,110.5,117.6,96.8,125.0,155.5,122.5,,,108.0,98.6,132.0,102.3,114.6,,,91.8,72.6,95.9,,91.5,85.3,130.6,99.4,110.4,99.3,78.2,80.4,76.4,121.7,103.2,115.0,90.2
199302,99.6,97.8,109.2,131.1,131.1,130.3,135.7,139.4,93.4,92.5,97.4,,95.6,100.1,86.7,99.2,95.5,99.2,,103.7,94.5,107.9,104.4,108.5,111.8,128.9,54.5,,161.6,108.7,112.6,82.9,127.0,104.9,104.4,101.8,129.1,79.9,85.6,116.2,107.9,126.6,103.2,91.8,103.2,104.0,112.2,,96.0,95.3,98.1,95.8,90.2,92.0,87.7,86.8,89.8,104.2,89.4,88.3,86.3,119.8,88.7,84.3,84.9,77.1,93.9,99.2,95.5,78.3,,99.3,102.6,99.2,67.1,108.7,109.0,95.1,125.0,88.5,86.8,,88.2,88.2,93.7,92.8,78.7,65.5,91.2,58.4,157.1,107.8,113.4,,98.5,64.2,114.2,91.8,70.6,79.2,59.5,96.4,110.3,,,115.3,104.5,139.3,148.8,91.0,109.2,121.3,183.1,,,,95.6,84.6,97.4,83.6,100.8,74.2,83.4,,104.2,100.1,100.9,113.0,96.3,107.2,103.6,97.8,78.3,,90.1,94.1,97.6,95.6,75.2,109.7,76.8,128.4,121.3,79.1,,,,,,,,,109.5,88.3,82.0,,147.3,129.5,112.7,124.3,135.8,91.4,111.2,99.9,104.6,111.2,117.5,95.7,124.8,159.8,121.8,,,107.4,98.2,127.9,102.0,112.7,,,92.0,72.6,96.4,,91.5,85.5,131.1,100.3,110.4,99.3,78.5,80.2,76.7,120.8,103.1,114.5,90.1
199303,99.9,97.9,109.2,131.0,130.8,130.1,135.4,140.0,93.5,92.6,97.4,,95.7,100.4,86.8,99.2,95.4,99.4,,104.7,94.6,109.1,103.9,107.3,111.7,127.7,57.1,120.0,162.6,105.3,109.6,83.3,126.4,104.2,109.6,101.6,127.0,78.7,74.6,111.0,108.0,127.3,103.8,92.3,100.9,103.6,112.2,,95.7,94.8,98.1,95.5,91.0,91.7,89.5,86.7,90.6,103.8,89.2,88.2,85.8,121.1,88.7,84.0,85.0,76.8,93.2,99.4,93.1,78.5,,98.3,102.7,99.0,67.1,108.4,109.5,95.0,125.4,88.7,88.0,,83.3,83.3,93.8,92.9,98.5,57.1,129.4,57.0,139.0,114.2,110.6,,97.3,62.8,118.7,114.6,69.9,77.7,60.2,96.0,106.8,,,109.8,89.5,108.3,133.8,105.1,83.8,114.2,150.5,,,,95.8,84.9,98.6,83.3,100.8,74.2,83.6,,103.9,99.9,100.4,113.1,96.8,107.1,104.0,98.4,81.0,,89.9,94.5,101.8,100.1,74.9,115.5,78.7,124.0,111.6,75.0,,,,,,,,,117.0,90.2,80.7,,146.4,128.7,112.0,123.3,135.7,89.2,110.6,99.9,104.0,110.6,117.3,95.5,124.0,157.4,121.6,,,107.8,98.4,130.8,101.8,108.6,,,92.0,72.5,96.4,,91.7,85.5,130.7,100.6,110.7,99.3,77.9,80.2,76.7,121.4,103.1,114.6,90.1
199304,100.6,98.0,109.2,130.6,130.6,129.7,135.0,140.5,93.7,92.8,97.4,,95.6,100.4,86.8,99.4,95.3,99.4,,106.8,94.7,111.7,104.1,107.9,112.7,125.5,55.9,120.4,152.5,106.1,106.9,84.7,123.4,103.2,122.8,102.1,127.7,79.8,,107.4,107.6,127.0,103.6,94.5,98.6,104.0,111.7,,95.8,95.3,98.1,95.5,90.9,91.8,89.2,86.9,90.2,103.8,89.0,88.1,85.8,120.2,88.8,83.5,84.9,76.9,93.0,99.2,92.7,78.8,,96.6,102.4,99.1,67.2,108.4,108.6,95.0,124.1,88.5,86.7,,77.3,77.3,95.2,94.8,123.3,63.4,174.1,58.5,99.6,146.1,110.7,,100.3,66.8,127.4,136.2,85.3,79.2,66.4,96.3,109.2,,,101.6,85.2,87.6,111.1,100.1,64.9,122.7,131.2,,,,96.4,85.2,101.5,84.5,100.6,74.0,83.9,,104.1,99.9,100.9,113.4,97.9,107.5,104.2,98.2,86.5,,90.2,94.5,98.1,96.2,,120.0,,117.2,107.0,73.3,,,,,,,,,100.9,87.9,78.6,,145.0,127.3,112.7,124.0,135.6,91.1,111.3,99.9,104.6,110.5,117.3,95.8,125.0,158.6,121.9,,,107.7,98.1,131.8,102.4,112.4,,,92.2,72.6,96.8,,91.7,86.3,130.4,99.9,109.1,99.7,78.5,80.1,76.8,121.1,103.0,114.6,90.1
199305,100.7,97.8,109.2,130.6,130.5,129.6,134.9,140.5,93.6,92.7,97.5,,95.6,100.6,86.9,99.1,95.4,98.9,,107.4,94.9,112.5,102.9,105.3,112.0,121.5,57.5,101.6,144.9,110.0,99.0,85.2,120.1,103.4,121.0,101.3,127.1,78.6,,106.6,108.0,127.0,103.7,92.7,102.7,103.8,112.4,,95.6,95.0,97.9,95.4,91.7,91.8,91.0,86.9,90.6,104.3,88.9,87.9,85.9,116.4,88.4,83.7,84.6,76.7,93.0,99.0,92.8,79.0,,98.2,102.0,99.0,67.3,108.3,107.3,94.9,120.3,88.3,88.0,,85.1,85.1,94.0,93.1,122.0,58.0,108.3,69.3,87.2,129.5,109.9,,104.2,89.3,157.0,102.0,87.6,85.2,79.0,98.7,120.7,,,89.2,89.3,85.9,110.4,87.9,58.8,117.0,142.3,,,,96.2,85.1,101.2,83.8,100.6,74.2,83.8,,104.2,99.9,101.1,113.5,97.6,107.8,103.9,98.1,85.4,,89.9,94.7,100.3,98.5,,123.7,,121.3,106.1,73.5,,,,,,,130.9,126.5,97.1,81.9,77.6,,144.8,127.2,112.1,123.4,135.6,89.6,110.8,99.9,103.9,111.0,117.2,95.6,124.8,155.2,122.3,,,107.3,98.6,131.4,102.2,108.9,,,92.2,72.6,97.3,,91.8,86.7,130.0,99.5,109.4,99.3,78.1,80.3,76.5,120.6,102.6,113.9,90.1
199306,100.6,97.3,109.0,130.1,130.1,129.0,134.4,140.3,93.6,92.6,97.6,,95.6,100.5,86.7,98.8,95.4,99.1,,107.8,94.9,112.9,101.1,102.5,111.8,115.5,56.7,97.3,144.7,106.5,91.1,85.0,117.4,106.0,107.6,101.0,125.3,77.6,,107.1,107.3,125.1,103.5,91.1,102.9,103.6,112.0,,95.7,95.5,97.5,95.5,90.9,91.8,89.3,87.3,90.3,103.7,88.7,87.8,85.8,114.0,88.6,83.6,84.7,76.7,92.8,98.8,92.4,79.0,,97.3,102.3,99.4,67.3,108.8,107.2,94.8,121.0,88.0,87.0,,80.4,80.4,93.1,91.5,127.8,81.1,113.7,82.2,84.2,117.3,109.3,,116.8,83.7,181.1,106.3,84.5,87.8,72.6,143.8,127.2,,,76.5,107.8,81.3,103.3,75.0,60.8,120.4,133.0,,,,96.2,85.2,103.6,84.2,100.5,74.6,84.0,,104.2,99.9,100.5,114.4,97.3,107.5,103.5,97.7,83.9,,90.0,94.8,96.4,94.6,,124.1,,114.9,102.5,79.3,,,168.7,,,,103.2,103.5,,84.6,81.8,,143.1,125.8,112.4,124.3,135.8,91.3,111.0,99.9,105.2,110.2,117.3,95.9,125.1,159.9,120.3,,,105.9,98.5,127.8,102.0,113.3,,,92.2,72.8,96.8,,91.8,86.7,130.8,99.8,109.4,99.3,78.5,80.1,76.9,121.5,102.8,114.0,90.1
199307,100.9,98.7,108.8,129.6,129.5,128.2,133.7,140.3,93.6,92.6,97.8,,95.8,101.1,86.8,99.1,95.6,99.2,,107.4,94.7,112.4,100.3,100.9,111.7,115.6,56.7,83.5,157.3,103.1,91.6,86.1,118.2,108.8,97.2,100.4,126.1,77.1,,108.0,107.3,124.7,103.9,89.7,102.9,104.1,112.1,,95.7,95.0,98.1,95.5,91.3,92.3,90.2,86.4,90.4,104.8,88.7,87.7,85.8,114.4,88.4,83.7,84.3,76.3,92.8,98.8,92.6,79.2,,96.9,102.6,99.3,67.4,108.6,108.8,94.7,124.0,88.3,87.6,,77.9,77.9,106.4,113.2,182.9,120.1,137.8,113.4,105.1,132.0,111.3,,160.8,84.8,149.7,149.9,120.7,96.9,78.4,231.9,125.9,,,86.6,91.3,110.5,128.0,87.2,107.2,119.2,154.8,,,,96.7,85.4,102.6,83.6,100.4,74.6,84.5,,104.3,99.8,100.9,114.7,98.3,107.5,104.0,97.7,90.3,,90.3,94.6,96.0,94.2,,,,126.2,102.5,99.4,,,123.6,169.2,,107.7,87.1,101.9,,87.0,83.8,,143.0,125.4,112.1,122.0,133.8,88.8,111.0,99.9,104.5,110.3,117.3,95.1,124.0,162.3,122.3,,,106.7,98.0,127.9,101.7,112.7,,,92.2,73.9,96.3,,92.1,86.6,130.8,99.6,108.8,99.5,78.1,79.8,76.9,121.3,102.6,112.9,98.5
199308,101.1,100.0,108.8,129.5,129.5,128.1,133.7,140.3,93.8,92.8,97.9,,95.9,101.3,87.0,98.8,95.6,99.3,,108.6,94.5,113.9,102.1,104.5,112.2,125.6,59.4,87.9,172.6,100.7,96.8,128.8,121.7,108.8,95.1,99.9,126.3,78.9,,109.7,106.7,122.8,103.0,91.0,103.3,103.8,113.3,,95.8,95.4,97.6,95.6,90.9,92.5,89.7,87.3,89.2,104.4,88.5,87.5,85.7,112.5,88.3,84.1,84.1,76.1,92.7,98.8,92.2,79.0,,95.6,101.9,99.2,67.4,108.5,106.5,94.9,119.8,88.4,86.5,,74.8,74.8,115.3,127.5,229.1,127.5,168.1,125.6,137.4,140.6,110.2,,166.3,91.2,154.4,157.8,142.1,106.3,95.2,223.8,130.2,,,79.9,99.5,117.6,135.7,98.1,116.0,125.8,156.5,,,,97.2,86.1,103.1,84.9,101.1,75.6,84.7,,104.6,100.2,101.2,115.2,98.6,107.3,104.4,98.0,91.5,,90.2,94.5,98.3,96.5,,,,121.5,105.2,108.3,,124.7,89.1,132.8,,92.7,76.3,101.6,,84.6,83.4,,142.6,125.3,112.2,122.2,133.7,89.9,111.1,99.9,104.4,110.8,117.1,95.2,124.8,160.1,122.0,,,106.7,98.4,128.6,101.6,113.0,,,92.2,73.9,96.3,,92.3,86.4,130.7,99.6,109.0,99.4,78.2,79.4,76.9,121.4,102.3,113.2,98.3
199309,101.2,99.4,108.9,129.9,129.7,128.3,134.0,140.9,93.8,92.7,97.8,,95.8,101.2,87.1,98.9,95.3,99.2,,108.5,94.7,113.8,99.2,99.6,111.8,119.7,56.0,83.7,161.1,93.7,93.0,88.9,118.4,108.9,85.8,99.0,124.9,78.4,,107.8,106.1,121.9,103.0,90.2,102.4,103.6,112.8,,95.7,95.3,97.6,95.5,90.0,92.3,86.9,87.1,90.1,104.6,88.5,87.5,86.1,110.1,88.4,83.9,84.1,76.1,92.6,98.8,92.1,79.1,,96.2,102.1,99.3,67.4,108.6,107.0,94.9,120.2,87.9,87.5,,76.4,76.4,114.6,126.1,170.1,130.9,166.9,122.7,169.7,144.7,110.7,,132.5,82.7,122.8,146.6,91.6,122.0,108.9,150.3,133.6,,,83.2,95.3,133.9,136.2,105.7,111.9,114.5,162.4,,,,97.4,86.0,105.8,86.0,100.6,74.8,84.3,,104.6,100.1,100.6,115.7,99.5,107.0,105.3,98.6,94.9,,90.6,95.1,91.5,89.6,,,199.4,125.5,104.9,110.4,,82.9,75.9,87.9,,82.8,,,,79.7,85.5,,141.9,124.6,111.8,121.9,133.2,89.8,110.6,99.9,104.5,110.0,117.1,96.5,125.4,160.8,120.0,,,105.8,98.4,127.8,101.8,111.4,,,92.1,74.4,96.3,,92.6,85.8,131.0,99.7,108.2,98.9,78.1,79.8,76.8,121.2,102.3,112.8,98.7
199310,101.1,98.5,110.9,134.1,133.9,133.6,138.9,147.4,93.6,92.6,97.7,,96.0,101.8,87.1,98.6,95.5,99.1,,108.4,94.5,113.8,100.9,102.8,112.2,126.0,56.4,89.1,160.5,93.1,94.3,83.1,120.3,110.2,92.2,97.7,126.1,77.5,95.9,107.2,105.5,120.2,102.5,93.1,100.8,103.7,114.7,,95.5,95.0,97.8,95.4,90.4,92.8,88.2,86.9,89.6,104.4,88.2,87.2,86.0,108.8,87.8,83.6,83.9,76.4,92.4,98.6,91.9,78.4,,97.7,101.6,99.0,67.4,108.2,105.8,94.8,118.6,88.1,86.0,,84.4,84.4,101.4,104.3,111.0,85.5,117.4,94.3,118.9,139.3,111.3,,112.4,74.0,97.7,98.0,80.0,120.9,87.9,124.2,137.6,,,85.6,81.1,99.7,132.0,97.5,114.1,110.1,172.9,,,,97.7,86.7,108.6,86.5,101.1,76.0,84.6,,104.9,100.3,100.8,116.3,99.2,106.8,106.1,98.1,92.7,,90.3,97.4,97.9,96.2,85.1,,95.4,121.9,109.0,108.7,,74.3,71.7,74.5,101.2,,,,,85.4,84.8,,142.2,124.4,112.0,122.0,133.7,89.4,110.8,99.9,105.2,110.1,117.1,95.7,126.8,159.9,120.4,,,106.9,98.6,126.3,102.3,111.6,,,92.2,74.7,96.6,,92.5,86.0,131.3,99.8,107.7,99.1,77.9,79.8,77.0,121.2,102.7,113.2,98.7
199311,100.6,97.1,114.8,141.7,141.4,140.2,144.9,161.1,93.9,93.0,98.1,,96.0,101.9,86.7,99.1,95.3,99.4,,114.8,94.4,122.0,101.3,103.5,111.4,118.9,58.2,,155.3,90.6,96.6,80.9,117.9,108.8,94.3,96.7,124.9,77.9,88.3,106.6,105.3,119.5,102.7,96.0,96.5,104.3,116.9,,95.3,94.0,97.6,95.4,91.5,93.0,90.9,86.5,89.9,105.0,88.2,87.3,86.0,108.0,87.6,83.7,84.1,76.0,92.3,98.5,91.8,78.6,,97.0,102.0,98.9,67.5,108.1,107.7,94.8,122.8,88.0,86.5,,80.2,80.2,88.2,82.6,63.8,51.2,61.1,83.0,60.6,97.2,111.1,,107.5,67.9,86.8,60.4,74.1,106.4,75.6,114.6,140.1,,,72.1,73.8,87.8,143.4,95.9,113.1,104.0,175.1,,,,97.6,87.6,123.7,85.2,101.1,75.6,84.2,,105.1,100.3,100.9,117.1,98.4,107.0,106.6,98.2,86.7,,90.5,98.7,90.1,88.1,76.5,111.9,68.8,124.9,109.6,98.7,,,,85.3,85.7,,,,,79.5,83.4,,142.0,124.2,111.7,121.5,133.1,88.9,110.6,99.9,104.2,109.6,116.7,95.4,125.7,157.9,119.7,,,108.2,98.4,131.8,101.9,109.7,,,92.3,74.9,97.1,,92.5,86.4,130.8,98.5,107.3,99.9,77.9,79.5,76.7,121.2,102.7,112.8,98.7
199312,100.7,97.6,115.3,142.5,142.2,140.9,145.8,167.2,93.7,93.0,97.4,,95.8,101.9,86.7,99.1,94.9,99.2,,117.4,94.2,125.1,101.8,104.5,112.8,121.5,56.2,,146.3,93.4,91.5,80.7,119.1,109.6,91.5,95.4,123.6,77.6,88.9,108.5,105.3,118.3,102.8,100.0,98.5,103.6,116.3,,95.2,94.0,96.9,95.5,90.9,93.2,89.9,86.3,88.7,104.2,88.1,87.1,86.2,108.9,87.3,83.2,84.1,75.9,92.4,98.4,92.1,78.9,,96.8,101.7,98.9,67.5,108.1,106.4,94.9,120.4,87.6,85.8,,80.4,80.4,94.5,92.8,63.7,71.5,52.2,95.9,107.3,115.1,111.6,,105.4,66.0,86.0,66.1,65.2,106.2,72.5,118.5,138.4,,,92.1,78.2,135.2,163.4,109.9,124.2,118.2,196.8,,,,97.8,88.6,133.6,85.3,101.0,76.0,84.2,,105.4,100.9,101.2,117.0,98.0,106.9,106.4,99.0,82.5,,90.6,99.4,83.4,81.3,73.6,103.5,63.4,126.6,109.3,84.8,,,,,96.6,,,,,75.2,80.6,,141.3,124.2,111.3,120.3,131.5,88.3,110.2,99.9,104.4,109.1,116.4,95.4,125.0,155.8,119.6,,,106.8,97.8,130.9,102.1,109.3,,,92.7,75.3,98.3,,92.8,86.3,131.2,99.3,106.9,100.6,78.1,79.7,76.9,120.8,102.6,114.0,98.8
199401,100.8,99.4,115.3,142.8,142.4,141.2,146.0,167.5,93.7,92.8,97.4,,95.7,101.6,86.6,98.6,95.0,99.2,,117.2,94.3,124.9,103.7,108.1,114.0,128.2,55.0,,151.2,96.3,93.6,81.1,122.5,112.2,106.8,96.6,123.7,78.5,89.6,111.0,104.8,117.4,102.8,100.5,97.1,103.9,117.6,,95.2,94.1,97.1,95.4,91.3,93.0,90.2,87.0,89.7,103.7,88.1,87.0,86.4,107.4,87.4,83.5,83.9,75.8,92.5,98.3,91.9,79.8,,95.0,102.3,98.8,67.5,107.9,108.7,94.9,124.5,87.4,87.0,,71.1,71.1,104.2,108.5,107.1,88.3,68.5,128.9,164.8,126.5,112.2,,113.9,66.8,91.4,88.3,69.8,107.5,73.9,139.8,139.6,,,107.1,92.1,135.4,152.2,116.5,113.0,113.9,235.1,,,,98.1,89.2,142.1,85.5,101.2,75.6,83.5,,105.3,100.7,101.1,117.4,98.3,106.8,106.9,99.3,83.1,,91.0,100.2,93.3,91.5,86.0,108.2,69.1,126.2,112.5,81.7,,,,,,,,,116.7,74.6,78.9,,141.3,124.5,111.4,119.6,131.2,87.0,110.4,99.9,104.1,109.2,116.5,96.4,124.2,155.3,119.6,,,106.8,97.7,132.5,103.3,109.8,,,92.7,75.5,98.5,,92.9,86.8,129.8,99.1,106.6,100.6,77.9,79.6,76.9,120.8,102.5,113.3,98.7
199402,100.8,99.8,115.4,143.3,142.9,141.9,146.3,167.8,93.7,92.8,97.4,,95.6,100.9,86.7,98.3,95.0,99.5,,114.5,94.3,121.5,103.6,108.0,112.8,125.9,54.6,,148.4,96.3,94.5,80.7,122.4,110.8,120.3,96.0,124.9,79.2,82.2,109.1,105.1,116.6,102.6,101.0,100.6,103.6,119.0,,95.0,93.9,96.8,95.3,91.3,93.0,90.2,86.9,89.6,104.1,87.9,86.8,86.3,106.0,87.2,83.1,83.9,75.8,92.6,98.4,92.1,80.1,,97.9,102.1,98.9,67.6,108.1,107.7,95.0,122.5,87.9,86.5,,83.9,83.9,105.4,110.3,121.6,82.2,92.0,155.7,160.4,123.1,112.1,,113.9,67.6,90.6,102.3,68.5,108.4,75.1,135.7,139.1,,,108.8,90.1,124.9,165.2,104.1,128.1,112.7,186.3,,,,98.5,90.0,151.6,85.9,101.3,76.1,84.5,,105.1,100.3,100.8,117.4,98.7,106.8,108.1,99.5,84.3,,91.1,100.6,97.7,96.0,84.5,110.6,74.1,120.6,111.5,78.5,,,,,,,,,117.0,78.2,75.9,,138.8,121.7,112.1,120.8,131.5,89.9,111.1,99.9,105.1,109.9,116.3,96.2,124.4,157.4,120.1,,,106.5,97.6,131.9,103.6,113.7,,,92.8,75.7,98.5,,93.1,86.6,131.2,99.0,106.8,100.5,78.3,79.4,76.9,121.2,102.5,114.1,98.7
199403,101.2,100.5,120.2,153.4,153.3,160.6,160.9,169.6,93.6,92.8,97.3,,95.8,101.3,87.3,99.4,94.9,99.1,,117.2,94.3,124.9,103.0,107.3,112.9,121.4,55.6,121.9,153.2,95.7,91.5,81.2,122.4,109.7,128.0,95.1,122.1,78.7,76.9,106.1,104.3,115.2,101.9,100.6,97.9,103.3,121.2,,95.2,93.9,96.6,95.7,90.5,93.1,88.9,87.8,88.6,103.5,87.8,86.8,86.4,104.4,87.0,82.8,83.8,76.1,92.5,98.1,92.0,80.1,,98.9,102.2,98.8,67.6,107.9,108.3,94.9,123.1,87.6,87.5,,87.6,87.6,104.8,109.1,121.6,60.4,111.2,190.3,133.2,92.3,111.4,,117.4,68.9,94.7,107.2,74.1,109.4,82.2,140.2,139.2,,,100.8,79.0,107.5,134.6,106.4,109.2,105.6,157.8,,,,98.8,90.5,154.8,86.1,101.3,76.4,84.5,,105.2,100.4,100.6,118.2,99.2,106.7,108.5,99.9,86.0,,91.8,100.1,104.0,102.7,87.1,116.3,81.7,115.9,107.3,75.0,,,,,,,,,125.2,87.4,75.6,,135.6,118.6,111.5,120.9,132.2,89.0,110.4,99.9,104.5,108.9,116.4,96.5,124.5,157.7,119.4,,,108.0,96.9,130.9,103.4,109.3,,,92.8,76.2,98.8,,93.3,86.7,129.9,99.0,106.9,100.2,77.7,79.2,76.8,121.2,102.6,113.2,98.7
199404,101.4,99.3,122.2,157.7,157.6,177.5,,171.2,93.8,92.9,97.5,,95.7,100.6,87.1,98.5,95.2,99.6,,117.3,94.0,125.1,102.6,106.5,112.1,117.6,55.2,124.1,149.3,96.6,85.7,81.3,121.3,107.5,129.8,95.9,124.1,77.9,,103.7,104.2,115.3,101.8,100.3,98.4,102.7,119.4,,95.2,93.7,96.3,96.0,90.8,92.9,89.5,87.6,88.5,103.7,87.6,86.6,85.9,103.6,86.9,82.9,83.8,76.4,92.2,97.6,92.4,78.6,,98.1,101.9,98.9,67.8,108.0,107.1,94.9,120.9,88.4,86.7,,84.8,84.8,96.0,94.4,96.3,49.8,102.6,141.5,71.4,98.7,110.2,,121.3,74.8,93.2,102.3,94.3,107.5,86.2,127.0,137.3,,,93.8,71.9,77.8,116.2,102.7,75.2,99.0,129.9,,,,99.0,90.5,157.5,85.6,101.4,76.1,84.6,,105.4,100.5,100.6,118.6,99.4,106.7,109.0,99.7,87.2,,91.8,100.6,96.7,95.2,,117.4,,112.2,103.8,72.7,,,,,,,,,99.9,81.9,77.4,,133.8,116.9,111.9,121.2,132.3,89.5,110.8,99.9,105.3,109.8,116.0,95.8,124.3,159.9,119.2,,,106.0,96.8,129.6,103.7,113.8,,,92.5,76.2,98.6,,93.2,85.5,131.1,97.7,104.5,100.5,78.3,79.5,76.7,121.3,102.6,113.1,98.7
199405,101.5,98.9,122.5,158.5,158.5,185.2,,171.2,93.6,92.6,97.8,,95.7,101.2,87.3,99.3,94.9,99.0,,117.4,93.6,125.3,101.4,104.6,110.7,114.6,57.0,113.1,144.7,100.7,83.8,79.7,119.1,106.5,125.1,96.2,124.9,77.7,,105.1,103.9,114.6,101.0,98.8,100.9,102.6,118.3,,95.0,93.7,96.6,95.5,90.2,93.1,88.7,86.6,88.2,103.3,87.6,86.6,85.9,104.5,86.8,83.2,83.5,76.1,91.9,97.4,91.8,78.9,,96.4,101.9,98.8,67.8,107.8,107.5,95.0,122.0,87.2,87.0,,78.2,78.2,91.7,87.6,76.4,62.9,91.2,104.3,63.6,109.0,111.2,,126.8,80.6,109.4,88.7,96.0,111.4,71.7,125.7,142.6,,,81.5,71.2,72.3,104.2,90.3,63.3,115.6,127.8,,,,99.0,90.7,157.9,85.2,101.2,76.1,84.7,,105.4,100.5,100.4,119.0,99.2,106.1,108.8,99.6,86.9,,91.4,100.8,100.5,99.2,,118.4,,105.8,105.3,71.8,,,,,,,142.2,128.5,99.0,81.1,81.5,,131.5,114.6,111.1,119.3,130.8,87.2,110.1,99.9,105.1,108.1,114.5,95.5,124.3,155.5,119.2,,,107.9,96.8,130.7,103.9,109.8,,,92.4,76.3,98.6,,93.2,85.7,130.2,98.3,105.2,99.9,78.0,79.3,77.0,120.6,102.5,112.4,98.7
199406,101.1,97.8,121.3,155.9,155.7,180.2,,171.0,93.7,92.6,98.0,,95.7,100.9,87.0,99.0,95.0,99.1,,117.7,92.9,125.9,98.7,99.8,110.3,103.7,53.6,96.7,140.6,100.5,82.3,80.1,117.9,107.9,106.5,94.9,122.8,77.1,,104.5,102.9,113.3,99.9,97.0,98.5,103.7,118.4,,95.1,93.3,96.3,96.1,90.4,93.1,88.8,85.7,89.0,103.8,87.6,86.7,85.9,103.7,86.9,83.7,83.4,76.0,91.9,97.3,92.0,78.8,,95.7,101.7,98.7,67.8,107.7,106.9,95.0,120.7,87.2,86.8,,75.8,75.8,89.4,83.7,69.5,79.4,103.0,91.1,61.1,99.4,110.9,,138.3,78.0,147.8,87.8,102.9,105.9,77.8,195.0,148.7,,,68.5,79.1,63.8,96.8,69.9,58.7,104.7,123.5,,,,98.8,90.3,157.4,84.1,100.8,75.5,84.7,,105.3,100.5,100.7,118.3,99.2,106.3,108.8,99.6,87.0,,91.3,101.3,89.1,87.5,,118.0,,104.1,102.6,74.7,,,134.7,,,,93.1,95.2,,81.4,84.9,,131.3,114.6,111.1,120.1,131.5,87.8,110.1,99.9,104.9,109.3,113.6,96.3,123.5,156.7,118.9,,,107.7,97.0,130.1,103.3,109.1,,,92.4,76.7,98.7,,93.1,85.5,130.4,98.3,105.2,100.0,78.0,78.9,76.6,121.4,102.3,112.4,98.8
199407,100.7,97.2,119.9,152.8,152.6,170.1,,169.9,93.8,92.8,97.8,,95.8,100.9,87.0,99.4,94.9,100.0,,116.3,92.9,124.2,97.2,97.4,110.8,106.0,52.5,85.7,147.8,97.1,83.8,86.8,117.4,107.2,87.6,95.2,126.0,76.7,,104.6,101.9,112.1,99.0,95.2,97.5,103.3,116.6,,94.8,92.9,96.3,95.6,90.4,93.0,89.7,86.0,88.4,102.3,87.5,86.4,85.9,101.9,86.6,83.6,83.3,76.0,92.0,97.3,92.0,79.0,,95.0,101.8,98.5,67.9,107.4,107.9,95.0,123.3,86.8,86.5,,72.3,72.3,87.7,80.8,76.1,98.8,95.1,81.1,64.2,103.7,111.0,,144.3,74.3,110.6,88.9,101.8,97.3,82.9,189.0,148.2,,,65.0,73.9,66.4,69.5,63.4,57.0,114.4,121.8,,,,99.1,90.5,157.8,83.6,100.9,75.6,84.7,,105.4,100.5,101.1,118.0,99.5,106.9,109.4,99.6,87.5,,90.8,101.0,90.0,88.4,,,,104.8,97.6,88.3,,,115.8,152.3,,108.6,87.6,86.4,,77.0,84.4,,128.9,112.7,110.7,118.7,129.9,87.3,109.7,99.9,104.4,108.7,113.2,95.4,123.1,154.7,117.8,,,106.8,97.7,130.7,102.9,109.5,,,92.6,76.9,99.1,,93.1,85.8,129.8,98.8,105.7,99.9,78.0,79.5,76.4,121.3,102.0,112.4,98.7
199408,101.1,99.1,118.5,149.7,149.5,157.5,163.7,167.7,93.8,92.8,98.0,,95.9,101.1,87.2,99.2,95.1,99.7,,117.4,93.0,125.4,99.6,101.7,112.0,115.2,55.3,96.2,157.4,95.0,85.9,135.5,120.7,106.1,88.2,95.2,124.1,77.4,,106.9,102.4,112.6,98.9,96.2,99.3,103.0,118.0,,94.8,93.2,95.5,95.8,90.8,93.0,90.6,86.0,88.4,102.3,87.5,86.5,85.8,100.2,86.9,84.0,83.3,76.0,91.8,97.3,91.9,79.2,,95.1,101.2,98.3,67.9,107.0,106.1,95.0,118.9,87.7,86.7,,74.8,74.8,96.2,94.9,93.3,136.2,122.8,98.6,99.0,112.1,111.1,,123.0,70.7,108.6,121.6,107.1,92.9,87.2,139.1,152.3,,,85.4,71.0,86.2,71.0,81.3,74.9,127.9,119.7,,,,99.1,90.3,156.8,84.4,100.9,75.5,84.4,,105.5,100.7,101.0,118.8,99.5,106.6,109.4,99.6,88.7,,90.6,100.4,104.3,103.3,,,,105.5,99.9,112.3,,112.5,96.0,126.3,,105.2,119.4,95.6,,70.5,85.6,,128.6,112.6,111.3,119.3,129.9,88.7,110.4,99.9,105.1,109.0,112.8,96.4,123.1,157.9,119.3,,,104.5,97.0,131.2,105.2,112.9,,,92.6,77.6,98.9,,93.1,85.6,130.4,98.6,105.5,99.7,77.9,79.4,76.9,121.8,102.1,111.9,98.7
199409,101.4,98.7,113.1,138.3,138.1,141.2,146.0,159.1,93.5,92.5,97.9,,95.4,100.5,87.2,98.4,95.2,98.1,,117.2,92.9,125.2,97.9,98.8,111.5,113.2,59.6,100.4,152.7,89.9,84.6,84.8,119.9,105.0,91.3,93.9,124.0,78.1,,106.0,102.4,112.8,98.5,96.6,98.2,103.5,119.0,,94.4,92.2,96.0,95.5,90.4,92.9,89.6,86.4,88.0,102.8,87.7,86.8,85.9,102.0,87.5,84.5,83.4,76.4,91.7,97.2,91.3,79.2,,97.8,101.3,98.4,67.9,107.2,106.1,95.0,118.8,87.9,86.8,,86.0,86.0,101.0,102.6,98.7,132.8,136.2,110.9,102.4,130.5,111.1,,99.6,71.9,114.8,123.6,105.9,90.2,88.7,89.9,161.2,,,90.3,64.6,86.7,73.9,114.5,68.6,116.7,147.9,,,,99.2,90.4,155.3,84.0,101.1,75.3,84.3,,105.6,100.6,101.0,119.2,99.7,106.3,108.9,99.0,91.4,,90.9,99.9,103.9,102.9,,,214.2,107.6,103.7,119.7,,92.9,103.0,108.8,,108.3,,,,76.9,85.4,,128.1,112.2,111.0,119.0,129.8,88.0,110.1,99.9,105.1,108.3,111.9,96.3,124.8,159.9,119.3,,,105.6,97.6,128.6,104.3,111.4,,,92.2,77.6,98.0,,93.2,85.5,130.0,98.3,105.6,99.9,77.9,78.2,76.8,121.5,101.8,110.6,98.7
199410,101.9,99.9,109.9,131.6,131.4,134.9,140.6,148.3,93.5,92.5,97.8,,95.4,100.3,87.3,97.7,95.0,98.4,,115.4,92.8,123.0,98.5,100.1,111.1,110.6,59.6,99.5,153.2,89.1,87.0,80.8,118.4,104.0,86.9,95.8,125.0,78.5,100.0,106.3,101.9,111.4,98.4,94.9,96.8,104.1,121.0,,94.1,91.8,95.6,95.1,90.5,94.2,89.8,86.0,87.9,102.9,87.6,86.8,85.7,102.0,87.5,84.5,83.2,76.4,91.6,96.8,91.5,78.9,,98.4,101.1,98.3,67.9,107.0,105.8,95.0,118.1,87.1,86.9,,89.0,89.0,107.0,112.6,136.8,117.7,127.0,107.7,132.8,121.9,111.4,,89.8,70.9,116.5,137.0,116.1,87.8,95.2,80.7,167.8,,,83.0,66.5,103.1,106.2,112.6,72.9,113.9,178.2,,,,99.1,90.3,154.3,84.0,101.0,75.2,84.1,,105.4,100.4,100.5,119.5,99.5,105.8,108.3,99.1,91.5,,90.9,98.5,111.6,110.9,94.4,,112.9,110.8,102.2,114.4,,89.8,104.3,115.2,102.1,,,,,75.6,85.4,,127.1,111.4,110.7,118.2,128.9,87.4,109.9,99.9,105.5,109.0,111.7,96.4,122.7,151.0,118.7,,,105.0,97.6,131.6,103.6,110.6,,,92.2,77.6,98.7,,93.0,85.5,130.8,98.4,105.2,100.0,78.0,77.9,76.8,120.9,101.5,109.1,98.7
199411,101.6,99.0,109.2,130.3,130.2,132.9,137.4,138.0,93.7,92.6,98.1,,95.1,99.4,87.0,98.7,94.9,98.3,,114.1,92.9,121.3,99.1,101.5,110.7,108.4,60.9,,150.6,85.7,81.7,82.3,116.3,103.1,91.3,94.6,125.7,78.5,93.6,106.5,101.3,111.7,97.7,95.7,94.7,103.6,119.7,,93.9,91.7,95.4,94.9,90.3,94.2,89.5,85.9,87.8,102.0,87.6,86.6,85.5,104.9,87.0,83.9,82.7,76.4,91.8,97.5,91.4,79.0,,97.7,101.5,98.4,67.9,107.2,106.8,95.0,120.5,86.8,86.8,,84.8,84.8,102.1,104.7,138.9,67.2,120.0,88.2,132.8,106.4,112.2,,83.3,68.2,102.8,112.9,122.3,81.8,96.5,73.0,161.5,,,78.6,66.1,125.1,122.6,122.4,71.3,107.8,188.1,,,,99.0,90.0,145.3,83.3,101.1,75.1,84.2,,105.4,100.4,100.4,119.9,99.7,106.0,108.4,98.8,93.2,,91.1,96.8,104.1,103.2,89.1,124.4,91.3,117.0,104.1,98.1,,,,142.0,85.0,,,,,70.0,84.1,,126.3,111.0,110.0,116.8,127.7,85.6,109.2,99.9,104.1,108.7,111.7,96.8,122.8,145.4,119.0,,,105.9,97.5,126.0,104.0,110.3,,,92.2,77.6,98.5,,93.0,85.5,130.0,98.0,104.8,99.6,78.2,79.1,76.6,119.4,101.1,108.0,98.7
199412,101.3,98.2,108.3,128.6,129.1,131.1,134.8,112.6,93.5,92.3,98.1,,94.9,99.5,87.3,96.3,94.9,97.9,,110.7,92.5,117.2,100.8,104.1,111.6,111.2,59.8,,148.4,90.3,77.0,81.8,121.8,103.8,96.7,95.2,125.7,78.5,92.2,109.0,102.0,113.0,98.4,97.0,94.5,103.8,119.2,,94.0,91.8,95.0,95.2,90.6,94.1,90.6,85.9,87.5,101.6,87.4,86.4,85.4,100.2,86.9,84.0,83.1,76.5,91.8,97.5,91.3,79.1,,98.5,101.0,98.1,68.0,106.8,106.0,94.9,119.4,85.6,86.3,,89.8,89.8,95.0,93.0,113.4,59.5,98.7,75.4,90.2,106.7,110.7,,81.3,66.8,92.0,97.4,108.2,78.2,96.2,67.8,129.2,,,83.8,69.0,123.4,129.4,106.3,65.5,107.1,192.2,,,,98.8,89.7,128.8,84.2,101.3,75.5,84.6,,105.4,100.2,100.3,120.2,99.5,105.5,108.3,99.6,91.8,,91.0,96.1,102.4,101.4,85.6,110.9,90.7,114.8,110.5,83.8,,,,,81.3,,,,,65.4,80.1,,125.4,109.6,110.0,116.8,127.4,86.4,109.3,99.9,104.7,109.0,111.0,96.2,122.9,143.6,116.6,,,105.8,97.5,129.6,103.7,111.1,,,92.4,77.6,99.5,,93.1,85.8,130.2,98.1,104.4,99.6,78.0,78.9,76.9,120.6,101.3,107.6,98.7
199501,101.3,99.6,108.4,129.1,129.6,130.0,133.7,109.1,93.5,92.2,98.4,,94.9,99.8,87.5,96.8,94.9,97.6,,110.5,92.3,116.9,101.7,105.1,112.7,125.5,64.5,,154.6,95.4,88.2,80.9,125.3,102.0,106.6,95.3,125.2,79.1,92.0,110.0,102.6,113.0,98.4,97.2,99.3,104.5,120.0,,94.1,91.5,95.5,95.3,92.2,94.0,93.9,87.7,87.7,101.4,87.6,86.5,85.2,100.9,87.4,84.0,83.6,76.2,92.2,98.1,91.8,78.9,,96.9,101.3,98.3,68.0,106.8,106.0,94.8,118.0,86.8,87.5,93.5,82.4,82.4,102.3,104.6,124.8,70.9,119.0,80.9,119.5,113.4,111.2,,87.7,69.2,101.9,109.9,114.6,79.7,102.9,71.9,116.5,,,100.6,87.6,135.3,126.3,106.7,82.6,115.7,205.1,169.0,,,98.9,89.3,116.5,83.6,101.6,75.8,83.2,,105.4,100.4,99.9,120.1,100.1,105.5,108.2,100.0,93.5,98.9,90.9,95.0,111.8,111.1,86.4,112.2,110.7,117.2,110.2,80.4,,,,,,,,,134.5,67.4,77.3,,128.8,108.6,109.3,116.2,127.1,85.1,108.5,99.9,103.2,108.4,110.9,95.7,121.6,140.6,118.3,,,105.7,97.6,124.1,103.5,109.6,,,92.4,77.9,98.8,,93.9,85.7,129.1,99.5,104.6,99.7,77.9,78.9,77.1,120.2,100.6,106.5,98.6
199502,101.0,99.1,108.2,128.4,129.1,129.1,132.9,106.6,93.5,92.2,98.3,,94.9,99.7,87.3,97.1,94.8,97.5,,111.6,91.9,118.5,100.2,102.6,112.0,112.5,59.9,,145.4,94.8,91.1,81.4,123.4,98.8,107.0,95.6,125.2,78.6,83.6,107.9,102.7,113.1,98.8,97.5,98.6,104.8,120.8,,93.8,91.2,94.8,95.1,91.9,93.7,92.8,87.3,88.5,101.3,87.4,86.3,84.9,101.3,87.1,83.6,83.0,76.4,92.0,97.8,91.8,78.5,,97.4,101.1,98.1,68.0,106.6,105.9,94.8,118.0,87.1,85.9,94.1,85.1,85.1,99.5,100.2,124.3,63.1,120.7,73.4,120.5,99.9,111.2,,83.4,71.2,108.2,108.4,113.2,80.3,109.6,65.1,107.3,,,103.4,92.6,112.6,132.8,106.6,103.7,111.1,175.2,144.8,,,98.8,89.0,111.3,83.1,101.5,75.4,82.7,,105.4,100.6,100.0,119.7,99.9,104.8,108.0,99.9,94.5,98.2,91.3,94.4,111.6,110.8,87.3,112.7,117.5,116.3,109.0,78.8,,,,,,,,,126.2,72.6,74.7,,129.0,111.1,110.2,117.3,128.0,86.7,109.4,99.9,105.0,109.2,110.1,96.3,123.9,139.8,118.0,,,105.9,97.6,125.5,103.3,112.8,,,92.0,75.3,98.9,,90.4,85.8,130.6,98.6,100.5,99.8,78.2,79.2,77.1,119.7,100.8,105.5,98.5
199503,100.9,98.2,108.2,128.2,128.9,128.9,132.5,105.5,93.5,92.2,98.2,,95.1,99.9,87.6,96.7,95.0,97.8,,111.4,92.1,118.2,100.4,103.2,111.8,106.0,61.7,123.3,147.9,92.1,90.8,81.6,120.4,94.3,119.1,93.8,123.6,78.0,76.1,106.3,102.0,112.6,97.9,97.4,96.1,105.8,119.0,,93.7,91.0,95.2,95.0,91.5,93.8,92.1,88.2,88.1,99.7,87.0,85.9,84.6,99.3,87.2,83.3,82.9,76.6,91.8,97.6,91.7,78.7,,97.1,101.1,97.9,68.0,106.4,106.3,95.4,118.7,87.0,87.1,92.9,84.0,84.0,94.1,92.0,106.9,45.6,122.9,66.9,95.0,85.5,111.5,,83.2,73.6,111.5,111.6,118.8,80.4,106.9,62.2,100.8,,,102.6,78.6,102.1,115.6,105.1,75.7,100.4,139.6,122.8,,,98.6,88.9,109.8,83.2,101.4,75.6,82.7,,105.4,100.7,100.0,119.3,99.6,104.8,107.9,99.2,94.3,97.8,90.9,93.9,105.4,104.5,86.5,112.6,117.4,107.4,105.2,77.0,,,,,,,,,113.8,77.9,72.1,,128.9,113.5,110.5,117.1,127.5,87.1,109.7,99.9,104.9,108.5,110.3,96.4,124.2,144.2,118.1,,,105.6,97.5,128.5,103.3,113.7,,,91.9,75.3,98.3,,92.3,86.0,129.1,98.8,101.8,100.2,77.9,78.9,76.9,120.0,100.2,103.8,98.4
199504,101.2,97.9,108.1,127.9,128.7,128.6,132.4,104.7,93.6,92.4,98.2,,94.8,98.7,87.5,96.4,94.9,97.7,,112.5,91.3,119.9,100.6,103.8,111.5,106.8,60.1,115.4,149.1,92.7,94.9,81.6,119.4,90.7,123.0,94.0,122.8,77.8,,106.2,101.6,113.1,97.2,96.7,94.4,105.4,118.7,,94.3,91.5,95.6,95.6,90.9,93.6,90.5,87.5,88.0,100.5,87.1,85.9,84.6,99.2,86.9,83.5,82.4,76.7,92.2,98.1,92.2,78.3,,96.9,101.1,98.0,68.1,106.6,106.0,95.7,118.1,86.8,86.3,93.2,82.8,82.8,94.9,93.1,105.4,54.5,127.8,59.9,77.6,120.0,111.8,,81.5,79.6,109.5,112.8,133.2,82.0,104.2,62.4,98.2,,,101.0,72.3,103.8,108.3,101.7,66.7,97.2,127.7,108.8,,,98.6,88.9,108.2,83.4,101.5,75.8,82.5,,105.7,100.7,100.4,119.9,99.4,104.8,107.3,99.0,96.1,96.4,91.0,92.0,98.1,96.8,,113.0,,99.9,100.8,76.3,,,,,,,,,97.6,77.0,69.4,,128.0,113.9,110.2,117.0,126.7,88.2,109.4,99.9,104.7,108.6,110.3,95.1,124.6,139.9,116.5,,,104.6,97.4,129.1,104.2,113.8,,,92.2,78.1,98.5,,94.5,86.2,130.0,97.3,103.5,100.0,77.6,78.9,77.0,120.3,99.7,103.6,98.4
199505,101.4,98.3,108.1,127.9,128.6,128.5,132.1,104.1,93.6,92.3,98.4,,94.9,99.0,87.2,97.8,94.8,98.2,,112.6,91.6,119.9,99.2,101.5,111.3,101.0,61.8,105.4,140.9,90.3,86.0,80.8,114.5,89.2,117.7,95.5,124.2,77.8,,101.9,101.7,112.3,97.2,96.3,97.8,106.2,118.2,,93.8,90.6,95.5,95.2,90.7,93.8,90.1,87.5,88.2,100.5,87.1,85.9,84.7,99.4,86.9,83.5,82.4,76.5,92.1,98.0,92.4,77.8,,96.6,101.1,98.1,68.1,106.6,106.0,95.9,118.4,86.9,85.9,93.0,81.4,81.4,98.6,98.9,122.0,74.8,124.1,68.9,88.8,111.1,112.1,,85.2,103.0,127.8,112.7,139.7,85.6,94.6,64.5,98.5,,,95.2,78.6,94.1,115.0,91.0,68.4,114.6,135.9,132.1,,,98.8,88.9,106.5,83.0,101.6,75.6,83.5,,105.5,100.6,100.1,119.9,99.9,104.6,106.8,99.7,96.3,98.4,91.2,93.0,106.5,105.6,,118.1,,97.4,97.9,75.6,,,,,,,143.0,127.6,102.8,83.2,69.4,,128.8,113.8,109.3,116.0,125.8,86.8,108.5,99.9,103.8,107.8,110.1,95.5,123.6,138.9,116.7,,,105.5,97.7,125.3,102.9,110.8,,,92.2,79.7,98.3,,93.2,86.3,129.1,98.1,102.2,99.1,78.1,78.7,76.9,120.2,99.9,104.2,98.4
199506,101.3,98.1,108.0,127.7,128.5,128.4,132.4,104.2,93.6,92.3,98.4,,95.0,98.9,87.6,97.0,94.9,98.6,,112.2,91.3,119.5,99.0,101.1,109.9,101.6,61.3,97.6,140.1,96.8,82.6,81.7,113.2,89.3,114.6,95.3,124.7,77.7,,102.1,101.7,112.5,98.1,96.0,96.3,106.6,117.4,,93.7,90.5,95.3,95.3,91.0,93.3,91.1,87.8,87.9,100.8,87.4,86.3,84.6,101.5,87.0,83.7,82.5,76.4,91.9,97.6,92.3,77.7,,95.5,100.6,97.8,68.1,106.3,105.2,96.0,116.8,87.3,87.0,90.7,78.3,78.3,95.3,93.7,102.0,86.2,123.9,70.7,92.8,98.8,111.2,,104.2,95.0,141.7,109.2,111.9,93.9,84.3,102.2,96.5,,,76.7,109.8,85.5,106.1,85.3,64.8,104.7,128.5,109.1,,,98.5,88.9,103.7,83.2,101.5,75.6,83.8,,105.1,100.1,99.9,119.1,99.7,104.3,106.7,100.2,96.8,97.4,91.0,92.3,112.3,111.6,,138.2,,105.4,97.3,81.5,,,163.5,,,,111.8,118.4,,85.0,75.6,,127.3,114.8,110.0,116.4,126.0,88.1,109.2,99.9,104.2,109.1,109.6,96.1,123.5,138.8,117.7,,,106.7,97.5,127.1,103.8,111.5,,,92.2,79.9,98.7,,92.9,86.4,129.1,97.5,102.3,99.0,78.1,78.9,76.9,120.2,99.9,103.8,98.3
199507,100.8,97.1,107.9,127.8,128.5,128.2,132.4,104.0,93.5,92.2,98.2,,94.8,98.6,87.6,98.0,94.7,97.7,,111.7,91.3,118.8,97.6,99.1,109.2,111.6,61.7,89.8,148.2,93.6,87.3,81.3,114.5,91.5,94.1,94.4,124.3,78.1,,102.0,101.1,111.3,97.5,95.8,95.0,106.6,116.0,,93.7,90.8,95.3,95.0,90.5,93.5,89.5,87.9,88.4,100.4,87.4,86.4,85.0,102.2,87.4,84.0,81.8,76.1,91.8,97.7,92.0,77.5,,95.2,100.7,97.9,68.1,106.4,105.3,97.1,116.8,87.3,86.6,90.9,76.8,76.8,92.3,89.0,94.1,101.6,114.0,79.7,95.3,95.9,111.2,,137.1,81.4,139.1,102.3,91.9,91.0,82.5,163.6,97.0,,,64.9,100.4,85.2,98.4,70.2,62.1,107.1,131.0,108.4,,,98.7,88.9,104.2,83.0,101.1,76.0,83.7,,105.2,100.3,100.1,119.3,100.0,104.3,106.8,100.6,97.4,97.6,91.2,93.9,100.4,99.3,,,,114.0,97.2,89.9,,,118.7,164.3,,112.5,93.1,96.1,,80.4,78.8,,126.5,114.3,108.5,115.7,125.2,87.7,107.8,99.9,104.0,107.2,109.9,95.0,122.4,136.9,112.5,,,105.9,97.1,122.8,103.4,110.6,,,92.5,80.9,99.0,,93.4,87.0,129.9,98.5,102.8,98.9,78.3,78.9,76.5,120.3,99.7,103.1,98.4
199508,100.9,97.8,108.1,128.2,128.9,128.9,132.4,104.2,93.4,92.2,98.1,,94.8,98.5,87.6,96.5,94.9,97.7,,112.3,90.8,119.7,99.0,101.8,110.0,119.7,66.5,89.3,155.7,90.1,83.0,129.8,116.5,94.7,92.6,94.9,122.3,80.1,,101.5,100.7,110.5,96.4,95.7,96.5,106.2,116.7,,93.5,90.7,95.6,94.5,89.3,93.5,86.8,87.7,87.5,101.4,87.2,86.2,84.6,101.2,87.3,83.8,81.7,76.4,91.8,97.4,92.1,77.6,,95.0,100.5,97.8,68.2,106.2,105.2,97.2,116.5,86.8,87.0,90.9,76.4,76.4,95.3,93.7,104.8,119.5,137.5,83.8,102.7,96.6,110.9,,126.0,77.9,124.0,109.7,88.2,91.6,82.6,146.4,97.6,,,71.2,95.7,75.8,83.2,86.8,66.5,116.1,124.6,107.3,,,98.5,88.8,101.9,83.0,101.2,75.9,83.4,,105.1,100.1,100.1,119.1,99.7,104.0,107.1,100.8,97.0,97.2,90.8,92.3,106.2,105.4,,,,112.3,102.2,95.7,,138.5,95.6,134.2,,105.6,98.4,96.5,,74.3,78.9,,126.1,114.3,108.7,115.4,124.7,87.4,107.9,99.9,103.6,107.3,109.6,95.4,122.5,134.9,111.5,,,103.9,96.8,125.9,103.9,112.6,,,92.4,81.2,99.6,,93.4,86.3,130.0,98.2,101.5,98.5,78.0,78.6,77.0,121.1,99.7,102.4,98.3
199509,101.5,98.2,107.7,127.3,128.0,127.8,131.4,103.7,93.3,92.1,98.1,,94.7,98.5,87.6,97.1,94.7,97.4,,110.8,90.9,117.8,98.5,101.0,109.9,127.7,72.2,89.5,153.4,86.0,90.9,94.8,117.6,93.5,100.4,95.6,119.7,79.3,,102.7,100.6,109.0,96.4,95.7,99.4,105.7,116.1,,93.3,90.1,95.3,94.8,89.9,93.8,88.3,87.5,87.6,102.6,87.5,86.5,84.4,102.9,87.2,84.4,81.7,76.5,91.7,97.5,91.9,77.3,,98.2,100.6,97.9,68.2,106.4,105.0,97.2,116.2,87.1,86.5,90.3,90.3,90.3,99.5,100.3,81.6,138.9,164.5,92.6,83.6,111.0,111.1,,97.7,77.8,115.7,118.0,109.8,90.2,81.5,87.5,102.4,,,75.2,75.0,108.9,95.0,102.1,58.4,113.4,138.2,128.2,,,98.5,88.5,101.6,81.6,100.9,75.9,83.4,,104.8,99.9,99.6,118.8,100.1,103.9,107.3,100.1,99.9,97.3,90.9,93.3,104.9,104.0,,,214.6,115.1,100.5,98.1,,107.2,75.9,91.8,,100.2,,,,73.4,77.8,,126.8,113.4,107.8,115.4,124.6,87.6,106.9,99.9,102.2,106.2,109.4,95.2,123.4,137.0,110.9,,,104.3,96.8,121.4,103.3,109.4,,,92.2,81.3,99.3,,93.9,85.9,129.3,97.6,101.0,98.0,77.6,78.2,76.9,121.2,99.7,101.8,98.4
199510,101.2,97.3,106.6,125.2,125.9,125.4,129.1,103.0,93.3,91.9,98.3,,94.5,98.2,87.4,95.8,94.6,97.6,,108.2,90.8,114.2,97.9,100.1,109.8,119.2,70.4,94.2,147.8,84.2,93.6,90.7,115.9,92.5,94.7,95.7,122.0,78.9,100.7,102.5,100.2,107.3,95.4,97.3,100.1,106.3,115.1,,93.1,89.5,95.4,94.7,89.5,93.8,87.7,87.6,86.8,101.6,87.4,86.4,84.1,103.0,86.9,84.1,82.2,76.7,91.6,97.2,91.8,77.1,,99.3,100.4,97.8,68.2,106.2,104.8,97.2,116.0,86.4,85.2,91.5,95.7,95.7,92.1,88.9,65.2,82.9,99.8,75.6,71.5,98.8,112.9,,86.4,72.6,98.5,90.7,88.0,88.3,77.1,74.8,104.3,,,72.7,70.7,83.4,97.2,90.2,60.7,122.0,158.0,147.4,,,98.4,88.4,101.8,81.6,100.6,76.2,82.9,,104.9,100.1,99.4,119.1,99.8,103.8,107.6,99.8,98.7,96.8,91.2,91.9,104.8,103.9,83.2,,114.4,121.8,106.2,95.6,,89.7,70.3,83.3,103.5,,,,,73.9,75.4,,126.6,113.4,108.5,114.3,123.3,87.2,107.9,99.9,103.4,107.7,109.3,95.9,122.8,135.1,110.0,,,103.8,96.8,126.4,103.9,113.5,,,92.3,81.9,100.2,,94.2,86.0,129.6,97.7,101.1,97.9,78.0,78.4,76.7,121.2,99.6,100.4,98.2
199511,100.9,96.0,106.5,125.0,125.7,125.2,128.1,102.9,93.5,92.1,98.5,,94.5,98.3,87.2,96.0,94.8,97.4,,108.0,91.1,114.0,98.1,100.4,110.6,119.5,74.4,,144.8,80.4,94.0,88.3,116.3,94.1,97.2,97.7,122.2,78.8,91.7,103.0,100.3,106.7,95.5,97.9,100.2,106.6,115.7,,93.0,89.5,94.9,94.8,90.0,93.7,89.2,86.8,87.0,101.9,87.7,86.9,84.3,103.9,87.1,85.1,81.8,76.7,91.5,97.1,91.9,76.6,,98.3,100.5,97.8,68.2,106.2,105.0,97.3,116.5,86.4,86.3,90.5,91.2,91.2,87.1,81.1,60.6,56.4,65.9,66.8,62.4,83.3,112.3,,78.9,69.6,90.7,73.3,84.5,85.3,74.0,67.2,104.6,,,74.0,86.0,90.0,116.9,100.4,56.8,111.1,164.7,162.5,,,98.0,87.8,101.2,80.6,100.6,75.7,82.2,,105.0,100.0,99.2,120.0,99.3,104.2,107.4,100.5,94.7,95.5,91.1,92.5,88.7,87.2,74.5,104.8,76.6,137.8,109.4,91.4,,,,99.0,83.9,,,,,73.2,75.3,,125.6,113.0,108.1,114.1,123.6,86.1,107.3,99.9,103.3,107.5,109.5,94.4,122.4,133.6,110.1,,,103.8,96.5,123.3,103.8,112.3,,,92.2,81.9,99.3,,94.3,86.4,130.3,95.7,101.2,97.9,77.9,78.5,76.6,121.2,99.7,100.2,98.5
199512,100.9,96.2,106.4,124.9,125.5,125.2,128.1,101.9,93.5,92.1,98.5,,94.2,97.7,87.0,95.3,94.7,97.1,,106.8,90.7,112.4,98.4,100.9,110.8,120.1,73.7,,139.5,82.8,90.1,86.0,116.8,94.1,97.5,100.6,122.4,79.9,90.0,103.4,100.5,106.2,95.7,98.2,101.3,107.2,116.3,,93.1,89.1,95.1,95.2,89.2,93.9,87.7,86.3,86.4,102.6,87.8,86.9,84.5,104.8,87.1,84.7,82.1,76.8,91.6,97.1,92.0,76.8,,99.7,100.0,97.7,68.2,106.0,104.0,97.3,114.7,86.2,85.2,90.9,98.4,98.4,88.9,84.0,73.9,71.3,62.2,63.3,102.5,96.5,112.8,,80.2,68.3,89.2,67.0,76.5,85.7,75.5,67.0,101.0,,,90.5,95.1,96.4,124.9,93.8,61.9,109.8,170.9,160.3,,,97.8,87.8,96.5,80.3,100.7,76.0,82.5,,104.9,100.0,98.9,119.9,98.9,103.8,107.3,100.1,92.6,95.3,91.1,91.6,87.3,85.8,73.2,100.7,78.6,127.2,114.2,85.1,,,,,91.4,,,,,74.1,76.7,,123.1,113.6,108.0,113.9,123.1,86.6,107.3,99.9,103.3,106.5,108.9,96.4,122.6,136.2,109.0,,,102.5,96.1,125.4,103.9,112.7,,,92.3,83.0,100.3,,94.2,85.8,129.4,97.1,101.5,97.9,77.7,78.2,76.6,121.3,99.3,99.6,98.4
199601,100.8,97.3,106.1,124.2,124.9,124.9,127.9,101.6,93.6,92.1,98.6,,94.2,98.5,86.8,96.4,94.6,96.5,,105.9,90.9,111.1,100.6,104.5,112.0,135.7,84.1,,145.0,88.6,94.5,86.4,121.3,95.0,111.0,100.8,120.7,80.6,90.3,104.3,100.6,108.2,95.2,98.1,100.1,107.0,115.5,,93.3,89.2,95.2,95.3,89.8,93.8,88.2,87.4,87.5,102.3,87.9,87.0,84.8,104.0,87.6,84.9,82.5,77.4,91.4,96.8,91.9,77.1,,98.1,100.2,97.6,68.2,105.9,104.5,97.3,115.9,86.3,85.6,90.6,91.0,91.0,95.6,94.6,95.1,80.2,73.1,80.6,131.2,104.4,112.4,,90.0,69.9,95.7,87.1,75.7,88.7,79.7,75.7,100.2,,,94.8,92.0,105.9,117.9,90.7,70.7,121.4,186.7,159.2,,,97.8,87.9,93.7,79.8,100.8,76.1,83.4,,104.9,99.9,99.2,119.7,98.9,103.7,107.4,99.2,92.5,95.3,91.4,91.9,97.4,96.3,73.9,101.6,87.7,119.5,114.8,80.7,,,,,,,,,121.6,73.5,74.9,,123.4,113.8,107.2,113.1,122.6,85.2,106.6,99.9,102.2,106.8,108.9,95.3,122.0,133.1,109.3,,,103.9,96.1,120.6,102.7,110.7,,,92.2,82.9,99.7,,94.2,85.4,130.2,97.2,101.3,97.8,77.6,78.5,76.3,120.8,99.2,101.0,98.2
199602,100.6,97.5,106.2,124.3,125.0,125.3,127.8,101.3,93.6,92.2,98.6,,94.5,98.9,87.1,96.9,94.7,96.7,,106.6,90.6,112.3,100.2,103.9,110.6,126.9,79.5,,144.1,87.8,96.1,85.2,122.0,94.7,118.0,100.7,122.1,79.8,83.6,101.4,100.2,106.2,95.0,99.7,98.3,107.8,115.7,,93.4,89.9,95.1,95.2,89.6,94.0,88.6,87.3,86.3,101.9,87.9,87.1,84.8,103.8,87.6,84.7,82.6,77.6,91.5,97.1,91.9,76.9,,98.5,99.9,97.6,68.2,105.9,103.9,97.2,115.2,86.8,84.7,89.1,93.8,93.8,94.9,93.5,85.8,76.3,75.3,74.0,148.1,101.2,112.4,,89.4,71.1,96.3,85.9,74.9,89.6,82.0,73.3,97.0,,,96.7,76.3,116.3,133.1,89.1,108.9,118.7,161.8,146.2,,,98.0,88.2,94.9,80.5,101.0,76.6,83.5,,105.2,100.2,99.3,120.6,98.8,103.5,107.0,99.1,93.0,95.7,90.9,91.0,96.4,95.3,71.8,100.6,86.4,114.0,108.5,77.6,,,,,,,,,113.6,73.6,70.9,,122.9,113.9,108.0,113.6,122.4,87.0,107.3,99.9,102.7,107.6,108.5,95.9,124.0,135.6,109.8,,,103.6,95.7,124.0,102.5,112.9,,,92.2,83.0,100.2,,93.9,85.7,129.5,96.4,100.6,97.9,77.9,78.6,76.9,120.6,99.2,101.9,98.3
199603,100.8,97.3,106.2,124.2,124.9,125.2,127.8,101.3,93.6,92.1,98.6,,94.6,99.5,87.3,97.1,94.5,96.4,,107.3,90.7,113.0,101.4,105.6,110.8,121.3,76.3,131.3,144.1,89.4,97.4,85.4,121.4,94.7,128.4,101.3,122.1,79.6,76.6,99.3,101.0,106.7,95.2,100.2,102.8,107.3,115.9,,93.3,89.6,94.9,95.3,90.3,94.2,87.8,89.1,88.3,102.9,88.0,87.3,85.0,103.5,87.8,84.9,83.0,77.9,91.4,96.9,91.8,76.7,,99.1,99.9,97.5,68.2,105.8,104.1,97.2,115.9,85.4,84.2,89.2,96.5,96.5,91.1,87.5,77.6,52.3,77.7,66.9,121.2,83.3,113.0,,90.5,73.6,101.2,88.8,78.8,92.1,81.0,75.5,93.6,,,95.6,73.6,105.2,124.8,96.9,84.9,104.6,137.0,125.9,,,97.8,87.8,93.0,79.3,100.8,76.4,84.0,,104.9,99.8,99.1,120.1,99.0,104.3,106.6,99.5,93.3,95.9,91.2,90.8,99.0,98.0,71.3,104.3,85.8,102.9,104.8,76.3,,,,,,,,,112.7,81.3,70.4,,122.9,114.2,107.3,113.6,123.1,85.9,106.6,99.9,102.0,107.6,108.8,94.7,121.4,135.1,110.6,,,104.8,95.7,121.8,102.4,108.7,,,92.2,83.0,99.7,,93.9,85.6,130.0,97.1,100.4,98.1,77.7,78.7,76.7,121.1,99.4,101.4,98.3
199604,101.4,98.1,106.3,124.0,124.8,125.0,127.9,100.4,93.7,92.4,98.6,,94.6,99.5,87.7,95.8,94.5,96.8,,109.3,91.0,115.6,102.4,107.7,110.7,115.9,79.5,135.6,139.2,92.2,95.2,86.3,119.0,96.1,135.1,101.6,122.1,79.5,,98.3,99.9,104.6,94.9,99.1,100.9,107.0,115.0,,93.2,90.1,94.5,95.0,89.6,94.0,87.1,90.7,86.6,102.5,88.1,87.3,84.8,103.9,87.6,85.0,83.1,77.6,91.4,96.8,91.9,76.9,,97.2,99.5,97.3,68.2,105.5,103.2,97.1,114.5,85.6,83.1,88.8,89.4,89.4,95.7,94.6,103.6,63.8,100.4,60.9,99.9,113.0,112.2,,94.8,84.9,103.1,119.5,101.3,95.4,81.5,77.5,93.3,,,96.3,82.0,101.0,123.6,104.2,80.6,101.5,120.5,110.8,,,98.0,88.1,93.5,79.1,101.1,76.0,84.8,,104.8,99.5,99.5,120.2,99.2,104.4,106.7,101.0,94.0,95.9,91.3,91.0,103.6,102.8,,110.1,,103.7,105.4,74.7,,,,,,,,,109.6,84.2,68.9,,123.1,113.5,108.2,112.4,121.9,84.3,107.8,99.9,103.5,107.7,108.4,95.7,123.2,134.4,109.7,,,104.3,95.8,125.3,104.5,113.6,,,92.2,82.6,101.1,,94.2,85.6,129.6,97.1,99.9,98.0,77.6,78.6,76.3,121.2,99.3,100.6,98.3
199605,101.6,98.3,106.4,124.0,124.8,125.0,127.8,100.4,93.7,92.3,98.7,,95.1,100.3,87.5,96.1,94.7,98.4,,109.0,91.1,115.2,101.9,106.9,110.6,111.8,76.4,132.7,131.6,94.3,92.6,85.7,112.8,98.2,127.9,102.0,122.0,79.2,,97.3,99.7,104.5,94.6,98.5,100.5,108.0,114.9,,92.9,90.0,93.9,94.8,90.3,93.8,88.3,90.6,87.7,102.6,88.2,87.5,85.0,103.1,88.2,85.3,83.4,78.0,91.3,96.8,91.5,77.2,,97.0,99.5,97.3,68.2,105.7,103.1,97.0,114.3,86.3,81.5,89.8,88.4,88.4,94.8,93.3,87.0,65.1,104.3,67.9,82.7,105.9,112.2,,104.8,111.9,131.5,107.7,112.6,102.1,79.6,84.5,99.1,,,89.6,101.6,81.6,108.6,92.0,72.9,111.0,122.5,125.9,,,98.0,88.1,94.2,79.2,101.5,75.6,84.2,,104.9,99.4,99.4,121.1,99.2,104.1,106.2,101.2,95.3,96.2,91.3,89.9,110.5,109.9,,119.8,,103.9,107.1,74.3,,,,,,,152.8,137.0,103.0,88.2,78.2,,123.8,112.3,107.8,111.0,121.8,80.7,107.3,99.9,102.9,107.6,108.4,95.2,124.0,135.4,109.1,,,104.0,96.4,124.0,103.7,112.5,,,92.2,81.5,101.3,,93.8,85.1,129.4,97.5,99.5,97.7,78.0,78.5,76.4,121.2,99.5,100.4,98.2
199606,101.3,97.3,106.3,124.0,124.6,124.9,127.6,100.4,93.8,92.4,98.7,,94.9,100.5,87.6,96.3,94.5,97.3,,108.5,90.7,114.8,100.3,104.4,110.9,109.8,83.2,106.7,131.1,94.6,89.8,86.2,111.7,105.3,117.1,100.8,122.4,79.0,,96.2,99.7,104.7,94.7,96.4,102.4,107.8,114.9,,92.8,90.1,93.9,94.3,90.2,93.8,88.5,89.8,87.1,103.8,88.2,87.5,84.6,104.4,88.2,85.6,83.2,78.0,91.3,96.7,91.6,76.9,,96.1,99.6,97.4,68.2,105.8,103.0,96.8,114.0,86.8,81.5,90.2,84.6,84.6,90.4,86.3,75.3,76.4,95.0,72.8,67.7,103.3,112.2,,124.0,86.8,170.8,94.1,93.0,100.9,71.1,131.0,97.1,,,71.0,125.5,81.5,99.9,75.5,62.1,117.7,115.5,103.9,,,98.1,88.1,94.0,79.3,101.4,75.4,84.6,,105.2,99.8,99.4,121.4,99.2,103.9,106.1,101.3,95.7,96.2,90.9,90.3,105.3,104.6,,122.9,,103.9,102.7,76.5,,,144.4,,,,110.4,102.7,,90.0,78.9,,124.1,112.7,107.7,109.6,120.2,79.6,107.4,99.9,103.0,107.3,108.0,96.6,122.0,134.9,108.9,,,103.7,96.3,123.6,104.5,113.9,,,92.2,81.5,100.7,,94.0,85.7,129.1,97.4,100.1,97.8,77.9,78.7,76.5,121.3,99.8,100.0,98.2
199607,101.2,97.7,106.3,124.0,124.6,125.2,127.5,100.5,93.6,92.0,98.8,,94.9,99.6,87.9,96.7,94.8,97.5,,108.5,90.1,115.0,99.8,103.4,110.4,119.5,89.7,101.8,143.7,92.0,91.6,98.9,115.3,111.5,96.9,102.4,123.2,78.8,,97.0,99.5,104.7,94.3,95.2,102.7,109.1,113.1,,93.3,90.2,94.0,95.3,90.0,93.9,87.6,89.9,87.7,101.6,88.4,87.8,84.9,104.7,88.9,86.4,83.2,78.1,91.0,96.7,91.1,76.9,,95.6,99.6,97.3,68.2,105.5,103.5,96.9,114.4,88.0,82.2,90.7,82.0,82.0,96.3,95.7,94.1,121.9,104.5,94.8,72.1,106.9,112.0,,166.9,81.1,174.0,125.9,103.1,101.5,70.4,183.5,96.7,,,73.4,104.3,89.2,107.4,77.9,88.9,117.8,119.6,111.2,,,98.1,87.9,92.8,79.6,101.0,75.5,84.9,,105.1,99.7,99.5,121.3,99.2,104.2,106.4,100.6,96.6,96.2,91.3,89.3,101.2,100.2,,,,107.4,101.4,81.7,,,125.1,167.0,,122.6,91.3,91.7,,87.4,78.4,,123.7,112.7,106.7,109.1,120.7,77.4,106.4,99.9,103.2,106.5,107.6,95.9,120.9,132.3,109.1,,,104.7,96.3,121.5,103.3,108.1,,,92.2,81.4,100.5,,93.9,85.8,128.4,96.9,100.6,97.6,78.0,78.7,76.8,121.1,99.6,100.2,98.3
199608,101.1,97.9,106.3,123.8,124.5,124.9,127.5,100.5,93.7,92.3,98.8,,95.2,100.3,87.9,96.8,94.8,97.8,,108.6,90.3,115.0,101.8,106.9,110.9,119.6,88.1,100.8,152.1,94.1,94.9,165.5,116.6,110.8,91.6,105.7,122.8,80.4,,96.2,99.4,105.2,93.2,95.4,102.7,109.3,113.7,,92.9,89.4,94.2,95.1,89.9,94.0,87.9,90.9,86.6,101.4,88.4,88.0,85.3,102.9,89.6,86.9,83.6,78.2,90.8,96.9,90.7,76.7,,95.4,99.1,96.8,68.2,105.0,102.6,96.9,113.3,87.5,81.2,90.4,83.1,83.1,95.5,94.3,80.4,121.4,123.6,92.4,76.6,96.7,112.3,,146.6,83.6,133.4,123.7,118.9,95.4,73.5,149.1,101.7,,,78.4,94.5,86.5,86.8,78.2,73.7,132.9,119.6,107.2,,,98.1,88.0,92.0,80.0,100.8,75.6,84.9,,105.1,99.8,99.3,121.3,99.2,104.1,106.3,101.2,97.1,95.3,91.0,90.6,102.7,102.0,,,,121.3,111.9,86.5,,137.7,86.2,121.5,,109.8,87.4,92.5,,84.5,78.3,,122.3,111.8,107.3,109.1,120.3,77.9,107.1,99.9,102.9,107.2,107.6,95.4,121.4,135.5,108.9,,,104.5,96.0,123.8,104.4,112.0,,,92.1,81.2,100.2,,93.9,85.8,128.7,97.0,100.5,97.4,77.9,78.4,76.9,120.9,99.1,100.2,98.2
199609,101.5,97.9,106.1,123.6,124.2,124.6,127.0,100.6,93.8,92.3,99.0,,94.8,100.0,87.9,96.5,94.8,96.5,,107.8,90.3,114.1,101.5,105.8,111.9,120.2,83.9,109.9,147.3,85.9,94.9,131.9,115.0,105.7,87.4,106.9,122.1,79.7,,96.0,100.1,105.1,94.1,96.4,104.3,110.5,113.5,,92.8,89.8,93.4,94.7,92.2,93.5,93.1,90.7,87.8,102.5,88.8,88.2,85.3,103.5,89.8,87.2,83.7,78.0,91.7,97.0,91.7,78.4,,97.1,99.1,96.9,68.2,105.0,102.6,96.7,113.4,86.6,82.1,89.9,90.1,90.1,95.1,93.6,75.2,113.3,115.3,82.0,73.7,107.8,113.4,,110.0,86.5,111.8,102.5,107.2,91.0,79.0,98.7,104.4,,,70.7,82.2,88.7,91.1,79.6,71.7,118.7,145.8,138.6,,,98.2,87.8,91.6,79.7,100.9,75.4,84.8,,105.1,99.5,99.6,121.5,99.6,103.8,106.1,101.7,98.8,96.2,91.0,90.6,101.2,100.4,,,212.4,121.9,118.4,89.4,,97.9,79.0,90.3,,94.3,,,,84.0,81.0,,121.8,112.0,106.7,109.2,120.3,78.2,106.5,99.9,102.9,107.4,108.0,96.2,122.1,131.8,109.8,,,104.2,96.0,121.9,102.7,107.6,,,92.2,81.2,100.9,,94.0,85.8,127.7,97.0,100.6,97.7,77.8,78.6,76.9,121.3,99.7,101.4,98.2
199610,101.7,98.1,106.1,123.7,124.4,124.9,126.8,100.7,93.8,92.2,99.2,,94.8,100.2,87.8,95.0,94.6,97.2,,107.3,90.4,113.1,101.7,106.3,112.8,118.1,87.8,118.9,147.3,84.3,97.5,144.3,115.1,105.1,86.1,108.9,122.7,79.9,104.0,96.2,100.1,104.2,93.6,95.7,106.7,111.0,114.3,,92.3,89.7,93.4,93.7,92.2,93.5,93.1,91.1,87.5,102.8,89.2,88.5,85.2,106.0,89.8,86.9,83.7,78.1,92.3,97.4,93.1,78.5,,98.9,98.9,96.9,68.3,105.0,102.1,96.8,112.7,87.0,80.5,89.9,99.0,99.0,92.0,88.6,71.4,90.9,96.1,72.0,76.2,101.5,113.4,,93.0,76.6,97.4,85.6,80.2,84.6,75.2,84.4,104.9,,,69.5,75.0,78.5,103.6,76.5,63.9,121.8,157.7,153.5,,,98.2,87.5,92.5,78.8,100.6,75.0,84.6,,105.3,99.9,99.6,121.4,99.7,103.7,106.5,101.4,97.1,98.0,90.8,90.5,111.5,111.0,94.8,,122.2,126.3,123.7,87.2,,83.8,80.6,86.2,117.3,,,,,86.0,80.9,,122.2,113.1,107.5,108.3,119.6,77.0,107.3,99.9,102.9,107.2,107.5,95.6,122.4,135.9,108.5,,,104.6,96.2,120.7,104.5,114.7,,,92.3,81.1,101.6,,94.1,85.6,129.1,97.3,100.3,97.9,78.3,78.6,76.8,120.7,99.1,100.7,98.3
199611,101.4,97.0,106.5,124.6,125.3,126.3,127.4,101.0,93.8,92.2,99.3,,94.8,100.4,87.7,95.8,94.6,97.2,,107.0,90.4,112.8,100.7,104.5,112.6,114.9,89.4,,141.0,83.6,93.8,144.9,115.3,105.7,89.2,109.2,123.1,79.8,95.9,96.1,100.2,103.9,94.2,96.5,105.2,111.2,114.1,,92.2,89.1,93.0,94.1,92.3,94.1,93.3,90.5,87.8,103.4,89.4,88.7,85.4,107.4,89.3,87.0,83.7,77.8,92.8,97.3,93.8,79.1,,97.9,99.1,97.0,68.3,105.1,102.4,96.8,112.9,87.3,80.8,90.8,93.8,93.8,86.9,80.9,60.6,58.1,68.6,62.8,73.3,79.8,112.4,,88.2,72.8,89.0,66.4,75.4,78.6,73.3,78.7,106.5,,,72.1,77.6,101.1,117.8,76.6,69.4,111.8,168.3,170.2,,,98.1,87.4,92.4,78.6,100.4,74.9,84.5,,105.1,100.0,99.3,120.6,99.6,104.1,106.8,101.5,94.9,97.6,91.3,91.0,99.6,98.8,80.8,115.5,89.4,134.7,122.9,84.2,,,,105.7,95.4,,,,,81.4,79.5,,120.9,113.5,106.8,107.5,118.9,76.1,106.7,99.9,103.4,106.2,107.8,95.2,120.8,136.0,107.8,,,104.6,96.1,122.5,103.3,111.0,,,92.3,81.2,101.4,,93.9,86.3,128.6,97.0,100.1,98.0,77.9,78.6,77.0,121.5,99.1,100.3,98.3
199612,101.5,97.6,106.6,124.9,125.5,126.7,127.5,101.5,93.8,92.3,99.1,,95.0,100.1,88.0,95.3,94.5,98.0,,107.0,90.5,112.7,101.0,105.1,113.4,113.8,89.5,,133.3,84.4,95.2,137.4,117.1,107.3,98.8,111.1,122.9,79.6,94.1,98.5,100.0,103.9,93.3,97.4,104.3,111.0,115.7,,92.3,89.6,93.4,93.8,92.0,94.1,93.1,90.4,86.7,103.9,89.8,89.0,85.3,108.8,89.2,87.1,84.4,79.7,92.9,97.5,94.0,79.0,,100.0,99.0,97.0,68.4,105.1,102.1,96.6,112.7,85.3,80.7,90.8,103.5,103.5,91.3,87.7,67.1,72.0,62.5,65.8,109.6,85.7,112.3,,89.4,70.4,88.0,76.3,70.8,78.8,73.3,82.4,103.0,,,93.1,80.1,120.8,150.4,102.0,90.4,120.2,180.0,176.0,,,98.1,87.5,95.0,79.5,100.2,74.8,84.8,,104.9,99.9,98.8,120.7,99.7,103.6,107.5,101.3,94.3,98.8,90.9,92.3,104.8,104.1,77.5,110.5,101.2,129.3,123.1,84.8,,,,,116.6,,,,,80.5,79.5,,120.6,112.8,107.0,107.2,118.4,76.0,106.9,99.9,102.7,106.3,107.6,95.4,120.0,136.7,108.1,,,103.6,95.6,124.6,104.3,112.6,,,92.2,81.5,100.8,,93.8,86.3,127.6,97.3,99.9,97.8,77.9,78.2,76.8,121.2,99.1,100.7,98.3
199701,101.4,98.3,106.6,124.9,125.5,126.8,127.0,101.7,93.8,92.2,99.2,,94.9,100.1,88.5,95.4,94.7,97.1,,106.2,90.1,111.8,102.5,107.7,113.8,124.9,93.9,,137.3,89.6,102.7,136.1,119.3,110.3,103.9,110.7,122.7,80.2,94.6,100.0,99.8,103.9,93.5,96.6,103.5,111.0,114.1,,92.3,89.8,93.1,93.7,92.2,94.5,93.1,89.5,87.5,104.4,90.0,89.4,86.0,108.6,89.6,87.4,85.4,79.3,92.8,97.0,94.1,79.4,,96.8,99.1,97.0,68.4,105.1,102.3,96.8,112.5,86.9,81.1,91.2,89.4,89.4,91.9,88.5,68.3,61.6,67.7,70.2,124.4,95.0,112.0,,96.9,71.9,93.1,72.0,68.7,79.1,75.8,88.8,101.9,,,95.6,81.9,114.2,132.9,98.6,84.5,116.3,178.2,164.0,,,98.2,87.8,96.8,79.8,100.6,74.7,84.7,,105.1,99.9,99.0,121.5,99.6,103.6,107.7,101.5,93.9,98.1,90.4,93.3,112.4,112.0,85.0,116.0,111.8,126.2,116.4,85.0,,,,,,,,,125.5,86.0,77.8,,122.4,113.4,107.0,106.5,117.9,74.9,107.1,99.9,102.7,106.9,107.4,95.9,120.4,135.5,109.4,,,105.6,96.1,125.4,103.7,111.0,,,92.2,81.5,100.5,,93.8,86.5,127.6,97.2,100.4,97.9,77.9,77.9,76.8,120.9,98.9,100.3,98.1
199702,101.2,98.2,106.6,124.7,125.4,126.6,126.4,101.8,93.7,92.0,99.4,,95.0,100.2,88.6,95.9,94.4,97.4,,107.4,90.0,113.5,102.5,107.6,113.1,120.3,91.9,,134.7,97.3,94.5,134.8,117.6,111.2,106.3,110.3,122.6,80.4,89.9,101.2,100.4,104.5,93.6,98.8,104.6,111.4,114.1,,92.0,89.7,92.7,93.4,92.2,94.8,93.5,89.6,87.0,103.1,89.9,89.3,86.1,108.4,89.6,87.0,85.0,79.3,92.9,97.2,94.4,79.0,,98.1,99.0,97.0,68.4,105.1,102.1,96.7,112.6,87.0,80.3,90.5,94.9,94.9,91.0,87.2,71.5,56.4,78.1,68.8,95.5,105.9,112.4,,97.2,71.4,93.6,72.5,65.4,77.4,75.3,87.8,99.4,,,97.1,81.4,107.8,137.8,109.2,93.2,115.2,163.5,149.6,,,98.1,87.8,98.0,79.6,100.4,74.9,84.4,,104.8,99.5,98.9,121.1,99.8,103.5,108.3,100.8,93.2,98.7,91.0,94.1,110.2,109.7,84.3,115.8,107.4,119.1,116.1,83.8,,,,,,,,,124.1,88.2,78.3,,122.8,113.5,107.1,106.2,117.4,75.4,107.2,99.9,103.3,107.0,107.0,97.0,120.8,135.1,107.5,,,104.6,95.1,127.6,103.7,112.9,,,92.1,81.0,100.4,,93.2,86.3,127.8,97.0,99.3,97.7,77.9,78.3,76.8,120.3,98.8,100.2,98.1
199703,101.3,97.6,106.4,124.5,125.1,126.3,126.0,101.8,93.6,91.7,99.5,,94.9,100.1,88.9,96.6,94.6,96.6,,108.0,90.1,114.3,102.9,108.0,112.3,111.1,88.4,126.8,136.4,95.6,99.3,133.7,118.5,110.0,118.2,110.7,123.6,80.6,82.6,99.5,100.5,105.5,93.2,99.0,103.6,111.7,115.6,,92.1,89.6,92.5,94.0,92.4,94.9,93.4,91.3,87.6,101.1,90.0,89.3,85.8,108.6,89.5,87.2,84.7,79.3,93.4,97.5,94.9,79.8,,99.1,98.9,96.7,68.4,104.8,102.5,96.8,113.4,87.1,80.6,89.8,99.6,99.6,87.5,81.7,75.5,44.8,89.0,63.4,73.3,96.0,112.2,,102.1,72.5,93.6,71.4,60.5,76.2,75.8,86.9,97.0,,,93.5,81.1,94.0,117.6,97.9,80.4,102.7,135.7,122.5,,,98.2,87.7,99.2,78.8,100.6,74.9,84.2,,104.9,99.6,99.0,121.4,99.7,103.2,108.8,100.3,94.0,98.2,91.0,94.0,104.7,104.0,86.4,116.7,100.9,111.1,109.1,81.9,,,,,,,,,111.2,86.5,77.9,,122.9,113.8,107.0,106.7,118.3,75.0,107.0,99.9,103.3,107.0,107.0,96.5,120.9,133.4,109.2,,,105.5,97.1,125.4,103.3,109.2,,,92.2,81.5,100.5,,93.8,86.3,127.4,96.9,99.2,98.4,77.9,78.1,77.1,121.9,98.8,99.3,98.0
199704,103.4,100.2,108.1,125.5,126.2,127.5,127.1,103.5,96.0,94.3,102.0,,96.9,102.4,90.9,98.1,96.7,98.5,,109.8,91.7,116.3,105.3,111.1,114.1,108.9,90.0,127.4,130.0,98.2,105.9,140.9,119.7,111.4,128.3,113.7,126.5,83.0,,101.5,102.9,108.1,95.4,101.2,106.1,114.3,117.1,,93.8,92.0,93.8,95.1,93.2,97.3,92.3,93.7,89.3,101.9,92.5,91.8,88.5,110.4,93.1,90.2,86.7,82.1,95.3,99.8,96.6,81.7,,99.5,100.9,98.7,70.8,106.9,104.4,98.5,115.8,88.9,81.6,91.3,94.5,94.5,94.2,90.9,94.7,66.6,114.8,64.9,90.0,115.2,113.9,,105.2,78.2,95.0,89.0,75.6,78.9,77.1,89.7,98.8,,,96.0,82.0,95.8,126.7,102.0,82.1,104.3,123.3,114.1,,,100.7,89.7,101.3,81.6,102.9,76.8,86.1,,107.6,102.3,101.7,124.0,102.3,106.2,111.8,102.8,98.0,99.9,92.7,96.3,105.4,104.6,,121.2,,109.8,108.2,81.4,,,,,,,,,103.9,93.4,82.2,,125.1,116.2,109.1,109.4,121.2,76.8,109.1,101.7,105.4,108.1,109.3,98.0,122.3,138.0,110.7,,,107.5,97.9,125.1,105.0,115.2,,,94.3,83.5,103.1,,95.8,88.4,129.3,98.6,102.3,100.8,79.8,79.9,78.6,124.3,100.7,101.9,100.2
199705,103.6,100.2,108.0,125.1,125.8,126.9,126.8,103.5,95.9,94.1,101.9,,97.2,102.5,90.9,97.9,96.5,99.6,,109.6,91.9,115.8,103.9,108.5,113.7,111.2,91.0,109.4,128.3,100.4,100.6,135.8,114.4,110.4,117.5,113.7,128.0,82.0,,101.4,102.5,107.7,94.9,98.8,106.8,114.0,117.0,,94.0,91.7,93.7,96.1,93.6,97.4,93.1,93.3,90.0,102.4,92.9,92.3,88.8,110.9,93.7,91.2,86.7,81.5,95.5,99.7,97.1,81.6,,99.5,101.1,98.9,70.9,107.0,104.1,98.5,115.0,88.6,82.6,91.5,94.7,94.7,93.5,89.5,100.0,79.3,108.6,80.1,79.7,107.7,114.9,,106.9,78.2,115.8,96.1,78.3,85.6,67.6,97.5,100.5,,,85.6,81.1,80.4,111.6,90.4,73.2,117.5,126.5,117.3,,,100.9,89.6,100.1,80.5,103.1,77.0,85.8,,107.9,102.5,101.9,124.3,102.7,106.8,112.4,102.4,98.4,101.3,92.8,96.3,109.4,108.8,,122.6,,109.0,109.7,99.3,,,,,,,142.7,116.8,104.1,95.6,90.9,,125.1,115.5,109.2,108.8,120.7,76.2,109.3,101.7,105.1,108.6,109.2,97.4,123.9,140.2,110.6,,,106.9,97.3,126.1,106.2,115.4,,,94.1,83.5,102.9,,95.9,87.9,130.8,99.2,102.0,100.6,79.3,79.4,78.4,124.1,100.7,101.2,100.3
199706,103.6,100.4,107.9,124.9,125.5,126.6,126.7,103.6,95.9,94.0,102.1,,97.2,102.5,90.7,97.1,96.5,100.0,,109.7,91.7,116.1,102.4,106.1,113.1,111.6,82.5,99.4,127.0,100.3,102.3,135.4,113.2,112.6,103.1,112.6,129.1,81.7,,103.6,102.5,106.6,94.8,99.5,107.8,114.3,117.4,,93.8,92.3,93.4,95.2,93.6,97.3,92.7,94.5,90.0,103.1,92.9,92.3,88.9,110.0,94.3,91.5,86.5,81.8,95.6,100.1,97.0,81.7,,98.1,100.7,98.9,71.0,107.0,103.4,98.4,113.8,88.9,81.7,90.9,89.0,89.0,97.7,96.1,119.7,99.0,152.4,94.8,107.3,105.1,115.0,,117.4,75.1,143.9,119.6,81.6,89.3,67.1,158.3,101.2,,,78.8,95.7,81.8,109.1,84.5,78.0,115.7,133.5,116.0,,,101.0,90.0,101.3,81.4,103.6,76.9,86.1,,107.9,102.5,102.0,124.5,103.0,107.4,111.9,102.9,99.7,102.3,92.7,96.0,106.8,106.0,,124.1,,112.6,106.9,127.5,,,144.1,,,,103.5,99.9,,94.4,93.0,,124.6,115.9,109.2,108.2,119.8,76.2,109.4,101.7,105.0,109.4,108.7,98.0,122.0,138.4,110.3,,,107.1,97.1,128.8,106.5,115.1,,,94.3,83.6,103.3,,96.0,88.4,131.6,99.2,102.3,100.8,79.6,79.3,78.1,124.2,100.8,100.4,100.1
199707,103.2,99.7,107.8,124.7,125.4,126.4,126.7,103.6,95.7,94.0,101.8,,97.0,102.4,90.7,97.9,96.3,99.5,,109.8,91.5,116.2,102.1,105.3,113.3,116.5,80.3,95.5,138.2,97.4,105.7,155.9,115.3,114.3,91.6,111.8,130.2,82.0,,102.3,102.5,107.0,94.9,100.2,107.4,114.0,115.3,,94.2,92.6,93.6,95.8,94.2,97.3,94.2,95.2,89.9,102.7,93.1,92.5,89.2,109.6,94.9,91.8,86.8,82.2,95.6,100.0,97.0,81.6,,98.0,100.9,98.8,71.1,106.9,104.2,98.6,115.5,88.7,81.3,91.0,88.0,88.0,94.1,90.5,100.5,110.5,115.2,89.9,84.1,105.4,115.3,,129.4,69.1,137.1,105.9,93.2,88.1,69.4,198.1,101.0,,,70.3,85.7,86.2,89.7,77.2,70.7,119.0,125.7,107.6,,,101.1,89.9,100.8,80.7,103.8,76.9,85.6,,108.0,102.5,101.7,125.4,103.1,107.0,111.8,102.3,100.0,103.4,93.0,95.8,101.2,100.3,,,,118.0,104.7,142.7,,,112.4,146.7,,121.1,89.4,91.6,,89.5,92.2,,123.7,114.8,108.8,107.5,119.2,75.6,108.9,101.7,104.8,109.1,109.0,98.1,121.9,137.8,109.5,,,107.2,98.3,124.4,105.6,113.7,,,94.2,83.7,103.0,,96.1,88.3,129.9,99.1,102.1,100.4,79.4,79.1,78.3,124.4,100.7,100.3,100.1
199708,103.3,100.6,107.8,124.5,125.0,126.1,126.6,103.5,96.0,94.2,101.8,,97.3,103.2,91.0,98.7,96.1,99.7,,110.3,91.4,116.9,107.5,114.3,114.8,132.8,79.0,108.1,149.4,94.1,103.5,195.8,118.4,119.9,107.9,113.9,130.3,83.8,,105.9,102.8,107.1,94.4,100.2,111.1,114.6,115.4,,94.3,92.6,93.6,96.2,94.7,97.3,95.7,95.1,89.5,102.7,93.1,92.5,89.5,107.0,95.5,93.3,86.1,82.5,95.8,100.1,97.0,82.5,,97.7,100.5,98.6,71.1,106.7,103.3,98.5,113.0,88.6,83.4,90.9,88.2,88.2,98.1,96.7,90.2,137.1,117.0,97.8,101.0,103.2,115.6,,117.8,74.0,108.4,109.0,96.8,83.7,74.2,168.2,105.5,,,72.7,78.1,99.6,96.9,85.3,66.2,124.0,126.3,109.1,,,101.1,90.1,101.4,81.7,103.8,77.1,86.0,,107.9,102.4,101.8,125.1,103.1,106.9,111.0,102.3,101.3,103.4,93.0,95.6,95.6,94.5,,,,122.7,106.3,142.6,,121.8,81.3,114.6,,100.9,78.8,81.5,,82.2,90.2,,124.0,115.2,108.9,108.0,119.3,76.3,109.0,101.7,104.9,108.5,108.3,97.9,121.9,141.0,108.9,,,106.9,97.9,123.6,107.2,115.9,,,94.1,83.5,102.9,,96.1,88.2,130.0,99.2,102.1,100.3,79.5,79.0,77.9,124.2,100.8,100.1,100.1
199709,104.0,100.2,107.1,123.5,124.1,124.9,125.4,103.6,96.0,94.2,101.8,,96.6,102.4,90.9,98.1,96.0,97.8,,109.5,91.3,115.8,102.8,106.4,115.0,117.4,84.1,104.6,144.7,88.1,100.4,109.9,114.1,114.7,89.7,111.9,130.0,82.5,,105.0,102.5,107.1,95.1,100.6,105.3,114.1,117.5,,94.2,92.0,93.5,96.3,94.4,97.5,95.1,94.4,89.5,103.5,93.3,92.8,89.6,109.5,95.6,92.9,86.3,82.5,95.8,99.9,97.2,82.5,,100.0,100.9,98.8,71.2,106.9,104.1,98.5,114.4,88.6,84.5,91.5,97.0,97.0,99.6,98.9,103.5,126.4,119.6,95.9,92.3,108.1,115.2,,100.2,75.5,91.8,124.2,90.9,84.1,78.1,116.4,114.0,,,74.2,73.9,101.1,85.7,99.5,60.8,116.6,139.2,129.8,,,101.2,90.3,99.9,82.0,103.9,77.8,85.6,,108.1,102.6,101.6,125.7,103.1,106.4,110.5,102.1,101.4,103.8,93.0,95.7,98.4,97.4,,,186.3,121.5,110.2,140.9,,95.5,74.0,86.1,,93.6,,,,83.5,91.2,,124.0,115.1,108.3,107.9,119.9,75.1,108.3,101.7,104.4,108.6,108.8,97.9,121.8,137.2,109.1,,,106.7,98.2,124.1,105.0,112.3,,,94.2,83.5,102.8,,96.1,89.1,129.6,99.1,102.0,100.1,79.6,78.7,78.1,123.9,100.9,100.2,100.2
199710,104.3,100.7,105.3,119.3,119.8,120.6,120.3,103.6,95.5,94.1,100.6,,97.1,102.4,91.2,97.9,96.1,99.7,,108.6,91.7,114.7,102.3,105.8,114.3,110.9,81.3,100.1,141.9,85.1,101.0,96.3,113.8,116.8,93.7,113.6,130.3,83.6,106.3,107.0,101.8,103.7,95.0,99.9,107.1,113.4,117.1,,94.3,92.6,93.8,96.1,94.7,97.5,95.7,94.7,90.0,102.3,93.2,92.6,89.5,110.5,95.0,92.5,86.2,82.7,95.8,100.0,97.0,82.6,,100.5,100.9,98.7,71.2,106.8,104.3,98.4,114.4,88.1,85.9,91.2,99.1,99.1,104.1,106.2,109.7,99.0,126.4,93.7,114.5,121.3,114.8,,90.7,69.9,83.1,121.2,84.3,81.3,78.8,95.2,116.4,,,95.2,76.1,116.2,117.9,115.2,94.7,116.6,169.9,185.9,,,101.0,90.2,100.7,81.2,104.0,77.2,85.5,,108.0,102.5,101.5,125.8,102.9,106.3,110.8,101.6,100.5,103.5,92.8,95.9,98.0,97.0,87.2,,92.5,123.7,112.8,133.0,,86.1,75.9,79.1,97.4,,,,,86.4,90.8,,124.6,114.8,109.0,107.6,119.1,76.1,109.2,101.7,103.8,108.5,108.9,98.3,121.8,135.8,110.1,,,107.2,98.8,125.9,106.7,116.2,,,94.0,84.3,102.4,,96.2,88.7,130.2,99.0,101.4,100.0,79.5,77.2,78.5,124.2,100.8,100.3,100.0
199711,103.6,98.6,104.8,118.1,118.6,119.1,119.1,103.9,95.3,94.0,100.0,,97.2,102.4,91.2,97.4,95.9,100.4,,108.6,91.5,114.7,102.1,105.1,113.5,112.9,82.9,,131.7,86.1,98.8,93.2,115.7,114.5,87.2,112.9,131.3,83.5,98.7,105.1,101.7,105.6,94.2,100.5,105.1,112.7,117.3,,94.3,92.6,93.8,96.1,96.1,97.5,98.9,96.1,89.5,103.0,92.9,92.3,89.5,109.9,94.4,91.9,86.1,82.6,95.6,99.5,97.1,82.8,,100.2,100.9,98.8,71.2,106.8,104.1,98.4,114.6,87.5,84.8,90.7,98.0,98.0,90.9,85.4,80.1,58.9,70.3,79.4,63.3,94.4,115.6,,87.8,66.5,74.1,81.7,77.0,76.1,79.8,87.8,114.1,,,84.9,84.1,84.8,123.7,112.2,77.9,112.7,159.6,159.6,,,100.9,90.2,99.3,82.6,103.9,77.9,84.9,,107.7,102.3,101.0,125.1,102.6,106.1,110.8,102.2,99.5,102.0,93.3,96.3,85.1,83.6,76.5,106.0,70.3,126.2,114.8,118.8,,,,87.1,73.8,,,,,81.8,91.6,,124.8,115.3,108.5,106.9,119.1,74.2,108.7,101.7,104.4,107.8,109.3,98.3,121.4,136.7,108.7,,,106.7,97.2,128.0,105.3,114.7,,,94.0,86.6,102.6,,95.9,88.8,130.0,98.7,101.4,100.3,79.6,75.5,78.4,123.5,100.6,100.0,100.0
199712,103.4,98.1,104.5,117.6,118.0,118.6,118.3,104.0,95.5,94.3,100.0,,96.9,102.0,91.1,97.2,95.6,100.0,,106.8,91.6,112.2,104.1,108.5,113.6,116.8,84.5,,130.1,89.1,102.2,94.0,116.8,115.6,95.2,113.2,133.9,83.4,95.4,105.3,101.7,106.0,94.5,100.1,103.7,113.3,117.0,,94.4,92.4,93.9,96.5,96.5,97.1,99.3,96.6,90.2,103.8,93.0,92.4,89.7,109.1,94.2,91.3,86.9,82.4,95.6,99.4,97.3,82.8,,100.3,100.7,98.7,71.3,106.8,103.6,98.5,113.0,87.6,85.7,91.4,99.1,99.1,88.8,82.3,59.7,59.8,52.3,74.6,83.2,77.9,114.5,,86.9,65.4,72.6,63.0,66.5,74.8,79.6,87.4,102.4,,,85.8,85.7,124.0,130.8,95.2,79.3,108.7,171.2,166.7,,,100.7,89.6,97.2,81.7,103.5,76.7,84.3,,107.9,102.7,101.0,125.2,102.2,106.0,111.0,102.3,97.6,101.4,92.9,96.0,77.3,75.4,74.0,97.4,64.1,130.5,111.8,96.6,,,,,74.6,,,,,80.1,87.5,,124.2,114.2,108.1,105.7,117.2,74.2,108.3,101.7,103.8,107.8,108.6,98.8,121.2,135.4,108.3,,,105.9,98.3,129.0,104.2,113.1,,,93.8,85.8,102.9,,95.9,88.2,130.4,98.5,100.2,99.7,79.6,74.9,78.0,124.3,100.8,100.6,100.0
199801,103.3,99.7,104.2,117.5,118.0,118.5,118.3,104.2,94.9,94.0,98.9,,97.0,101.8,91.4,96.9,96.0,100.2,,105.6,91.5,110.7,105.8,111.4,115.0,127.5,96.5,,139.5,92.3,108.4,96.1,121.7,118.5,108.7,112.1,136.2,84.3,93.8,107.3,102.2,107.3,94.2,100.0,105.9,113.1,116.8,,94.4,92.3,94.3,96.4,96.4,97.3,99.3,95.6,91.1,103.1,93.3,92.8,89.8,110.7,94.4,91.3,87.2,82.5,95.7,99.5,97.5,82.8,,97.0,100.7,98.6,71.3,106.6,103.8,98.3,113.4,87.6,85.5,92.0,84.4,84.4,99.2,98.6,70.1,102.8,67.5,84.8,98.5,100.9,114.4,,96.2,64.9,77.1,85.0,71.1,77.0,80.9,94.0,100.4,,,99.5,93.5,156.8,147.5,106.1,127.9,118.1,193.6,168.7,,,100.7,89.7,97.2,81.4,103.8,77.3,84.3,,107.9,102.7,101.0,125.1,102.2,106.2,111.5,102.3,96.5,101.7,92.6,95.6,87.8,86.3,74.5,97.5,65.4,120.3,105.5,87.5,,,,,,,,,122.2,81.9,87.1,,122.8,113.5,108.1,106.4,118.0,74.4,108.3,101.7,103.4,107.8,108.6,97.9,121.8,135.6,108.7,,,107.6,98.9,125.6,104.8,112.9,,,93.7,87.1,102.5,,96.0,88.2,128.7,97.2,100.8,99.6,79.6,75.3,78.3,124.1,100.7,100.9,100.1
199802,103.2,100.2,104.1,117.2,117.7,118.4,118.2,104.2,94.9,94.0,98.9,,96.8,101.8,91.1,97.0,95.7,99.6,,107.3,91.5,112.9,104.7,109.5,114.4,117.7,92.2,,128.5,92.0,105.4,94.1,119.1,115.2,110.0,112.9,138.7,83.8,86.6,107.3,102.3,107.6,94.3,100.0,106.1,112.9,117.1,,94.3,92.0,94.0,96.5,95.3,97.3,97.3,94.0,90.7,103.7,93.1,92.6,89.6,108.3,94.4,91.9,87.3,82.2,95.6,99.6,96.9,82.8,,98.8,100.6,98.6,71.4,106.7,103.6,98.1,112.6,88.1,86.1,91.8,93.0,93.0,101.9,103.0,84.7,107.5,83.1,85.4,133.2,115.3,115.0,,96.9,65.2,78.7,99.6,68.7,77.9,83.4,91.8,96.6,,,108.0,92.9,143.5,165.0,107.1,143.5,116.6,176.0,148.6,,,100.7,89.9,97.7,82.2,103.5,77.1,85.2,,108.0,103.2,101.0,124.8,102.1,106.6,111.1,101.8,97.3,100.1,92.9,96.2,93.8,92.6,70.9,93.5,66.3,116.4,106.3,85.0,,,,,,,,,126.6,82.8,83.9,,122.7,113.0,108.3,106.1,117.8,74.4,108.5,101.7,103.8,107.8,108.9,99.2,121.5,135.2,109.2,,,105.9,98.7,130.2,104.8,112.7,,,94.1,87.1,102.8,,95.9,88.1,129.9,98.3,100.8,99.6,79.4,77.5,78.6,123.5,100.8,100.8,100.1
199803,103.6,100.7,104.0,116.8,117.2,118.0,117.8,104.3,95.0,94.3,98.7,,97.0,101.6,91.7,98.0,95.6,100.2,,107.6,91.3,113.4,105.1,110.7,113.7,119.3,98.8,133.5,131.9,93.5,103.2,93.0,118.0,111.7,118.7,112.2,138.1,83.7,79.5,103.8,101.9,106.7,93.6,101.0,106.1,112.8,116.6,,94.3,92.0,94.2,96.1,94.6,97.3,95.2,94.2,91.1,102.3,93.1,92.6,89.7,109.3,94.5,91.7,87.3,82.2,95.2,99.6,96.0,82.9,,98.2,100.6,98.4,71.5,106.4,104.0,98.0,113.2,87.9,87.0,91.9,90.5,90.5,102.4,103.6,101.5,81.4,147.7,81.5,138.8,108.4,114.1,,93.9,66.6,78.0,130.0,69.7,78.5,87.4,92.2,94.3,,,109.1,87.9,146.4,139.0,117.8,131.7,101.4,134.5,119.4,,,100.8,89.8,97.5,82.1,103.5,77.1,85.0,,107.8,102.9,101.0,124.3,102.4,106.5,110.7,101.8,100.0,100.9,92.7,95.9,104.5,103.8,70.3,91.9,73.8,112.0,107.9,83.6,,,,,,,,,138.5,88.2,84.8,,122.8,113.3,108.5,106.6,118.3,74.5,108.7,101.7,104.5,108.1,108.7,98.5,121.0,137.0,110.5,,,107.2,98.6,128.8,104.7,112.3,,,94.1,88.0,103.2,,95.9,88.1,128.4,98.0,99.0,100.3,79.0,77.7,78.7,124.3,100.5,100.3,100.0
199804,103.8,100.6,104.1,116.7,117.1,117.7,117.8,104.2,95.0,94.3,98.6,,97.3,102.3,92.1,98.1,95.8,100.4,,108.5,91.3,114.5,104.9,109.8,112.7,114.5,92.2,126.1,120.7,93.8,98.5,92.5,111.7,109.3,123.8,110.4,139.0,83.2,,101.4,101.9,106.1,93.6,101.0,106.0,112.9,116.2,,94.7,93.2,94.0,96.4,95.7,97.3,96.9,95.4,91.6,104.0,93.0,92.5,90.0,109.7,94.2,90.9,86.9,81.6,95.2,99.6,95.8,83.1,,97.3,100.5,98.2,71.8,106.1,104.2,98.0,113.7,87.5,87.1,92.0,86.3,86.3,103.5,105.4,140.9,78.9,165.2,82.0,117.7,130.5,111.9,,96.1,75.1,77.9,148.7,85.3,89.6,89.3,94.1,94.2,,,102.6,85.3,109.5,120.7,117.3,102.5,100.9,119.9,108.4,,,101.0,89.7,100.5,82.1,103.4,76.2,85.2,,107.9,103.1,101.1,124.4,103.1,106.3,111.4,102.1,104.6,101.3,92.2,95.8,97.4,96.4,,94.0,,111.1,103.8,82.3,,,,,,,,,101.0,91.2,88.6,,121.0,111.9,108.2,105.4,116.9,73.9,108.5,101.7,104.3,107.6,108.6,98.4,120.3,138.0,109.4,,,105.8,99.2,124.6,105.5,114.3,,,94.3,88.6,103.2,,96.1,87.9,129.4,98.3,100.5,100.4,79.4,78.3,78.3,124.2,100.7,100.9,100.1
199805,104.1,101.6,104.1,116.6,117.0,117.6,117.5,104.3,95.1,94.4,98.8,,97.2,101.7,92.4,98.0,95.6,100.1,,109.4,91.2,115.7,105.2,111.0,112.7,113.0,93.0,127.3,123.2,99.3,97.0,92.0,109.3,108.1,126.4,111.1,139.3,83.1,,102.0,101.6,105.7,93.7,100.0,104.8,113.1,117.5,,94.3,92.8,94.0,95.7,94.5,97.7,94.5,93.3,91.6,104.0,93.1,92.6,89.6,109.8,94.3,91.4,87.1,81.9,95.2,99.9,95.4,83.3,,96.9,100.6,98.2,71.9,106.1,104.6,98.3,114.5,87.9,87.2,92.0,84.0,84.0,109.0,113.7,197.1,93.8,196.2,105.0,124.4,135.4,112.8,,100.0,87.8,102.3,143.2,141.2,99.3,85.1,98.8,96.7,,,101.4,82.9,102.8,121.0,96.5,93.0,124.0,118.9,109.2,,,101.2,89.7,100.7,82.8,103.3,76.8,84.9,,107.9,103.1,100.8,124.5,103.5,106.6,111.0,102.9,104.6,103.1,92.4,96.0,106.2,105.5,,98.6,,110.7,108.0,85.0,,,,,,,142.8,121.7,105.5,100.5,93.6,,122.8,112.7,108.3,105.7,117.3,74.0,108.6,101.7,104.8,108.1,108.7,98.1,120.2,137.2,107.8,,,106.8,98.3,127.0,103.9,115.2,,,94.1,88.6,103.4,,96.1,87.2,129.4,98.7,100.6,100.0,79.4,77.0,78.5,124.2,100.6,101.4,100.1
199806,103.7,100.5,104.1,116.7,117.1,117.9,117.5,104.4,95.2,94.4,99.0,,97.1,102.2,92.1,97.3,95.6,99.8,,108.4,91.0,114.5,103.8,108.2,112.6,107.5,90.4,104.9,128.6,98.0,94.2,94.3,108.5,110.1,121.1,110.0,138.7,82.8,,101.2,101.6,107.4,93.5,99.0,104.5,113.6,115.7,,94.3,92.7,93.7,95.8,95.8,97.5,97.6,94.6,91.6,103.3,93.0,92.5,89.6,109.1,94.4,91.7,86.9,82.0,95.3,100.1,95.5,83.5,,95.6,100.5,98.2,71.9,106.1,104.2,98.6,113.6,87.5,87.0,92.6,79.2,79.2,100.5,100.5,101.1,96.6,133.6,102.4,97.4,114.1,112.1,,112.9,98.6,123.5,91.9,159.1,112.6,92.8,148.3,95.6,,,77.9,93.0,78.6,114.6,87.8,82.2,114.6,118.6,106.4,,,101.1,90.0,100.8,82.1,103.4,77.7,85.2,,107.8,102.7,100.7,125.0,103.3,106.2,110.5,102.7,105.1,102.3,92.6,96.4,108.2,107.6,,105.7,,115.4,110.8,94.4,,,141.8,,,,111.0,103.0,,110.3,93.1,,122.4,111.7,108.0,105.7,116.8,75.0,108.3,101.7,103.8,107.6,108.2,98.2,120.0,137.0,108.5,,,105.7,98.9,129.6,104.7,112.4,,,93.9,87.4,103.5,,96.0,87.1,128.7,98.6,101.0,100.3,79.4,75.4,77.9,123.9,100.7,101.5,100.0
199807,103.1,99.3,104.3,117.2,117.6,118.3,117.8,104.5,95.2,94.3,99.0,,97.2,102.0,92.1,97.1,95.6,100.5,,108.7,90.8,115.0,102.8,106.5,111.8,106.3,88.1,95.3,136.4,97.3,93.5,93.4,108.7,109.3,111.4,109.3,139.7,82.4,,103.2,101.4,106.7,93.4,99.1,103.9,113.7,117.0,,94.3,92.8,93.0,96.2,96.1,97.6,98.5,94.0,92.0,103.0,92.8,92.4,89.6,107.9,94.8,92.3,86.5,82.8,95.1,99.9,95.2,83.2,,95.5,100.7,98.2,71.8,106.1,104.9,101.0,113.7,88.2,87.2,93.0,77.8,77.8,94.3,90.7,79.0,104.7,108.0,96.4,81.2,112.5,113.7,,134.4,98.4,109.5,90.0,119.7,109.4,95.3,183.5,92.9,,,66.0,87.1,77.2,82.2,76.6,64.5,121.6,113.6,100.1,,,101.2,89.9,97.7,82.5,103.3,77.8,85.3,,108.2,103.3,101.1,125.0,103.3,105.9,110.8,102.5,104.0,103.5,92.7,96.5,97.3,96.2,,,,122.7,108.0,118.1,,,99.8,137.8,,111.4,87.3,83.0,,106.7,92.7,,122.4,111.3,108.0,105.8,117.0,74.6,108.3,101.7,104.2,107.7,108.1,97.8,121.6,135.9,108.3,,,106.3,100.0,124.9,104.5,113.6,,,94.2,87.4,103.7,,96.0,87.7,129.3,97.8,101.6,100.7,79.2,77.8,78.0,124.3,100.7,101.2,100.2
199808,103.0,99.3,104.2,117.2,117.6,118.4,118.0,104.7,95.1,94.4,98.6,,97.1,102.0,92.1,97.1,95.4,100.4,,108.3,90.8,114.4,105.1,110.6,112.1,108.9,87.0,95.3,148.1,97.2,92.9,153.7,112.0,110.9,109.1,110.2,140.6,84.0,,104.7,101.3,106.8,92.3,99.8,104.6,113.5,117.5,,94.4,93.3,92.9,96.3,96.4,97.6,98.5,94.7,92.4,103.2,92.9,92.5,89.3,109.1,94.9,92.0,86.9,82.8,95.1,99.6,95.3,83.6,,95.0,100.3,98.0,71.8,105.9,103.8,100.8,111.9,88.1,86.5,92.8,77.2,77.2,92.4,87.6,73.3,120.5,100.2,83.9,81.3,112.2,112.5,,113.7,92.6,92.5,94.3,96.0,102.1,97.7,135.9,92.7,,,64.8,84.5,81.3,69.3,77.2,56.4,119.3,111.1,101.9,,,101.2,89.9,97.5,82.6,103.3,78.0,85.1,,108.2,103.5,100.9,124.9,103.2,105.6,110.3,102.9,103.6,103.1,92.7,96.3,93.9,92.8,,,,127.4,112.4,126.6,,112.1,78.4,101.6,,95.5,80.1,85.4,,119.1,91.5,,121.7,110.9,107.8,106.4,117.8,74.9,107.9,101.7,103.7,107.2,108.0,97.4,120.7,138.5,106.9,,,105.3,99.9,126.4,104.2,112.5,,,94.1,88.5,103.4,,96.3,87.1,129.4,98.7,100.2,100.3,79.4,78.1,78.0,123.3,100.6,102.1,100.2
199809,103.8,100.7,104.3,117.6,118.1,119.0,118.4,104.7,95.0,94.3,98.6,,96.6,101.5,91.7,96.1,95.4,99.2,,108.2,90.6,114.3,105.9,111.4,112.3,114.0,91.1,99.8,143.7,92.5,96.1,141.0,110.5,107.1,107.0,109.1,140.8,83.8,,103.2,101.8,109.4,92.8,99.8,103.0,113.7,116.7,,93.9,92.6,92.4,95.9,98.1,98.0,101.1,93.6,95.7,104.0,92.9,92.5,89.4,107.6,95.2,92.3,87.0,83.2,94.8,99.5,94.8,83.7,,98.0,100.6,98.2,71.9,106.1,104.4,100.7,113.0,88.5,87.1,92.8,89.1,89.1,102.5,103.5,89.4,139.4,149.6,91.0,148.9,127.2,113.2,,102.4,79.8,87.7,124.0,108.3,103.9,100.0,96.9,92.6,,,81.1,77.6,101.9,88.6,89.4,62.2,125.0,129.0,122.4,,,101.1,90.1,97.2,81.9,103.7,78.7,85.4,,107.9,102.7,100.8,125.2,103.2,105.6,111.4,102.5,104.1,102.5,92.9,96.2,99.0,98.1,,,195.6,128.4,112.9,130.7,,88.8,83.1,86.2,,102.5,,,,112.1,89.6,,121.4,110.1,107.8,105.5,117.0,74.1,108.0,101.7,104.4,107.8,107.6,97.4,121.2,135.6,107.7,,,105.3,98.4,123.5,105.4,113.7,,,94.2,88.4,103.6,,96.6,87.8,128.5,98.6,100.2,100.0,79.5,78.2,78.2,123.6,100.6,101.6,100.0
199810,104.5,103.2,105.9,121.0,121.7,123.6,120.8,104.7,95.0,94.3,98.6,,96.8,101.9,91.4,96.8,95.3,100.1,,107.1,90.6,112.8,104.9,109.5,112.1,120.5,93.9,96.2,144.4,90.3,94.9,126.5,109.3,106.2,106.2,110.6,142.5,83.9,102.8,106.2,101.9,109.5,92.9,100.7,101.8,115.1,116.3,,94.0,92.2,92.5,96.3,98.1,97.9,101.1,93.8,95.6,102.7,92.8,92.4,89.5,107.6,95.0,91.9,87.4,82.3,94.6,99.5,94.3,83.6,,98.4,100.5,98.1,72.0,105.9,104.3,100.8,113.1,87.5,86.9,92.6,91.6,91.6,118.9,129.5,118.1,163.8,161.1,130.3,252.7,141.0,114.0,,94.3,77.0,84.2,137.2,125.2,104.2,90.6,85.6,95.3,,,108.8,77.1,132.0,159.1,116.8,96.2,125.2,148.6,158.7,,,101.1,89.9,97.7,82.6,103.3,77.7,85.3,,107.8,102.8,100.4,125.0,103.4,105.6,111.2,102.6,104.4,103.2,93.0,95.7,111.5,111.0,97.7,,107.1,143.5,118.3,125.1,,102.9,88.5,99.7,104.5,,,,,103.8,92.7,,122.2,111.4,107.8,105.9,117.8,73.6,108.0,101.7,104.5,106.7,108.0,98.1,120.9,133.4,109.0,,,107.1,98.9,121.4,105.9,113.4,,,94.2,88.4,103.8,,96.5,87.6,129.1,98.0,99.4,99.6,80.1,78.2,78.1,123.8,100.7,101.6,100.3
199811,104.4,102.9,106.2,122.3,122.8,124.8,121.8,104.6,95.0,94.4,98.3,,96.6,101.6,91.7,96.6,95.5,98.8,,105.7,90.4,111.1,104.4,108.6,112.5,109.1,98.6,,136.6,92.0,96.0,128.0,107.8,105.7,109.0,108.7,140.8,83.4,98.6,102.7,102.1,110.5,92.9,100.1,102.4,113.9,115.7,,93.6,92.0,92.6,95.6,98.5,98.1,102.1,92.3,96.1,103.0,93.1,92.7,89.9,109.8,94.8,91.5,87.6,82.5,94.7,99.6,94.4,83.9,,98.3,100.7,98.4,72.1,106.3,104.3,100.7,113.0,88.3,87.1,92.6,90.3,90.3,118.6,128.7,191.3,117.2,167.1,134.4,199.1,123.2,113.5,,99.2,75.9,76.9,126.0,146.2,106.1,85.9,80.7,98.9,,,102.1,88.1,139.0,160.8,136.5,111.4,108.2,162.4,168.4,,,101.5,89.8,96.5,81.6,103.7,77.6,85.4,,108.0,103.2,100.6,125.2,104.2,105.5,111.7,102.9,108.0,104.5,93.1,96.1,105.4,104.7,88.9,127.6,94.6,159.2,122.7,124.8,,,,123.5,87.8,,,,,94.2,91.1,,122.0,111.8,108.0,105.3,116.7,74.2,108.3,101.7,104.8,107.8,108.1,97.2,121.0,134.0,108.5,,,107.1,98.5,121.9,105.3,114.7,,,94.5,88.2,103.3,,96.5,87.5,129.9,98.7,99.2,99.6,83.8,78.9,78.3,123.8,100.6,101.9,100.2
199812,104.0,101.5,106.2,122.2,122.7,124.6,121.8,104.2,95.0,94.4,98.2,,96.6,101.5,91.4,97.1,95.3,99.5,,106.1,90.5,111.6,104.3,108.2,112.8,109.5,91.4,,128.2,91.5,96.6,120.2,108.7,106.5,107.2,109.8,138.2,83.1,96.0,105.7,102.3,111.5,92.4,101.3,102.2,113.9,116.0,,93.7,92.0,92.4,95.9,99.3,97.6,103.9,93.5,96.2,103.2,93.1,92.7,89.6,110.7,94.4,91.0,88.0,82.2,94.8,99.6,94.6,83.8,,100.3,100.2,98.0,72.2,105.8,103.7,100.7,111.7,88.1,86.9,92.5,100.7,100.7,107.5,111.1,190.8,81.1,126.5,118.0,140.7,110.7,112.8,,100.1,74.5,72.8,112.3,111.5,111.1,82.3,78.2,97.7,,,101.8,92.6,118.5,136.0,129.6,88.3,104.8,161.0,154.1,,,101.7,89.7,96.3,81.2,103.3,77.8,85.5,,107.7,102.8,100.3,124.9,105.0,105.3,111.7,104.1,111.5,106.2,93.0,96.0,103.7,102.9,83.0,114.1,98.5,140.0,124.0,112.7,,,,,93.8,,,,,85.8,92.2,,122.6,111.4,107.5,105.3,116.7,74.2,107.7,101.7,103.5,106.9,107.4,97.5,122.8,133.6,107.4,,,105.8,99.3,125.9,103.9,111.9,,,94.6,87.8,103.2,,97.2,87.6,129.9,98.1,99.4,99.4,86.5,80.0,78.3,124.1,100.8,102.2,100.2
199901,103.5,101.5,106.1,121.9,122.5,124.4,121.4,103.7,95.0,94.4,98.3,,96.7,101.6,91.3,97.4,95.2,99.8,,104.7,90.4,109.8,105.5,110.1,113.9,120.1,94.9,,132.8,95.1,101.3,118.1,110.8,108.3,118.0,109.6,139.3,83.6,94.2,104.1,103.2,112.1,93.3,102.4,105.1,113.7,116.3,,93.6,92.0,92.9,95.4,99.3,98.0,103.1,94.4,96.3,105.2,93.0,92.6,89.9,108.8,94.5,91.6,87.8,82.7,94.8,99.6,94.0,84.7,,97.5,100.7,98.2,72.3,106.1,104.9,100.7,113.9,87.2,87.2,92.7,86.3,86.3,102.5,103.3,157.1,72.4,105.7,112.3,103.4,106.6,113.3,,103.0,77.5,74.9,97.8,92.7,112.5,80.6,81.6,96.6,,,100.1,92.4,105.3,116.3,112.1,77.9,116.5,164.0,147.8,,,101.7,89.8,95.8,82.0,103.4,78.0,85.4,,107.5,102.4,99.9,125.7,105.1,105.6,113.2,103.7,110.5,106.6,92.9,95.9,112.5,112.1,83.0,113.3,104.7,129.9,136.8,105.5,,,,,,,,,139.8,84.5,88.4,,121.7,111.1,107.8,105.8,117.7,73.4,108.0,101.7,104.2,107.3,107.2,96.3,121.0,133.7,107.6,,,106.2,98.1,126.6,105.4,113.8,,,95.3,85.3,103.0,,97.0,88.3,129.9,97.7,99.7,99.0,98.9,80.4,77.2,123.3,100.8,101.7,100.2
199902,103.1,100.9,106.2,122.1,122.6,124.5,121.7,103.8,95.0,94.4,98.3,,96.6,102.3,91.6,97.3,95.2,98.9,,105.7,90.3,111.1,104.4,108.2,112.9,110.4,86.6,,129.4,96.8,99.2,117.7,108.5,107.5,110.5,108.2,139.1,85.1,88.7,106.4,103.1,113.4,92.7,101.7,103.9,113.4,115.6,,93.5,92.0,92.5,95.3,99.1,98.3,102.1,94.9,96.9,105.2,93.2,92.8,90.1,110.5,94.4,91.3,87.9,83.2,94.9,99.6,94.4,84.9,,98.6,100.5,98.2,72.4,106.0,104.3,100.7,112.7,87.8,87.1,92.8,92.2,92.2,97.7,95.7,130.6,58.9,97.1,110.9,83.8,91.4,112.8,,100.9,81.9,72.0,98.8,88.4,112.7,79.5,79.4,93.1,,,93.9,79.7,102.4,115.3,103.8,84.4,105.9,145.8,136.2,,,101.6,89.7,98.1,81.6,103.2,77.5,85.3,,107.8,102.8,100.3,125.4,104.7,105.6,112.5,103.3,110.3,105.7,92.4,95.7,112.0,111.5,83.2,113.9,106.6,120.7,145.9,104.4,,,,,,,,,125.9,93.9,87.2,,122.2,111.3,107.5,105.8,117.3,74.3,107.7,101.7,103.4,106.9,107.2,98.1,121.6,135.4,106.9,,,106.2,98.7,125.6,104.3,112.4,,,95.5,85.3,102.8,,97.0,88.2,129.5,98.7,99.4,99.4,98.9,81.9,78.3,123.0,100.8,101.7,100.1
199903,103.2,100.4,106.1,121.9,122.5,124.4,121.7,103.6,95.1,94.5,98.3,,96.6,101.4,91.8,97.7,95.3,98.8,,106.5,90.3,112.3,105.0,109.0,112.4,110.8,85.5,129.6,131.1,97.1,99.4,117.3,107.9,107.4,121.7,107.8,135.9,85.0,82.6,104.9,102.9,114.0,92.4,101.6,102.2,113.7,115.9,,93.5,92.0,92.4,95.4,100.0,98.5,103.8,96.1,97.1,105.3,93.1,92.7,90.1,110.7,94.0,90.9,87.9,82.2,94.9,99.6,94.3,84.8,,98.5,100.5,98.2,72.4,106.0,104.1,100.5,112.6,87.5,87.3,92.0,92.1,92.1,93.5,89.0,107.6,46.0,98.0,105.1,66.6,73.7,113.2,,100.8,83.4,71.5,104.0,98.9,113.4,79.0,79.1,89.3,,,90.4,71.7,101.7,115.0,94.6,73.0,96.3,123.6,113.8,,,101.7,89.8,96.4,81.9,103.3,78.0,85.4,,107.9,102.7,100.4,126.4,104.7,105.8,113.2,103.0,109.8,105.5,92.7,95.3,109.6,109.1,84.3,114.7,108.8,120.0,150.1,100.7,,,,,,,,,110.0,104.7,89.0,,122.6,112.1,107.6,105.7,117.0,74.2,107.9,101.7,104.0,107.8,107.4,97.4,119.7,130.0,105.3,,,105.9,98.8,126.3,105.0,114.4,,,95.3,85.2,102.2,,96.9,88.2,130.0,98.6,99.4,99.9,98.9,81.4,77.6,123.3,100.6,101.0,100.2
199904,103.7,101.0,106.1,121.5,122.1,123.9,121.7,103.6,95.1,94.7,98.0,,96.8,101.6,92.6,96.8,95.3,99.6,,107.5,90.6,113.4,106.2,111.3,112.1,109.9,84.0,135.6,129.4,99.7,97.3,116.0,105.6,107.7,134.1,108.6,135.3,83.9,,104.5,103.2,115.0,92.6,100.9,102.7,113.1,116.7,,94.0,92.6,92.7,95.9,99.0,98.7,101.8,93.6,97.3,105.8,92.5,92.0,89.8,106.6,93.8,90.5,87.8,82.0,94.7,99.5,94.3,84.3,,98.3,100.5,98.2,73.1,106.0,104.0,100.5,112.3,87.9,87.7,92.3,91.2,91.2,98.4,96.7,106.8,72.7,110.4,92.1,91.2,108.2,112.5,,99.4,93.2,71.4,122.6,115.2,115.7,77.7,82.7,90.4,,,91.3,69.0,100.0,111.5,98.3,77.4,104.8,111.7,101.9,,,101.8,89.7,97.9,81.6,103.3,77.7,85.5,,107.9,102.7,100.9,125.1,105.0,106.2,113.6,103.0,110.0,106.1,92.6,95.8,108.2,107.6,,118.1,,109.4,151.8,94.9,,,,,,,,,105.1,98.9,90.3,,122.8,112.5,107.9,105.4,117.2,73.5,108.2,101.7,104.5,105.6,107.3,97.9,120.8,134.1,108.4,,,106.8,98.9,128.0,105.3,113.6,,,95.4,85.8,102.2,,97.3,87.6,125.1,99.0,100.6,99.9,99.6,82.2,77.9,123.7,100.6,100.9,100.1
199905,103.7,100.9,106.0,121.2,121.7,123.5,121.4,103.6,95.2,94.9,98.0,,96.9,101.7,92.9,97.1,95.1,99.8,,107.5,90.6,113.5,104.7,108.5,111.3,105.2,83.4,124.1,123.0,98.0,94.6,114.6,101.3,106.1,127.0,107.2,134.9,82.9,,101.4,103.1,115.2,92.8,101.3,101.4,112.3,115.4,,93.5,91.8,92.6,95.5,99.9,98.7,102.8,94.8,98.1,105.6,92.5,92.0,89.8,106.5,93.9,90.8,87.9,82.2,94.9,99.8,94.5,84.3,,99.6,100.6,98.3,73.4,105.9,104.3,100.5,112.9,87.4,87.7,92.3,96.2,96.2,95.1,91.4,79.1,75.9,101.8,91.1,67.8,107.1,113.2,,103.5,105.1,92.5,101.8,123.1,116.0,78.3,86.4,94.4,,,85.0,76.7,76.2,98.9,90.7,69.9,108.7,114.1,108.7,,,102.0,89.9,95.7,82.5,103.3,78.0,85.9,,107.8,102.9,100.5,125.1,105.4,107.3,113.8,102.8,109.4,107.6,92.6,96.0,117.8,117.6,,127.6,,110.9,146.6,96.5,,,,,,,151.7,134.0,108.6,98.3,90.3,,124.1,114.4,107.9,105.3,117.3,72.9,108.2,101.7,103.9,107.6,107.0,97.4,121.5,133.8,106.6,,,107.3,98.7,129.5,104.3,113.6,,,95.5,86.1,102.1,,97.4,87.8,126.4,99.4,101.2,99.5,99.2,82.2,78.0,123.1,100.5,101.9,100.1
199906,103.4,99.9,105.5,120.4,120.9,122.6,121.0,103.5,95.0,94.6,97.8,,96.6,101.3,92.3,96.2,95.3,98.8,,107.7,90.3,113.8,103.5,106.4,111.4,99.7,82.1,107.6,124.8,101.9,90.7,115.3,99.0,109.1,116.9,107.1,134.1,82.8,,103.1,103.2,115.5,93.6,101.6,100.6,112.6,114.3,,93.5,91.8,92.6,95.4,99.9,98.7,103.8,94.5,97.3,104.6,92.2,91.6,89.8,104.1,94.0,90.7,87.7,82.1,94.7,99.8,94.2,84.2,,97.8,100.2,98.0,73.4,105.5,103.7,100.4,111.7,88.3,87.4,92.0,89.6,89.6,89.8,83.3,60.3,77.2,87.9,81.9,55.0,95.3,112.5,,116.3,96.7,118.7,90.5,102.1,104.5,77.1,131.7,95.3,,,65.8,93.7,72.3,90.5,77.5,62.3,106.6,106.7,95.3,,,101.5,89.6,96.2,81.6,102.8,77.7,85.6,,107.4,102.5,99.6,125.1,104.9,106.5,113.4,102.3,108.6,108.1,91.7,95.1,113.8,113.3,,141.0,,122.2,151.0,97.7,,,148.7,,,,108.1,100.7,,99.7,93.1,,123.7,114.4,107.7,105.8,117.3,74.3,107.9,101.7,104.1,105.6,106.9,97.9,121.3,136.9,107.3,,,105.6,99.4,125.6,105.0,113.7,,,95.7,86.2,102.9,,97.2,88.1,124.9,98.6,101.4,99.6,99.2,82.4,78.3,123.8,100.7,100.6,100.1
199907,103.0,99.6,105.4,120.3,120.8,122.3,120.8,103.5,95.1,94.9,97.7,,96.4,101.1,92.6,96.3,95.1,98.2,,106.7,90.4,112.5,102.5,104.7,112.6,106.9,79.5,95.5,138.1,100.0,92.7,115.4,100.2,114.0,100.6,104.9,133.0,82.2,,102.6,103.4,115.7,93.9,99.9,103.3,111.9,114.0,,93.4,91.7,92.3,95.5,100.0,98.8,103.7,94.5,97.9,104.1,92.1,91.5,89.7,104.0,94.1,91.1,87.4,81.9,94.7,99.7,94.2,84.2,,97.3,100.2,97.9,73.5,105.4,103.9,100.5,112.1,87.9,87.3,92.0,87.4,87.4,93.4,89.0,78.5,114.4,100.4,87.2,75.4,96.9,113.1,,142.7,89.0,128.0,89.2,92.6,96.4,75.1,176.7,92.8,,,75.8,90.1,89.8,93.7,73.6,69.6,109.1,114.1,93.5,,,101.6,89.9,95.6,81.8,103.1,78.7,86.1,,107.5,102.6,99.7,125.2,104.7,105.9,112.9,102.3,107.2,108.6,92.2,96.1,98.1,97.1,,,,130.1,154.8,97.0,,,118.1,148.9,,113.9,77.1,83.3,,98.2,93.6,,124.1,115.5,107.8,105.0,116.4,73.4,108.1,101.7,104.3,107.1,106.5,96.6,122.3,138.4,107.6,,,106.3,100.0,126.6,105.5,112.0,,,95.6,86.0,102.4,,97.2,88.2,125.0,99.1,101.3,100.1,98.5,82.6,78.3,123.1,100.6,100.6,100.1
199908,103.3,100.8,105.4,120.4,120.9,121.8,120.9,103.5,95.1,95.0,97.6,,96.5,100.8,91.9,97.1,95.2,99.0,,107.5,90.3,113.6,106.3,111.1,114.4,124.4,83.5,106.5,146.5,101.5,94.8,172.6,103.9,116.5,98.3,104.2,132.5,82.5,,105.1,103.5,117.3,94.7,98.2,101.3,112.1,113.4,,93.4,91.6,92.1,95.6,100.6,98.5,105.9,94.5,96.7,105.5,92.2,91.7,89.5,105.9,94.3,90.7,87.7,81.9,94.6,99.7,93.9,84.2,,97.7,100.2,97.9,73.6,105.5,103.8,100.3,112.3,88.5,87.1,90.8,89.0,89.0,101.2,101.2,129.0,145.5,201.3,87.8,134.3,101.6,113.7,,126.0,86.9,128.0,135.7,95.7,90.4,75.1,137.2,93.9,,,86.8,85.5,94.0,80.3,82.2,67.9,122.9,111.1,93.5,,,101.6,89.7,96.0,80.5,102.9,78.4,85.9,,107.7,103.1,99.8,124.6,104.8,106.0,112.6,102.1,110.5,106.7,92.2,96.3,97.5,96.3,,,,129.3,151.6,98.6,,120.9,83.5,116.2,,102.8,79.0,80.8,,93.8,94.9,,123.8,116.0,107.3,105.0,116.2,74.0,107.7,101.7,103.2,106.2,106.2,98.5,122.8,135.2,106.9,,,105.4,100.5,124.8,106.5,112.0,,,95.5,86.2,103.5,,97.2,87.5,124.9,97.9,102.0,99.4,98.9,82.2,78.0,123.6,100.7,99.5,100.1
199909,103.6,100.8,105.1,119.8,120.3,121.2,120.0,103.4,95.0,94.9,97.5,,96.4,101.0,91.8,97.5,95.3,98.0,,107.1,90.3,113.0,105.1,109.4,114.9,117.1,86.5,92.7,134.7,95.4,94.0,144.5,102.2,110.8,94.3,104.8,133.3,83.0,,103.8,103.0,115.6,95.7,97.7,100.2,111.8,111.4,,92.9,91.0,92.0,95.1,100.4,98.7,105.5,94.7,96.7,103.5,92.2,91.7,89.1,106.8,94.0,91.1,87.2,82.1,94.5,99.6,93.9,84.0,,99.8,100.4,98.2,73.7,105.8,103.8,100.1,112.4,87.4,86.5,92.3,97.8,97.8,100.7,100.5,117.1,135.7,165.1,89.0,100.2,107.9,114.1,,101.9,80.4,93.4,127.3,117.1,87.1,74.7,92.2,100.9,,,81.0,81.1,88.2,77.6,100.3,72.0,112.4,117.8,110.0,,,101.7,89.5,94.3,80.4,102.9,77.7,86.3,,107.7,102.9,99.9,125.4,105.2,105.9,112.6,102.5,111.8,107.3,92.3,97.1,100.5,99.6,,,193.6,128.6,145.3,99.9,,96.1,78.4,85.0,,100.8,,,,94.3,94.2,,121.8,116.1,107.7,105.2,116.8,73.8,108.0,101.7,104.6,105.9,106.2,96.7,120.9,132.5,106.2,,,105.9,98.9,129.0,106.3,114.3,,,95.5,86.2,102.9,,97.6,87.7,125.0,98.6,101.8,99.2,98.3,82.3,78.0,123.1,100.6,99.6,100.1
199910,103.8,101.0,104.3,118.0,118.5,119.0,118.6,103.3,95.0,95.0,97.3,,96.2,101.0,92.1,97.5,95.1,97.3,,107.7,90.2,113.8,104.2,107.9,115.4,107.8,91.9,100.7,135.6,93.2,93.9,134.0,101.2,106.1,99.4,104.9,133.4,83.6,104.0,106.2,102.9,113.6,95.9,98.0,101.9,111.9,112.4,,93.1,91.0,92.1,95.5,99.2,98.2,103.2,95.4,95.7,103.2,91.8,91.3,89.1,104.7,94.0,90.8,87.1,82.5,94.3,99.2,93.8,83.9,,99.5,100.1,98.0,73.8,105.5,103.3,100.1,111.1,88.1,85.9,93.0,97.3,97.3,103.8,105.3,108.6,112.0,130.5,103.7,119.0,102.2,113.7,,92.1,77.1,81.7,109.8,91.3,83.6,80.0,79.5,102.0,,,103.7,74.1,107.6,108.1,123.6,83.4,112.4,126.5,132.5,,,101.6,89.5,95.6,81.6,103.0,76.8,86.0,,107.7,103.0,99.7,125.4,104.9,105.4,112.5,102.6,110.2,107.3,92.0,97.1,101.5,100.7,97.8,,92.2,126.7,139.3,102.6,,93.1,81.5,85.9,95.3,,,,,98.0,93.9,,122.2,115.7,107.2,104.7,115.9,74.0,107.6,101.7,103.5,105.3,105.6,98.1,121.5,137.0,106.4,,,105.8,99.8,129.0,104.3,112.2,,,95.8,88.4,101.6,,98.0,88.1,125.4,99.5,103.1,99.3,98.8,83.0,77.9,123.1,100.8,99.0,100.1
199911,103.2,99.1,104.0,117.3,117.9,118.3,117.8,102.9,94.9,94.8,97.3,,96.2,101.2,91.8,97.5,95.1,97.5,,106.1,89.7,111.8,102.9,105.8,114.6,104.5,89.5,,125.2,91.5,96.6,136.8,98.8,108.5,96.0,103.2,131.1,83.6,96.4,104.6,103.2,114.0,96.1,97.2,103.1,111.3,111.6,,93.2,91.1,91.8,95.6,98.3,98.1,100.6,94.6,96.7,102.8,91.4,90.8,89.1,102.2,93.8,89.8,87.5,82.5,94.1,98.9,93.5,84.1,,99.3,100.3,98.1,73.9,105.7,103.8,100.1,112.7,86.8,87.1,90.9,96.0,96.0,92.3,87.3,72.5,66.5,84.1,75.7,87.1,88.3,113.1,,89.5,74.8,72.6,70.0,89.5,78.1,79.7,71.2,101.0,,,88.7,68.9,99.5,112.2,140.7,76.7,100.1,140.4,146.3,,,101.5,89.6,96.1,81.7,103.3,76.9,85.7,,107.7,102.7,100.0,125.4,104.6,105.4,112.9,102.2,108.4,107.3,92.4,96.2,91.5,90.2,81.6,116.7,74.1,134.2,133.0,102.9,,,,102.6,81.1,,,,,94.5,93.6,,122.0,114.8,107.3,104.7,116.4,73.0,107.7,101.7,103.5,105.6,106.0,97.7,123.0,135.1,107.4,,,106.0,97.1,127.9,104.8,113.6,,,95.8,88.5,102.6,,97.2,87.7,125.9,99.3,103.5,99.6,99.1,82.6,77.9,122.9,100.7,99.0,100.2
199912,102.9,98.1,103.8,116.8,117.3,117.9,117.2,101.9,94.9,94.9,97.1,,96.2,100.8,92.4,97.4,94.7,98.0,,106.2,90.0,112.0,103.7,107.2,114.7,109.3,87.8,,124.2,98.4,95.1,129.4,101.5,111.2,98.7,102.9,131.3,83.4,94.3,104.3,103.3,114.0,97.4,96.8,101.9,111.3,110.7,,93.0,91.0,91.7,95.6,98.2,97.9,101.2,94.5,95.7,102.9,91.5,91.0,89.2,103.3,93.5,89.9,87.7,82.4,93.9,98.2,93.5,83.9,,100.6,99.9,98.0,74.0,105.4,102.8,99.9,110.4,86.9,87.1,91.7,102.8,102.8,86.2,77.8,59.7,55.7,52.7,67.5,75.5,87.5,113.4,,88.0,72.5,69.9,60.1,70.2,76.3,79.4,66.7,90.1,,,86.1,65.7,99.6,118.7,118.6,60.9,102.4,136.3,129.8,,,101.2,89.3,96.7,81.8,102.7,77.7,84.9,,107.8,102.8,99.9,126.2,104.0,106.0,112.7,103.3,103.9,105.7,92.5,96.0,81.4,79.8,77.8,102.3,68.3,126.0,127.3,97.6,,,,,73.1,,,,,89.6,90.2,,122.2,115.5,107.0,104.6,115.9,73.7,107.2,101.7,103.6,106.0,105.5,97.7,122.0,135.5,105.3,,,105.0,98.0,127.4,104.9,112.5,,,95.8,89.7,102.5,,97.5,87.7,124.9,99.0,103.3,99.4,98.9,82.1,77.9,122.6,100.7,98.3,100.0
200001,102.8,99.1,103.6,116.6,116.9,117.7,116.9,101.6,95.0,94.7,97.3,,96.4,101.0,93.1,97.5,95.2,97.2,,104.3,89.6,109.4,104.4,108.5,114.6,114.7,90.1,,130.4,100.2,99.4,129.8,102.4,112.8,110.2,102.5,132.0,84.2,91.8,105.9,103.3,112.4,97.8,96.3,103.3,111.4,110.8,,93.3,91.1,92.2,95.6,97.2,96.6,98.2,94.4,96.2,104.9,91.6,91.0,89.6,103.6,94.0,90.4,87.0,82.8,94.0,98.6,93.6,83.7,,98.1,100.0,97.8,74.2,105.4,103.2,99.9,111.0,87.5,87.4,91.7,91.1,91.1,91.7,86.4,73.4,57.5,54.3,76.4,105.1,84.7,113.4,118.6,92.6,76.2,73.9,73.7,74.2,76.8,81.3,73.3,91.3,,,91.3,70.2,120.8,112.7,105.7,64.9,102.8,154.5,146.9,,,101.0,89.1,96.0,81.2,102.8,78.1,85.1,,107.9,102.7,99.9,127.1,103.6,105.0,111.9,103.4,101.9,105.0,93.0,96.5,92.9,91.5,83.7,104.0,67.6,123.7,123.8,96.7,140.2,,,,,,,,128.6,87.0,88.3,,123.6,116.3,106.8,105.1,116.3,73.9,107.0,102.0,102.4,105.1,105.2,97.3,120.7,134.8,106.8,,106.7,104.6,96.2,127.8,104.5,112.4,,,95.9,90.6,102.7,95.8,97.4,87.8,125.0,99.4,103.1,99.9,98.9,82.1,78.5,121.8,100.7,98.1,100.1
200002,102.5,98.8,103.7,116.7,117.0,117.8,117.0,101.7,95.0,94.9,97.2,,96.2,100.8,92.6,96.5,95.1,97.4,,105.8,89.7,111.5,103.7,107.7,113.0,114.0,92.6,,124.2,98.3,105.0,128.8,101.2,112.8,110.2,100.3,132.6,84.4,86.9,105.6,102.8,112.8,97.3,95.7,102.5,111.4,109.1,,93.0,91.0,92.0,95.4,96.7,97.0,97.6,94.5,95.5,105.2,91.4,90.9,89.3,104.0,93.4,90.2,87.1,82.8,93.8,98.2,93.5,83.8,,99.1,99.9,98.0,74.3,105.6,102.7,100.1,110.4,86.8,87.6,91.4,96.5,96.5,89.0,82.1,67.8,55.2,53.6,65.8,105.4,81.7,112.8,102.6,91.2,77.1,74.5,66.3,71.1,77.8,81.5,70.0,88.3,,,93.4,69.2,122.8,122.2,89.6,89.4,101.3,127.7,118.6,,,101.1,89.6,98.9,80.7,102.8,78.4,86.1,,107.7,102.7,99.7,126.2,103.7,105.5,111.4,102.6,102.3,105.1,94.5,95.4,94.2,93.0,83.5,102.8,68.7,113.4,113.2,97.5,114.6,,,,,,,,126.1,89.1,86.8,,122.8,115.3,107.0,104.6,115.5,74.3,107.2,101.9,103.0,104.7,105.2,98.2,122.5,136.1,106.3,,101.9,105.5,97.6,127.1,105.0,114.3,,,95.8,90.2,102.9,94.4,97.3,87.6,124.2,98.8,103.0,99.9,98.5,82.8,77.2,121.5,100.9,98.1,100.0
200003,102.7,98.8,103.6,116.6,116.9,117.7,117.0,101.6,95.0,95.0,97.0,,96.4,100.5,92.8,97.0,95.4,97.8,,105.0,89.9,110.2,104.0,108.3,111.9,112.4,86.4,120.3,126.8,96.6,109.6,129.5,101.9,111.0,112.9,99.2,130.4,83.5,80.6,103.9,102.3,111.2,97.8,94.5,101.7,111.6,109.3,,92.8,90.7,92.1,95.0,96.8,96.8,97.1,93.8,96.8,103.6,91.2,90.8,89.1,103.5,93.1,90.5,86.8,82.0,93.6,97.7,93.4,83.8,,99.9,99.6,97.7,74.5,105.1,102.5,99.9,110.2,86.8,87.1,90.6,101.5,101.5,91.8,86.5,93.1,58.7,69.0,67.1,119.6,86.6,112.6,98.9,95.7,84.2,80.4,91.3,79.6,81.8,82.5,71.0,87.6,,,93.9,66.6,99.5,111.4,86.6,78.8,101.6,118.4,110.5,,,101.1,89.9,96.9,80.7,103.6,78.1,87.5,,107.6,102.2,99.8,127.0,103.5,105.4,110.9,102.9,102.0,103.5,95.8,95.8,92.8,91.5,85.5,107.2,72.7,108.2,106.9,96.6,101.3,,,,,,,,113.9,91.1,85.2,,123.9,114.5,106.5,103.5,114.1,74.2,106.8,101.9,103.7,105.4,105.0,96.8,120.3,130.1,104.9,,105.1,104.7,97.0,124.8,105.7,113.5,,,95.8,91.0,102.1,94.7,97.6,88.0,122.8,98.8,102.4,99.9,98.1,82.7,77.6,123.1,100.8,97.1,100.0
200004,102.9,98.6,103.6,116.3,116.7,117.3,116.7,101.6,95.0,95.2,96.8,,96.5,100.6,92.9,96.3,95.5,98.2,,106.0,89.8,111.7,104.7,109.4,111.2,106.9,85.1,116.8,124.4,99.4,105.0,127.3,100.1,108.3,124.5,98.1,131.4,83.2,,106.0,102.3,111.7,99.1,93.1,100.9,111.2,107.6,,92.3,90.3,91.6,94.3,97.6,97.1,100.3,93.6,95.8,102.8,91.1,90.4,88.8,101.3,92.9,90.6,87.2,81.5,93.7,97.8,93.3,84.3,,99.5,99.8,97.7,74.8,105.1,103.0,99.9,111.1,86.8,87.1,90.7,98.5,98.5,89.7,83.2,92.2,53.0,73.4,62.2,79.0,96.9,112.9,98.8,96.6,92.9,80.7,88.4,96.8,85.7,81.1,71.1,87.1,,,86.1,68.7,78.7,97.2,84.8,63.0,91.0,108.0,97.8,,,101.1,90.3,98.9,81.1,103.1,78.4,88.7,,107.4,102.5,99.1,125.9,103.6,105.4,110.9,101.9,102.7,103.9,96.0,95.9,94.4,93.2,,115.2,,108.2,100.6,95.9,,,,,,,,,109.0,91.3,84.7,,122.9,114.4,106.4,103.8,114.8,73.7,106.7,101.9,102.3,104.8,103.9,98.4,120.2,133.9,107.0,,102.1,103.9,95.8,124.1,106.0,114.1,,,95.9,91.1,103.2,94.1,97.2,88.1,122.3,99.6,102.5,100.6,98.7,82.3,77.7,123.0,100.8,96.4,100.1
200005,103.0,98.4,103.6,116.2,116.6,117.0,116.7,101.6,94.9,95.3,96.4,,96.9,101.4,92.8,97.0,95.4,99.3,,106.3,89.6,112.0,102.7,105.8,110.7,99.3,82.1,100.1,116.6,97.2,98.0,125.8,94.8,106.8,120.8,97.6,131.4,82.8,,103.3,102.0,110.5,100.3,92.6,99.4,111.1,106.0,,92.2,90.7,91.6,93.8,98.6,97.6,102.1,94.9,96.2,102.5,90.7,90.0,88.6,100.6,92.9,89.7,86.7,82.1,93.6,97.6,93.3,84.1,,99.5,100.3,97.7,74.8,105.1,104.2,99.6,113.0,87.5,87.4,91.1,96.7,96.7,87.4,79.5,71.8,60.8,69.4,68.8,65.6,96.9,112.4,100.9,100.6,93.6,95.3,74.0,88.0,87.5,73.1,75.2,89.5,,,75.3,71.9,74.6,87.2,76.2,58.2,99.3,107.6,96.1,,,101.4,90.5,99.8,81.1,102.9,78.7,89.4,,107.4,102.4,99.6,125.7,103.9,105.4,111.4,103.0,102.7,103.7,96.5,95.8,100.5,99.5,,124.0,,105.8,98.5,94.3,,,,,,,119.3,105.2,101.7,91.1,86.5,,122.5,114.0,106.4,103.3,114.2,73.1,106.7,101.9,102.9,105.3,104.1,97.1,119.9,131.5,105.8,,105.3,104.6,95.8,127.3,103.7,113.6,,,95.8,91.1,102.7,94.3,97.3,87.8,121.9,99.0,102.7,99.8,98.5,83.0,77.8,123.5,100.4,97.2,100.1
200006,102.8,98.3,103.6,116.2,116.6,117.2,116.8,101.6,94.8,95.1,96.3,,96.8,101.4,92.6,97.1,95.6,99.2,,106.7,89.6,112.6,100.5,102.4,109.6,94.5,81.7,86.8,115.1,96.8,93.4,126.5,92.7,110.5,107.3,96.2,131.3,82.0,,103.6,102.2,111.2,101.0,92.6,98.8,111.3,106.0,,91.9,90.2,91.0,93.8,98.0,97.0,99.7,96.4,96.6,100.3,90.7,90.0,89.0,98.5,93.2,89.9,86.8,82.1,93.6,97.5,93.3,84.6,,97.5,99.4,97.7,74.9,105.0,101.9,99.8,109.0,86.8,87.5,91.0,90.2,90.2,88.4,81.3,59.1,85.6,83.2,84.2,63.7,93.4,112.9,108.2,121.5,77.8,151.5,97.9,74.9,84.2,63.8,136.1,89.4,,106.8,63.5,89.5,76.8,90.0,64.7,63.7,108.8,101.4,89.1,,,101.2,90.5,100.4,80.2,103.1,78.6,90.0,,107.2,102.4,99.1,125.3,103.7,105.1,111.3,103.0,102.7,103.9,95.9,95.3,101.5,100.6,,126.3,,106.1,97.1,95.3,,,128.6,,,,87.9,84.4,,88.1,89.4,120.0,122.1,113.1,105.8,103.7,114.5,74.0,106.0,101.9,103.0,103.9,103.3,96.8,120.1,130.5,105.3,,105.2,104.7,95.4,126.1,105.1,110.8,,,95.7,91.1,102.3,94.1,97.1,87.4,121.4,99.6,103.1,99.4,98.0,83.1,77.3,123.2,100.5,97.2,100.0
200007,102.5,97.6,103.4,116.0,116.4,117.0,116.5,101.5,94.5,94.7,96.2,,96.7,100.9,92.7,96.9,95.8,98.9,,106.6,89.5,112.5,100.8,103.0,110.0,100.2,84.0,87.0,127.1,96.5,91.7,137.0,96.4,113.1,99.1,94.9,130.4,82.6,,102.8,101.9,109.1,103.1,91.0,97.8,111.1,104.1,,91.4,89.4,90.6,93.4,98.9,95.6,102.9,95.3,97.0,101.0,90.7,90.0,89.3,98.4,93.3,89.8,86.5,83.1,93.7,97.3,93.5,85.0,,96.6,98.7,96.6,75.1,103.4,101.9,99.6,109.6,87.2,85.2,90.4,88.9,88.9,87.0,79.3,82.3,105.0,96.5,81.3,73.5,96.1,112.2,112.5,140.9,73.1,133.1,96.0,82.6,82.2,62.5,178.6,91.2,,65.3,59.7,82.4,69.7,76.9,67.4,63.5,108.1,102.8,89.3,,,101.0,90.3,98.4,80.7,102.5,78.0,90.9,,106.9,102.2,98.6,124.7,103.6,104.8,111.1,102.7,102.7,104.0,96.7,95.7,92.6,91.4,,,,117.0,100.2,100.8,,,112.1,142.9,,110.0,78.0,81.5,,85.1,92.2,73.3,121.1,113.6,105.9,103.3,113.9,73.7,106.3,101.9,103.3,104.7,103.0,96.6,120.8,131.4,106.4,,103.7,104.1,96.3,123.6,103.4,112.6,,,95.6,91.1,101.4,93.8,97.1,87.5,121.8,99.4,102.8,99.2,98.4,81.9,77.3,123.6,100.6,96.1,100.1
200008,102.8,98.2,103.4,115.8,116.1,116.4,116.4,101.4,94.6,95.0,96.1,,96.8,100.8,92.9,95.9,95.7,99.6,,106.6,89.0,112.7,102.4,105.9,110.6,110.3,87.5,88.3,136.7,96.5,92.1,197.6,98.4,111.8,88.5,94.0,132.1,84.6,,104.7,101.7,109.2,102.9,90.9,97.4,110.8,102.8,,91.2,89.3,90.0,93.2,97.8,96.4,100.2,95.3,95.9,101.8,90.9,90.3,89.9,98.8,93.6,89.6,87.0,82.5,93.5,97.5,93.3,84.2,,96.2,98.7,96.6,75.1,103.3,101.9,99.6,109.5,87.9,85.5,90.6,86.8,86.8,88.4,81.2,72.3,123.4,102.6,79.0,94.9,94.0,113.1,101.7,116.2,72.8,115.7,100.5,89.4,79.1,61.5,127.4,94.0,,69.1,67.6,72.4,76.6,65.1,75.9,57.1,111.7,99.8,87.2,,,101.0,90.0,96.6,80.2,102.1,78.4,91.2,,107.1,102.2,99.2,125.2,103.7,104.5,111.2,102.9,102.5,104.7,96.7,95.0,99.0,98.0,,,,115.8,98.1,104.5,,113.4,82.1,110.8,,97.0,76.2,75.9,,81.7,93.9,,121.6,114.0,105.4,103.1,113.3,74.5,105.7,101.9,102.6,103.9,101.9,96.7,118.6,130.1,104.5,,103.0,103.8,95.9,126.9,105.7,110.7,,,95.5,90.8,101.2,92.9,97.4,88.2,121.8,99.5,102.5,98.9,98.4,81.9,76.7,122.4,100.7,95.9,100.1
200009,102.7,98.3,103.0,114.8,115.1,115.6,115.2,101.3,94.7,95.0,96.3,,96.7,100.6,92.8,96.0,96.0,98.8,,106.0,88.9,112.0,101.7,104.2,110.1,113.5,106.1,85.5,137.2,93.1,96.7,139.0,98.1,107.3,94.1,94.2,132.2,85.4,,104.7,102.3,108.6,104.8,89.7,100.7,110.3,101.5,,91.2,89.6,90.0,93.2,98.1,96.4,99.2,95.8,98.2,101.5,90.9,90.3,89.7,97.7,93.9,90.6,86.4,82.3,93.6,97.4,93.6,84.2,,96.8,98.5,96.6,75.1,103.3,101.5,99.6,108.5,86.9,87.5,90.3,90.6,90.6,92.7,87.9,67.6,130.4,121.9,85.2,106.7,97.8,112.8,104.5,97.1,76.1,90.3,100.0,86.1,80.8,63.3,82.6,97.8,,79.8,72.5,64.1,100.1,75.9,86.5,58.0,112.5,110.1,99.7,,,101.2,90.1,97.3,80.3,102.3,77.7,91.6,,106.9,102.1,98.4,125.2,104.4,104.7,111.3,104.0,102.8,105.9,97.4,96.1,93.9,92.7,,,202.9,113.2,96.1,102.3,,75.5,77.2,82.5,,87.6,,,,86.4,92.6,,122.4,114.6,105.3,101.9,112.0,73.8,105.7,101.9,101.6,103.3,101.8,96.3,120.7,130.9,104.5,,104.1,103.9,95.9,124.8,104.3,112.8,,,95.7,90.9,102.2,93.1,96.7,88.9,121.3,99.6,102.2,98.6,98.0,82.1,77.0,123.0,100.5,96.0,100.0
200010,102.7,98.6,102.3,113.2,113.6,113.5,113.8,100.8,94.7,95.0,96.2,,96.6,100.8,92.8,95.4,95.7,98.7,,106.4,89.2,112.4,99.9,101.4,110.1,100.8,109.8,87.9,132.3,91.7,94.5,122.3,96.0,103.8,84.9,94.1,131.0,84.1,99.6,102.4,102.3,106.5,106.3,90.5,99.7,110.7,100.8,,91.4,89.4,90.0,93.9,98.3,96.4,101.1,94.6,97.3,101.6,90.9,90.3,89.8,98.4,93.6,90.3,86.2,82.7,93.3,97.3,93.0,84.2,,97.6,98.5,96.9,75.3,103.7,101.0,99.6,108.0,86.8,86.5,89.9,94.2,94.2,94.8,91.2,73.6,99.5,114.2,76.3,101.0,99.7,112.4,92.2,88.7,77.3,82.4,99.8,85.3,80.6,71.9,72.4,101.4,,,81.7,63.6,95.1,89.1,100.9,73.0,103.6,127.3,135.4,,,101.2,90.2,98.0,80.3,102.8,77.9,91.1,,106.6,102.1,98.3,124.6,104.3,104.0,111.7,103.7,103.9,105.9,96.7,96.4,99.8,98.8,94.0,,100.5,114.2,100.2,99.9,,73.3,,84.8,92.4,,,,,86.1,92.5,,122.8,114.2,105.4,101.2,111.8,72.1,105.8,101.9,101.4,103.2,101.5,97.5,120.1,131.5,105.4,,102.4,104.3,97.0,126.3,103.9,112.4,,,95.9,91.0,101.6,93.2,96.4,89.7,122.5,99.5,102.1,99.8,98.9,81.8,76.8,123.0,100.5,96.1,99.9
200011,102.4,97.9,101.8,112.1,112.4,112.2,112.7,100.4,94.8,95.1,96.3,,96.4,101.0,92.6,95.8,95.4,98.0,,105.1,88.8,110.8,101.0,103.0,110.3,104.0,120.7,,126.5,90.4,101.5,127.1,97.8,108.5,82.0,94.7,131.7,83.4,94.7,105.1,102.7,108.2,107.9,90.7,97.1,109.6,99.9,,91.4,89.5,89.7,93.9,99.0,96.0,101.7,94.8,98.9,101.8,90.9,90.3,89.7,97.7,93.5,90.3,86.5,82.6,93.6,97.5,93.0,84.9,,97.4,98.5,96.8,75.4,103.6,101.2,99.6,108.4,86.3,86.0,90.2,93.1,93.1,90.6,84.7,71.0,76.7,67.7,66.0,87.0,89.8,113.7,84.3,86.1,74.4,77.6,78.0,84.2,79.4,72.2,66.5,99.0,,,72.6,65.9,117.2,101.8,95.0,74.7,102.0,152.1,134.6,,,101.1,89.9,98.1,80.7,102.2,77.2,91.0,,106.9,102.4,98.0,125.1,104.1,104.7,111.4,103.0,102.1,106.7,96.2,96.8,93.6,92.5,82.5,114.2,82.3,122.1,104.0,94.2,,,,,76.7,,,,,81.4,94.2,,121.7,114.0,105.1,101.4,112.2,71.8,105.5,101.9,101.2,103.6,100.8,96.4,119.4,131.6,103.9,,101.3,103.4,96.2,124.1,105.8,113.4,,,95.8,90.9,101.6,93.1,96.3,89.2,122.3,99.2,101.0,99.6,98.6,81.8,76.8,123.1,100.5,95.8,99.9
200012,102.5,98.3,101.4,111.8,112.1,112.0,112.3,99.3,94.6,95.1,95.9,,96.2,101.0,92.5,94.3,95.2,97.7,,101.4,88.4,105.9,101.6,104.0,112.3,105.3,87.4,,119.8,93.1,101.7,120.1,98.3,110.3,85.5,96.2,132.1,83.5,92.2,106.6,102.9,108.2,107.9,89.7,99.4,110.1,100.0,,91.1,89.4,89.3,93.5,98.3,96.4,101.1,94.5,97.3,101.2,90.9,90.3,89.7,98.9,93.4,89.7,86.3,82.2,93.2,96.9,92.8,84.9,,98.4,98.7,96.9,75.5,103.5,101.5,99.3,109.0,85.6,85.8,90.1,98.0,98.0,92.9,88.4,94.5,84.6,64.8,66.0,126.2,86.9,113.3,95.9,84.0,73.8,74.4,79.7,77.4,78.9,74.7,66.5,94.8,,,84.1,84.9,117.8,119.9,103.8,89.8,101.6,156.3,142.5,,,100.8,89.7,96.5,79.8,101.8,77.8,91.4,,106.5,101.7,98.3,125.1,103.7,104.3,111.3,103.0,100.4,105.8,96.1,97.1,97.7,96.8,83.4,109.4,87.4,122.5,105.1,91.0,,,,,76.8,,,,140.3,81.4,90.3,,120.3,113.1,105.1,100.8,111.4,71.6,105.5,101.9,100.5,102.3,100.3,98.2,118.8,130.6,105.7,,102.7,103.4,96.7,126.4,105.3,111.9,,,95.7,90.9,101.7,93.5,96.4,88.9,122.0,99.4,101.3,99.7,98.4,81.6,76.2,123.2,100.3,95.8,99.8
200101,102.5,99.8,101.3,111.7,112.0,111.9,112.1,99.1,94.5,94.9,96.0,,95.7,101.0,92.7,95.0,92.8,98.6,,101.7,88.4,106.2,103.9,107.6,111.4,123.2,97.8,,134.3,93.2,120.5,119.3,104.2,111.8,97.2,95.5,133.3,83.6,91.0,104.9,104.4,110.5,109.6,90.1,101.1,110.1,100.9,,90.9,89.4,89.1,93.3,98.2,95.5,99.1,94.8,99.3,102.5,90.5,89.9,89.6,97.1,92.9,89.6,86.7,82.9,93.2,96.9,92.8,85.0,,96.8,98.1,96.8,75.6,103.4,100.2,99.3,107.2,85.1,84.5,89.3,92.2,92.2,101.3,101.2,118.9,89.1,83.2,80.4,153.8,88.8,112.5,114.2,90.0,74.4,79.4,94.7,80.5,80.9,77.7,73.9,92.1,,,96.5,127.2,152.0,135.3,101.4,113.1,109.8,171.3,151.4,,,101.1,89.7,97.0,81.5,101.6,77.3,91.4,,107.0,102.1,98.4,126.0,104.1,104.6,112.0,103.1,100.9,106.5,96.5,97.2,106.4,105.7,88.6,113.3,97.7,118.5,102.2,89.9,141.7,,,,,,,,138.2,79.3,88.3,,119.6,112.7,105.4,101.9,112.4,72.6,105.7,101.9,101.7,102.7,100.2,96.6,119.8,129.7,103.8,,104.4,103.3,96.2,129.0,105.5,112.7,,,95.6,90.9,101.7,93.7,96.6,88.2,122.9,99.0,101.1,99.9,98.5,81.4,77.0,122.6,100.2,95.2,99.7
200102,102.1,99.5,101.3,111.6,111.8,112.0,111.8,99.1,94.6,95.0,96.0,,95.6,100.1,92.4,95.0,93.3,98.3,,103.3,88.2,108.6,102.3,105.3,110.7,117.1,94.6,,126.8,91.9,104.8,116.2,103.4,109.3,101.6,94.0,131.8,84.6,85.3,104.4,103.9,108.7,109.6,90.8,100.1,110.7,101.1,,90.6,89.1,88.9,92.9,97.2,96.5,98.1,94.6,97.0,100.2,90.6,90.0,89.9,96.4,92.8,89.7,87.0,83.0,93.3,96.7,93.0,85.4,,98.6,98.5,96.9,75.7,103.6,101.0,99.3,108.3,84.2,87.2,89.6,99.3,99.3,100.5,100.2,129.8,82.4,98.4,79.0,179.7,90.8,112.5,99.7,90.7,75.4,81.5,103.5,81.7,81.6,80.6,70.4,92.1,,,96.5,99.1,148.7,132.1,95.2,130.2,99.0,146.1,128.2,,,101.0,90.1,99.7,80.9,101.9,77.5,91.5,,106.9,102.2,98.5,125.2,103.8,104.4,111.4,103.3,100.8,105.7,96.4,95.5,103.5,102.8,88.1,117.3,102.4,112.7,101.0,88.6,117.1,,,,,,,,129.7,80.8,85.7,,118.6,112.4,105.3,101.8,112.3,72.4,105.6,101.9,101.0,102.3,100.0,97.8,119.3,132.6,105.9,,103.6,103.7,96.0,126.0,105.3,112.0,,,95.3,90.9,99.8,94.0,96.0,88.0,122.6,100.2,100.7,100.0,98.1,81.5,76.8,121.8,100.3,94.2,99.8
200103,101.9,98.6,101.2,111.5,111.7,112.0,111.6,98.9,94.7,95.2,95.9,,95.4,99.5,92.6,95.5,93.6,97.6,,102.4,88.0,107.2,105.0,109.6,110.3,117.7,105.1,129.7,133.3,93.2,112.3,117.0,104.2,108.2,116.0,93.9,132.9,84.0,79.3,105.7,104.1,107.2,111.4,90.8,100.5,110.7,99.4,,90.8,89.5,88.4,93.3,98.3,96.2,99.6,96.0,98.8,100.6,90.5,89.9,89.6,96.1,92.9,89.1,87.0,82.9,93.4,96.6,93.1,85.9,,98.0,98.4,96.7,75.9,103.2,101.0,99.3,108.7,84.2,84.1,89.7,96.4,96.4,93.9,89.8,107.7,58.3,127.6,67.7,114.6,77.8,112.4,96.5,87.6,75.6,81.4,101.2,76.8,81.8,81.5,67.5,88.0,,,91.1,76.4,107.5,118.0,97.8,114.4,92.4,119.3,105.2,,,101.0,90.0,97.7,80.4,102.1,77.3,92.3,,106.6,101.6,98.1,125.9,104.1,104.5,111.3,103.3,101.9,106.5,96.3,96.3,95.4,94.3,88.3,118.3,103.7,109.1,98.5,85.8,112.7,,,,,,,,110.6,81.8,81.2,,119.5,113.5,105.1,101.4,112.1,72.1,105.5,101.8,100.4,102.4,100.1,97.5,119.6,134.5,104.1,,102.7,103.9,95.0,127.4,105.9,112.6,,,95.4,90.6,100.3,93.9,96.0,88.1,122.8,100.3,100.0,99.6,98.7,82.5,76.5,123.0,100.2,94.5,99.5
200104,102.1,98.0,101.2,111.4,111.7,111.9,111.6,98.8,94.7,95.2,95.9,,95.3,99.8,92.7,94.4,92.7,98.2,,103.9,88.2,109.5,104.9,109.9,109.9,108.4,98.8,131.0,127.6,93.3,105.5,116.4,101.7,104.3,123.1,94.3,131.2,83.4,,104.7,103.0,105.8,110.1,89.9,99.6,110.7,99.5,,90.8,89.6,88.7,93.1,97.4,95.5,97.6,96.3,98.1,99.7,90.4,89.8,89.5,95.9,93.2,89.2,86.6,82.6,93.4,96.8,92.8,86.6,,96.7,98.3,96.5,76.0,103.0,101.2,99.2,108.9,84.1,85.4,89.5,90.6,90.6,91.8,86.4,106.8,65.3,131.8,64.9,70.3,98.0,112.1,101.5,87.9,82.2,80.1,90.4,92.6,85.6,80.8,65.7,89.7,,,81.3,67.3,81.8,97.4,95.9,76.5,91.0,107.8,96.5,,,101.2,90.1,97.7,79.6,102.2,77.0,92.9,,107.1,101.9,98.9,126.1,104.1,104.6,111.2,102.7,103.7,106.7,95.9,95.1,90.3,89.1,,121.3,,111.1,104.6,85.6,,,,,,,,,99.4,84.9,78.7,,118.4,111.9,104.8,100.9,111.4,71.7,105.3,101.9,100.9,101.2,99.8,98.4,119.3,131.6,104.8,,103.1,101.8,97.5,124.4,106.6,111.4,,,95.2,90.6,99.8,94.6,96.0,87.2,120.6,99.9,99.9,99.7,98.1,83.3,76.2,122.3,100.4,94.1,99.8
200105,102.2,98.2,101.3,111.3,111.6,111.7,111.6,98.6,94.4,95.2,95.3,,95.9,99.3,92.5,94.2,93.8,99.7,,105.3,88.2,111.2,104.5,109.2,109.8,110.5,102.1,121.6,119.8,92.4,106.7,115.7,98.9,102.0,119.0,94.0,131.8,83.4,,103.3,103.1,106.5,110.4,88.9,98.9,111.2,99.8,,90.3,89.3,87.7,92.6,98.1,96.1,99.5,95.9,98.1,99.5,90.5,89.9,89.9,95.5,93.0,89.6,86.9,82.5,93.4,96.7,93.0,86.2,,95.9,98.1,96.4,76.0,102.7,100.9,99.0,108.7,84.6,84.2,89.3,87.5,87.5,90.4,84.4,84.4,71.8,113.2,76.3,65.7,100.5,111.9,99.2,86.5,92.9,94.8,90.7,93.9,86.3,77.2,68.8,87.9,,,77.9,67.7,74.9,91.5,84.9,65.7,101.1,106.5,96.6,,,101.2,90.3,98.1,79.8,102.7,77.0,92.7,,106.5,101.6,98.0,125.5,104.5,104.1,111.8,102.6,103.8,107.3,96.4,96.1,101.7,101.0,,124.8,,111.5,106.0,91.4,,,,,,,122.5,111.4,101.0,89.2,80.5,,118.0,113.4,105.1,101.8,112.4,72.3,105.5,101.9,100.7,102.2,99.3,96.4,120.5,127.4,103.9,,104.3,103.8,96.4,126.3,105.3,113.5,,,95.1,90.6,100.0,93.6,96.1,87.2,116.9,100.7,100.0,99.6,98.2,83.6,76.7,122.9,100.1,93.9,99.5
200106,101.9,97.5,101.2,111.3,111.6,111.8,111.5,98.7,94.3,95.2,95.0,,95.6,99.4,92.6,94.9,92.5,99.8,,105.7,87.9,111.9,101.1,103.4,108.4,103.5,94.4,100.7,115.4,91.0,95.9,114.8,96.5,103.0,102.3,93.0,130.2,82.3,,100.7,103.4,106.6,110.9,89.7,99.1,111.3,98.6,,90.4,89.9,87.8,92.3,98.1,95.8,99.8,96.8,97.5,99.4,90.7,90.0,89.7,95.0,93.0,90.3,87.2,82.6,93.3,96.9,92.8,86.0,,95.2,98.3,96.5,76.1,102.9,101.2,99.0,109.1,84.8,83.6,90.0,83.7,83.7,89.3,82.6,64.7,81.8,104.8,85.2,69.9,88.3,112.6,99.6,98.4,82.6,140.6,81.2,80.0,89.8,73.1,112.8,89.3,,110.2,67.0,83.9,75.3,88.9,68.7,61.9,100.8,103.2,89.2,,,101.4,90.4,97.0,79.8,103.0,77.3,93.0,,107.3,102.0,98.9,127.1,103.9,104.5,110.9,103.1,103.8,105.9,95.9,94.8,97.4,96.5,,133.4,,112.6,105.0,91.1,,,128.6,,,,91.1,79.6,,86.2,89.2,99.6,117.5,112.1,104.6,101.1,112.0,71.2,105.0,101.9,100.4,101.5,99.1,96.6,119.2,131.5,103.1,,101.8,101.9,97.2,127.4,106.6,111.4,,,95.1,90.7,99.6,93.6,96.0,88.0,118.2,100.4,99.3,99.5,97.6,82.9,76.3,122.9,100.2,93.6,99.7
200107,101.6,96.8,101.2,111.4,111.7,111.7,111.8,98.6,94.3,95.2,94.7,,95.7,98.8,93.6,94.1,92.7,99.9,,105.3,88.7,111.0,100.2,102.2,108.9,104.4,93.6,95.6,125.2,91.9,93.6,142.6,98.7,109.3,88.1,93.3,129.6,81.3,,101.2,103.1,105.8,111.0,89.8,97.8,111.1,98.5,,89.8,88.9,87.4,92.0,97.3,96.2,96.3,96.4,99.0,98.6,90.9,90.3,89.5,96.8,93.4,89.7,87.4,82.6,93.5,96.9,93.0,86.4,,95.0,98.2,96.7,76.1,103.1,100.7,98.9,108.0,85.0,82.6,90.7,82.9,82.9,87.2,79.4,78.1,103.5,99.9,83.4,69.1,95.9,112.2,101.2,109.5,84.0,118.1,81.8,79.4,85.2,72.2,145.1,89.1,,78.0,60.1,79.5,68.5,70.6,68.6,63.0,104.3,103.6,88.5,,,101.4,90.6,97.7,79.3,103.4,77.7,93.1,,106.9,101.2,99.2,126.9,104.0,104.3,111.0,103.0,103.9,106.5,96.2,95.0,91.7,90.6,,,,115.2,103.7,104.3,,,105.4,133.4,,114.0,78.8,77.6,,84.6,93.9,73.3,116.7,111.2,104.3,100.3,111.2,70.7,104.8,101.9,101.2,102.8,99.3,96.0,119.1,127.6,101.2,,103.1,101.1,95.8,122.1,105.2,114.0,,,94.9,90.7,99.3,93.6,96.0,87.9,116.9,99.8,100.6,99.3,97.9,82.2,75.5,121.9,100.2,93.8,99.8
200108,102.0,97.9,101.2,111.8,112.2,111.8,112.7,98.6,94.1,94.9,94.8,,95.4,99.2,93.0,93.9,92.6,99.0,,104.4,88.5,109.9,103.2,107.0,109.1,128.1,95.8,100.1,137.7,89.3,102.9,186.5,103.1,104.9,97.8,92.3,127.9,81.7,,102.3,103.1,104.9,110.9,90.3,98.6,112.0,98.5,,89.8,89.2,87.0,92.0,97.9,97.6,97.9,96.8,98.3,99.6,91.0,90.4,89.7,96.8,93.7,89.8,87.2,82.3,93.5,96.7,93.1,86.6,,94.7,97.9,96.2,76.2,102.6,100.4,98.7,107.7,85.1,81.9,90.8,82.9,82.9,92.8,88.0,77.6,123.7,113.5,95.7,85.3,98.4,110.7,96.4,98.2,86.8,94.1,106.6,107.0,82.4,76.7,111.7,104.3,,83.7,80.5,76.9,84.4,69.9,82.7,71.5,112.3,102.3,88.0,,,101.2,90.7,96.4,79.4,103.4,78.2,93.6,,106.3,100.7,98.6,126.2,104.4,104.0,111.3,103.0,105.6,107.0,96.8,93.7,95.4,94.6,,,,116.6,106.8,128.8,,104.4,79.6,103.3,,93.4,74.8,78.0,,85.5,95.1,,113.4,111.3,103.9,99.8,110.6,70.1,104.4,101.8,100.8,101.7,98.5,96.5,118.4,129.8,102.3,,100.9,101.6,95.1,123.9,104.0,112.9,,,94.9,90.7,99.1,93.2,96.0,88.2,115.8,100.0,99.8,99.3,97.6,82.6,75.2,122.6,100.1,93.5,99.7
200109,101.8,97.5,101.4,111.8,112.2,111.7,112.8,98.2,94.2,95.1,94.9,,95.4,99.5,93.4,94.7,92.9,97.7,,105.9,88.4,112.0,99.6,101.1,109.1,116.3,87.8,100.1,134.0,90.6,100.8,111.8,100.5,98.8,94.5,93.2,128.9,82.2,,102.8,103.2,103.7,111.9,90.3,99.1,111.1,99.9,,89.2,88.6,86.4,91.2,98.1,95.8,98.1,97.6,99.3,98.2,91.2,90.8,89.7,98.6,93.7,90.3,87.7,83.0,93.4,96.7,92.8,86.9,,95.7,97.8,96.3,76.3,102.6,100.1,98.6,106.7,85.5,83.8,91.0,87.6,87.6,93.8,89.5,72.0,126.2,110.5,92.8,106.2,101.2,111.4,93.3,89.9,79.0,89.3,109.0,82.2,80.1,76.6,78.2,106.6,,77.2,71.9,72.2,94.8,82.7,88.3,64.2,107.8,114.8,100.0,,,101.5,91.2,97.9,80.3,103.6,78.3,94.3,,106.4,100.9,98.6,126.0,104.4,103.6,110.8,102.6,105.3,108.0,97.0,94.9,91.2,90.2,,,197.0,114.2,108.0,124.4,,71.6,79.5,79.8,,88.0,,,,85.1,94.1,,115.7,112.4,104.3,100.5,111.3,70.9,104.8,101.8,101.8,102.3,98.5,96.3,119.2,131.0,101.1,,103.9,101.0,95.2,122.6,105.1,113.8,,,94.0,90.8,97.4,94.3,95.8,88.4,115.8,99.1,99.5,99.4,98.5,82.0,75.3,108.5,99.9,93.6,99.7
200110,101.8,97.6,101.1,112.0,112.3,111.5,113.0,98.2,94.0,94.8,94.6,,95.0,98.9,93.2,93.2,92.1,98.3,,102.8,88.1,107.8,98.8,100.1,108.5,106.0,95.1,108.2,135.3,88.0,98.8,100.2,101.0,98.3,87.5,94.4,128.4,82.5,97.0,102.7,102.3,102.3,111.2,89.4,98.8,111.6,98.3,,89.3,88.4,86.1,92.0,96.3,96.3,94.7,97.9,97.1,99.2,91.0,90.4,88.6,97.6,93.8,90.9,87.7,83.0,93.5,96.8,92.9,87.2,,96.3,98.0,96.4,76.3,102.7,100.4,98.6,107.2,85.5,85.9,90.3,89.9,89.9,94.4,90.7,85.8,95.6,120.1,82.5,110.2,95.1,111.0,84.8,83.2,73.6,83.5,108.7,77.9,79.0,73.8,69.2,109.2,,,77.4,71.3,86.8,93.5,88.7,66.7,103.9,122.4,125.1,,,101.0,90.5,96.1,79.6,103.3,77.3,94.0,,106.2,100.7,98.7,125.3,104.0,103.9,110.4,102.0,105.5,107.4,96.4,94.2,96.2,95.5,96.3,,98.7,114.5,106.9,115.4,,68.7,,78.9,81.9,,,,,83.5,92.0,,114.5,113.0,104.0,100.3,110.8,71.1,104.4,101.8,100.6,101.6,97.9,97.4,118.7,127.4,101.6,,99.7,100.9,96.5,124.5,105.5,113.1,,,93.1,90.9,96.6,94.5,95.7,88.2,116.4,99.6,99.0,99.8,97.6,81.8,74.9,91.5,99.9,93.5,99.7
200111,101.3,96.0,101.0,111.8,112.2,111.4,112.9,97.6,94.0,94.7,94.8,,94.8,99.4,92.9,93.0,92.3,97.2,,102.9,88.3,108.0,97.7,98.2,107.0,101.2,98.7,,122.9,86.8,102.1,104.9,99.3,95.0,80.1,95.4,126.8,82.9,92.3,100.7,102.9,102.6,112.1,89.6,98.7,111.6,100.3,,89.3,88.6,86.7,91.6,95.8,94.5,93.5,95.9,98.8,98.2,90.7,90.1,88.2,95.2,94.2,91.0,88.4,82.7,93.3,96.5,93.0,86.3,,96.2,97.9,96.2,76.3,102.5,100.5,98.7,107.7,85.0,84.2,89.9,89.8,89.8,86.2,77.9,58.2,64.3,61.1,70.7,67.3,86.1,110.2,77.9,80.7,69.6,76.7,64.5,76.1,76.7,70.9,63.9,111.5,,,72.4,93.7,82.7,100.8,84.4,64.6,100.3,124.0,126.2,,,101.1,90.7,98.4,79.9,103.3,77.3,93.5,,106.5,101.2,98.8,125.6,103.9,103.3,110.4,103.2,103.2,106.4,96.9,95.9,87.2,86.0,81.9,109.0,73.8,124.1,105.1,108.0,,,,,68.4,,,,,81.4,90.5,,116.4,112.7,104.3,100.7,111.4,71.3,104.8,101.8,100.2,101.6,97.7,95.6,119.7,129.1,101.9,,100.5,103.3,95.7,125.9,106.2,114.0,,,92.9,90.9,97.3,94.4,95.7,88.5,110.9,100.3,99.1,99.5,98.1,82.3,74.9,87.5,99.6,92.1,99.7
200112,101.2,95.8,100.7,111.6,112.0,111.1,112.8,97.1,93.8,94.7,94.2,,94.7,99.7,93.0,93.9,91.5,97.1,,100.6,87.9,104.9,98.9,100.2,108.3,106.6,95.0,,123.7,87.9,100.6,101.7,102.5,96.7,87.5,96.5,126.2,82.3,89.5,102.4,103.1,102.9,113.0,90.3,98.3,110.8,99.3,,89.0,87.8,86.4,91.6,96.1,94.6,95.2,96.6,97.1,100.1,90.6,90.0,87.6,93.4,94.2,91.1,90.1,82.7,93.4,96.3,93.0,87.0,,97.3,97.5,96.2,76.3,102.5,99.3,98.6,106.2,83.9,82.5,89.3,97.0,97.0,84.7,75.8,62.6,58.4,53.1,69.0,70.7,79.6,111.5,86.8,80.5,67.4,73.7,59.1,69.9,76.6,70.0,64.6,102.3,,,83.3,99.0,81.1,107.2,84.9,60.5,94.5,127.0,119.7,,,100.7,90.3,93.8,79.7,103.2,77.2,93.9,,106.3,100.7,98.6,125.7,103.4,103.1,110.0,103.5,100.0,105.7,97.0,94.5,84.0,82.8,82.2,99.4,67.7,125.2,108.5,102.3,,,,,77.1,,,,126.4,81.4,89.7,,114.0,110.3,103.7,99.9,110.6,70.6,104.1,101.8,98.7,100.2,97.3,97.0,119.2,129.7,100.2,,103.9,100.3,93.8,123.8,105.7,115.1,,,92.6,90.9,96.7,94.3,95.7,88.5,110.4,99.4,99.4,99.6,97.3,81.3,74.2,87.0,99.7,91.9,99.7
200201,101.0,97.0,100.4,111.5,111.8,111.2,112.5,96.6,93.7,94.7,94.2,,93.8,98.7,93.7,94.1,88.7,96.9,,99.4,87.9,103.4,101.7,104.4,109.0,116.9,109.3,,131.9,93.1,111.3,102.0,106.5,97.4,98.5,97.7,128.3,83.4,89.1,102.6,103.8,102.6,114.7,91.9,98.7,111.0,98.6,,88.9,88.2,86.8,90.7,97.6,95.6,97.5,96.0,99.1,98.8,91.2,90.8,88.2,95.3,95.1,91.0,92.2,83.4,93.4,96.5,92.7,87.4,,95.3,97.3,96.0,76.5,102.2,99.1,98.6,105.9,85.5,79.8,89.8,88.1,88.1,90.3,84.7,75.4,72.9,58.7,76.0,99.7,85.6,111.2,113.6,91.3,67.0,77.6,68.1,71.1,78.5,70.8,73.8,102.2,,,92.9,96.1,111.0,117.5,82.7,71.4,107.7,139.9,125.4,,,100.4,90.4,96.4,79.4,103.0,77.3,93.5,,106.0,100.5,98.0,126.1,102.7,102.9,109.4,102.5,98.5,104.3,96.8,95.3,91.5,90.6,85.5,97.4,71.9,123.5,110.8,98.5,128.3,,,,,,,,125.9,83.9,87.5,,112.0,111.8,103.8,100.1,110.5,71.1,104.2,101.8,100.9,101.2,97.1,95.7,118.7,126.9,100.4,,101.8,101.6,93.8,122.9,103.6,115.8,,,92.4,90.8,95.9,95.1,95.4,88.5,110.8,100.2,99.8,99.1,97.0,81.0,74.2,85.9,99.5,91.6,99.7
200202,100.5,96.2,100.1,111.3,111.6,111.0,112.2,96.6,93.6,94.8,93.7,,93.2,98.7,92.9,93.6,87.8,96.2,,99.1,88.0,103.0,99.9,101.5,107.5,108.1,110.7,,121.9,90.8,101.9,99.5,107.0,93.8,94.6,95.6,125.6,82.3,82.8,101.7,103.7,102.1,115.4,92.8,96.3,111.6,99.0,,88.8,87.6,86.4,91.2,97.7,94.4,99.4,96.2,97.8,96.6,91.4,90.9,88.0,96.2,95.3,91.3,91.8,83.4,93.5,96.6,92.7,88.1,,96.5,97.4,96.1,76.5,102.2,99.4,98.6,106.5,85.6,79.2,90.0,93.2,93.2,84.6,76.1,59.8,51.5,50.5,61.9,84.6,77.3,111.2,99.7,88.1,65.6,76.6,57.8,63.9,78.9,69.7,67.2,100.2,,,92.8,82.4,107.9,113.8,76.7,101.0,98.0,115.9,107.2,,,100.2,90.5,99.0,79.5,103.0,76.6,94.0,,105.3,99.5,97.9,124.7,102.8,102.5,108.7,103.5,99.0,105.0,96.7,94.5,90.0,88.8,81.7,93.9,73.6,113.8,107.9,96.8,102.4,,,,,,,,115.6,92.7,82.8,,117.4,111.6,103.9,100.1,110.8,70.4,104.4,101.7,100.2,99.8,97.0,95.6,119.3,129.1,102.9,,102.4,101.8,94.8,125.6,105.2,113.5,,,92.3,90.7,96.4,94.8,95.5,88.2,109.0,99.4,98.8,99.4,97.6,81.8,74.5,84.9,99.4,91.6,99.7
200203,100.7,96.2,100.4,111.3,111.7,110.7,112.5,96.5,93.5,94.5,93.7,,93.8,98.2,94.1,93.7,88.6,97.4,,101.8,87.6,106.7,102.3,105.5,107.6,103.8,122.8,124.1,124.2,90.8,102.3,100.0,105.0,95.9,114.6,96.8,125.9,82.8,74.5,100.0,103.4,102.5,113.6,93.9,97.5,111.2,97.1,,88.7,88.2,86.7,90.4,97.8,93.7,98.1,96.0,100.2,97.4,91.3,90.8,88.8,92.9,95.6,92.0,91.6,84.3,93.8,97.3,92.4,88.6,,96.5,97.7,96.1,76.8,102.2,100.2,98.5,107.6,86.1,80.6,90.0,92.0,92.0,82.4,72.6,56.8,42.6,52.8,58.6,64.2,76.9,111.0,98.0,87.5,67.4,75.5,56.0,60.8,80.2,68.6,66.4,101.6,,,86.2,75.1,84.4,106.5,86.5,75.5,91.0,101.3,91.5,,,100.1,90.5,96.5,79.4,103.7,76.7,93.4,,105.5,99.9,97.8,125.0,102.5,102.5,108.8,103.6,97.9,103.4,97.0,94.9,87.9,86.7,79.0,95.2,79.1,112.0,109.0,93.4,95.6,,,,,,,,103.4,94.7,80.1,,117.4,112.2,103.5,99.6,109.6,71.6,104.0,101.8,100.7,100.6,96.4,95.6,117.0,128.5,101.9,,99.6,102.3,93.3,122.6,103.5,114.9,,,92.8,91.0,96.4,93.0,95.5,90.1,109.8,99.9,99.9,99.7,97.7,83.0,74.8,84.9,99.5,90.4,99.7
200204,101.0,96.6,100.5,111.3,111.6,110.9,112.4,96.4,93.8,95.2,93.5,,94.1,98.9,93.9,93.1,89.3,97.3,,101.4,87.6,106.2,103.4,107.6,107.7,108.6,114.7,127.0,118.3,90.7,98.5,99.2,100.1,96.1,125.2,96.9,125.2,83.3,,101.4,103.3,101.6,114.5,94.3,95.8,110.9,96.5,,88.7,88.2,86.4,90.5,97.6,94.6,99.6,96.6,96.7,97.2,91.1,90.4,88.3,90.0,95.1,91.0,92.3,84.2,94.1,97.5,92.6,89.4,,95.6,97.4,96.2,76.9,102.3,99.1,98.3,105.6,85.3,80.7,90.1,89.0,89.0,86.6,79.1,68.5,60.0,77.0,63.2,64.9,107.7,111.0,102.3,89.9,71.2,76.7,80.9,81.3,83.3,67.9,67.9,103.3,,,80.3,82.6,78.9,94.9,91.9,64.4,90.6,92.8,85.0,,,100.2,90.4,96.8,78.7,103.2,77.2,93.4,,105.7,99.8,98.8,125.0,102.5,102.6,108.4,103.5,100.1,102.5,96.7,93.9,88.4,87.2,,102.2,,110.8,105.8,90.1,,,,,,,,,94.6,100.1,80.4,,116.8,112.0,103.4,99.1,109.0,71.5,103.9,101.8,99.7,99.6,96.8,96.7,118.8,130.1,101.5,,99.2,100.7,95.2,122.2,105.8,113.6,,,92.8,91.1,96.8,93.1,95.9,89.3,110.5,100.9,99.5,100.4,96.6,83.6,74.7,84.8,99.7,90.4,99.8
200205,101.3,97.6,100.6,111.3,111.7,110.6,112.7,96.5,93.7,95.0,93.6,,94.3,98.6,94.8,93.0,89.1,97.9,,103.4,87.9,108.8,103.5,108.1,107.1,109.5,118.7,127.9,116.5,89.7,99.1,98.2,94.4,95.1,119.3,97.3,125.6,83.7,,97.8,103.0,99.1,113.3,96.1,97.0,111.2,96.4,,88.2,87.6,86.1,90.0,96.9,92.4,96.9,96.1,98.9,98.3,91.0,90.4,88.0,89.6,95.3,90.9,92.3,84.1,93.9,97.1,92.6,89.3,,95.6,97.6,96.1,77.1,102.0,99.9,98.4,107.7,85.2,78.7,89.6,88.3,88.3,90.2,84.6,81.9,76.9,114.9,82.1,75.1,102.4,109.9,89.7,97.1,76.1,102.1,117.8,75.5,93.2,60.8,77.9,104.9,,,78.6,97.9,83.3,98.7,79.7,65.0,103.7,105.4,94.3,,,100.3,90.6,98.9,78.6,103.3,77.3,93.6,,105.7,100.0,98.9,124.7,102.6,102.6,108.4,103.1,100.5,103.4,96.8,94.1,97.7,96.8,,106.3,,110.9,106.2,95.8,,,,,,,109.2,97.8,95.2,101.9,88.5,,117.0,111.3,103.1,99.1,109.3,70.3,103.5,101.8,100.2,99.8,96.2,95.2,118.5,129.9,99.6,,101.2,100.4,95.1,124.5,102.4,112.9,,,92.7,90.9,95.6,93.3,95.9,89.5,110.0,100.9,99.6,99.6,97.2,83.7,75.4,84.9,99.5,89.7,99.8
200206,101.2,97.3,100.4,111.2,111.5,110.4,112.4,96.4,93.6,94.8,93.5,,93.8,98.4,94.1,93.7,88.5,97.1,,103.5,87.6,109.0,102.3,106.0,106.0,107.6,119.0,118.8,118.5,90.1,95.3,100.6,92.8,96.9,106.3,96.7,126.2,84.6,,98.7,103.0,99.6,113.5,97.5,95.5,111.2,95.0,,88.1,87.4,86.1,90.0,96.8,91.6,98.5,95.3,97.1,99.0,91.2,90.7,88.3,91.9,95.1,92.0,92.2,83.3,93.8,96.8,92.5,89.7,,95.0,97.4,96.0,77.1,102.0,99.3,98.3,106.4,84.6,79.3,89.9,86.6,86.6,89.7,84.0,91.8,75.5,118.0,80.6,85.2,92.3,110.5,97.3,118.0,71.6,120.1,93.9,78.6,98.8,59.0,123.4,114.6,,103.5,66.4,101.6,69.0,91.0,70.8,63.8,100.3,105.4,89.6,,,100.1,90.4,99.0,78.7,102.7,77.0,93.9,,105.4,99.2,99.2,124.5,102.5,102.3,108.3,102.8,101.7,103.4,96.0,93.3,98.2,97.6,,109.4,,111.8,105.2,104.1,,,120.0,,,,89.3,88.7,,102.4,93.1,91.4,113.5,110.4,103.4,98.1,108.1,70.3,104.0,101.8,98.7,99.7,95.7,95.9,119.2,125.8,101.5,,101.1,100.6,95.3,126.9,105.0,114.7,,,92.7,91.0,95.1,93.4,96.0,89.7,108.8,101.2,99.6,100.6,96.7,84.1,75.2,84.3,99.4,89.5,99.8
200207,100.8,96.7,100.3,111.2,111.5,110.5,112.5,96.5,93.5,94.7,93.4,,93.8,98.1,94.1,92.5,88.3,97.7,,101.8,87.8,106.7,100.4,103.1,105.5,113.5,105.7,99.6,130.1,89.5,94.9,115.5,96.7,102.9,93.0,97.9,125.8,84.8,,98.3,103.3,98.9,114.3,98.9,95.3,111.1,95.1,,87.8,87.3,85.6,89.5,96.1,91.6,95.3,95.7,98.9,96.6,91.0,90.5,88.0,89.5,96.3,92.2,92.0,83.5,93.5,96.4,92.4,89.3,,94.6,97.1,95.9,77.5,101.7,98.6,98.2,105.3,85.2,78.8,89.9,85.7,85.7,90.7,85.5,82.9,99.9,111.5,78.8,65.8,93.2,109.7,103.5,126.9,68.0,137.9,99.0,85.2,94.5,64.3,161.7,129.3,,90.3,67.7,88.5,95.6,85.0,74.6,64.4,101.8,108.7,87.3,,,99.8,90.4,98.0,78.8,102.5,77.3,94.0,,104.5,99.3,98.7,120.8,102.6,102.5,108.9,102.8,101.5,103.5,96.6,93.1,87.7,86.6,,,,112.0,99.0,111.8,,,90.2,119.6,,101.2,71.2,79.4,,102.4,94.0,66.8,113.3,109.0,102.6,98.2,108.3,69.9,103.2,101.8,100.8,99.3,95.6,95.5,117.6,128.2,99.2,,103.2,101.3,94.5,122.2,102.8,111.4,,,92.6,91.0,95.4,92.5,95.8,89.7,109.0,99.0,100.5,100.3,97.6,83.1,75.3,84.7,99.5,89.9,99.5
200208,101.1,97.4,100.2,111.0,111.4,110.3,112.3,96.4,93.4,94.7,93.3,,93.5,98.7,93.9,91.6,87.7,97.3,,102.0,87.4,107.1,103.0,107.5,106.4,124.9,113.5,111.5,137.4,91.1,101.6,171.6,101.0,103.8,99.1,98.5,125.0,86.6,,96.5,103.6,100.2,112.8,99.8,97.0,111.1,94.9,,87.0,86.6,85.6,88.2,96.0,93.0,96.3,96.3,96.8,94.3,90.9,90.4,88.3,89.1,95.8,92.0,92.1,84.2,93.4,96.9,91.9,88.8,,95.1,97.1,95.9,77.7,101.6,98.8,97.9,105.9,85.0,78.1,89.8,87.7,87.7,93.5,89.8,86.1,129.8,130.4,88.0,88.0,100.0,109.9,95.0,115.5,69.3,113.3,119.5,93.7,95.6,70.6,126.7,140.5,,86.9,78.2,92.8,82.9,79.2,80.8,69.6,117.8,108.4,88.3,,,100.0,90.5,96.7,79.0,103.2,77.4,94.2,,104.8,99.2,98.2,123.3,102.6,101.7,108.9,103.0,101.8,104.4,96.4,92.8,93.7,92.8,,,,112.3,100.3,112.2,,89.8,82.8,104.5,,92.8,78.0,76.5,,99.1,94.8,,113.6,108.3,102.8,97.5,108.0,68.8,103.4,101.9,98.1,98.9,94.7,96.5,118.0,129.3,99.5,,103.5,99.0,95.5,125.5,102.7,113.8,,,92.2,91.1,94.5,92.0,95.8,89.7,109.0,99.2,100.5,100.4,96.8,81.5,75.4,84.4,99.1,89.2,99.3
200209,101.1,97.3,100.3,110.9,111.3,110.4,112.3,96.3,93.6,95.2,93.1,,94.0,98.3,94.5,93.2,88.6,97.7,,101.1,87.3,105.9,99.5,101.5,106.3,112.6,105.8,99.3,128.2,91.0,97.3,126.2,96.7,100.0,89.4,99.7,125.8,87.5,,98.1,103.9,99.6,113.2,100.8,98.5,110.6,94.1,,86.9,87.1,84.8,88.0,96.1,92.1,95.5,96.3,98.5,95.8,91.2,90.7,88.5,89.2,96.0,92.0,93.1,84.6,93.3,96.7,91.9,88.4,,96.7,97.2,96.0,77.7,101.8,98.7,97.9,105.6,84.0,78.7,90.2,95.2,95.2,95.3,92.7,77.8,121.1,117.3,88.6,94.9,112.6,110.8,100.2,99.9,68.8,99.5,110.9,99.8,98.3,71.5,86.9,146.4,,89.0,80.8,87.0,83.5,82.2,97.6,72.6,114.1,111.1,99.0,,,99.9,90.9,97.8,78.8,103.2,79.2,93.5,,104.2,98.7,98.1,121.7,102.6,101.6,110.2,102.8,101.2,103.6,97.1,91.8,93.0,92.2,,,185.0,109.6,105.8,107.7,,73.3,79.3,81.4,,94.1,,,,96.8,94.4,,112.9,109.5,102.5,98.4,108.8,69.5,103.1,101.8,101.2,100.1,95.4,95.9,117.0,128.2,100.4,,102.1,100.6,92.2,123.0,101.9,111.0,,,92.5,91.1,94.5,92.1,95.7,89.6,109.2,100.1,99.6,100.8,97.4,83.0,76.6,84.2,99.1,89.0,99.5
200210,100.9,97.1,100.2,110.8,111.3,110.3,112.1,96.3,93.6,95.3,92.9,,93.9,98.4,93.9,93.3,88.7,97.9,,101.3,87.5,106.1,100.0,102.2,106.1,108.2,111.5,115.6,129.9,90.0,100.9,112.5,95.9,99.1,90.1,101.1,125.5,87.6,106.1,98.8,103.9,99.6,113.1,101.1,98.8,110.6,94.1,,86.5,86.2,84.6,87.9,96.4,92.7,96.5,97.1,97.3,96.7,91.4,91.0,89.2,88.4,96.2,92.4,92.9,85.4,93.5,97.4,91.8,88.7,,97.5,97.7,96.2,77.8,102.0,100.2,97.7,108.3,84.7,77.2,90.3,96.7,96.7,92.1,87.8,70.9,89.3,95.0,83.1,94.6,103.3,109.9,93.1,90.7,64.8,90.2,78.1,90.7,93.4,68.7,72.8,146.9,,,80.1,77.4,74.4,85.1,96.4,68.1,107.2,120.5,127.8,,,99.9,91.2,98.4,78.7,103.0,79.3,95.0,,104.4,98.7,98.0,123.0,102.3,101.6,109.4,102.2,101.3,103.4,96.8,91.1,94.8,94.0,80.2,,95.8,110.9,106.2,105.1,,72.9,,76.2,85.1,,,,,97.1,94.8,,112.1,109.6,102.5,97.8,108.1,69.6,103.1,101.8,99.3,99.8,95.0,97.3,118.8,125.6,100.7,,102.9,97.7,89.1,125.3,102.8,114.5,,,92.0,91.2,94.4,92.0,95.1,89.1,110.6,99.2,99.8,101.1,96.3,80.7,75.2,82.8,98.7,89.4,99.9
200211,100.9,97.2,100.2,110.9,111.3,110.4,112.2,96.1,93.6,95.3,92.6,,94.1,97.6,93.6,93.0,89.2,99.1,,99.5,87.3,103.8,99.6,101.8,107.3,109.4,110.5,,124.4,89.3,104.7,110.5,95.9,97.9,90.8,103.2,124.9,87.1,102.6,97.8,104.0,100.0,112.9,101.1,98.5,110.9,93.6,,86.0,85.7,84.9,86.9,96.1,93.2,95.9,95.2,98.1,96.6,91.5,91.2,90.1,87.2,96.4,92.9,92.6,85.3,93.0,96.9,91.2,88.3,,97.1,97.6,96.1,78.0,101.8,99.9,97.8,107.5,84.7,78.0,90.8,95.3,95.3,95.8,93.5,85.5,81.6,82.0,83.8,98.4,108.1,111.1,81.6,90.2,64.1,83.0,94.3,87.7,91.1,68.0,67.8,129.3,,,82.2,81.6,111.6,119.7,122.7,73.2,116.8,142.6,144.1,,,99.8,91.0,99.6,79.0,102.8,78.9,94.3,,104.2,98.9,97.6,121.8,102.5,102.1,109.2,102.2,100.9,104.3,97.5,90.8,88.5,87.4,74.3,99.4,77.6,125.3,111.1,107.1,,,,,72.7,,,,,92.3,95.2,,114.2,109.2,101.7,98.2,108.5,69.3,102.1,101.8,101.1,99.9,94.5,95.4,119.2,126.6,101.0,,101.5,100.0,86.4,123.8,103.2,107.2,,,92.2,91.3,93.6,92.0,95.4,89.1,111.0,100.1,99.2,101.4,96.1,82.4,75.2,84.7,98.7,89.9,99.8
200212,100.9,97.0,100.1,110.8,111.2,110.3,112.1,95.7,93.6,95.4,92.7,,93.9,98.0,93.3,92.6,88.6,99.0,,98.4,86.7,102.5,99.7,102.3,106.7,104.6,113.2,,120.2,90.9,109.5,105.8,97.1,100.1,87.9,103.8,127.1,87.4,100.9,95.7,103.3,97.8,112.9,102.0,97.2,109.8,93.1,,85.0,85.0,84.3,85.6,95.9,92.6,97.4,93.3,96.8,96.1,91.5,91.5,90.1,89.0,96.4,92.4,93.0,85.0,92.3,95.6,91.0,87.6,,97.9,97.6,96.1,78.0,101.7,99.9,97.7,107.9,83.0,76.3,90.9,99.4,99.4,93.6,90.2,99.4,77.5,79.8,78.7,104.8,83.9,110.5,93.0,91.8,64.3,78.8,90.5,80.6,91.0,70.3,68.7,117.6,,,88.3,83.4,121.9,115.5,91.1,86.8,102.9,150.8,143.5,,,99.5,90.6,98.8,78.4,102.3,79.8,92.4,,104.2,98.6,97.5,122.5,101.9,102.5,108.0,101.6,97.4,104.5,96.9,91.2,90.0,89.1,74.6,89.7,78.2,119.9,114.7,103.3,,,,,83.1,,,,148.4,87.2,91.5,,110.3,108.1,101.8,96.9,107.7,67.4,102.3,101.8,99.5,98.5,93.2,96.4,116.2,126.8,100.2,,102.0,97.3,86.3,126.3,105.4,112.5,,,91.9,91.5,93.7,92.0,95.5,89.2,109.9,99.4,99.0,100.9,95.8,81.5,74.8,83.1,98.6,88.7,99.5
200301,100.6,97.6,99.9,110.6,111.0,110.2,111.8,95.6,93.7,95.5,92.7,,93.6,97.3,93.0,93.2,88.6,98.2,,96.9,86.6,100.4,101.4,104.5,108.1,108.2,120.6,,126.0,91.6,110.6,104.6,99.5,99.3,95.9,104.3,125.2,90.2,99.9,95.9,104.0,98.2,113.9,102.6,98.8,110.7,93.1,,86.2,85.7,84.8,87.4,96.3,91.9,96.5,93.9,98.9,98.2,91.8,91.8,91.1,88.9,96.4,92.4,93.2,84.8,92.4,95.7,90.8,88.4,,94.9,97.4,96.2,78.1,101.9,98.8,97.8,106.1,83.6,77.1,90.5,86.1,86.1,97.1,95.8,103.1,83.3,74.6,80.8,133.1,89.2,111.2,121.7,100.7,66.4,85.2,93.4,82.8,93.5,71.5,73.7,112.2,,,108.1,83.4,134.1,113.4,88.9,116.8,113.3,148.9,138.6,,,99.3,90.5,100.7,79.1,101.7,80.1,90.8,,104.3,99.0,97.0,122.7,101.4,101.9,107.2,101.9,98.1,103.4,96.7,90.9,93.8,93.1,76.4,89.6,82.1,118.5,111.8,99.9,131.7,,,,,,,,121.4,88.1,90.3,,110.3,107.8,101.5,97.4,107.7,68.6,101.9,101.8,100.1,99.4,93.2,94.7,115.6,127.6,100.7,,102.0,98.3,82.6,124.9,105.2,110.9,,,92.1,91.9,93.9,92.5,95.7,89.5,110.8,101.5,98.2,100.6,95.5,82.5,74.1,83.3,98.3,88.3,99.4
200302,100.3,97.2,99.9,110.5,110.9,110.2,111.7,95.8,93.8,95.5,92.9,,93.6,97.8,92.9,93.6,87.7,98.4,,97.9,86.3,102.0,100.4,103.4,106.1,102.7,121.0,,123.9,93.7,105.2,104.0,98.9,99.0,94.0,104.0,124.7,89.2,92.9,95.4,103.9,98.8,113.3,103.2,98.6,111.1,91.5,,85.9,86.0,84.0,87.1,94.8,91.3,95.6,92.4,96.2,97.6,91.9,91.8,91.5,88.4,96.2,91.8,93.2,85.0,92.9,96.3,91.3,89.4,,96.3,97.6,96.2,78.1,101.9,99.6,97.6,107.2,83.0,78.5,90.8,91.7,91.7,95.3,93.1,104.8,68.3,78.6,79.8,139.9,83.6,111.0,98.6,97.2,69.0,85.7,105.9,82.7,93.5,75.2,72.4,110.3,,,102.0,79.5,114.1,126.7,93.1,121.9,109.6,131.7,124.5,,,99.1,90.5,101.9,79.6,101.5,79.8,91.4,,103.8,98.4,96.7,122.2,101.1,100.9,107.7,102.1,97.3,103.1,95.1,91.1,91.1,90.4,75.7,89.8,82.0,114.8,109.8,96.8,109.6,,,,,,,,114.6,90.3,86.5,,109.2,108.2,101.7,97.2,107.2,69.5,102.2,101.8,100.3,98.2,93.1,95.7,116.8,124.0,100.7,,101.4,98.8,83.0,127.0,104.1,113.3,,,92.1,92.1,93.8,92.2,95.5,89.4,110.5,101.1,98.3,100.6,95.4,82.7,73.8,82.9,98.4,88.6,99.7
200303,100.6,97.1,100.0,110.3,110.7,109.9,111.5,95.5,93.7,95.3,93.0,,93.6,96.6,93.3,94.0,87.5,99.5,,100.2,86.3,105.1,102.1,105.8,105.5,110.2,124.2,106.0,128.7,91.1,118.1,102.2,97.3,97.2,113.5,105.2,123.9,89.3,83.9,92.3,104.7,100.1,113.8,104.3,99.3,110.7,92.8,,86.0,85.8,84.1,87.5,96.0,92.8,97.0,92.1,97.9,96.9,91.6,91.4,90.9,86.8,96.1,92.3,92.9,85.2,92.7,96.3,90.7,89.0,,96.0,97.2,96.2,78.3,101.8,98.6,97.8,105.6,84.2,77.7,90.6,91.7,91.7,93.8,90.8,92.3,57.1,106.9,78.3,98.3,76.3,112.8,94.6,97.7,74.9,83.3,111.3,88.6,94.8,88.1,71.0,107.1,,,98.4,72.7,102.5,115.1,105.5,103.7,99.0,115.4,106.2,,,99.0,90.7,101.7,79.1,101.3,80.2,92.8,,103.5,98.1,97.0,121.3,101.1,101.1,107.4,101.9,99.6,102.8,94.4,89.4,90.6,89.7,75.6,92.5,86.4,111.7,108.2,95.0,108.5,,,,,,,,107.8,93.3,86.0,,111.7,108.7,100.6,97.2,107.5,68.8,101.0,101.8,99.0,99.8,91.9,94.9,115.6,127.6,99.3,,102.3,100.0,82.0,120.6,103.3,108.4,,,92.2,92.1,94.2,92.9,95.6,89.6,109.0,100.6,98.2,100.7,94.7,82.7,74.5,84.3,98.3,88.5,99.4
200304,100.9,97.2,99.8,110.2,110.6,110.3,111.0,95.6,93.7,95.3,93.1,,93.6,97.6,92.8,93.7,87.9,98.7,,98.4,86.2,102.7,102.2,106.2,106.8,103.8,117.5,108.9,119.8,92.6,108.5,103.2,93.9,94.7,122.7,104.0,122.9,90.2,,94.2,104.0,98.0,113.2,104.3,99.7,110.4,91.7,,85.8,84.9,83.7,87.9,95.6,89.8,97.9,91.5,97.0,97.8,91.6,91.4,91.4,86.2,95.5,91.9,92.9,85.4,92.7,96.5,90.7,89.0,,95.5,97.5,96.2,78.6,101.7,99.3,97.8,106.4,84.2,77.4,90.9,88.4,88.4,96.4,94.7,116.9,64.3,141.7,79.9,86.8,96.7,111.4,100.3,101.9,86.0,85.3,126.4,102.7,99.9,97.2,72.8,106.3,,,90.4,73.1,84.4,102.4,100.1,90.6,96.7,108.9,97.4,,,99.2,90.9,102.2,79.0,101.2,81.2,92.6,,103.6,98.4,97.3,121.0,101.2,100.9,106.7,101.7,101.2,103.7,94.4,90.7,87.0,86.1,,96.7,,111.7,103.3,92.8,,,,,,,,,94.9,94.6,90.9,,109.5,107.8,100.8,96.7,106.6,69.2,101.4,101.8,98.7,97.3,92.5,95.6,115.4,123.7,99.2,,98.7,98.4,83.1,123.9,104.4,113.1,,,92.2,92.1,94.9,92.6,94.9,89.7,108.4,102.0,98.0,99.6,95.7,83.2,75.3,82.7,98.2,87.8,99.9
200305,101.1,97.4,100.2,110.7,111.0,111.8,111.0,95.7,93.9,95.5,93.4,,93.7,97.4,93.4,92.6,87.7,99.2,,101.1,86.2,106.2,99.8,102.5,105.4,95.7,108.9,99.8,114.9,91.6,100.0,101.6,88.2,93.6,112.0,103.9,121.6,90.0,,91.7,103.9,98.3,113.2,102.1,101.2,110.2,91.2,,85.2,84.7,82.7,87.2,95.0,93.1,95.7,90.6,97.1,96.6,91.9,91.8,91.1,89.6,96.3,91.3,92.3,86.3,92.8,96.7,90.7,89.0,,94.7,97.4,96.2,78.6,101.7,99.0,97.8,105.7,85.0,78.0,91.2,85.2,85.2,94.9,92.4,116.1,75.6,111.4,85.7,75.2,96.9,111.3,92.0,107.1,96.5,100.5,114.7,122.0,103.2,91.1,76.3,106.7,,,83.0,75.8,78.8,97.6,83.1,71.9,104.2,104.2,93.8,,,99.4,90.9,100.9,78.7,101.7,80.6,93.0,,104.1,98.9,97.4,121.6,101.6,100.3,108.0,101.6,101.2,103.4,96.2,89.8,102.7,102.3,,102.5,,113.7,107.4,100.4,,,,,,,128.5,121.7,93.9,97.4,95.8,,111.4,108.2,100.8,97.1,107.0,69.7,101.3,101.7,99.0,98.4,92.0,94.2,116.7,125.8,98.6,,100.6,98.4,83.9,121.2,104.4,111.3,,,92.0,92.1,93.7,92.3,95.0,89.8,106.8,101.1,97.8,100.1,94.6,82.7,75.9,83.4,97.8,87.9,99.8
200306,100.8,96.8,100.1,110.6,111.0,112.1,110.8,95.6,93.7,95.3,93.0,,93.4,98.0,93.1,90.6,87.4,98.8,,102.5,86.2,108.0,99.3,101.7,106.3,98.5,114.3,96.5,113.5,88.4,92.3,101.0,87.1,95.5,107.2,103.6,119.5,88.9,,90.8,103.2,97.2,113.2,99.7,101.5,109.8,89.6,,85.5,84.7,83.4,87.4,95.1,91.3,98.0,91.3,95.3,95.1,91.8,91.7,91.7,88.8,96.0,91.7,92.1,85.5,92.6,96.2,90.6,89.0,,94.4,97.5,96.2,78.6,101.6,99.3,97.8,106.4,84.3,76.9,91.5,83.4,83.4,90.9,86.3,68.0,80.9,96.1,82.2,65.3,86.0,111.5,94.7,120.5,87.7,129.4,79.3,110.1,107.9,84.6,114.8,104.2,,113.7,70.3,91.1,71.4,92.6,72.9,66.3,102.0,97.6,89.1,,,99.2,90.6,102.4,78.8,101.1,79.5,93.5,,103.6,98.4,97.1,121.1,101.6,99.9,107.4,101.7,101.4,103.9,97.1,89.5,101.5,101.1,,108.8,,115.7,107.0,102.0,,,122.4,,,,92.7,92.6,,96.0,96.5,103.5,110.8,108.7,100.5,96.1,105.5,69.7,101.0,101.7,98.3,98.5,91.6,96.2,116.0,124.5,98.7,,98.3,96.6,83.6,124.1,104.4,110.8,,,91.9,91.6,93.4,92.1,94.9,90.2,107.1,99.6,97.5,99.3,94.9,82.4,76.0,82.9,98.1,87.8,99.7
200307,100.6,96.1,99.9,110.8,111.2,112.2,111.0,95.6,93.4,95.1,92.7,,93.3,98.0,93.0,93.4,86.5,98.9,,99.7,85.8,104.5,98.3,100.1,105.6,101.0,103.4,86.1,117.9,90.3,96.4,115.1,87.8,100.9,95.0,103.7,119.6,89.6,,91.1,102.7,97.0,112.7,98.6,100.4,109.8,90.2,,85.6,84.9,84.0,87.1,95.3,92.4,96.7,91.0,97.0,95.2,91.7,91.8,91.7,89.6,96.6,92.0,91.9,85.5,92.1,95.3,90.7,88.3,,93.9,97.2,96.2,78.7,101.7,98.4,97.6,105.1,83.9,77.5,90.9,82.1,82.1,90.2,85.3,74.4,109.7,100.0,81.7,61.4,91.1,111.3,106.5,145.7,83.3,141.6,82.3,96.4,104.0,81.1,165.9,105.2,,80.4,67.9,89.3,84.1,94.4,72.3,69.8,100.2,94.4,86.3,,,99.3,91.3,101.9,79.0,101.8,81.3,93.5,,103.6,98.9,97.1,119.7,101.3,100.1,108.2,100.9,101.7,102.9,96.6,88.6,88.6,87.7,,,,111.7,107.4,100.0,,,100.5,132.1,,103.3,74.9,77.2,,95.9,97.5,66.7,110.2,107.8,100.5,96.1,105.7,69.4,101.0,101.7,98.7,99.9,91.4,95.0,114.9,122.1,98.4,,102.7,97.5,83.6,119.6,103.6,110.8,,,92.2,91.6,93.7,93.5,94.9,90.5,106.1,101.2,96.6,99.2,94.5,83.9,76.0,84.7,98.1,86.5,99.4
200308,100.8,96.4,99.9,110.8,111.3,112.2,111.1,95.4,93.4,95.0,92.7,,92.9,98.2,92.9,90.9,86.5,97.4,,101.3,85.4,106.8,99.7,102.5,105.4,110.4,100.5,90.0,124.6,91.4,105.3,157.4,91.5,100.4,93.4,104.0,120.8,91.6,,92.2,103.1,98.5,112.4,97.9,102.7,109.2,91.6,,85.6,84.8,83.5,87.4,95.0,90.4,98.3,90.7,95.3,94.9,92.2,92.4,92.0,90.5,96.7,92.4,91.9,85.9,92.4,95.5,91.0,88.3,,94.0,97.4,96.3,78.9,101.7,98.7,97.4,105.5,84.0,77.8,91.5,82.0,82.0,91.4,87.3,77.7,113.1,101.4,83.8,104.3,95.7,110.3,91.3,137.7,81.3,116.1,83.3,89.5,101.6,82.3,146.2,107.8,,75.6,63.4,84.6,89.8,88.9,72.7,64.3,104.5,94.2,92.3,,,99.0,90.8,100.3,79.4,101.1,80.7,93.7,,103.0,98.2,97.0,118.7,101.3,99.5,108.0,100.9,101.1,103.6,97.2,89.6,91.0,90.3,,,,111.6,105.9,100.2,,95.7,74.6,102.8,,85.7,69.9,76.7,,94.7,95.8,,110.2,106.8,100.4,95.1,104.7,68.5,101.0,101.7,97.1,99.4,91.5,95.4,116.1,121.9,97.5,,100.0,95.7,83.1,124.9,104.8,112.3,,,91.8,91.3,93.8,92.3,95.0,90.4,105.1,99.6,96.9,99.1,94.8,83.2,75.6,82.8,97.6,86.7,99.8
200309,100.9,96.8,100.6,112.3,112.8,114.1,112.8,96.2,93.6,95.3,92.7,,93.4,98.5,93.5,93.9,86.8,97.7,,99.9,85.6,104.8,96.6,97.1,105.6,106.2,104.2,100.3,121.6,88.1,102.5,98.9,88.5,97.9,89.0,104.3,119.5,90.7,,89.4,103.3,98.5,113.0,97.1,102.4,109.8,91.2,,85.7,84.7,83.7,87.5,96.1,92.8,98.2,90.9,97.8,95.1,92.3,92.5,92.2,94.0,96.8,91.8,91.8,85.9,92.2,95.5,90.5,88.6,,95.1,97.3,96.4,78.9,101.8,98.5,97.5,104.9,84.0,76.9,92.2,87.5,87.5,95.9,94.1,100.3,134.6,132.2,85.8,123.5,109.1,111.3,95.5,114.0,79.2,93.4,104.0,79.3,100.4,80.9,110.5,108.7,,99.8,79.3,73.3,104.3,84.6,74.5,66.2,107.0,99.4,98.5,,,99.2,91.2,99.5,80.2,101.8,81.1,93.5,,103.4,98.3,96.8,120.5,101.3,99.5,107.2,100.5,102.1,104.2,96.5,89.6,92.1,91.3,,,187.8,114.2,107.9,99.7,,72.6,77.4,78.7,,99.7,,,,94.8,94.3,,111.5,108.6,100.0,96.1,105.9,68.8,100.5,101.7,99.0,99.1,91.2,95.3,114.4,124.4,96.5,,102.4,98.7,82.5,120.6,102.6,109.0,,,92.1,91.2,93.4,91.9,94.9,90.3,106.5,100.9,96.8,98.8,94.9,86.0,75.9,83.7,97.8,87.3,99.4
200310,100.9,96.8,104.9,123.9,124.1,128.8,123.4,116.3,93.6,95.1,93.3,,92.9,97.5,93.4,91.9,86.7,97.4,,100.2,85.9,105.2,96.9,97.6,104.8,102.6,114.7,98.2,121.2,88.8,106.2,88.8,88.5,96.4,86.1,103.8,120.5,91.4,101.7,91.6,102.2,96.8,111.8,95.5,101.4,110.1,91.1,,85.9,84.6,83.5,88.4,95.8,92.3,97.3,93.3,97.0,94.4,92.0,92.0,92.7,90.3,96.3,91.6,92.0,86.2,92.1,95.5,90.3,88.7,,95.7,97.4,96.2,79.0,101.5,99.1,97.5,106.0,83.8,76.9,92.1,89.6,89.6,91.2,86.8,74.6,92.8,96.4,82.6,69.7,102.6,109.9,102.0,100.5,72.4,79.1,78.6,72.4,98.9,75.7,85.2,108.0,,,81.2,69.7,84.8,90.2,89.8,66.7,101.6,114.6,129.3,,,99.3,91.5,102.7,81.9,101.8,81.1,93.3,,103.4,98.7,96.4,120.3,101.2,99.0,107.4,100.1,101.6,104.2,96.6,90.6,96.0,95.4,88.9,,95.9,114.0,106.0,101.0,,76.9,,71.8,82.7,,,,,94.2,97.0,,110.1,106.7,100.8,95.9,105.4,69.2,101.4,101.7,98.9,99.4,91.7,95.5,115.1,123.5,97.0,,102.7,97.5,82.9,122.4,105.1,113.1,,,92.3,91.7,93.7,92.8,94.9,90.0,106.7,100.1,96.9,99.2,95.1,87.1,75.4,84.0,97.8,87.3,99.7
200311,100.4,95.8,107.3,130.5,130.3,134.0,130.9,139.0,93.5,95.1,92.9,,92.4,97.0,92.9,91.5,86.5,96.3,,100.5,86.6,105.2,97.0,97.8,104.3,103.7,106.0,,114.4,86.0,107.5,87.2,88.5,95.1,88.7,103.8,118.9,89.8,97.3,89.7,103.2,97.7,113.9,97.3,102.6,109.2,89.7,,85.8,84.3,82.7,88.6,95.4,91.3,95.9,92.9,97.7,96.0,92.2,92.3,92.1,91.9,96.6,92.0,91.9,86.1,92.0,95.5,90.2,88.4,,95.4,97.2,96.1,79.1,101.5,98.4,97.5,104.8,83.5,75.8,93.1,89.3,89.3,84.0,75.6,55.6,56.2,59.8,67.8,57.0,64.2,109.9,82.8,95.7,70.1,74.2,58.7,68.4,95.7,74.6,79.9,109.4,,,70.3,67.3,78.0,89.8,87.3,64.2,97.1,120.5,135.7,,,99.2,91.7,101.6,82.3,102.1,82.3,92.1,,103.6,98.8,96.3,121.2,100.7,98.8,106.1,100.2,99.4,104.8,96.5,89.3,87.6,86.7,79.2,98.0,77.7,114.9,107.1,95.4,,,,,70.0,,,,,91.4,95.3,,109.2,107.4,99.3,96.3,106.7,67.7,99.7,101.6,98.7,98.5,91.7,94.8,112.5,120.7,97.3,,102.5,97.4,82.8,118.1,104.7,103.8,,,92.4,91.5,94.0,93.2,94.8,90.5,106.2,101.2,96.8,98.3,95.3,87.3,75.0,84.2,98.0,86.9,99.6
200312,100.5,96.2,108.4,133.7,133.2,136.4,134.4,152.1,93.3,95.1,92.4,,92.1,96.3,92.3,90.2,86.5,96.9,,100.6,86.1,105.5,98.1,100.0,104.3,104.0,118.1,,117.5,89.2,113.4,87.4,90.4,96.3,97.1,103.6,118.8,90.3,95.6,93.3,102.9,98.1,113.6,96.9,101.5,108.6,89.5,,85.1,83.8,82.3,87.8,94.4,89.3,95.7,92.5,95.9,95.6,92.2,92.4,93.0,91.9,96.8,91.7,91.6,86.5,91.6,95.2,89.6,88.5,,95.5,97.3,96.2,79.1,101.5,98.8,97.5,105.6,83.4,74.7,93.2,89.1,89.1,86.6,79.8,54.2,65.4,54.1,71.4,88.2,70.7,110.2,93.7,93.3,69.9,71.6,63.9,64.5,95.7,74.3,85.8,106.7,,,85.0,68.9,108.2,109.4,93.9,66.0,99.5,117.8,124.5,,,99.0,91.9,102.3,82.4,102.4,82.6,91.8,,103.3,98.7,95.4,121.2,100.3,99.0,106.3,100.2,97.0,104.5,96.4,87.0,85.7,84.7,79.0,90.1,72.0,114.5,104.6,93.8,,,,,80.7,,,,136.1,88.0,94.3,,109.6,109.0,100.2,95.1,104.8,67.9,100.8,101.7,99.7,98.9,91.8,94.5,115.0,125.7,98.2,,99.3,96.5,81.1,119.6,105.2,112.2,,,92.3,91.3,94.2,93.1,94.8,90.2,105.7,100.1,96.2,98.9,94.4,87.8,75.2,82.9,97.9,87.1,99.3
200401,100.3,97.5,109.9,137.6,137.3,139.5,139.3,156.1,93.1,95.0,92.1,,92.1,96.5,92.4,91.7,85.8,96.9,,100.2,86.5,104.9,99.2,102.1,104.6,109.7,120.2,,121.7,90.6,114.8,88.1,91.0,98.9,98.4,103.3,120.0,92.7,92.1,93.7,102.1,95.8,113.3,95.4,102.0,108.8,88.2,,84.8,83.2,82.1,87.8,94.5,89.9,95.0,92.8,96.4,95.6,92.7,93.0,94.2,93.2,96.5,92.4,92.2,86.8,92.0,95.4,90.1,88.8,,93.0,97.1,96.1,79.1,101.3,98.5,97.4,104.5,84.5,77.3,93.1,77.5,77.5,94.0,91.2,77.9,89.4,71.0,81.1,119.1,88.2,110.3,121.8,98.2,72.7,74.8,85.9,65.6,96.2,76.0,94.9,105.6,,,97.9,80.3,102.3,117.7,96.8,76.1,105.3,136.4,134.5,,,98.8,91.8,104.7,82.8,101.9,80.9,92.7,,103.0,98.1,95.0,121.5,100.3,99.1,105.8,99.5,97.7,104.0,96.1,89.4,92.4,91.6,84.6,95.8,78.6,114.0,104.9,91.5,136.1,,,,,,,,114.3,89.7,96.2,,108.6,108.7,100.1,95.7,105.6,68.4,100.6,101.7,98.6,98.3,91.5,94.7,114.6,123.9,98.5,,101.9,96.9,82.3,120.5,103.0,110.6,,,92.2,92.5,93.5,93.3,94.8,90.1,105.6,99.6,96.8,99.0,95.1,87.2,74.7,83.8,97.6,86.7,99.4
200402,100.3,98.0,110.1,138.3,137.8,139.1,140.5,157.5,93.1,94.8,92.5,,92.1,96.3,91.8,91.2,86.5,96.7,,99.9,86.3,104.7,98.3,100.3,103.4,105.5,119.9,,114.9,90.8,107.9,88.0,90.9,94.9,94.6,103.2,117.0,90.6,87.7,93.0,102.5,96.7,112.8,96.4,102.6,108.8,90.4,,84.7,83.1,82.3,87.6,95.7,88.9,97.5,94.1,97.3,95.1,93.9,94.6,96.4,95.9,97.0,93.6,92.8,86.4,92.1,95.0,90.8,88.5,,94.2,97.5,96.1,79.1,101.3,99.4,97.2,106.1,84.7,78.7,92.6,82.3,82.3,95.2,93.3,88.5,86.3,86.7,86.2,115.5,92.3,109.8,105.6,98.3,79.6,75.7,92.4,64.0,97.4,81.7,97.9,106.0,,,95.8,77.6,100.7,119.3,99.0,102.3,107.5,124.4,126.8,,,98.7,92.3,106.7,83.4,102.3,81.1,93.0,,102.6,97.8,95.1,120.3,99.9,98.8,105.9,99.4,98.4,102.2,96.2,88.9,96.4,95.8,87.2,98.4,82.7,108.0,102.7,89.4,117.9,,,,,,,,125.1,91.4,95.3,,110.8,108.7,100.1,96.0,105.5,69.3,100.5,101.6,98.5,97.8,91.5,93.3,116.2,123.3,97.7,,99.6,95.9,80.6,120.4,105.8,112.8,,,92.2,92.6,93.3,93.5,94.7,90.2,105.6,100.2,97.0,99.0,94.3,87.2,74.3,83.4,97.6,86.6,99.8
200403,100.5,97.8,109.1,135.6,135.1,135.8,137.4,156.9,93.0,94.8,92.0,,92.1,96.1,92.5,93.2,86.3,96.2,,102.9,86.4,108.7,99.7,102.8,101.9,109.7,112.1,121.3,120.0,90.8,112.3,86.7,92.6,92.8,106.3,102.7,116.3,91.7,80.3,93.8,102.6,98.7,113.0,96.5,100.2,108.4,90.6,,85.2,83.9,82.2,88.0,94.4,92.2,92.7,94.7,97.2,95.6,94.3,95.1,95.6,100.1,97.6,94.6,92.3,87.7,92.2,95.3,90.5,89.0,,94.2,97.3,96.0,79.2,101.1,99.3,97.1,105.9,84.9,77.0,93.1,82.7,82.7,92.9,89.4,85.2,71.2,117.4,80.3,96.7,87.2,109.8,103.3,97.8,83.7,75.2,98.1,65.6,99.2,83.5,99.8,106.3,,,91.4,73.7,90.6,102.4,96.2,84.3,98.7,113.6,108.5,,,98.9,92.6,107.2,83.6,102.7,81.5,93.4,,103.0,98.2,94.9,121.1,100.0,98.4,105.0,100.0,99.3,102.8,96.4,89.0,93.8,93.1,88.6,101.9,92.6,108.1,101.3,89.2,119.3,,,,,,,,108.5,94.3,95.5,,107.7,107.3,99.4,96.3,106.2,68.9,99.7,101.6,98.1,98.9,91.4,93.4,114.3,119.4,96.1,,102.3,97.2,82.7,118.0,102.7,107.5,,,92.5,93.1,93.5,92.9,94.6,90.5,104.4,99.8,97.4,99.7,94.4,88.2,75.7,84.7,97.6,86.6,99.7
200404,100.5,97.2,107.7,131.8,131.0,130.1,132.7,156.5,92.9,94.4,92.5,,92.0,96.1,92.0,93.1,86.3,96.2,,104.5,85.5,111.1,100.1,103.7,98.6,107.8,113.5,119.8,113.3,89.2,111.7,84.8,86.5,91.8,122.5,103.1,115.5,90.2,,93.7,102.0,97.8,112.1,96.6,99.5,108.6,89.9,,84.7,84.2,81.4,87.2,94.3,91.6,93.9,92.9,96.5,95.4,94.2,94.9,95.7,101.7,97.3,94.5,90.8,90.0,92.1,94.7,91.0,88.6,,94.0,97.5,96.0,79.7,101.0,99.6,97.0,106.1,85.2,79.2,92.8,81.4,81.4,91.1,86.8,87.1,63.8,117.6,72.1,85.8,101.3,108.7,101.1,99.1,91.3,72.3,101.0,82.1,104.2,85.3,103.6,108.1,,,84.4,80.8,76.2,93.6,88.2,67.2,91.9,100.9,92.4,,,98.8,92.5,108.8,84.5,101.6,81.8,93.5,,102.5,97.5,95.3,119.9,100.1,97.7,105.4,99.4,100.6,101.0,96.8,90.4,85.4,84.4,,103.3,,102.9,101.7,91.3,,,,,,,,,86.3,99.7,99.6,,109.2,106.6,99.6,96.2,105.8,69.5,100.0,101.7,98.1,98.4,91.1,93.4,114.0,121.5,95.9,,101.2,98.9,82.4,118.2,103.8,109.2,,,92.4,93.3,93.7,92.7,94.6,90.7,103.9,97.3,97.0,100.2,93.5,88.3,75.4,83.8,97.5,87.1,100.3
200405,100.6,97.4,107.0,129.6,129.0,128.0,130.3,156.4,92.9,94.4,92.4,,92.3,96.7,92.3,92.8,86.3,96.7,,105.4,86.2,112.0,100.3,104.3,99.7,101.4,111.9,122.0,110.6,90.6,106.9,84.7,85.7,91.5,120.4,104.2,115.2,89.3,,92.8,101.7,97.8,111.1,95.3,99.8,108.4,90.8,,85.0,84.7,81.6,87.4,94.1,91.3,93.4,93.5,96.4,95.7,94.6,95.5,95.6,104.6,97.9,94.1,91.1,89.9,92.1,95.0,90.8,88.5,,94.4,96.9,95.9,79.9,100.8,98.3,97.3,104.6,84.6,78.0,91.4,85.3,85.3,88.4,82.5,74.7,71.7,97.2,77.9,69.7,91.0,108.8,95.9,100.2,88.1,87.8,83.8,92.7,107.8,77.1,112.8,106.0,,,77.3,99.8,68.9,82.7,78.1,60.5,97.3,98.2,90.9,,,99.1,93.0,111.0,84.6,102.1,82.0,93.4,,102.7,97.3,95.9,120.6,100.4,97.2,106.1,99.9,101.6,102.7,96.3,89.6,98.3,97.8,,107.2,,102.7,101.0,91.6,,,,,,,112.3,106.2,96.4,99.0,97.6,,106.8,106.6,99.4,96.9,107.1,68.9,99.7,101.7,97.5,99.0,90.6,92.9,114.2,124.1,96.9,,101.8,97.5,81.5,116.8,104.1,107.5,,,92.7,93.2,93.7,93.4,94.4,90.5,104.4,100.4,97.4,100.3,94.4,88.9,75.2,84.7,97.4,87.2,100.4
200406,100.8,97.8,106.3,128.1,127.3,126.4,128.8,156.4,92.8,94.2,92.5,,92.1,96.5,91.5,93.2,86.1,96.9,,104.6,86.0,111.0,98.6,101.3,99.2,99.9,109.8,105.6,108.3,89.7,100.3,84.0,84.9,93.7,110.6,102.8,113.9,89.6,,94.7,102.0,97.4,111.6,95.5,100.0,108.1,93.0,,84.7,83.8,81.5,87.4,94.0,89.8,93.0,93.6,97.2,94.9,94.2,95.0,95.3,102.1,97.9,94.2,91.1,90.9,92.1,94.9,90.8,88.5,,94.9,96.6,95.7,79.9,100.6,97.6,97.5,103.2,84.8,78.0,91.7,89.1,89.1,93.2,90.1,90.1,100.4,109.3,82.8,84.4,92.8,109.4,97.1,105.0,87.0,110.7,96.6,86.9,111.1,75.6,166.8,106.3,,113.2,73.9,122.6,77.5,92.6,74.8,69.0,99.7,98.9,89.1,,,98.9,93.0,111.1,85.0,102.0,81.6,93.7,,102.8,97.6,96.1,120.7,99.9,97.7,105.2,98.9,100.4,101.7,96.7,88.9,101.3,101.0,,112.4,,105.8,99.9,93.4,,,116.5,,,,91.6,94.5,,98.3,97.2,104.5,107.7,106.2,99.0,95.6,105.6,67.7,99.5,101.7,96.7,98.1,90.6,92.5,112.8,123.2,96.7,,99.6,95.6,82.1,118.3,103.5,109.4,,,92.5,93.1,93.6,93.6,94.3,90.6,103.6,100.6,97.1,100.0,94.5,88.7,75.2,83.4,97.4,86.9,100.2
200407,100.5,96.9,105.6,126.9,126.2,125.7,127.2,156.3,92.3,93.6,92.2,,92.0,96.7,91.5,92.7,86.2,96.2,,104.3,86.0,110.6,97.5,99.4,98.5,103.8,102.5,98.2,114.0,89.1,91.0,118.2,86.2,94.0,97.8,103.9,112.6,90.5,,95.4,101.6,95.5,111.7,95.9,99.5,107.7,94.2,,84.5,84.3,81.0,86.7,94.5,90.5,93.7,93.3,97.9,94.3,94.3,95.1,95.0,102.3,98.2,94.0,91.4,91.7,92.2,95.3,90.8,88.2,,94.9,96.7,95.7,79.9,100.6,97.9,97.2,104.1,85.0,75.9,91.8,88.4,88.4,89.3,84.2,92.6,105.5,105.7,79.7,73.9,90.5,109.0,96.3,113.2,77.4,106.3,96.4,85.3,101.5,78.2,183.6,108.4,,84.3,66.6,93.9,71.9,72.0,78.4,62.1,99.4,97.0,87.7,,,98.5,92.9,110.0,84.8,102.0,81.6,93.8,,102.2,97.2,95.4,119.7,99.5,97.5,104.4,98.7,101.0,100.9,96.2,87.8,93.7,93.0,,,,107.3,106.7,97.0,,,93.3,124.1,,106.3,83.8,85.9,,96.4,98.2,76.9,107.9,105.5,98.8,97.4,107.4,69.6,98.9,101.7,98.3,98.0,90.4,94.1,114.2,121.4,95.9,,99.5,95.1,82.0,117.1,104.3,104.5,,,92.6,93.0,93.8,93.9,93.7,90.6,103.6,99.8,96.7,99.8,95.0,88.8,75.9,83.9,97.7,87.8,100.3
200408,100.6,96.9,105.3,125.9,125.1,124.3,126.3,155.3,92.5,93.9,92.3,,91.9,96.7,91.1,92.4,86.3,96.2,,105.9,85.7,112.9,98.0,100.3,99.1,113.7,99.0,96.4,123.1,90.5,96.7,156.3,88.1,93.5,92.0,105.0,113.3,91.4,,99.3,101.9,95.5,111.7,96.8,100.0,107.3,94.7,,84.1,83.6,81.2,86.3,94.0,88.1,94.0,93.0,96.9,94.6,95.2,96.2,96.0,106.0,98.5,94.5,92.3,92.3,92.3,95.2,91.0,88.6,,94.8,96.5,95.7,79.9,100.6,97.4,96.8,103.4,84.7,75.4,91.8,89.0,89.0,88.4,82.9,73.4,131.5,105.3,83.3,73.3,95.1,109.4,88.0,108.2,75.8,92.8,89.2,83.5,95.7,80.6,130.3,111.2,,78.2,73.0,78.9,81.8,68.0,77.1,58.8,102.2,95.2,84.7,,,98.4,92.6,106.7,84.4,102.0,82.0,94.1,,102.0,97.2,95.7,118.1,99.5,97.4,104.2,98.5,100.9,101.0,96.1,88.3,94.9,94.3,,,,107.1,107.5,96.0,,95.9,77.7,93.6,,97.8,83.8,83.7,,90.2,98.8,,107.7,105.6,98.3,96.3,106.8,67.3,98.5,101.7,97.0,97.7,90.4,93.5,113.6,116.3,96.7,,99.4,94.3,81.8,115.1,105.2,104.5,,,92.4,93.0,94.1,93.6,93.8,90.8,103.0,98.4,96.5,99.9,94.5,87.4,75.8,83.1,97.5,87.0,100.2
200409,100.9,97.4,103.9,122.3,121.6,120.8,122.6,151.8,92.5,93.9,92.3,,91.9,96.2,91.7,92.0,86.8,95.6,,103.4,85.5,109.6,95.5,96.0,98.7,105.5,103.3,102.6,116.4,86.4,95.1,106.4,86.0,91.7,93.6,105.3,113.8,90.9,,100.8,102.6,96.9,112.5,98.0,99.3,107.4,95.8,,84.3,83.2,80.7,87.3,94.3,89.6,94.4,93.8,96.6,93.9,95.1,96.0,96.1,103.8,98.9,94.8,92.0,92.4,92.2,95.0,91.0,88.7,,96.4,96.7,95.8,79.9,100.7,97.8,96.9,103.9,85.0,77.0,91.7,95.8,95.8,97.0,96.0,75.4,141.1,105.3,96.1,98.1,110.1,110.2,99.1,94.6,79.2,87.8,91.7,80.7,93.6,82.5,94.7,111.3,,88.8,90.1,70.3,121.4,108.4,96.4,71.7,107.0,107.3,113.7,,,98.8,93.0,110.1,84.4,101.8,82.3,94.0,,102.5,97.6,96.3,118.6,99.8,97.7,104.7,99.4,100.6,101.6,96.1,88.9,90.9,90.2,,,178.7,103.5,106.0,93.5,,70.7,79.3,80.3,,103.8,,,,89.4,97.9,,108.4,106.8,99.5,98.1,108.1,70.2,99.6,101.7,96.7,97.6,90.1,93.6,114.2,120.6,98.4,,100.2,95.7,81.0,118.7,105.1,108.5,,,92.7,92.5,94.0,94.5,94.0,91.0,104.5,99.4,95.8,99.3,95.0,88.9,75.7,83.9,97.6,87.6,100.3
200410,101.4,99.1,101.5,116.2,115.5,114.2,116.6,144.4,92.2,93.4,92.3,,92.1,96.9,91.7,92.6,86.6,96.1,,104.0,85.1,110.6,96.5,97.5,99.8,109.1,100.9,116.5,116.9,87.7,97.7,97.3,89.5,91.5,94.2,104.9,111.2,90.7,100.6,98.9,103.0,97.2,112.4,98.8,99.6,108.1,97.5,,84.4,82.9,81.0,87.6,94.3,88.4,95.2,92.9,96.4,93.6,95.4,96.5,96.4,106.6,98.9,95.0,92.1,92.6,92.2,95.0,90.9,89.0,,97.2,97.0,95.8,79.9,100.7,98.5,97.0,105.4,84.3,75.5,91.9,98.5,98.5,107.9,112.7,113.2,157.9,128.3,111.8,175.4,119.3,109.4,93.2,90.5,77.0,83.6,147.8,76.1,89.2,82.4,88.7,111.6,,,111.7,70.4,150.3,129.3,104.7,97.5,105.8,110.1,128.4,,,98.8,93.2,110.8,85.1,101.7,82.5,94.2,,102.5,97.9,95.7,118.8,99.7,97.4,104.3,98.8,100.1,102.2,96.5,88.9,102.7,102.5,98.5,,97.6,105.1,109.2,92.2,,85.6,,95.9,86.9,,,,,90.8,97.7,,107.4,106.5,99.5,97.2,107.4,68.9,99.7,101.6,97.2,97.5,90.6,94.2,115.5,117.8,97.0,,99.0,96.3,81.4,117.8,104.1,110.5,,,92.7,92.8,94.1,94.3,93.7,91.5,104.6,98.7,96.2,99.3,94.9,88.5,75.2,83.4,97.7,87.3,100.4
200411,101.2,99.2,100.5,114.0,113.5,113.2,113.9,136.5,92.0,93.0,92.2,,91.7,96.7,91.9,93.4,86.2,94.8,,103.8,85.4,110.2,96.2,96.6,99.8,97.1,103.1,,110.6,87.0,97.4,93.9,87.4,93.0,94.9,105.2,111.2,90.6,99.4,101.8,103.8,98.1,112.7,102.0,99.1,107.6,97.9,,84.4,83.2,81.0,87.3,94.9,90.3,95.8,92.8,97.2,93.0,95.8,96.7,96.6,108.6,98.4,95.0,92.6,92.4,92.7,95.1,91.9,89.0,,97.7,96.5,95.8,79.9,100.6,97.4,96.9,103.3,85.4,76.0,91.5,102.7,102.7,110.8,117.0,169.5,127.6,157.1,97.4,195.1,103.5,110.1,96.3,90.3,77.0,81.5,137.5,107.5,83.9,82.8,83.7,112.8,,,112.3,80.8,127.6,137.4,121.5,116.1,96.3,152.4,132.8,,,99.4,93.0,110.7,85.2,101.6,82.0,94.1,,102.7,97.9,95.4,120.2,101.2,97.3,104.7,100.4,109.6,104.4,96.2,87.6,98.3,97.8,93.4,120.5,82.9,113.1,110.4,90.4,,,,,87.7,,,,,90.6,100.0,,108.7,105.1,99.4,98.1,108.5,69.3,99.5,101.6,97.0,97.4,90.5,93.7,113.8,117.5,98.2,,100.4,95.6,81.5,117.8,104.0,108.4,,,92.5,92.7,93.6,94.2,93.7,90.6,104.3,99.3,96.5,99.6,94.9,88.2,75.2,83.3,97.7,87.3,100.4
200412,100.7,97.5,99.9,112.8,112.7,112.5,113.2,117.2,92.0,93.1,92.1,,91.6,96.3,92.1,93.2,86.9,93.5,,101.0,85.1,106.5,96.9,97.6,100.1,96.8,109.0,,108.5,88.2,100.5,93.1,88.7,95.6,94.8,106.3,112.0,91.7,96.9,105.3,104.3,97.9,112.6,103.3,100.7,107.7,98.5,,84.1,82.2,81.0,87.6,94.5,89.5,94.9,94.1,96.5,92.9,95.6,96.5,97.2,103.7,98.2,95.0,93.0,92.4,93.0,95.2,92.3,89.6,,100.4,96.4,95.7,79.9,100.6,97.2,96.7,103.2,83.6,74.8,91.8,116.0,116.0,94.8,92.3,115.8,77.2,83.6,79.3,130.0,86.4,109.5,97.8,87.8,75.3,77.0,82.0,100.4,85.2,83.0,82.3,101.8,,,99.3,89.3,98.1,117.6,119.4,86.3,94.2,120.5,116.7,,,99.1,92.1,103.9,85.2,101.5,81.7,93.6,,102.5,97.8,95.4,118.9,101.1,96.8,104.3,100.0,109.2,105.6,96.4,87.4,100.3,100.0,97.7,113.9,86.1,142.5,109.6,87.8,,,,,115.5,,,,133.1,90.3,98.8,,105.5,105.4,99.8,97.9,108.3,69.5,100.0,101.6,98.5,98.7,89.8,94.1,113.6,121.0,96.9,,99.2,95.7,81.5,119.6,104.3,110.5,,,92.3,92.4,93.5,94.3,93.5,91.3,103.9,97.8,96.4,98.9,94.3,87.9,75.6,83.2,97.1,87.6,100.3
200501,100.5,98.0,99.2,111.9,111.7,111.4,112.0,112.9,91.8,93.0,91.8,89.7,91.4,96.1,91.9,91.6,87.0,93.0,,100.8,85.4,106.2,99.5,101.8,100.3,115.2,119.2,,117.4,90.7,112.8,89.6,91.2,96.5,107.5,106.7,113.5,92.0,94.6,106.4,104.5,98.2,112.2,105.0,100.9,108.2,98.9,,84.6,82.7,80.8,88.4,95.5,91.1,96.6,94.4,96.9,94.2,96.3,97.3,97.9,104.4,98.5,95.7,93.6,92.0,93.0,95.3,92.3,89.5,,97.1,96.3,95.8,80.0,100.7,97.0,96.6,103.3,84.0,75.7,90.0,99.8,99.8,96.7,95.5,110.1,83.8,82.7,85.7,116.7,108.3,109.5,114.9,90.4,76.6,79.3,79.6,95.9,85.0,83.6,88.2,95.8,,,93.9,91.8,104.6,111.8,108.1,86.4,102.3,134.1,117.8,,,98.9,92.0,105.2,86.0,101.2,81.2,93.9,71.8,102.5,98.0,94.9,118.8,101.0,97.0,104.0,99.7,108.3,105.5,96.3,87.7,101.9,101.6,,118.6,93.9,144.0,109.1,88.8,140.5,,,,,,,,123.8,90.9,100.8,,106.7,106.7,99.0,97.4,107.7,68.8,99.1,101.6,97.1,97.8,89.7,94.6,113.3,120.0,97.0,,98.4,94.6,82.2,118.9,104.7,106.4,105.1,,92.7,92.1,93.4,95.0,93.6,91.3,104.4,99.7,96.9,99.4,95.3,88.1,75.4,83.6,97.1,87.7,100.4
200502,100.2,97.8,99.1,111.4,111.3,111.7,111.4,111.9,91.6,92.8,91.6,89.4,91.4,96.1,91.5,93.1,86.7,93.4,,101.4,84.5,107.4,98.4,100.0,99.0,109.7,112.7,,115.3,89.8,114.8,89.2,91.5,94.5,108.2,106.0,111.7,91.2,86.2,103.0,104.5,98.1,113.4,106.1,98.1,108.4,98.4,,84.3,82.3,80.9,88.1,95.4,91.4,96.3,94.2,97.1,94.3,96.3,97.2,98.0,104.2,98.7,95.1,93.3,92.6,93.7,95.4,93.3,90.3,,99.8,96.8,95.8,80.1,100.7,98.4,96.8,105.1,84.7,76.1,90.7,111.3,111.3,96.4,94.9,132.4,76.5,87.2,80.5,106.5,105.0,109.6,97.0,89.5,75.9,79.1,88.1,93.5,86.0,88.7,84.5,91.0,,,94.3,85.6,119.7,124.7,97.6,109.6,102.0,128.3,109.4,,,98.8,92.3,105.3,86.4,101.8,81.4,93.7,72.3,102.2,97.9,95.2,118.3,100.4,96.8,103.7,100.0,106.4,104.5,95.9,86.5,99.0,98.6,,117.4,97.0,140.1,106.0,88.8,119.5,,,,,,,,117.3,90.5,100.9,,108.0,108.0,99.5,97.3,107.1,70.3,99.7,101.6,97.5,97.3,89.7,94.9,113.8,120.3,97.5,,99.6,95.8,80.8,116.6,105.0,111.2,105.3,,92.4,92.0,93.5,95.2,93.6,91.4,104.5,98.0,96.7,98.9,94.9,87.8,74.6,81.7,97.1,87.6,100.4
200503,100.5,97.9,98.9,110.5,110.4,111.0,110.3,110.5,91.8,93.1,91.5,89.9,91.7,96.5,91.7,92.3,87.0,93.9,,101.9,84.8,107.9,99.2,101.3,98.5,105.3,117.9,111.8,118.8,89.8,108.7,87.3,92.5,93.7,117.5,105.9,109.6,91.4,80.5,103.6,104.6,96.8,113.2,107.2,98.9,108.7,99.7,,84.3,82.7,80.8,87.7,95.4,90.6,96.3,94.2,97.3,95.0,96.2,97.0,97.9,103.9,98.7,94.6,93.1,92.3,93.9,95.8,93.2,90.8,,100.5,96.1,95.6,80.1,100.4,96.6,96.8,102.1,84.8,75.9,91.0,117.9,117.9,95.4,93.6,125.4,65.0,96.2,79.1,102.8,94.3,108.9,96.3,92.1,77.8,78.2,93.7,103.9,89.2,93.7,84.3,88.5,,,100.2,79.9,108.5,119.6,92.1,117.1,97.1,115.3,102.7,,,98.8,92.1,104.6,86.6,101.3,81.3,93.3,72.9,102.7,97.8,94.6,120.7,100.4,96.5,103.4,100.1,104.7,104.3,96.5,89.9,99.1,98.7,,116.1,103.4,134.1,104.8,88.7,116.0,,,,,,,,119.1,93.0,105.9,,106.6,106.6,98.8,97.0,107.5,68.2,99.0,101.6,97.8,96.3,89.5,94.2,114.0,120.6,97.8,,102.7,96.0,81.3,117.4,103.6,105.5,104.1,,92.8,92.0,93.4,95.8,93.6,91.4,105.5,97.8,97.1,99.8,97.0,88.4,74.8,83.1,97.3,87.3,100.5
200504,100.6,97.2,98.5,109.9,109.9,110.2,110.0,109.3,91.3,92.5,91.5,89.0,91.5,95.9,91.1,93.1,86.5,94.5,,102.6,85.0,108.7,98.8,101.0,97.6,99.6,114.0,108.6,113.7,90.5,104.0,87.1,88.2,93.8,123.0,105.6,109.5,90.2,,103.6,103.8,96.2,112.4,107.0,97.1,108.0,99.4,,84.2,82.5,80.7,87.6,95.3,91.0,96.0,94.1,96.8,95.8,96.3,97.0,98.0,103.3,98.4,94.9,93.2,92.8,94.3,96.6,93.6,91.0,,99.6,96.6,95.8,80.4,100.5,97.9,96.9,104.2,85.7,76.7,90.3,111.4,111.4,94.2,91.6,119.6,65.1,106.5,69.2,87.8,112.6,108.0,106.0,92.3,85.1,78.1,100.6,114.0,89.9,99.0,82.7,85.4,,,94.5,76.1,81.3,100.3,96.1,81.5,91.3,101.7,90.4,,,98.8,92.0,104.6,86.2,101.1,81.7,93.1,72.9,102.6,98.2,94.4,119.5,100.4,96.6,103.5,100.4,104.3,104.5,96.5,88.7,91.5,90.8,,118.4,,129.3,105.2,89.3,,,,,,,,,99.6,95.0,111.4,,105.5,105.5,98.9,96.7,107.0,68.6,99.1,101.5,96.8,95.5,89.2,93.7,113.1,117.9,97.8,,99.4,96.4,81.5,115.9,103.8,110.0,104.2,,92.6,92.2,93.7,95.6,93.9,90.5,104.6,97.6,96.0,99.2,98.0,88.3,75.5,83.1,97.1,86.7,100.6
200505,100.7,97.4,98.8,109.9,109.9,110.2,109.9,108.6,91.7,92.9,91.7,89.6,91.4,96.2,90.5,92.2,86.6,94.7,,105.3,85.1,112.5,98.1,99.4,96.8,97.4,109.8,105.3,111.0,88.9,101.9,85.6,83.1,93.3,120.2,103.9,108.0,90.1,,104.9,104.2,97.6,113.0,105.1,97.1,108.1,101.0,,83.9,82.5,80.4,87.0,95.7,90.6,96.6,94.4,97.5,95.7,96.2,96.8,97.5,105.4,98.2,94.6,92.7,92.8,94.6,96.9,93.7,91.5,,98.9,96.0,95.7,80.4,100.5,96.2,96.8,101.6,84.3,74.9,91.1,110.3,110.3,92.1,88.3,97.9,72.8,97.4,74.9,72.7,113.2,108.7,105.6,93.6,111.6,87.1,90.5,104.7,94.1,89.5,87.6,83.8,,,84.2,78.3,69.9,85.5,86.8,69.3,97.2,99.2,87.1,,,98.7,92.2,104.6,86.4,101.3,81.8,93.3,72.9,102.5,97.7,94.9,119.6,100.2,96.3,103.3,99.6,103.7,105.6,96.1,87.5,102.0,101.8,,124.6,,133.7,106.1,92.7,,,,,,,127.9,126.5,93.9,93.3,107.0,,105.0,105.0,98.8,97.0,107.4,68.4,99.0,101.5,96.5,95.6,89.3,93.7,114.0,118.2,98.6,,104.1,97.3,81.9,118.5,102.2,104.8,105.6,,92.7,92.3,93.1,95.6,93.6,90.9,103.3,97.6,96.2,98.9,97.8,88.7,75.2,84.0,97.2,87.3,100.5
200506,100.3,96.2,98.6,109.7,109.7,110.1,109.5,108.9,91.8,92.7,91.6,90.2,91.2,95.7,90.5,92.1,86.2,94.6,,104.0,85.0,110.6,95.8,95.9,96.7,91.2,107.6,94.9,103.6,88.4,92.0,85.2,79.1,92.9,107.0,104.0,108.2,90.0,,103.5,103.3,95.8,112.8,102.9,96.6,108.4,100.9,,84.0,82.4,80.8,87.4,95.5,89.2,97.0,94.2,97.0,95.8,96.4,97.1,98.3,104.4,98.7,95.7,91.8,92.5,94.3,96.8,93.3,91.5,,97.8,96.3,95.5,80.5,100.2,97.2,96.4,103.1,85.1,75.8,90.9,103.9,103.9,84.9,77.0,62.2,75.1,89.1,74.8,54.9,91.2,108.7,92.1,101.5,87.9,102.7,77.9,86.6,91.4,76.0,130.2,80.5,,101.7,67.0,89.5,62.1,73.8,67.0,60.9,93.7,91.8,83.3,,,98.8,92.3,103.9,85.9,101.3,82.0,94.1,73.4,102.6,98.1,94.9,119.1,100.2,95.9,103.4,99.3,104.0,105.3,96.6,88.1,100.4,100.2,,130.0,,133.7,106.7,95.3,,,114.4,,,,86.3,88.1,,93.1,102.3,106.4,105.0,105.0,98.8,97.3,107.8,68.2,99.0,101.5,96.8,95.6,89.3,92.8,112.9,119.9,97.3,,98.0,97.1,81.5,115.1,102.6,110.2,105.2,,92.8,92.5,93.7,95.3,93.6,91.3,104.6,98.0,95.9,98.5,97.6,88.5,75.5,83.3,97.4,86.8,100.5
200507,100.2,96.2,98.7,109.5,109.5,110.5,109.4,108.2,91.7,92.6,91.9,89.9,91.2,96.2,90.6,91.4,86.3,94.5,,105.9,84.8,113.4,96.9,97.6,96.9,97.9,110.3,85.8,114.6,89.1,91.0,121.9,84.5,94.3,109.5,104.2,109.4,91.6,,106.4,103.8,98.4,112.7,102.7,95.8,108.4,100.1,,83.5,81.5,80.8,86.8,95.8,90.3,97.6,94.3,96.7,96.4,96.7,97.4,99.2,104.0,98.4,95.5,92.3,92.9,94.7,97.0,93.7,91.8,,96.2,95.8,95.4,80.5,100.1,96.2,96.7,102.0,84.7,74.6,90.3,97.7,97.7,88.3,82.5,68.6,118.0,88.9,80.7,58.9,100.2,107.9,102.0,116.9,84.9,109.1,89.3,87.6,90.0,76.1,152.0,80.5,,85.1,71.9,81.4,88.2,82.3,72.1,72.0,96.8,88.6,80.0,,,98.7,92.3,103.9,85.7,101.5,82.0,94.1,72.9,102.6,98.0,95.0,119.5,99.9,96.2,103.1,99.3,103.3,104.4,95.9,88.9,90.8,90.1,,132.7,,117.0,102.1,95.4,,,98.6,127.3,,101.9,76.9,78.9,,92.0,101.0,66.6,105.6,105.6,98.2,96.2,106.3,68.2,98.4,101.5,96.9,96.1,88.8,92.6,112.1,119.9,95.5,,102.0,96.5,83.2,118.6,103.4,103.2,103.5,,92.8,92.8,94.1,95.1,93.9,91.0,103.7,97.2,96.0,98.6,99.2,88.9,75.6,83.6,97.5,86.5,100.5
200508,100.3,96.1,98.9,110.2,110.2,112.5,109.4,107.5,91.6,92.4,92.0,89.8,91.3,96.3,90.2,91.3,86.5,94.8,,105.9,84.6,113.4,97.3,98.5,95.8,103.0,108.2,86.3,118.8,88.8,92.9,124.0,85.1,91.7,97.3,103.7,106.9,91.6,,106.5,103.2,96.8,112.4,102.3,95.5,108.1,100.3,,83.7,82.2,80.8,86.8,95.5,88.6,97.5,94.2,96.5,96.4,96.7,97.4,98.6,104.8,98.7,95.4,92.6,92.8,94.6,96.8,93.7,91.9,,95.5,96.0,95.3,80.5,99.9,96.8,96.4,102.7,85.4,75.5,90.6,93.9,93.9,85.9,79.1,59.9,121.0,90.7,81.1,64.8,97.3,108.3,88.2,116.1,93.4,102.8,87.8,93.2,87.4,78.2,119.3,80.0,,70.2,69.8,77.7,65.5,70.2,71.2,68.9,99.1,86.1,77.5,,,98.3,92.0,101.5,85.4,101.2,82.4,93.7,73.1,101.6,97.9,95.4,115.2,100.0,96.9,102.9,99.4,103.0,104.4,96.8,87.2,95.9,95.5,109.6,,,110.9,104.6,94.4,,94.9,74.3,100.3,,84.8,73.8,77.4,,89.9,102.1,,105.1,105.1,98.4,96.2,106.6,67.8,98.6,101.4,96.4,96.9,88.6,93.1,110.1,120.7,96.7,,98.4,93.3,82.0,117.4,104.6,107.8,102.9,,92.5,92.8,93.3,94.7,93.9,91.4,104.1,97.8,95.7,97.7,98.4,88.3,75.2,83.1,96.8,86.3,100.4
200509,100.6,96.6,98.5,110.1,110.2,112.6,109.3,107.0,91.4,92.2,92.1,89.7,91.1,96.1,91.0,91.9,86.4,93.3,,101.7,84.9,107.6,95.9,95.7,96.5,103.6,110.3,85.0,114.7,88.5,97.9,87.7,83.5,91.6,98.1,104.4,106.8,92.3,,107.8,103.5,96.0,112.8,103.0,96.2,108.4,100.8,,85.8,83.7,82.5,89.4,96.0,89.4,99.0,94.0,95.9,96.2,96.5,97.1,98.5,103.2,99.0,95.1,92.2,93.2,94.6,96.8,93.6,92.5,,95.9,95.7,95.3,80.5,99.9,96.1,96.6,101.5,83.9,74.9,90.9,96.9,96.9,92.2,88.6,68.5,140.3,99.4,83.7,90.8,108.4,108.6,91.2,99.8,84.4,87.6,103.0,92.4,87.5,80.4,89.6,81.1,,80.2,82.1,74.2,87.3,81.9,85.3,63.5,103.0,96.7,94.0,,,98.4,92.2,102.0,85.8,101.4,82.3,94.1,73.7,101.9,97.6,95.0,117.7,99.9,96.9,102.8,98.7,103.4,104.9,96.0,87.7,93.9,93.3,93.7,,183.9,108.0,104.4,92.0,,67.8,74.6,77.7,,83.7,,,,90.9,100.8,,106.5,106.5,98.6,96.4,107.2,66.7,98.8,101.4,97.1,96.7,88.8,93.5,111.8,120.7,97.2,,100.4,95.5,80.8,118.0,102.7,107.3,103.8,,92.5,92.8,93.4,94.9,93.9,90.9,104.5,97.8,95.4,97.5,98.1,89.0,75.3,82.9,97.2,86.5,100.4
200510,100.6,96.4,98.0,108.7,108.7,109.5,108.5,106.8,91.5,92.4,91.9,89.8,90.8,95.7,91.1,92.4,85.6,93.3,,102.3,85.2,108.1,95.5,95.2,96.0,97.1,112.0,88.5,114.0,86.9,97.7,81.5,84.3,90.4,97.8,103.6,106.9,91.2,100.2,108.9,103.1,95.5,111.4,103.4,96.7,108.3,101.1,,86.0,83.7,83.0,89.8,95.6,88.1,98.8,93.7,95.6,95.8,96.4,97.0,98.0,102.9,99.2,95.2,92.2,93.4,94.5,96.7,93.5,92.3,,97.0,96.1,95.5,80.5,100.1,96.9,96.5,102.7,84.9,74.4,91.1,100.3,100.3,90.4,85.9,66.6,98.8,83.2,78.7,81.7,103.1,110.0,90.5,87.9,78.5,79.5,84.2,85.4,85.8,81.0,82.0,78.8,,,87.1,70.5,82.4,85.0,95.9,65.7,99.1,103.0,111.5,,,98.5,92.5,104.0,86.6,101.4,82.5,94.0,74.8,102.0,98.1,95.4,116.4,99.7,96.8,102.0,98.8,102.4,104.7,96.2,87.5,94.4,93.8,83.3,,99.1,101.1,103.2,92.3,,68.4,,71.3,75.6,,,,,90.1,100.6,,108.5,108.5,98.6,96.1,106.5,67.3,98.9,101.4,96.6,96.2,89.2,92.3,112.1,120.9,96.8,,99.2,95.2,80.2,115.0,104.0,111.6,102.1,,92.5,92.9,93.4,95.0,93.7,91.0,104.6,98.8,95.8,97.7,97.6,88.8,75.1,82.5,97.0,86.6,100.3
200511,100.2,95.8,97.6,108.0,108.0,109.0,107.8,106.2,91.4,92.2,91.8,89.9,90.9,95.7,90.9,90.9,86.0,93.5,,100.5,85.0,106.0,96.0,95.8,97.0,99.8,109.5,,107.9,88.1,95.9,78.9,84.1,90.1,98.1,104.2,107.2,91.9,95.2,107.6,103.3,96.6,112.0,102.4,96.5,107.9,101.1,,86.4,84.3,83.4,89.8,95.7,89.2,99.2,93.5,95.0,95.9,96.3,96.8,98.0,102.2,98.9,95.0,92.1,94.1,94.9,97.1,93.9,92.3,,96.1,95.6,95.2,80.5,99.8,96.1,96.5,101.6,84.3,75.3,90.1,98.1,98.1,88.9,83.4,69.4,73.7,77.7,71.8,82.9,90.3,108.0,84.5,85.8,74.7,74.4,75.1,78.1,85.6,80.4,76.7,79.6,,,83.6,69.0,106.5,93.7,106.1,73.6,95.2,105.9,112.9,,,98.5,92.4,100.3,86.5,101.7,82.9,94.1,74.5,102.1,98.4,95.3,116.8,99.8,96.5,102.8,99.1,102.2,105.0,96.1,87.3,87.0,86.1,,104.6,74.7,100.3,101.4,92.5,,,,,68.2,,,,,88.2,99.1,,105.7,105.7,97.8,96.5,107.1,67.6,98.0,101.5,96.4,94.0,89.5,93.0,112.4,118.1,95.3,,100.3,96.2,80.5,117.7,100.6,105.7,105.8,,92.5,92.7,92.7,94.8,93.6,91.2,104.2,98.0,96.0,97.7,98.2,88.5,75.1,83.5,96.8,86.8,100.2
200512,100.3,96.0,97.3,107.5,107.6,109.0,107.1,102.2,91.6,92.2,91.6,90.6,90.8,95.5,90.7,91.6,85.3,94.1,,97.0,85.1,101.2,98.1,99.1,98.0,112.6,124.9,,110.0,91.4,106.0,77.8,88.6,92.2,104.6,106.0,109.4,91.4,94.1,109.3,104.0,96.8,113.0,102.8,98.0,107.6,101.9,,86.4,83.8,83.7,90.2,95.9,88.7,100.0,93.8,94.8,95.8,96.5,97.1,98.6,100.9,98.9,95.1,93.0,93.8,94.8,96.9,93.7,92.5,,96.5,95.7,95.2,80.6,99.7,96.3,96.1,102.2,84.2,76.4,89.9,99.5,99.5,89.5,84.7,88.9,80.4,67.0,73.9,85.8,98.1,107.8,95.0,85.3,74.5,73.4,69.1,72.0,83.5,82.7,77.5,78.1,,,87.5,77.4,105.4,110.6,102.8,72.5,101.6,120.2,112.5,,,98.0,91.9,97.0,86.3,101.6,82.8,93.2,75.3,101.6,98.3,94.8,115.2,99.2,95.8,102.3,98.5,100.2,104.6,96.1,85.6,83.6,82.5,,93.9,70.4,129.0,104.2,91.1,,,,,65.8,,,,132.3,85.1,97.5,,105.8,105.8,97.9,96.3,106.6,67.9,98.1,101.5,95.7,95.9,88.8,92.2,108.5,121.7,95.1,,101.1,94.4,79.8,114.3,103.9,109.3,102.6,,92.4,92.9,92.8,95.0,93.5,91.3,104.7,96.9,96.4,98.0,97.6,88.3,75.6,82.5,96.7,86.5,100.0
200601,100.4,98.0,97.1,107.1,107.2,108.5,106.8,101.4,91.7,92.5,91.9,90.2,90.4,94.9,90.6,91.0,84.9,94.0,,97.2,85.1,101.5,98.3,99.2,98.3,108.1,115.6,,115.1,93.0,106.2,80.1,88.2,91.8,101.3,105.9,110.0,94.1,93.7,107.6,104.3,97.8,112.6,102.9,98.0,107.4,101.9,,87.1,85.2,84.1,90.6,96.4,89.2,100.4,93.6,95.7,96.6,96.5,97.1,99.7,100.3,98.3,94.5,93.3,94.0,94.6,96.6,93.7,92.2,,94.2,95.3,95.2,80.7,99.7,95.4,96.1,100.5,84.6,76.7,89.6,90.1,90.1,103.4,106.4,144.6,108.8,83.7,101.2,166.6,114.5,108.2,115.6,95.3,76.7,83.4,101.0,82.2,88.7,86.2,90.8,79.1,,,107.2,86.6,139.0,117.1,96.0,89.5,118.7,165.7,127.0,,,98.0,92.0,96.5,87.1,101.5,83.1,93.5,75.0,101.7,98.4,94.8,115.2,99.2,95.8,102.2,98.1,100.1,104.4,96.6,87.0,93.8,93.3,,97.8,77.5,142.8,109.1,92.0,134.3,,,,,,,,129.8,86.1,97.9,,104.0,104.0,98.3,96.8,107.3,67.8,98.5,101.5,96.1,94.8,89.6,93.5,110.2,118.5,95.3,,102.3,95.5,80.1,118.8,102.8,107.9,105.9,,92.6,93.3,93.0,95.1,93.6,91.6,103.8,96.8,97.0,98.3,98.4,88.2,75.4,82.9,96.7,86.0,100.1
200602,100.1,96.9,97.2,107.1,107.2,108.6,106.7,102.1,91.4,92.0,91.5,90.4,90.3,93.7,90.8,91.6,84.7,94.7,,100.0,84.7,105.3,97.9,98.7,96.7,107.1,115.7,,110.5,93.1,111.7,80.0,90.9,91.7,104.7,106.0,108.2,92.9,87.6,108.3,103.6,97.0,111.8,102.1,97.5,107.0,101.9,,86.9,84.3,84.3,90.7,96.1,88.8,101.5,93.7,93.3,96.5,96.6,97.3,98.6,102.6,98.4,95.3,93.8,93.9,94.6,96.7,93.7,92.2,,95.6,95.6,95.0,80.8,99.4,96.3,95.9,102.0,84.7,77.0,90.1,95.9,95.9,95.2,93.6,106.2,72.2,82.3,87.8,113.1,87.7,107.9,97.0,92.5,76.8,86.2,110.1,85.1,89.3,87.7,82.6,79.1,,,100.8,89.4,129.1,121.2,83.0,125.8,100.5,122.5,114.6,,,98.0,92.2,97.9,87.0,101.4,83.2,93.9,75.6,101.7,98.2,94.7,115.9,98.9,95.4,102.1,98.9,99.9,102.8,96.6,86.4,93.5,92.9,,97.9,79.8,139.0,107.4,91.4,113.6,,,,,,,,122.1,90.1,94.7,,106.2,106.2,98.0,96.9,107.2,68.5,98.1,101.4,95.9,95.3,90.9,92.3,109.1,118.1,94.8,,101.5,94.7,80.9,113.7,102.6,108.6,102.6,,92.4,93.5,93.2,95.1,93.8,91.2,104.1,96.8,96.6,97.8,97.1,88.1,75.5,82.4,96.6,86.0,100.1
200603,100.3,96.5,97.1,106.9,107.0,108.2,106.4,101.2,91.3,91.9,91.4,90.3,90.5,93.4,90.6,91.7,84.9,95.4,,100.3,84.9,105.6,99.0,100.4,97.0,105.4,106.7,109.5,112.0,94.2,109.6,78.0,90.5,90.6,122.2,105.3,107.7,91.1,81.6,108.2,103.8,97.7,111.9,102.7,97.2,107.0,102.0,,87.4,84.8,84.4,91.4,96.4,89.0,101.7,93.3,94.3,96.2,96.6,97.3,99.5,102.7,98.3,95.0,92.9,94.5,94.7,96.6,93.9,92.1,,95.4,95.5,95.0,81.0,99.4,96.0,95.6,100.7,84.4,83.5,89.7,94.9,94.9,91.5,87.9,81.4,53.7,84.5,73.5,82.0,75.0,109.3,97.8,93.6,80.5,99.3,104.3,88.4,92.8,88.2,80.6,76.5,,,99.5,84.8,124.5,112.7,91.1,118.1,94.3,108.3,99.5,,,97.9,92.1,96.8,86.2,101.7,82.9,94.2,75.4,101.5,97.7,94.7,116.1,99.1,95.8,101.4,98.8,100.5,104.1,95.9,86.8,91.1,90.3,,99.4,83.2,134.1,103.3,90.9,109.2,,,,,,,,109.3,90.4,94.1,,107.0,107.0,97.3,95.5,105.4,67.9,97.5,101.4,95.6,94.6,91.7,92.3,110.3,117.7,94.1,,99.9,94.8,79.9,113.1,103.7,105.7,104.0,,92.5,93.4,93.6,94.8,93.8,91.5,103.8,96.7,96.8,98.1,97.8,88.3,75.5,82.6,96.3,86.4,99.9
200604,100.5,96.7,97.0,106.6,106.7,108.2,106.0,101.6,91.5,92.2,91.5,90.4,90.4,93.0,90.9,91.1,85.1,95.0,,100.8,85.0,106.3,100.8,103.2,96.6,109.6,114.4,119.1,114.3,96.1,109.8,77.6,88.6,91.0,131.6,105.9,106.4,92.3,,106.7,104.0,97.5,112.5,101.8,99.0,107.3,101.3,,87.5,84.8,84.4,91.8,96.6,89.5,101.1,93.6,95.2,97.1,96.9,97.7,99.7,104.0,98.4,95.5,93.0,94.0,94.7,96.8,93.9,92.1,,95.5,95.9,95.1,81.0,99.4,97.0,95.6,102.5,84.5,82.4,89.9,93.9,93.9,94.0,91.7,113.7,68.9,101.9,71.2,74.0,110.5,108.8,109.6,93.8,83.7,101.1,106.9,102.5,97.6,88.4,85.6,77.0,,,93.1,86.1,93.2,101.0,98.1,88.2,95.5,101.6,90.9,,,98.1,92.4,98.0,87.0,101.4,83.3,94.2,75.9,101.5,97.7,94.8,115.9,99.2,96.1,101.8,98.2,100.3,105.5,95.6,86.8,85.7,84.6,,103.9,,128.3,104.5,93.1,,,,,,,,,92.2,89.8,94.2,,108.6,108.6,97.0,96.5,106.5,68.9,97.1,101.4,95.8,95.0,92.5,92.5,109.0,116.8,92.5,,100.2,93.8,79.8,111.2,102.4,105.6,103.1,,92.5,94.2,93.5,95.1,93.7,91.4,104.4,98.1,96.6,98.3,97.1,88.1,76.0,82.5,96.0,85.9,100.2
200605,100.8,97.4,97.0,106.5,106.6,108.3,105.9,101.3,91.6,92.4,91.8,90.1,90.1,93.4,89.9,90.2,84.6,95.0,,101.2,85.3,106.8,99.8,101.7,95.5,103.6,111.5,114.6,107.2,98.0,100.0,76.4,83.7,90.7,126.0,104.9,107.2,91.8,,106.9,103.7,97.9,112.2,101.6,97.3,107.1,100.9,,88.1,85.7,84.1,92.4,96.7,90.2,100.9,93.1,95.9,96.8,97.0,97.7,99.9,103.3,98.6,95.4,93.1,94.1,94.9,96.8,94.3,92.0,,95.6,95.5,95.0,81.0,99.3,96.1,95.4,100.6,84.8,84.1,90.3,96.1,96.1,95.1,93.3,105.8,79.8,125.0,78.3,80.1,115.8,107.0,110.8,101.1,89.0,120.5,100.7,107.8,103.1,84.6,90.8,77.3,,,92.3,109.7,86.0,95.2,90.5,80.2,100.9,109.3,94.1,,,98.3,92.5,98.1,87.6,101.5,83.8,94.3,75.7,102.1,98.4,96.0,115.7,99.2,96.3,101.2,97.5,101.0,105.9,95.6,85.7,99.4,99.2,,112.4,,131.4,108.4,97.6,,,,,,,121.3,122.0,97.9,90.8,95.9,,104.2,104.2,97.2,96.0,106.2,68.1,97.4,101.4,95.4,95.5,93.2,91.9,109.2,113.8,92.6,,100.5,94.5,79.7,115.1,103.0,105.4,104.6,,92.5,94.2,93.4,94.9,93.8,91.4,104.2,97.2,97.6,98.2,97.9,87.9,76.1,83.4,95.7,85.5,100.1
200606,100.8,97.5,96.9,106.5,106.6,108.2,106.1,101.5,91.3,91.9,91.2,90.5,90.3,93.3,90.3,89.7,84.9,95.5,,100.1,85.4,105.2,98.5,99.5,98.8,98.0,103.8,105.0,106.1,100.6,93.3,77.8,83.7,94.7,106.6,105.2,106.8,92.6,,103.3,103.9,98.2,112.5,101.3,97.4,107.9,100.8,,87.8,85.3,84.7,91.9,96.5,89.8,101.0,93.0,95.2,96.1,96.6,97.2,99.2,102.0,98.3,95.1,92.7,94.3,95.1,96.7,94.7,92.4,,95.2,95.5,94.8,81.0,99.1,96.4,95.2,101.5,84.5,80.4,90.6,93.8,93.8,94.2,92.0,97.7,85.6,128.6,83.7,73.9,101.0,106.7,97.3,120.7,85.5,166.0,96.6,105.9,113.7,78.4,157.6,76.7,,123.1,77.8,131.5,81.8,94.2,78.6,85.6,100.0,104.5,86.3,,,98.2,92.4,96.6,87.8,101.3,83.8,94.8,76.2,101.7,97.8,95.5,115.8,99.4,96.3,101.0,97.8,102.3,106.3,95.7,85.8,106.6,106.5,,120.2,,133.1,110.2,97.5,,,136.1,,,,102.7,96.2,,91.7,99.1,113.9,106.3,106.3,96.9,96.6,106.5,69.1,96.9,101.3,95.5,93.8,93.8,92.0,108.9,114.4,92.1,,98.5,92.5,79.7,111.5,102.7,106.1,106.1,,92.8,94.3,93.7,95.6,94.1,92.4,102.2,97.5,97.5,98.5,97.9,87.3,76.3,83.6,96.2,85.9,100.2
200607,100.5,96.8,96.8,106.4,106.5,108.1,105.9,101.3,91.6,91.9,91.5,91.1,89.9,92.9,89.9,89.0,84.3,95.0,,100.0,85.5,105.0,98.8,99.6,102.7,104.7,106.5,87.9,112.8,100.0,94.8,110.3,86.9,99.4,99.7,105.6,106.5,93.4,,104.7,104.2,98.0,113.1,101.9,97.6,108.3,100.5,,87.9,85.0,84.7,92.2,97.5,90.5,103.2,93.1,95.7,95.5,97.1,97.5,99.5,102.6,98.6,95.8,92.9,94.8,96.0,98.3,95.0,93.2,,94.6,95.3,95.0,81.1,99.3,95.7,95.0,100.7,84.8,81.2,89.4,92.0,92.0,91.5,87.8,78.3,106.4,108.5,85.7,61.4,98.4,107.2,99.1,153.8,83.6,171.0,96.3,113.6,113.4,79.0,195.9,79.1,,87.1,67.1,113.9,76.6,88.4,76.4,74.5,101.0,107.8,85.9,,,98.2,92.4,97.0,87.4,101.6,83.7,94.6,76.0,101.7,98.3,95.5,115.0,99.4,96.0,100.6,97.7,102.2,106.2,95.9,87.7,96.1,95.7,,123.8,,120.8,107.7,98.4,,,100.7,135.3,,107.5,90.6,88.2,,91.1,99.0,67.3,106.2,106.2,97.0,96.1,106.2,68.4,97.1,101.2,94.6,95.3,94.6,93.0,107.4,112.5,92.2,,99.7,92.7,80.0,115.1,103.3,104.8,102.9,,92.8,94.5,94.2,95.4,94.4,92.1,102.0,98.1,97.0,97.5,98.5,88.0,76.2,83.9,96.3,85.3,100.1
200608,101.2,98.5,96.7,105.9,106.1,107.7,105.6,100.4,91.5,91.9,91.7,90.8,89.9,92.9,89.9,89.7,84.8,94.4,,99.9,85.0,105.1,101.5,104.1,104.2,108.7,103.6,85.9,119.6,100.0,93.6,140.2,87.3,98.0,100.6,105.9,109.0,94.4,,104.0,104.2,98.9,112.3,102.1,97.7,108.4,100.5,,88.1,85.4,85.6,91.8,97.1,89.7,102.3,92.8,96.1,95.4,97.5,97.6,99.5,100.5,99.0,96.4,93.0,94.9,97.5,98.8,97.1,95.2,,94.4,95.1,94.9,81.1,99.2,95.3,94.9,99.4,84.6,82.3,90.9,92.0,92.0,101.6,103.7,105.4,137.8,167.5,102.5,106.1,110.1,107.7,100.5,160.0,88.1,144.8,125.6,132.1,119.2,83.0,156.0,78.2,,90.6,83.7,106.0,103.5,107.2,86.4,95.3,104.4,113.1,88.6,,,98.1,92.4,95.2,87.5,101.2,84.1,94.9,75.9,101.4,97.8,95.6,114.5,99.3,95.9,100.3,97.5,103.3,105.7,95.5,88.4,104.8,104.8,110.4,,,121.4,108.7,99.0,,106.5,81.0,108.6,,96.5,83.5,85.0,,90.9,100.7,,103.6,103.6,96.5,95.1,104.5,69.3,96.6,101.2,94.8,94.0,94.7,93.0,108.5,115.7,92.1,,97.5,92.0,81.3,109.6,102.6,104.4,103.3,,92.6,94.8,93.9,95.1,94.3,91.8,102.4,97.6,97.1,97.8,97.7,88.0,75.9,83.2,96.1,85.7,100.2
200609,101.2,98.2,96.7,106.0,106.3,108.0,105.5,100.3,91.4,91.9,91.8,90.4,89.8,93.0,89.6,88.1,84.5,95.0,,99.7,85.9,104.5,100.8,103.0,105.7,109.1,107.7,97.6,114.7,98.5,95.1,97.5,89.6,100.4,107.5,106.7,108.1,95.4,,107.9,103.6,97.2,112.5,101.6,97.3,108.3,100.5,,88.2,85.1,85.2,92.7,97.4,88.9,104.2,93.0,94.6,95.4,97.7,97.6,99.4,101.8,98.9,96.3,92.7,95.0,98.6,99.6,98.5,96.1,,95.7,95.2,94.8,81.3,99.1,95.5,95.0,99.7,84.0,83.7,91.1,97.7,97.7,98.2,98.1,92.3,140.5,143.3,91.4,86.8,119.6,109.3,99.2,111.5,83.6,104.3,100.3,106.4,111.3,83.7,99.9,80.1,,93.1,99.1,90.8,96.5,83.9,99.1,79.2,108.9,108.3,94.4,,,98.4,92.3,93.7,88.5,101.6,83.9,94.5,75.6,102.2,98.3,96.5,115.9,99.4,95.7,100.2,97.6,105.1,105.7,95.8,88.5,104.8,104.8,100.9,,197.7,119.6,113.5,99.1,,86.5,73.2,81.0,,97.7,,,,91.9,99.9,,103.9,103.9,97.3,94.9,104.7,67.8,97.6,101.2,94.8,93.8,95.8,92.9,108.8,115.1,91.3,,98.5,93.7,80.4,118.2,103.4,106.8,105.0,,92.6,94.7,93.9,94.6,95.6,91.6,102.6,98.4,96.6,98.1,97.9,88.1,75.9,83.2,96.1,85.1,100.3
200610,101.0,97.6,96.6,105.8,106.0,107.9,104.9,100.0,91.3,91.9,91.5,90.4,90.1,93.8,90.0,87.6,84.5,95.2,,98.2,85.6,102.6,99.9,101.6,104.6,103.9,109.5,103.6,109.4,98.1,95.1,88.4,89.0,98.5,104.4,106.4,108.8,95.1,104.4,106.4,103.8,97.6,111.6,102.0,98.9,109.1,101.1,,88.5,85.3,85.8,92.9,96.7,88.9,102.0,93.5,95.3,95.3,97.8,97.7,99.6,101.8,98.9,96.3,92.8,95.2,98.5,99.7,98.4,95.8,,96.2,95.4,94.9,81.4,99.2,95.9,95.0,100.5,85.2,80.7,91.3,99.5,99.5,94.5,92.4,92.7,95.4,96.1,84.9,77.0,101.0,106.8,96.6,99.2,80.5,95.7,79.6,106.0,106.2,84.0,86.4,77.6,,,81.4,79.2,83.7,100.0,103.7,76.5,107.2,111.0,112.5,,,98.3,92.4,95.5,87.9,101.1,83.9,94.8,76.5,102.4,98.5,96.3,116.1,99.1,95.8,100.0,97.0,104.0,106.0,95.6,86.8,104.0,104.1,87.3,,111.2,119.8,113.5,101.2,,82.1,,78.9,87.4,,,,,91.6,98.9,,101.3,101.3,97.1,95.8,105.5,69.3,97.2,101.2,94.2,94.5,96.3,91.7,108.9,115.3,91.6,,99.1,92.9,80.2,114.5,103.0,106.9,103.8,,92.6,94.8,94.0,95.2,97.4,91.2,102.6,97.4,97.2,98.1,97.9,88.4,75.8,82.6,96.2,85.6,100.2
200611,100.5,96.5,96.6,105.7,105.9,107.6,105.1,99.9,91.6,91.9,91.6,91.1,90.1,93.4,90.4,87.8,84.8,94.7,,98.2,85.7,102.5,99.8,101.5,104.8,102.3,106.7,,108.5,96.9,94.7,84.4,91.0,98.6,106.2,106.8,109.2,94.7,100.6,105.8,103.7,97.0,111.7,101.7,99.8,108.4,101.0,,88.2,85.2,86.4,92.0,97.0,90.0,101.7,93.7,95.8,96.0,98.1,98.1,99.6,103.5,99.6,96.1,93.3,95.4,98.5,99.8,98.3,96.1,,95.9,94.9,94.6,81.4,98.6,95.5,94.3,99.6,83.9,82.2,91.6,99.6,99.6,85.1,77.9,57.0,60.1,59.4,72.0,58.5,66.9,107.2,92.5,95.3,77.5,88.1,59.0,84.3,95.1,82.7,79.6,77.3,,,75.3,77.3,75.7,88.0,89.8,63.4,100.3,109.9,111.9,,,98.1,92.5,96.5,88.4,101.6,83.8,94.3,76.4,102.2,98.4,96.3,115.8,98.6,96.1,99.1,97.0,101.9,104.2,95.9,86.4,99.8,99.6,,107.6,95.8,128.3,113.1,102.6,,,,,82.5,,,,,90.6,98.6,,103.2,103.2,97.6,95.0,104.9,67.8,97.9,101.1,95.4,94.7,96.3,92.5,109.1,114.4,91.9,,98.9,93.9,80.9,119.8,105.3,105.8,105.5,,92.6,96.2,93.6,94.4,97.8,91.8,103.1,97.2,96.9,98.1,97.9,88.3,75.1,82.6,96.1,85.5,100.2
200612,100.6,96.8,96.2,105.4,105.6,107.4,104.6,97.9,91.5,91.9,91.5,90.8,89.7,93.2,90.2,89.7,84.5,93.4,,95.7,85.6,99.2,99.9,101.6,104.6,95.5,99.0,,105.3,99.2,95.3,81.1,93.3,97.9,99.7,108.8,110.8,94.8,97.0,109.4,104.0,97.6,112.2,101.7,100.7,108.0,100.7,,88.2,85.0,85.8,92.4,96.8,90.2,101.1,94.2,95.9,95.5,97.9,97.8,100.0,102.4,99.5,95.4,92.8,95.6,98.8,99.9,98.6,96.5,,96.8,95.1,94.5,81.4,98.6,95.8,94.2,100.5,84.8,82.0,91.0,103.5,103.5,87.1,81.2,53.3,68.5,52.0,69.5,73.4,73.8,106.2,102.6,94.1,76.3,87.6,55.1,74.5,96.7,82.3,83.0,74.1,,,86.8,85.4,117.9,109.8,90.1,72.1,103.5,126.4,116.0,,,97.9,92.4,94.5,87.5,101.1,84.2,94.7,77.0,101.9,98.3,95.8,115.2,98.3,95.4,99.4,96.1,100.4,104.2,95.9,89.2,102.4,102.4,,100.1,100.8,132.1,113.5,98.4,,,,,96.5,,,,125.8,90.6,100.0,,101.4,101.4,97.5,95.6,105.2,68.6,97.8,101.1,95.5,93.3,95.6,93.5,109.4,116.1,93.4,,99.8,92.7,78.3,114.7,104.7,108.9,104.4,,92.2,96.2,93.7,94.1,98.1,91.3,103.0,96.2,96.9,98.5,97.0,88.1,75.1,81.5,95.4,85.9,100.0
200701,100.4,97.8,96.4,105.4,105.6,107.2,104.8,97.6,91.7,92.0,91.7,90.9,89.9,93.4,90.4,88.8,84.3,94.5,,96.7,85.9,100.5,101.2,103.3,104.6,107.4,104.8,,111.4,101.3,105.7,82.5,100.2,100.1,103.9,108.9,112.6,96.4,93.8,106.8,104.9,98.5,112.0,103.6,102.5,107.6,102.2,,88.3,84.8,86.2,92.7,97.6,90.2,102.4,94.4,96.4,95.9,98.6,98.6,101.8,102.5,99.0,97.3,93.5,95.8,98.6,99.9,98.2,96.5,,94.8,94.8,94.7,81.5,98.7,95.0,94.0,98.7,84.0,83.8,91.7,94.6,94.6,93.4,90.8,62.2,79.1,58.4,76.5,100.0,81.1,107.4,119.4,105.2,78.3,95.2,65.7,74.7,95.7,84.6,90.6,77.6,,,104.3,89.5,154.6,116.9,83.0,118.4,111.4,148.3,122.0,,,98.2,92.7,94.9,88.4,101.1,85.4,94.7,77.0,102.2,98.9,95.6,115.8,98.6,95.8,99.5,96.2,100.3,104.3,95.8,90.4,108.1,108.3,,103.5,113.5,128.1,114.3,97.4,149.7,,,,,,,,127.3,91.4,100.2,,103.2,103.2,96.5,94.6,104.4,67.6,96.7,101.1,93.7,94.2,95.5,92.8,109.6,115.2,91.3,,100.1,92.0,77.6,117.0,103.6,104.3,101.9,,92.5,96.2,93.9,94.6,98.4,92.0,103.9,96.5,96.4,97.6,97.4,88.4,75.1,81.6,95.8,85.4,100.0
200702,99.9,97.0,96.3,105.3,105.5,107.3,104.6,98.3,91.5,91.9,91.4,91.0,89.6,93.2,90.1,88.3,84.3,94.0,,98.3,85.8,102.6,99.9,101.3,103.9,100.5,97.4,,107.4,103.1,104.2,81.7,107.7,99.3,96.8,108.9,110.5,95.0,84.2,106.3,104.5,98.8,110.9,103.3,102.4,107.7,101.4,,87.8,84.8,85.9,91.5,97.8,90.7,103.1,94.1,96.4,94.8,98.3,98.3,101.2,102.7,98.9,96.8,92.8,95.2,98.5,100.0,98.1,96.0,,95.7,95.1,94.6,81.5,98.7,95.7,94.0,100.1,84.7,81.6,91.8,98.2,98.2,88.7,83.4,57.7,64.3,52.4,64.4,91.6,78.5,105.1,113.9,100.7,78.4,96.4,58.7,67.2,97.4,85.6,85.9,76.7,,,103.3,83.6,110.0,118.8,92.1,123.3,101.0,114.4,109.9,,,98.0,92.5,95.8,88.2,100.7,85.0,94.2,77.8,102.1,98.7,95.9,115.3,98.4,95.4,98.9,96.2,100.3,104.3,95.4,91.9,103.7,103.8,,103.5,118.9,122.9,134.7,115.6,129.3,,,,,,,,119.4,95.3,100.0,,102.4,102.4,97.4,94.6,104.4,67.8,97.7,101.1,94.4,94.6,95.7,93.5,107.2,112.2,93.2,,101.2,93.1,79.8,118.7,102.9,106.7,103.5,,92.6,95.9,94.1,94.5,98.2,91.7,103.7,96.5,96.4,99.0,96.3,91.2,75.0,81.2,95.8,85.3,100.1
200703,100.2,97.3,96.4,105.3,105.5,107.3,104.7,97.5,91.5,91.8,91.4,91.1,89.8,93.1,90.4,88.0,84.8,94.0,,99.2,86.3,103.6,101.6,104.2,102.9,105.9,104.7,118.5,111.2,104.1,105.1,80.4,106.7,98.3,110.3,109.4,111.5,94.3,77.3,103.8,103.8,98.6,110.4,102.6,101.0,106.9,101.2,,88.1,85.2,86.1,91.7,97.7,89.8,102.7,94.4,96.3,96.2,98.6,98.5,101.6,103.2,99.1,96.7,93.4,95.5,98.9,100.6,98.3,96.3,,95.7,94.9,94.5,81.4,98.5,95.4,93.4,99.1,84.1,84.8,92.1,98.8,98.8,90.4,86.1,67.6,71.2,74.6,61.5,89.0,99.2,105.8,106.2,100.3,80.7,99.5,67.6,68.1,95.5,86.8,88.2,76.6,,,99.2,82.8,98.0,106.5,104.2,105.0,98.9,102.5,97.1,,,98.0,92.6,94.6,88.6,100.9,85.2,94.6,77.7,101.6,98.3,95.3,114.9,98.7,96.1,99.2,96.4,101.0,104.4,95.2,92.9,102.3,102.2,,105.4,137.2,118.9,143.4,131.1,131.7,,,,,,,,112.9,99.7,99.2,,102.8,102.8,97.0,94.6,104.2,68.0,97.3,101.1,93.1,94.6,96.2,93.1,107.0,115.0,91.0,,100.9,93.5,80.4,118.1,102.0,105.9,104.3,,93.0,96.3,93.7,94.3,98.5,92.0,104.4,98.4,96.8,98.0,95.4,93.4,75.2,83.1,96.0,85.7,100.2
200704,100.5,97.4,96.6,104.9,105.2,106.9,104.4,98.3,91.8,92.3,91.6,91.3,89.9,93.0,89.6,89.1,85.1,94.3,,100.5,86.0,105.6,102.8,106.1,103.9,105.0,102.8,119.6,108.5,105.2,102.0,80.1,104.5,96.5,123.8,110.0,111.1,93.3,,102.8,104.2,98.1,111.8,103.3,100.1,107.3,102.3,,88.6,86.0,86.3,92.1,97.6,90.2,102.1,94.4,96.9,96.7,98.5,98.6,101.9,104.2,98.9,97.0,93.0,95.6,98.1,99.6,97.7,96.0,,95.2,95.0,94.6,81.6,98.6,95.6,93.7,100.1,84.3,81.9,91.3,96.1,96.1,93.6,91.2,94.5,73.9,99.5,63.7,97.1,120.5,105.5,114.8,107.2,84.6,104.0,89.4,80.7,99.8,84.0,96.8,76.2,,,91.4,84.8,89.4,96.6,105.4,86.0,99.3,98.6,91.5,,,98.0,92.6,95.6,89.0,100.7,85.1,94.2,78.1,101.7,98.0,95.9,114.8,98.6,95.8,99.0,96.4,101.8,104.4,95.2,92.4,93.3,92.7,,110.2,,115.7,145.2,131.8,,,,,,,,,95.5,105.0,106.9,,103.5,103.5,97.1,94.2,103.4,68.6,97.4,101.2,93.8,94.3,96.0,93.3,107.4,115.3,91.3,,100.3,93.1,80.2,115.8,102.2,108.2,102.0,,93.0,96.4,93.6,94.2,98.4,91.3,104.5,98.4,96.2,98.3,95.6,94.3,75.5,83.3,96.0,85.5,100.2
200705,100.8,97.7,96.4,104.9,105.2,107.0,104.2,98.0,91.8,92.2,91.3,91.3,89.5,93.2,89.4,87.8,83.8,94.9,,100.1,86.0,105.0,102.1,105.1,102.4,100.9,104.8,115.0,107.5,103.0,100.4,78.9,101.9,94.4,124.0,109.5,111.8,93.3,,103.9,103.9,98.6,110.8,103.3,100.3,107.3,101.5,,88.5,86.2,86.1,91.8,97.5,90.2,101.5,94.7,97.3,96.7,98.5,98.6,101.2,103.3,99.1,97.1,93.8,95.9,98.1,99.2,98.0,95.9,,94.9,94.7,94.5,81.6,98.5,95.1,93.8,98.5,85.2,82.9,92.8,95.7,95.7,92.8,89.9,96.3,77.2,98.5,74.1,96.8,108.6,105.2,115.0,110.8,88.3,124.4,92.4,93.5,101.6,75.7,105.2,77.4,,,90.5,90.9,82.5,90.5,87.0,77.6,102.8,102.4,90.0,,,98.1,92.7,96.7,88.8,100.3,85.3,94.9,77.5,101.6,98.0,96.2,114.4,98.8,96.0,99.7,96.6,101.6,104.2,95.5,93.2,103.8,103.8,,118.6,,114.2,143.8,133.2,,,,,,,120.6,110.0,98.0,105.3,109.0,,103.5,103.5,97.3,94.8,104.7,67.4,97.6,101.2,94.9,95.0,96.2,93.0,109.2,116.3,93.1,,101.2,93.7,79.8,117.8,104.2,103.0,105.9,,92.9,96.6,93.8,94.1,98.4,91.2,104.0,98.4,96.3,97.3,95.6,94.2,75.7,82.5,96.1,86.3,100.4
200706,100.6,97.2,96.3,104.9,105.2,107.0,104.3,98.3,91.8,92.1,91.2,91.4,89.3,93.2,89.5,89.0,83.6,94.1,,99.8,87.0,104.2,99.4,100.7,102.7,96.5,101.2,94.1,102.8,101.1,94.9,78.7,100.0,96.7,109.3,109.0,111.2,93.5,,104.6,103.9,99.0,110.4,103.3,100.6,107.9,101.2,,88.3,86.2,86.5,91.4,97.4,88.7,101.8,94.9,97.0,96.6,98.6,98.9,101.3,104.1,99.2,97.7,93.8,96.2,98.1,99.7,97.8,95.4,,94.8,95.0,94.4,81.7,98.3,95.8,93.7,100.2,84.6,80.2,92.8,94.1,94.1,88.5,83.2,73.6,76.4,95.6,78.3,73.9,92.0,105.5,90.2,120.3,78.5,153.8,85.1,85.7,101.2,68.3,162.1,77.5,,110.4,73.5,100.7,74.6,80.3,74.5,71.5,101.2,98.5,87.2,,,97.9,92.5,96.1,88.5,100.3,85.2,94.0,78.7,101.2,97.7,96.7,112.8,99.0,96.4,100.2,95.9,102.7,104.4,95.0,92.3,108.8,109.1,,124.5,,116.0,143.9,131.6,,,118.5,,,,96.8,97.7,,102.7,105.4,116.1,104.2,104.2,97.5,94.8,104.4,68.1,97.8,101.2,93.5,93.4,96.0,92.8,107.5,117.1,99.9,,101.2,93.7,80.8,109.1,100.6,107.4,101.9,,92.9,96.9,93.7,94.1,98.5,91.4,103.1,97.6,96.3,97.9,94.5,95.0,75.5,83.1,95.7,85.5,100.4
200707,100.5,97.1,96.2,104.7,104.9,106.3,104.3,98.2,91.8,91.9,91.4,91.8,89.1,92.8,89.4,87.4,83.4,94.2,,99.8,85.5,104.8,99.5,100.9,102.3,101.3,97.9,91.2,112.6,98.3,92.5,108.9,102.2,97.5,104.1,109.2,111.4,94.4,,104.2,103.7,98.6,110.4,102.0,100.7,107.7,101.7,,88.4,86.4,86.5,91.4,97.2,90.5,100.7,94.8,96.9,97.7,98.6,98.8,101.2,105.0,99.1,97.7,93.2,96.1,98.1,99.7,97.6,96.0,,94.1,94.8,94.7,81.8,98.7,95.1,93.6,97.8,84.7,84.9,93.8,91.5,91.5,91.2,87.5,89.5,110.5,95.9,86.0,79.0,94.6,106.1,98.1,128.8,73.3,160.3,86.8,85.8,96.5,73.0,184.7,77.2,,85.4,72.9,91.8,95.1,91.7,77.1,76.2,101.5,94.6,83.3,,,98.0,92.6,95.3,89.2,100.5,85.2,94.8,77.9,101.2,97.8,97.0,112.0,99.2,95.9,100.7,96.4,102.9,103.7,96.2,94.1,97.9,97.7,,126.9,,117.5,141.0,124.7,,,101.3,129.9,,107.0,82.8,82.8,,100.7,106.0,83.1,102.0,102.0,98.4,95.2,105.0,67.7,98.8,101.2,94.2,94.9,95.7,92.7,108.8,119.3,103.1,,101.1,93.3,81.0,117.9,104.2,103.0,106.6,,93.1,96.9,93.5,94.2,98.0,92.2,102.3,98.8,96.0,97.6,95.0,94.2,76.0,83.4,96.0,85.5,100.7
200708,101.0,98.1,96.2,104.8,105.0,106.4,104.7,97.4,91.7,91.9,91.5,91.3,89.1,93.1,89.2,88.3,83.9,93.1,,99.7,85.7,104.6,100.9,103.4,103.0,109.5,98.0,92.2,116.5,102.9,92.4,113.3,103.2,96.6,101.8,110.0,111.5,94.9,,104.6,103.4,98.4,110.7,101.5,99.5,106.9,101.8,,88.0,86.1,85.9,90.9,96.9,89.4,100.2,94.9,97.0,97.1,98.8,99.1,101.4,106.6,99.6,97.4,93.5,96.2,98.0,99.3,97.7,96.1,,94.4,94.9,94.7,81.8,98.6,95.4,93.8,98.7,85.1,82.6,93.6,92.7,92.7,95.9,94.8,109.0,126.3,109.5,102.5,108.5,101.5,105.5,93.5,133.0,75.3,143.1,94.0,85.3,99.9,77.2,156.4,86.3,,88.7,76.4,86.5,89.4,98.9,80.7,80.9,110.0,97.7,85.6,,,98.0,92.5,94.3,90.4,100.4,85.2,94.4,77.8,101.3,97.2,97.0,114.2,99.0,95.8,100.9,96.2,103.0,104.2,95.5,91.4,106.6,106.5,118.0,,,113.4,133.2,119.5,,104.9,82.9,107.0,,98.2,88.4,84.1,,98.1,107.4,,104.9,104.9,98.2,95.1,105.1,67.3,98.5,101.2,94.1,93.8,95.2,92.5,108.7,117.6,104.1,,101.2,92.9,80.7,113.3,101.6,106.3,102.9,,92.9,96.9,93.2,94.4,97.8,92.6,102.6,96.9,96.0,97.8,95.4,94.1,75.8,82.3,95.4,85.8,100.7
200709,101.0,98.3,96.2,104.4,104.6,106.2,103.8,97.2,92.0,92.4,91.8,91.6,89.1,93.0,89.5,87.8,83.9,93.0,,99.2,85.2,104.1,100.0,101.7,102.4,105.7,99.8,104.6,109.4,100.0,93.3,92.2,101.9,95.0,100.6,110.8,112.4,94.7,,102.0,103.9,99.1,111.1,102.2,99.9,107.0,101.8,,88.1,85.9,85.9,91.4,97.3,90.7,100.7,94.5,97.4,96.9,99.6,99.9,101.8,109.1,99.5,98.7,94.3,96.7,99.1,100.6,98.8,96.3,,95.2,94.6,94.7,81.8,98.6,94.7,93.8,97.2,85.8,82.2,94.4,97.2,97.2,96.8,96.1,89.5,143.9,128.7,94.2,95.8,110.4,105.9,97.8,108.1,75.3,117.0,101.7,86.7,99.1,77.4,109.0,91.2,,99.5,114.4,78.8,95.1,83.6,94.5,79.4,110.5,96.8,90.3,,,98.0,92.9,97.2,91.1,100.7,85.2,94.1,78.0,101.0,97.1,96.9,113.1,99.1,95.2,101.0,96.3,103.7,104.5,95.3,92.5,109.0,109.3,99.6,,227.4,114.6,131.0,119.4,,85.9,81.5,87.0,,104.4,,,,97.5,105.9,,103.4,103.4,97.8,94.9,105.2,66.3,98.1,101.2,94.7,95.0,95.8,92.6,107.5,117.1,101.9,,101.2,95.0,79.3,114.9,101.0,103.6,101.1,,92.9,97.0,93.8,94.3,98.3,92.6,102.4,94.3,96.4,98.0,95.7,93.6,76.4,82.5,95.8,85.8,100.6
200710,101.3,98.5,96.0,103.7,104.0,104.6,103.5,97.3,91.8,92.5,91.7,91.0,89.9,93.9,90.4,88.3,84.5,94.1,,99.0,85.6,103.7,99.6,101.2,101.9,100.8,105.5,102.3,112.2,99.4,94.3,86.5,105.0,95.1,99.0,111.6,111.1,93.6,106.0,104.3,104.2,99.0,112.0,101.9,100.4,106.1,102.2,,87.9,86.1,85.8,90.6,96.7,90.8,98.4,94.7,97.8,98.0,99.4,99.2,101.5,106.3,99.4,97.8,94.0,96.7,100.4,102.2,100.1,96.6,,95.4,94.7,94.6,81.8,98.5,95.0,93.5,97.7,85.6,81.6,94.7,98.2,98.2,96.8,96.2,81.1,116.9,103.3,99.3,105.3,119.8,106.4,100.5,96.0,73.4,103.5,103.7,84.8,95.1,76.8,93.1,94.0,,,105.8,77.1,92.8,96.4,102.9,78.9,114.4,103.8,104.4,,,98.0,93.1,98.4,90.9,100.5,85.6,94.1,78.5,101.0,96.9,96.9,113.3,99.1,95.3,101.6,96.2,102.6,104.5,95.6,91.8,112.3,112.7,90.2,,124.9,115.5,131.9,123.7,,90.2,,85.3,93.1,,,,,97.3,103.9,,103.9,103.9,98.8,96.9,107.3,68.2,99.0,101.2,94.1,93.9,95.5,92.8,109.0,116.1,106.6,,101.0,92.9,79.3,118.0,99.4,107.9,101.4,,93.1,97.8,94.6,95.1,98.2,92.7,102.8,93.8,96.6,97.9,95.4,90.0,82.5,82.5,95.5,86.0,100.7
200711,101.1,97.4,96.0,103.1,103.3,103.9,102.7,97.1,92.2,92.5,92.1,91.7,90.4,94.5,90.0,87.0,84.8,96.1,,98.2,86.1,102.4,99.2,100.5,102.3,98.4,102.8,,105.2,97.5,96.4,84.5,104.4,95.9,95.0,112.5,112.0,93.3,101.2,102.9,103.7,98.1,111.1,102.6,99.0,106.2,102.7,,88.1,86.2,86.5,90.6,97.1,93.5,97.6,95.7,99.0,98.3,100.3,99.8,102.2,106.0,99.5,98.9,94.6,96.3,102.4,103.7,102.1,100.0,,95.2,94.6,94.5,81.8,98.4,94.8,93.5,97.0,85.4,83.1,95.7,97.4,97.4,91.5,87.9,69.5,75.4,76.7,84.2,71.6,93.6,106.5,95.0,98.0,72.7,93.5,74.7,84.1,92.0,76.5,88.6,97.4,,,87.3,92.1,103.7,92.4,107.2,80.6,106.6,118.8,114.9,,,97.8,93.2,98.0,91.9,100.7,85.3,94.0,78.7,100.7,97.0,96.8,112.0,98.8,95.0,101.5,96.0,102.3,103.6,95.6,91.3,99.1,98.8,,111.9,90.5,124.7,128.7,122.6,,,,,80.1,,,,,96.2,101.9,,105.2,105.2,98.3,97.4,108.2,67.3,98.4,101.1,93.3,94.1,95.7,92.5,108.2,117.4,102.6,,100.9,96.6,80.2,113.2,102.9,104.6,103.3,,93.6,97.7,95.1,95.6,98.1,94.3,102.5,95.2,96.2,98.2,94.6,94.0,81.4,82.3,95.3,86.5,100.7
200712,101.3,97.7,97.4,102.6,103.0,103.7,102.4,95.1,96.4,97.9,96.1,94.2,91.1,95.2,90.6,94.8,84.5,96.2,,96.0,87.7,99.0,99.9,101.5,102.9,97.0,107.9,,107.1,100.5,94.9,83.3,105.8,95.6,82.7,114.6,113.0,95.6,100.8,103.2,104.3,99.4,111.5,103.3,99.4,105.5,103.0,,87.7,85.8,86.1,90.4,97.4,95.4,97.1,96.5,99.3,98.5,100.7,100.0,102.5,105.7,99.3,98.2,96.1,96.2,103.7,104.8,103.8,100.8,,95.2,94.6,94.7,81.8,98.6,94.5,93.2,96.6,85.7,81.6,95.8,97.6,97.6,93.4,91.0,78.9,77.3,66.8,84.6,86.3,92.9,106.6,107.3,94.2,72.5,93.9,75.4,80.5,92.2,77.8,90.1,93.3,,,90.8,103.6,110.9,111.9,122.2,80.1,110.8,137.8,117.9,,,97.8,93.1,95.1,92.9,100.8,85.2,94.4,79.6,100.6,97.2,96.1,112.3,98.8,95.4,103.0,96.5,100.2,102.5,95.9,89.7,94.7,94.1,,102.2,83.7,142.3,129.5,118.3,,,,,79.6,,,,135.3,96.2,103.5,,105.6,105.6,99.0,98.8,109.9,68.3,99.0,101.1,93.0,93.8,95.6,93.5,108.5,116.9,103.9,,101.4,96.6,80.2,113.5,100.7,109.7,102.0,,93.6,97.7,96.1,97.1,98.8,93.9,102.6,95.3,96.4,98.4,94.0,93.7,81.0,81.2,95.3,87.1,100.8
200801,101.1,98.3,98.3,102.6,102.9,103.5,102.4,95.0,98.0,99.8,97.4,95.3,92.9,96.3,91.0,97.8,88.6,96.0,,95.3,89.2,97.5,101.5,103.5,105.4,106.1,109.4,,108.8,101.2,104.1,82.9,106.0,97.7,98.7,115.6,113.0,95.5,100.2,104.6,104.4,99.1,112.0,103.4,98.4,106.4,102.9,,88.4,86.8,86.4,91.0,99.1,97.0,98.5,96.2,102.8,97.9,101.4,100.9,102.7,109.2,99.6,99.1,97.4,96.4,104.0,105.0,104.0,101.0,,94.3,94.5,94.7,82.0,98.6,94.2,93.1,95.9,86.9,82.6,96.1,93.7,93.7,93.8,91.4,74.1,73.6,66.8,84.8,84.6,81.8,106.7,124.9,100.8,73.3,95.5,72.7,78.6,93.9,79.3,97.6,94.4,,,102.5,109.0,131.9,114.1,97.7,92.8,116.6,141.9,120.3,,,98.2,93.4,97.1,93.5,101.0,85.1,94.5,79.6,101.3,97.9,97.2,112.5,98.9,95.3,102.5,95.6,100.6,103.9,95.9,90.7,98.2,98.0,,102.8,85.2,136.2,124.9,117.3,138.3,,,,,,,,126.7,97.1,103.4,,103.1,103.1,98.3,98.5,109.7,67.4,98.3,101.1,93.2,94.8,95.3,92.7,108.7,115.7,102.8,,100.0,98.9,80.3,112.2,103.3,103.6,102.4,,94.1,97.8,95.6,97.1,99.3,94.9,102.9,96.0,98.7,98.3,94.4,93.4,80.9,82.3,95.2,88.6,100.8
200802,100.9,98.2,99.6,102.7,103.0,104.0,102.6,96.0,98.4,100.3,97.4,96.2,96.8,96.8,91.6,100.0,98.6,97.2,,98.0,89.6,100.9,100.5,102.1,103.2,108.8,110.3,,110.0,102.3,102.1,81.1,108.0,97.3,91.5,116.9,109.7,94.8,95.7,103.5,104.0,99.1,111.3,103.2,98.2,106.6,103.4,,88.6,87.0,86.8,90.9,98.9,95.4,98.9,96.4,102.1,98.8,101.8,101.3,102.6,108.9,100.0,99.3,99.1,96.1,104.1,104.9,104.4,100.8,,95.3,94.8,94.6,82.1,98.4,95.2,93.1,96.9,87.1,82.9,97.4,97.2,97.2,94.0,91.5,79.2,72.8,68.4,78.6,93.7,87.1,107.4,112.2,97.6,72.7,99.6,73.8,80.0,97.6,78.9,94.4,92.8,,,108.7,103.4,142.8,138.6,93.6,137.5,116.0,117.2,109.5,,,98.4,93.7,99.2,93.8,100.7,85.5,95.2,79.5,101.1,98.5,97.1,110.6,99.4,95.1,102.5,95.7,100.4,104.8,97.9,92.9,94.1,93.5,,100.9,83.2,124.3,115.9,116.3,112.7,,,,,,,,115.5,98.1,100.9,,106.8,106.8,98.9,100.6,112.1,68.7,98.6,101.1,92.8,95.2,95.5,92.7,106.4,114.3,102.5,,99.9,99.7,79.4,111.3,100.8,109.1,100.1,,93.8,98.4,96.3,97.0,99.5,95.8,102.1,94.4,98.0,98.5,93.7,93.2,78.6,80.0,95.2,90.0,100.9
200803,101.4,98.8,100.2,102.7,103.0,103.9,102.6,95.4,99.0,100.9,97.8,96.3,98.5,97.0,92.7,111.5,100.0,98.8,,99.3,89.6,102.6,101.9,104.0,101.5,101.8,107.9,118.0,110.1,102.1,106.8,79.7,105.8,97.7,106.9,117.6,109.6,99.1,92.1,103.5,104.0,99.2,111.5,103.4,97.5,105.7,103.9,,90.6,88.6,88.6,93.5,99.3,97.1,98.2,96.0,103.9,98.5,102.2,101.7,102.8,110.8,100.4,99.3,99.6,95.7,104.3,105.3,104.6,101.5,,97.0,96.3,94.5,82.3,98.3,98.9,94.8,99.8,89.0,104.0,98.8,99.5,99.5,95.9,94.2,99.2,64.7,112.6,88.5,97.6,84.7,106.7,106.0,101.5,75.2,110.8,89.9,104.1,102.3,81.2,99.0,89.6,,,119.6,91.5,99.9,118.0,91.7,120.2,113.2,116.5,105.4,,,99.0,94.0,98.4,95.1,100.8,85.6,96.3,79.1,101.9,99.2,98.4,110.9,100.2,95.8,103.5,96.8,102.0,104.6,99.7,91.9,91.0,90.4,,102.1,89.1,116.0,109.8,115.6,106.9,,,,,,,,101.3,101.3,102.9,,103.7,103.7,99.4,102.2,112.3,74.5,99.0,101.2,93.7,97.0,95.6,91.4,106.5,114.4,106.9,,101.6,101.0,80.7,112.0,102.8,102.3,104.8,,94.5,98.6,96.5,96.4,99.7,97.3,102.2,95.6,98.0,98.2,94.4,94.7,80.3,82.0,95.4,91.9,100.8
200804,101.3,99.3,101.1,102.6,102.9,103.9,102.5,96.2,100.1,102.3,98.9,97.1,100.2,99.5,94.9,115.9,100.7,99.9,,102.0,92.0,105.5,103.1,106.0,102.4,107.5,106.9,119.8,107.6,100.1,108.2,79.4,104.0,97.3,124.2,118.3,108.2,98.5,,103.0,103.9,98.9,110.5,103.3,99.0,106.4,103.4,,91.6,89.9,89.5,94.3,98.8,96.1,98.0,96.3,102.4,100.3,102.8,102.5,102.8,111.3,101.2,100.5,101.5,97.7,104.3,105.3,104.6,101.6,,99.4,99.3,98.0,87.5,101.2,101.3,100.5,102.2,90.3,104.5,100.4,99.8,99.8,95.3,92.8,94.2,75.7,123.4,82.3,79.1,102.7,108.4,114.0,100.9,80.5,119.3,85.4,115.0,105.9,80.1,103.3,88.3,,,101.5,83.3,89.4,100.9,98.0,89.3,103.3,105.6,95.4,,,99.9,94.5,99.0,95.3,100.9,86.2,97.5,79.6,103.6,100.8,100.4,112.3,100.5,96.3,103.8,98.5,102.4,104.0,100.3,90.6,89.2,88.5,,105.7,,110.5,106.7,118.2,,,,,,,,,95.0,101.9,100.9,,103.3,103.3,100.9,106.7,117.2,77.8,100.1,100.9,97.7,98.6,95.5,93.1,107.3,114.9,105.9,,99.4,102.3,81.7,111.7,99.8,107.8,101.3,,95.3,99.5,97.1,97.6,99.8,97.8,102.2,96.8,97.8,98.8,95.0,94.4,81.4,84.4,95.4,94.1,100.9
200805,102.1,100.0,101.6,102.5,102.7,103.9,102.4,96.3,101.6,103.3,100.7,98.9,100.6,99.4,95.5,116.0,101.1,100.8,,100.5,95.4,102.3,102.5,104.9,101.4,105.9,103.9,115.5,101.8,101.0,102.4,79.5,101.8,94.9,123.0,118.7,107.5,97.4,,102.6,103.6,98.6,109.1,102.3,101.6,105.7,103.2,,92.0,90.3,90.0,94.7,99.6,96.8,97.9,97.8,104.4,99.9,103.0,102.6,102.5,110.8,101.6,100.5,102.6,97.8,104.5,105.1,105.0,101.9,,99.9,99.8,98.9,87.9,102.2,101.3,101.9,101.2,94.2,105.8,101.0,100.2,100.2,94.1,90.6,83.6,85.7,110.5,93.9,63.9,104.4,109.5,102.0,105.9,87.0,146.2,92.4,117.2,110.2,74.7,108.8,88.3,,,90.5,101.7,82.0,94.9,85.6,85.7,106.7,101.9,94.6,,,100.3,95.3,98.2,96.9,101.0,88.4,98.5,80.0,104.3,101.8,102.0,111.3,100.5,96.1,103.1,98.7,102.5,103.4,101.6,91.9,98.8,98.4,,114.5,,112.7,109.4,122.4,,,,,,,117.2,109.1,92.0,101.3,104.8,,105.2,105.2,100.7,109.7,122.1,75.7,99.6,100.9,101.6,100.0,95.5,91.5,107.1,116.2,105.2,,100.6,101.1,80.6,111.3,100.2,101.8,103.3,,97.6,99.7,97.5,98.6,100.5,98.3,102.7,97.9,99.5,99.2,96.9,95.0,82.8,101.6,95.5,96.8,100.8
200806,102.6,100.7,103.6,102.9,103.1,104.3,102.6,96.5,106.1,109.2,103.3,103.0,101.1,99.4,96.1,118.5,101.5,101.0,,102.9,100.0,103.8,102.1,104.0,104.2,102.4,106.8,101.4,104.8,101.0,104.6,79.6,100.2,99.6,120.7,118.3,106.9,96.9,,104.3,103.9,99.0,110.1,102.1,101.3,106.2,103.2,,92.5,91.5,90.7,94.4,100.2,96.6,99.9,97.4,103.7,100.4,103.4,103.0,102.8,110.1,101.8,101.0,103.8,98.7,104.6,105.4,104.9,102.3,,100.0,100.2,98.9,88.2,102.1,102.0,102.5,102.1,96.7,102.1,102.8,99.4,99.4,94.5,91.1,73.4,86.9,103.9,98.3,74.8,101.1,110.0,104.2,118.7,87.2,173.1,83.9,119.0,113.1,75.3,162.4,87.4,,121.2,81.6,113.5,79.1,94.2,76.8,80.8,104.1,100.5,91.5,,,100.7,95.9,98.8,96.6,100.4,91.2,98.8,81.9,104.3,102.3,101.7,111.0,101.0,97.8,103.4,99.7,103.1,103.7,100.9,91.4,104.6,104.6,,118.4,,112.5,107.0,125.1,,,126.4,,,,96.6,97.1,,100.5,105.5,104.4,104.0,104.0,102.3,112.1,124.7,77.2,101.0,100.9,102.1,102.2,97.1,92.7,107.1,112.4,106.0,,98.4,103.2,79.8,111.5,102.8,109.2,100.7,,98.8,99.8,97.9,98.8,100.9,99.0,102.5,97.6,101.4,101.5,108.4,94.3,81.9,102.0,98.3,98.5,101.0
200807,102.8,100.5,103.8,103.0,103.2,104.5,102.7,96.4,107.1,110.5,103.8,103.8,100.8,99.0,97.1,115.4,100.6,101.3,,101.7,100.9,102.1,102.9,104.6,106.6,106.9,104.6,98.4,112.2,100.0,100.1,101.7,101.1,105.0,113.6,118.0,106.4,98.2,,103.4,104.4,97.8,110.5,103.6,103.8,106.9,104.3,,94.1,92.8,93.6,95.4,100.4,97.3,99.2,97.6,105.4,99.4,103.9,103.8,103.3,111.4,102.4,101.8,104.3,100.2,104.3,105.1,104.5,102.2,,100.2,100.2,99.0,88.3,102.3,101.6,101.8,100.8,98.4,104.2,103.8,100.2,100.2,93.2,88.8,78.9,99.1,110.5,90.9,67.0,94.4,109.1,103.9,134.7,87.6,173.4,82.5,112.9,115.3,74.4,189.3,88.7,,97.1,74.7,103.4,77.2,90.2,75.8,80.0,102.0,98.4,89.7,,,101.2,97.1,97.0,97.1,101.0,94.7,99.5,82.1,104.3,101.9,102.4,111.1,101.4,99.4,103.4,99.8,103.5,103.4,101.5,92.3,97.5,97.2,,122.7,,112.3,105.8,127.5,,,99.7,136.7,,102.9,90.1,85.0,,101.3,103.8,77.4,104.6,104.6,102.0,113.4,127.0,76.3,100.5,100.7,104.5,103.1,97.7,92.7,108.7,113.5,104.6,,100.8,101.5,80.7,112.9,101.7,101.6,105.0,,100.0,99.5,98.5,99.0,101.1,99.6,102.3,96.7,101.7,102.7,112.6,95.0,82.2,106.4,100.4,99.4,101.0
200808,103.1,101.0,103.9,102.9,103.2,104.4,102.6,96.0,107.1,110.4,104.4,103.3,101.0,99.2,97.6,117.7,101.2,100.5,,103.0,102.1,103.1,105.9,108.6,109.4,108.9,105.5,103.3,112.5,101.9,103.5,127.7,103.6,107.8,108.0,117.5,108.4,99.5,,103.8,104.8,98.4,110.2,105.0,104.0,106.8,105.4,,100.2,99.8,100.8,100.1,100.5,97.8,99.0,97.8,105.3,99.8,104.1,104.1,103.4,110.6,102.8,102.7,104.7,99.6,104.2,105.2,104.0,102.2,,100.8,100.3,98.8,88.6,101.9,102.5,101.3,102.4,99.4,104.9,102.9,102.3,102.3,91.1,85.2,70.0,127.4,99.9,87.9,75.2,96.4,108.9,86.7,122.9,82.2,131.1,95.7,94.3,110.0,74.4,143.2,88.6,,89.6,74.8,90.0,75.8,70.5,71.7,66.9,104.9,95.1,85.8,,,101.5,97.5,96.7,96.9,100.8,96.6,99.4,84.7,104.5,102.0,102.9,111.1,101.5,100.5,103.7,99.9,103.2,103.0,101.6,91.9,104.4,104.3,110.5,,,113.6,109.5,124.7,,102.8,78.7,102.8,,93.6,90.1,86.6,,101.2,105.9,,103.5,103.5,103.4,115.3,127.7,81.1,101.9,100.7,104.6,101.6,98.2,93.4,107.0,112.7,109.3,,99.9,102.4,81.1,112.2,103.8,108.2,101.8,,99.5,99.7,98.2,98.9,101.4,99.5,102.6,95.7,101.4,102.7,113.6,94.3,81.9,102.9,100.0,100.2,100.9
200809,103.1,101.2,104.1,103.2,103.4,105.2,102.8,96.2,106.8,109.7,104.5,103.2,102.1,100.6,98.9,117.2,102.3,101.5,,102.4,102.3,102.4,103.5,103.6,109.6,97.5,98.9,103.6,106.3,99.3,99.3,98.9,102.9,99.0,98.9,117.0,107.2,98.3,,103.9,105.3,99.6,110.2,103.4,106.4,106.9,105.6,,101.9,101.5,103.8,101.0,101.9,99.5,100.7,99.2,106.8,100.0,103.8,103.9,102.8,111.3,102.7,102.2,104.6,100.2,103.8,103.9,104.4,102.1,,102.0,100.5,99.1,88.7,102.4,102.4,101.9,100.9,99.6,113.4,103.4,107.3,107.3,96.4,93.0,66.5,134.5,108.5,86.8,108.9,112.0,110.8,97.4,106.7,78.9,122.3,96.7,93.2,108.4,77.1,100.7,88.9,,86.9,82.5,82.7,94.1,83.4,88.8,69.8,109.2,101.2,96.8,,,102.2,98.1,95.3,98.7,100.8,97.4,99.6,87.8,105.7,102.8,104.0,113.0,102.0,101.3,103.5,101.4,102.9,104.4,101.7,91.6,98.7,98.3,87.6,,202.1,113.6,112.8,125.3,,70.8,77.7,82.0,,90.3,,,,102.8,104.5,,106.1,106.1,103.3,117.4,129.7,83.9,101.5,100.8,104.5,102.6,98.5,98.0,105.1,115.1,111.3,,100.1,102.6,79.3,110.9,100.2,102.6,106.6,,99.8,100.8,97.7,99.0,100.4,99.6,102.9,95.4,102.0,102.8,114.3,94.6,81.6,102.8,101.1,100.7,101.1
200810,103.0,101.6,104.8,104.1,104.3,106.0,103.9,97.0,107.1,109.7,105.0,104.0,102.6,102.2,100.3,117.5,102.6,100.8,,103.8,102.6,104.1,103.0,102.5,109.0,99.8,98.5,102.4,106.9,98.0,106.8,86.4,103.5,98.0,96.1,115.0,107.6,99.2,110.2,105.4,105.5,99.2,112.2,103.3,104.8,106.9,105.7,,103.8,103.7,105.8,102.6,101.8,98.8,100.1,99.5,107.1,100.4,103.8,103.7,103.1,108.6,102.5,101.9,105.5,100.3,104.2,104.7,104.4,102.2,,102.3,100.5,98.9,88.8,102.1,102.5,102.0,100.9,99.2,115.3,103.3,109.6,109.6,97.8,95.4,75.6,112.6,111.1,85.7,108.4,107.8,108.8,106.0,94.4,76.2,105.2,102.7,90.2,103.6,76.1,88.2,89.5,,,95.0,75.4,102.4,93.3,104.0,75.2,108.0,105.8,110.0,,,102.2,98.6,97.0,99.7,100.9,97.5,99.6,91.5,105.3,103.2,104.0,110.9,102.0,101.8,103.6,100.3,103.0,104.2,101.3,92.7,99.1,98.8,77.4,,97.1,110.3,111.9,121.9,,68.7,,80.1,78.1,,,,,123.5,103.7,,105.4,105.4,104.2,120.4,131.9,88.8,102.2,100.8,104.7,104.0,98.9,104.9,105.2,113.2,112.7,,97.9,101.7,78.0,108.9,102.7,104.8,105.1,,100.3,101.4,98.3,99.4,100.8,99.5,103.0,98.3,102.1,103.4,115.1,95.2,81.9,104.0,101.3,100.7,101.0
200811,102.1,101.0,104.9,104.6,104.7,105.8,104.6,98.8,107.0,109.3,105.0,104.2,102.8,102.7,100.4,116.5,102.0,102.3,,102.5,103.9,102.0,103.5,103.1,107.7,103.5,98.9,,105.8,97.8,109.4,82.4,105.0,98.9,95.7,117.1,110.2,102.6,104.0,105.0,105.5,99.4,111.7,103.5,104.4,106.7,106.7,,103.6,103.2,105.8,102.5,102.2,99.3,100.6,99.7,107.7,99.8,103.6,103.4,103.2,106.3,102.3,101.7,105.4,100.1,104.3,105.4,104.5,101.6,,101.8,99.9,98.9,88.9,101.9,101.5,101.8,99.5,99.6,112.2,103.2,108.9,108.9,93.6,88.7,81.7,80.9,80.0,75.9,83.8,92.7,107.7,101.1,92.9,74.6,94.3,77.1,85.6,100.6,75.5,82.8,91.0,,,83.1,77.1,131.6,98.9,97.3,73.4,107.4,109.9,118.2,,,102.3,99.1,96.1,99.3,100.9,98.2,100.2,96.1,105.4,103.4,103.3,111.2,101.9,101.5,103.6,99.7,102.7,104.4,101.9,91.4,93.6,93.1,,99.9,85.2,116.1,113.0,116.5,,,,,68.6,,,,,113.7,103.7,,105.8,105.8,104.0,118.6,129.7,88.0,102.2,100.7,103.2,102.6,97.9,103.1,105.4,113.9,113.7,,98.6,102.6,79.3,106.9,104.7,105.7,107.0,,100.3,101.9,98.0,98.7,102.2,99.8,102.5,102.2,103.2,102.6,115.1,96.4,80.7,102.6,101.2,101.0,100.8
200812,101.7,101.2,104.8,104.7,104.8,105.5,104.9,99.7,106.7,109.3,105.0,103.4,102.8,103.0,100.7,116.6,101.7,102.2,,101.6,106.6,99.9,103.3,103.0,106.5,99.5,103.9,,102.5,99.0,105.0,80.0,103.0,98.7,91.3,116.4,110.5,104.1,101.4,103.2,105.4,99.6,111.0,104.1,104.1,105.5,106.5,,103.9,103.1,104.9,104.0,101.9,99.3,101.3,99.2,105.8,100.0,103.0,102.8,102.8,104.0,102.1,101.7,104.0,100.4,104.1,105.3,103.8,101.7,,100.9,99.0,98.1,88.9,100.9,100.3,101.7,98.4,99.7,110.2,101.7,108.2,108.2,95.8,92.2,99.6,80.5,72.7,74.1,111.9,83.6,108.6,111.5,91.7,74.3,90.6,80.1,84.4,99.7,76.0,83.9,87.6,,,101.8,86.7,124.6,110.9,107.2,92.7,110.0,134.3,132.0,,,102.2,99.3,97.7,100.4,100.7,98.2,99.3,97.1,105.1,103.5,103.4,110.0,101.7,101.3,103.6,100.6,101.3,103.5,101.4,94.7,95.6,95.1,,89.3,90.7,124.6,113.1,108.9,,,,,75.7,,,,126.9,105.9,102.0,,105.5,105.5,103.6,118.1,128.9,88.1,101.8,100.7,104.2,101.4,98.6,104.5,105.1,110.6,112.7,,99.3,102.5,78.6,106.0,102.8,106.4,100.3,,100.3,101.6,98.7,99.3,102.2,99.9,102.4,102.1,102.7,103.6,113.8,100.4,80.7,99.8,101.0,101.0,100.6
200901,101.1,101.5,104.8,104.6,104.7,105.5,104.5,100.8,107.2,109.6,105.4,104.6,102.8,103.3,101.4,116.5,101.8,101.1,,99.8,108.3,96.7,103.8,103.7,105.7,103.1,106.7,,107.5,101.7,112.5,79.5,103.6,100.4,96.3,115.8,108.0,104.6,99.9,107.0,105.3,99.1,111.0,104.3,103.2,105.7,107.7,,104.2,103.5,105.8,104.1,102.4,99.2,101.6,99.5,106.9,99.8,103.1,102.8,102.5,104.6,102.2,102.2,103.7,100.5,104.2,105.2,104.1,101.6,,98.6,98.8,98.1,89.0,100.9,99.8,102.1,97.5,98.8,108.5,102.1,97.8,97.8,97.7,94.9,100.8,81.1,75.1,80.1,126.7,94.1,106.6,124.4,98.0,75.3,91.8,76.3,84.6,100.3,77.0,86.3,88.6,,,108.2,94.1,120.1,115.0,97.6,105.1,117.0,134.0,125.1,,,102.6,99.4,96.7,100.9,100.9,98.4,100.0,97.9,105.3,103.8,103.8,109.6,102.4,102.3,104.2,100.8,102.0,103.7,102.0,98.1,99.1,98.8,,88.5,100.4,118.8,111.3,106.6,129.9,,,,,,,,112.4,106.4,100.3,,105.2,105.2,103.7,116.0,127.0,85.8,102.2,100.5,103.2,102.6,99.5,104.3,106.1,111.2,112.7,,98.3,101.7,78.7,107.7,103.0,106.9,104.4,,100.4,101.6,99.0,100.3,102.6,99.8,102.9,100.7,102.3,103.3,114.6,102.3,79.8,99.2,101.1,101.5,100.8
200902,100.8,100.7,104.9,104.7,104.8,105.5,104.7,101.6,106.9,109.2,105.0,104.2,102.7,102.4,100.9,117.6,101.9,101.5,,102.6,108.8,100.3,102.6,101.6,103.4,100.3,103.2,,103.1,102.4,110.5,76.2,103.3,100.7,93.7,113.5,106.2,102.6,93.3,106.0,105.5,100.0,110.8,104.1,105.0,105.2,107.2,,104.6,104.4,105.1,104.4,102.4,99.0,102.1,99.4,106.1,100.7,102.9,102.7,102.4,103.9,102.0,102.6,103.3,100.4,104.0,104.9,104.0,101.4,,98.9,98.5,97.7,89.0,100.4,99.6,102.3,96.9,99.4,108.0,103.3,100.8,100.8,93.5,88.6,91.6,67.0,78.2,71.4,93.7,79.9,104.3,103.8,94.4,75.4,88.5,76.8,82.2,101.7,76.1,82.7,88.0,,,104.6,88.7,117.8,119.9,92.8,122.2,109.4,120.3,114.1,,,102.3,100.1,99.2,101.0,100.9,99.2,100.7,98.4,104.2,102.9,102.9,107.8,102.2,101.4,103.7,100.5,101.1,104.0,101.8,100.0,95.3,94.8,,87.2,103.0,111.8,107.4,104.4,111.1,,,,,,,,110.3,107.4,95.2,,105.8,105.8,103.9,115.7,125.7,87.9,102.5,100.5,103.9,102.0,99.6,105.1,105.7,110.6,112.5,,98.0,102.2,78.8,108.3,102.0,109.7,101.4,,100.2,101.3,99.3,99.6,103.0,99.9,102.3,101.4,102.4,103.5,113.3,104.2,80.1,97.1,100.2,101.5,100.8
200903,101.1,101.0,105.1,104.6,104.7,105.4,104.7,101.1,107.1,109.5,104.9,104.5,103.1,102.7,103.3,116.7,101.9,101.6,,104.5,108.7,103.0,102.6,101.8,102.9,102.9,105.0,112.1,99.8,101.0,106.0,72.6,102.2,97.1,102.2,111.1,104.5,100.4,87.6,104.9,105.4,101.6,110.2,102.5,104.3,105.0,107.2,,103.8,103.9,104.8,103.1,102.5,98.3,101.8,99.0,107.7,100.4,103.1,102.8,103.0,104.4,101.7,103.2,102.6,100.6,104.2,104.9,104.8,101.4,,102.4,102.7,101.9,99.4,102.6,103.8,101.4,103.4,99.5,111.3,103.9,101.3,101.3,94.6,90.3,87.9,69.7,99.6,67.1,91.2,81.7,105.7,95.8,96.6,77.0,87.6,76.3,87.9,103.9,77.2,81.8,86.0,,,102.9,83.8,126.1,117.8,105.0,127.6,103.2,105.1,102.4,,,102.4,100.0,97.4,101.6,101.1,98.8,100.8,98.6,104.2,102.7,103.7,107.4,102.7,102.3,104.0,101.1,102.8,104.3,102.4,98.2,92.5,92.0,,88.5,109.9,105.3,102.5,100.5,110.2,,,,,,,,106.4,107.1,92.0,,104.0,104.0,102.5,112.3,121.5,87.0,101.2,100.5,102.7,102.3,100.0,102.4,104.4,109.8,110.5,,98.2,101.4,76.9,102.7,103.1,107.2,104.3,,100.8,101.1,99.3,99.9,103.0,100.1,102.1,102.1,103.1,103.3,112.5,105.8,81.0,101.9,100.6,101.4,100.7
200904,101.2,100.9,104.4,104.1,104.1,104.4,104.3,102.2,105.7,107.7,105.2,102.7,102.5,102.4,102.0,114.3,101.4,101.3,,106.4,108.2,105.6,102.8,102.4,102.2,104.1,102.5,115.3,98.2,101.5,101.4,71.2,99.7,96.7,110.9,108.4,102.5,97.6,,101.7,105.1,100.4,110.5,101.6,103.5,104.9,108.4,,103.6,103.5,104.6,103.0,101.4,97.0,101.0,99.2,105.6,100.2,102.4,102.2,102.5,103.2,101.7,102.4,101.8,99.9,103.6,104.5,103.6,101.4,,101.6,102.3,101.7,99.8,102.4,103.1,101.6,103.4,99.3,107.7,102.0,98.2,98.2,98.3,96.1,117.9,82.5,149.7,66.0,94.6,121.7,104.9,112.5,94.3,88.3,87.7,101.2,93.1,107.1,81.4,82.2,86.5,,,100.7,81.9,91.4,104.9,106.4,109.1,101.2,95.0,97.4,,,102.2,100.3,101.5,100.4,101.2,98.2,101.6,99.0,103.4,102.4,102.8,105.9,102.6,101.7,103.0,102.4,103.7,104.8,101.3,97.2,85.2,84.3,,94.5,,104.4,102.1,100.7,,,,,,,,,88.7,107.8,92.1,,103.7,103.7,103.3,114.7,119.5,101.7,101.8,100.5,102.9,103.0,99.2,103.5,103.7,106.4,110.1,,97.1,101.0,77.3,105.0,102.0,111.2,104.7,,100.9,101.2,99.7,100.3,103.4,99.9,101.8,102.0,102.6,102.7,113.5,105.8,81.1,102.0,101.0,102.1,100.7
200905,101.0,101.0,103.6,104.0,104.0,104.2,104.1,102.1,103.8,104.2,104.4,102.9,102.5,101.7,102.6,111.3,101.5,101.9,,106.0,107.8,105.4,102.4,101.7,100.9,99.4,99.3,109.7,97.3,99.5,100.0,71.3,99.0,96.9,117.1,106.0,102.4,97.3,,101.4,104.8,100.6,110.2,100.8,102.7,104.8,107.7,,103.3,103.4,104.2,102.6,102.5,100.4,101.8,100.0,106.2,101.0,102.2,101.8,102.8,101.0,100.7,102.3,101.5,99.7,103.9,104.7,104.1,101.3,,101.4,102.1,101.8,99.8,102.4,102.6,101.3,102.4,100.8,107.7,102.0,98.2,98.2,95.6,92.1,110.0,85.2,130.1,84.6,80.6,107.6,104.6,104.0,94.9,91.6,105.6,93.4,94.7,107.2,79.6,84.9,87.9,,,92.7,88.7,76.2,90.6,95.0,84.4,102.8,95.1,95.4,,,102.0,100.1,101.3,100.8,100.8,98.0,101.5,98.9,103.0,101.8,102.9,105.2,102.6,102.2,102.8,101.8,103.9,104.4,102.0,98.4,98.7,98.5,,101.9,,105.7,101.3,99.6,,,,,,,113.6,119.0,93.4,107.4,102.0,,102.8,102.8,101.9,111.8,115.5,101.7,100.6,100.3,101.6,102.4,98.3,101.7,104.0,104.9,104.4,,96.9,99.9,78.0,103.4,104.2,109.7,105.3,,101.7,101.4,99.3,100.1,103.7,99.9,101.4,101.6,102.1,102.3,112.4,104.5,100.5,102.0,101.0,101.7,100.9
200906,100.8,100.5,103.3,103.7,103.7,104.1,103.7,102.0,103.5,103.9,103.7,102.8,102.1,101.3,102.0,109.9,101.1,102.1,,106.4,107.1,106.0,101.3,100.0,100.1,95.7,91.8,103.6,100.8,100.2,97.6,71.9,97.2,96.7,113.2,105.7,102.2,95.5,,100.4,104.3,98.8,110.5,100.2,102.0,104.7,106.6,,103.3,102.6,104.2,103.4,101.6,98.2,101.1,100.1,105.1,99.9,101.7,101.4,101.8,100.1,100.6,102.1,101.0,99.8,103.4,104.2,103.6,101.6,,100.9,102.1,101.9,100.1,102.4,102.3,101.0,102.4,101.5,105.0,101.8,96.0,96.0,93.3,88.5,78.9,88.7,110.9,96.4,68.4,93.3,104.5,96.5,101.4,92.1,140.3,89.3,90.2,106.3,78.9,140.4,85.8,,120.4,80.1,103.0,73.0,88.5,81.4,73.7,99.2,92.7,90.6,,,101.9,100.3,100.9,100.6,100.9,98.4,101.5,99.6,102.7,101.7,102.4,104.8,102.3,102.5,102.2,101.6,103.1,104.7,100.8,98.1,100.0,99.9,,106.6,,103.9,102.5,99.6,,,122.4,,,,93.4,84.6,,105.8,99.9,103.9,101.7,101.7,100.2,109.7,112.5,101.8,98.9,100.2,102.2,103.0,98.4,102.0,103.9,105.8,103.8,,97.3,99.8,77.9,102.8,102.6,99.8,98.5,,101.8,101.2,99.6,99.6,104.3,99.8,100.7,102.5,101.6,102.4,111.7,105.4,101.4,102.5,100.9,102.1,100.5
200907,100.5,99.8,103.1,103.5,103.5,103.7,103.5,102.0,103.2,103.3,103.6,102.9,101.9,101.4,102.0,109.5,100.6,102.3,,104.7,106.6,103.9,101.8,101.1,102.1,102.0,94.3,102.7,110.6,99.9,92.9,110.9,99.2,103.7,101.1,101.9,102.7,99.1,,99.2,103.9,98.7,109.6,100.2,102.1,104.4,106.4,,103.0,102.5,104.3,102.6,101.7,98.7,100.4,100.6,105.9,100.3,101.6,101.2,101.4,100.5,100.9,101.5,100.8,99.4,103.8,104.4,104.2,101.2,,100.5,102.0,101.9,100.0,102.5,102.0,100.5,102.2,101.7,104.8,101.0,94.5,94.5,90.7,84.5,68.5,101.7,93.1,94.8,61.6,88.7,104.0,95.3,110.8,96.0,154.3,90.7,92.1,107.5,80.6,164.0,86.7,,85.4,71.5,98.7,73.8,79.3,77.0,69.9,97.1,90.8,85.6,,,101.9,100.4,100.1,100.9,100.8,98.5,102.1,100.6,102.8,102.0,102.8,104.0,102.3,102.3,102.5,102.0,103.4,104.2,100.9,98.2,92.7,92.2,,115.1,,104.6,105.7,100.0,,,91.3,128.3,,93.8,82.6,83.0,,103.8,100.4,75.3,102.4,102.4,100.4,108.4,111.2,100.9,99.3,100.2,101.5,102.5,97.9,101.3,102.8,103.1,103.8,,98.3,98.3,79.6,103.4,102.6,102.2,102.3,,101.7,101.3,99.7,99.1,103.9,100.1,100.8,102.4,101.6,102.3,110.9,105.4,100.4,102.7,101.0,101.6,100.5
200908,100.8,100.9,102.8,103.4,103.4,103.2,103.6,101.3,102.7,102.5,103.5,102.3,101.6,101.1,101.4,109.1,100.9,101.6,,104.8,105.5,104.5,102.6,102.8,102.5,105.8,92.1,107.9,113.7,99.0,94.0,118.9,100.2,104.3,91.3,103.6,102.6,102.4,,99.4,103.7,99.5,108.2,100.1,103.3,104.2,106.3,,102.5,101.8,103.3,102.8,101.1,98.4,100.3,100.6,104.4,99.4,101.3,100.8,100.8,99.6,100.9,101.3,100.5,99.1,103.2,104.2,102.9,101.9,,100.1,101.5,101.5,99.9,102.0,101.5,100.8,101.2,101.8,105.6,100.5,94.3,94.3,98.0,96.2,79.3,128.0,106.1,98.4,109.3,109.7,103.8,89.5,117.1,120.1,134.9,119.0,105.9,103.0,97.4,138.2,88.1,,94.1,80.0,92.9,90.9,84.6,83.4,72.7,99.6,89.4,86.9,,,101.3,99.8,98.8,100.2,100.5,97.9,101.9,99.9,102.0,101.4,102.1,103.1,101.7,101.7,102.2,101.4,102.7,103.2,100.6,98.2,99.6,99.4,104.7,,,107.1,106.3,98.5,,93.3,79.9,100.7,,92.2,79.4,83.5,,101.4,104.0,,102.4,102.4,99.4,108.4,111.0,101.4,98.3,100.1,102.6,101.9,97.5,102.2,101.7,104.0,102.6,,98.8,98.1,77.6,102.7,102.3,97.1,101.0,,101.4,101.4,100.0,99.4,103.7,100.3,100.3,101.6,101.3,102.1,109.8,104.4,100.7,102.2,99.5,102.3,100.7
200909,100.8,100.7,102.8,103.4,103.4,103.4,103.4,101.3,102.5,102.0,103.4,102.8,101.7,101.1,102.1,108.0,101.0,101.2,,104.6,104.8,104.6,101.0,99.9,102.1,100.6,99.3,108.1,105.5,99.0,94.2,89.2,98.9,102.9,92.8,101.9,101.7,100.3,,99.2,103.2,99.2,106.6,101.1,103.6,104.1,104.8,,103.2,103.3,104.1,102.7,101.5,98.5,100.9,100.1,105.2,99.0,101.4,101.0,101.9,100.0,100.7,101.3,100.1,99.3,102.8,103.7,102.5,101.8,,101.2,101.4,101.5,99.9,102.0,101.4,101.2,101.1,100.7,103.7,101.3,99.8,99.8,98.5,97.0,91.6,119.1,131.1,87.6,95.6,113.0,103.4,98.8,100.4,96.6,109.3,108.3,103.1,103.6,98.3,100.3,88.4,,92.7,81.3,93.8,87.8,79.8,101.8,70.7,103.0,93.9,94.1,,,101.5,100.1,99.6,100.9,100.3,98.9,101.4,100.5,101.9,101.7,101.7,102.7,102.2,102.6,102.6,102.2,103.0,103.0,101.3,97.4,96.5,96.1,84.1,,198.5,103.5,107.5,104.4,,67.5,81.4,83.1,,89.9,,,,100.6,102.0,,103.5,103.5,101.9,106.5,108.8,100.2,101.3,100.2,101.8,101.7,97.9,101.1,102.2,101.7,102.8,,96.1,96.9,98.9,100.1,102.7,106.1,102.5,,101.6,100.9,99.6,99.8,103.9,100.2,100.5,101.2,101.3,101.6,110.4,104.4,100.3,103.4,100.8,101.4,100.6
200910,100.4,99.6,102.2,102.7,102.7,102.7,103.0,101.8,102.2,101.9,102.8,102.1,101.3,100.0,102.2,107.9,100.6,100.8,,102.2,104.2,101.4,100.5,99.2,101.1,108.2,106.0,105.2,108.2,95.5,95.3,82.3,99.5,100.3,90.5,102.4,102.0,102.6,105.9,101.8,102.4,98.8,105.9,100.7,102.3,100.8,104.4,,103.2,102.7,104.2,103.3,101.7,101.9,100.6,100.2,104.6,98.8,100.8,100.5,101.4,98.1,100.6,101.0,99.4,99.4,102.3,102.7,102.2,101.7,,101.4,101.3,101.2,99.9,101.6,101.5,100.8,101.7,100.7,101.7,100.8,101.6,101.6,91.4,85.8,68.0,101.3,84.0,85.6,60.7,92.7,103.8,95.6,81.9,86.1,86.8,72.3,92.7,100.3,90.4,85.4,87.2,,,80.1,83.8,84.1,80.2,83.6,64.6,103.8,97.2,104.1,,,101.5,100.1,101.3,100.1,100.2,99.3,100.4,100.1,101.8,101.6,101.6,102.4,102.1,101.8,102.8,102.9,102.4,103.7,100.5,97.5,93.2,92.7,70.8,,98.7,97.1,106.5,104.7,,68.5,,75.9,71.2,,,,,100.2,102.7,,102.1,102.1,101.5,105.1,107.2,99.4,101.0,100.1,101.9,102.2,98.3,102.4,99.2,103.6,100.4,,98.4,98.5,102.7,101.1,100.8,101.8,100.0,,101.3,100.2,99.3,99.0,102.8,100.0,100.3,102.3,100.7,103.5,109.7,104.3,99.8,102.2,101.2,100.7,100.3
200911,100.2,98.8,101.7,102.5,102.5,102.2,103.0,101.4,101.6,101.6,102.4,101.3,100.5,99.5,101.1,106.2,100.3,100.0,,101.5,102.8,101.1,99.5,98.0,102.1,98.3,98.3,,103.3,96.5,94.9,79.3,98.5,99.7,84.8,99.7,99.9,102.6,101.2,101.1,101.7,99.4,104.2,100.3,101.5,100.5,102.6,,102.6,102.7,103.2,102.2,101.2,101.5,99.7,100.2,104.1,99.2,101.0,100.5,100.5,100.9,100.5,100.7,100.1,99.5,102.6,103.5,102.5,101.2,,101.0,101.2,101.0,99.9,101.2,101.5,100.4,101.8,101.0,100.4,100.8,100.5,100.5,89.1,82.3,56.5,81.7,66.7,78.1,59.7,64.8,103.6,93.4,81.2,82.4,80.3,64.2,87.1,97.3,88.2,83.0,91.1,,,86.3,91.4,97.6,97.4,79.5,80.9,100.1,105.5,113.1,,,101.0,99.8,100.8,100.6,100.3,98.5,99.9,99.8,101.4,101.4,102.0,100.8,101.6,101.7,102.3,101.4,101.7,102.3,100.6,99.1,87.5,86.8,,91.2,81.7,100.4,105.0,102.9,,,,,65.9,,,,,98.6,99.4,,101.2,101.2,102.0,105.8,107.6,100.8,101.5,100.1,101.5,100.5,98.2,102.2,101.8,104.2,102.3,,98.1,97.0,100.8,103.5,102.0,104.6,103.0,,101.2,100.6,99.6,99.5,102.8,99.8,100.9,100.8,101.6,104.2,108.4,102.0,100.2,101.6,100.9,101.0,100.3
200912,100.0,98.6,101.3,102.1,102.2,102.0,102.6,99.9,101.5,101.5,101.5,101.4,100.2,99.6,101.3,103.6,99.7,99.7,,99.9,102.0,99.1,100.0,99.1,101.4,99.6,98.1,,102.4,98.8,92.2,77.7,98.6,102.0,86.2,99.8,100.7,101.7,99.8,99.6,101.7,100.7,103.8,99.0,100.9,100.1,102.9,,102.2,101.5,102.5,102.6,100.9,101.3,100.4,100.1,102.1,99.1,100.6,100.3,100.5,100.4,100.2,100.1,99.9,99.8,101.9,102.4,102.0,101.0,,101.4,101.0,100.8,99.9,101.0,101.4,100.7,102.0,99.7,100.4,100.4,102.9,102.9,89.6,83.4,52.7,80.3,56.4,75.7,82.4,67.2,102.4,99.3,78.8,82.3,78.4,58.8,78.1,96.7,89.3,84.4,91.7,,,91.3,93.9,116.3,109.0,86.5,84.9,101.4,111.4,112.8,,,100.6,99.5,99.9,98.9,100.3,99.0,99.3,99.8,100.8,101.0,100.9,100.5,101.2,100.7,101.9,101.2,99.7,102.8,100.3,99.7,86.1,85.6,,82.5,78.5,115.0,103.9,99.8,,,,,72.2,,,,124.2,96.3,98.8,,98.7,98.7,100.6,104.2,105.8,100.0,100.1,99.9,100.7,100.3,98.4,101.2,100.0,103.5,101.9,,99.2,96.9,99.4,99.3,99.2,101.0,99.7,,100.5,100.4,99.7,99.3,101.4,100.1,100.4,101.4,100.9,103.2,107.0,95.8,99.7,100.7,100.0,101.2,100.6
201001,100.1,100.0,101.2,102.2,102.4,102.4,102.3,99.6,101.2,101.4,101.3,100.8,100.3,99.5,101.1,103.1,100.0,100.0,100.3,99.0,103.0,97.5,100.6,100.0,103.0,103.1,105.6,,103.8,99.8,96.8,78.6,98.8,100.2,89.8,102.4,101.4,103.1,100.8,100.3,101.2,99.3,102.8,99.5,101.3,100.5,102.6,102.6,101.8,101.5,100.9,102.5,102.0,102.8,101.0,101.0,103.6,100.2,101.0,101.0,102.3,100.9,100.5,100.3,100.7,100.1,100.7,102.7,99.3,100.5,109.4,100.1,101.6,101.3,99.9,101.4,101.9,100.5,102.4,101.0,101.8,100.6,94.3,94.3,97.4,95.5,82.6,98.5,63.2,94.1,117.2,92.8,101.7,107.6,87.1,87.3,86.5,79.7,75.4,96.8,94.6,93.8,91.5,105.2,,104.6,96.1,116.5,114.1,88.1,111.2,110.0,112.3,112.1,99.5,119.1,101.0,99.9,100.1,99.8,100.4,99.1,99.7,100.3,101.5,101.3,101.1,102.2,101.1,100.7,101.4,100.6,99.6,102.5,101.2,99.2,95.0,94.7,,86.3,84.8,112.9,105.2,98.8,117.3,,,,,,,,106.6,99.2,100.3,,99.3,99.3,100.9,104.1,104.8,101.4,100.6,100.0,100.9,100.9,98.7,100.0,102.1,100.6,103.3,101.0,99.0,95.7,99.6,102.3,102.2,100.7,102.1,101.5,100.7,100.3,99.8,99.9,101.0,100.2,101.5,101.1,100.9,103.9,103.4,101.6,99.0,99.1,100.1,100.3,100.7
201002,100.0,99.8,101.0,102.1,102.1,102.2,102.0,101.2,100.5,101.0,101.0,99.7,100.6,100.0,100.4,102.2,100.6,100.9,100.3,99.7,101.9,98.9,99.4,98.1,99.7,95.2,101.9,,101.2,101.0,97.7,78.0,98.5,98.5,90.7,100.5,100.1,102.2,93.4,96.9,101.3,99.9,101.9,99.8,102.5,100.0,101.5,103.7,101.2,100.8,100.2,102.2,100.7,101.0,99.2,100.2,103.0,99.7,100.7,100.5,101.2,100.8,99.5,100.1,100.7,100.0,101.3,101.3,101.6,100.4,105.4,100.5,100.7,100.8,100.0,100.8,100.5,100.7,100.3,99.7,101.7,100.4,99.7,99.7,96.9,94.7,94.2,83.1,70.0,91.4,108.3,83.8,101.2,94.1,84.9,86.9,85.2,88.1,72.8,97.3,101.5,92.0,91.6,104.3,,103.1,100.1,113.3,129.6,93.5,128.0,105.1,104.9,108.6,112.7,119.9,100.8,100.3,102.1,99.4,100.4,99.8,100.6,100.1,101.4,101.6,100.4,102.1,100.6,100.2,99.9,100.6,100.0,102.2,100.1,101.6,95.5,95.3,,86.5,86.4,105.5,103.5,97.7,96.6,,,,,,,,103.0,101.5,96.7,,100.5,100.5,101.0,103.3,104.0,101.0,100.7,100.1,100.9,100.6,98.7,101.6,102.5,101.3,101.6,99.8,100.1,98.6,100.4,102.1,99.2,102.4,100.5,98.7,100.3,100.1,99.9,99.9,101.0,100.4,100.7,99.5,101.4,100.9,102.8,102.6,99.4,98.1,99.4,100.6,100.0
201003,100.3,99.9,100.9,101.8,101.8,101.9,101.8,100.4,100.2,100.2,100.6,99.7,100.7,99.9,100.6,102.1,100.7,100.9,100.3,101.4,100.4,101.8,100.1,99.7,98.7,112.1,104.0,111.7,102.3,98.7,116.0,76.8,95.5,96.7,99.5,100.2,100.3,98.9,85.5,95.4,100.5,99.4,100.9,99.0,100.4,100.2,101.6,102.8,100.9,101.3,99.6,101.2,100.3,102.0,99.9,100.0,100.5,100.1,100.6,100.4,100.4,100.9,99.6,100.7,100.6,100.4,101.3,100.3,102.5,100.1,107.6,100.3,100.7,100.4,100.0,100.5,101.0,100.2,100.9,100.8,102.0,100.6,99.0,99.0,97.1,95.2,90.6,75.9,84.6,88.7,95.9,89.0,100.4,90.9,87.3,89.8,90.0,89.7,74.5,95.5,104.3,95.8,91.5,103.9,,110.9,96.0,117.6,115.2,98.3,129.9,100.3,97.5,103.0,110.4,120.6,100.5,100.4,100.2,99.8,100.4,100.3,100.8,100.4,100.7,100.8,100.2,101.1,100.5,100.5,100.8,99.6,99.7,100.9,101.1,100.0,98.9,98.7,,89.9,99.7,100.1,100.2,95.9,92.8,,,,,,,,101.7,102.5,95.0,,102.4,102.4,101.0,103.3,103.9,100.7,100.8,100.0,100.4,100.6,99.2,98.8,100.6,101.5,100.9,100.8,99.0,100.4,100.8,98.9,101.3,103.3,101.7,100.4,100.3,100.2,99.7,99.8,101.0,100.5,100.9,100.0,100.9,101.5,98.4,101.0,99.0,99.1,100.8,100.7,100.5
201004,100.4,100.6,100.9,101.9,101.9,102.2,101.7,101.3,100.2,100.3,100.4,100.0,100.5,100.0,100.1,101.8,100.6,100.9,101.1,100.6,101.0,100.4,100.4,100.5,100.1,107.5,103.3,107.6,99.4,103.1,96.5,75.8,96.5,96.8,108.1,101.0,99.2,97.9,,100.2,100.2,99.9,100.9,98.9,98.5,100.1,100.8,102.4,100.3,99.9,99.8,101.0,99.7,100.0,99.0,99.9,100.5,99.0,99.7,99.8,99.9,99.6,99.7,99.6,100.0,100.2,99.3,100.0,98.6,99.6,108.5,99.7,100.3,100.2,100.0,100.3,100.4,100.7,100.6,100.1,99.7,100.2,97.3,97.3,105.5,108.3,145.2,106.9,147.0,92.8,119.2,137.0,101.7,106.9,92.1,101.0,97.0,118.3,94.7,101.2,104.2,103.0,94.5,103.7,,106.0,94.9,107.1,124.0,114.3,125.0,98.6,92.4,92.7,99.6,111.9,100.4,100.2,100.9,100.6,100.0,99.5,101.2,99.6,100.5,100.5,100.1,100.7,100.6,100.6,101.6,100.4,101.3,100.0,100.0,100.8,96.0,95.8,,98.6,,97.3,96.3,98.5,,,,,,,,,90.9,101.7,96.8,,100.4,100.4,100.4,102.2,102.8,100.3,100.2,100.0,100.5,100.9,99.3,99.7,100.5,103.6,99.5,99.0,99.4,101.0,99.6,100.8,99.5,101.0,99.6,99.3,100.6,99.9,99.9,99.8,100.2,100.4,100.3,99.8,100.7,100.6,101.2,101.5,100.6,100.8,101.6,100.4,100.1
201005,100.3,100.3,100.8,101.8,101.8,101.6,102.0,101.0,99.9,99.5,100.2,99.9,100.4,100.3,99.8,100.9,100.2,101.0,97.8,102.1,100.5,102.7,100.5,100.7,98.7,100.8,101.5,107.3,94.8,102.3,99.4,76.4,97.7,99.1,114.4,99.7,100.6,98.0,,99.5,99.9,99.4,101.1,99.4,98.0,99.6,100.2,99.8,100.2,100.2,100.0,100.4,100.4,100.1,99.8,100.2,101.5,99.9,99.6,99.7,99.1,99.0,99.3,99.9,100.9,99.8,99.2,100.5,98.1,99.3,98.9,99.7,100.1,100.1,100.0,100.1,100.0,100.2,99.9,100.7,99.7,100.8,98.5,98.5,100.9,101.4,106.8,95.9,136.3,98.6,98.3,109.7,100.7,112.0,106.5,113.4,129.0,105.0,103.2,100.6,101.1,112.0,97.8,100.3,,98.9,99.8,85.4,106.9,95.4,110.2,99.1,103.3,98.5,95.8,104.6,100.1,100.1,101.9,101.1,99.9,99.1,100.4,100.4,100.1,100.5,100.1,99.5,100.1,100.2,100.6,99.1,99.8,100.7,99.9,98.6,102.9,103.0,,113.0,,97.0,97.3,99.4,,,,,,,122.7,122.8,92.5,101.0,99.9,,100.7,100.7,100.5,100.7,101.1,99.6,100.4,100.1,100.0,99.7,99.8,100.2,100.4,101.7,99.2,100.9,98.9,101.3,99.7,100.0,100.0,102.1,98.5,103.6,99.8,99.8,99.8,99.7,100.5,100.0,99.9,98.5,100.5,98.8,98.3,100.0,99.8,100.6,100.2,100.1,100.5
201006,100.1,100.1,100.7,101.4,101.5,101.5,101.5,101.1,100.2,100.2,99.8,100.6,100.0,99.8,100.1,99.9,99.9,100.2,98.7,101.5,100.5,101.9,100.2,100.4,99.6,97.8,96.7,105.3,93.1,100.5,104.9,77.3,99.0,102.3,108.8,99.0,100.1,99.2,,98.8,100.5,101.2,100.5,101.1,99.0,99.6,99.9,100.0,99.5,99.5,100.1,99.2,99.8,100.5,99.1,99.9,100.5,99.8,99.8,99.7,99.5,100.5,99.9,99.6,99.8,99.7,100.3,99.8,100.9,100.1,93.5,99.4,99.8,99.9,100.0,99.9,99.6,100.4,99.5,99.8,99.7,99.8,98.1,98.1,97.3,95.6,88.9,92.4,119.3,104.9,76.2,98.9,99.4,99.4,114.5,114.2,170.9,98.7,101.0,103.7,89.9,168.8,99.8,98.9,144.9,85.0,111.6,86.6,94.9,85.7,86.5,95.7,92.9,87.9,85.1,99.4,100.2,100.2,101.9,100.6,99.8,99.8,100.4,100.7,100.5,100.5,100.1,100.7,100.0,100.2,99.5,100.1,101.0,99.4,100.1,100.6,109.3,109.8,,123.0,,97.0,100.8,98.5,,,133.2,,,,106.6,108.3,,101.1,102.8,119.0,100.6,100.6,100.7,99.2,99.2,99.3,100.8,99.8,101.0,100.0,100.9,99.5,99.5,97.7,100.7,100.5,101.3,101.0,102.2,100.3,100.4,102.5,98.4,99.6,100.1,100.1,100.0,100.2,100.9,100.3,100.2,98.7,100.0,98.0,101.6,99.8,100.5,101.3,100.5,100.5,99.8
201007,99.5,99.2,100.3,100.6,100.6,100.4,100.8,100.6,99.9,99.3,99.9,100.2,100.2,100.4,99.6,99.4,100.2,100.6,101.1,101.3,99.8,101.8,100.0,100.2,99.6,97.5,92.9,96.4,103.0,100.4,97.5,99.0,101.8,104.3,106.1,98.3,99.8,100.5,,98.9,100.1,99.7,99.6,100.5,99.9,100.1,100.1,101.5,99.8,99.5,100.4,99.8,99.5,100.0,100.6,99.7,97.7,100.1,100.2,100.1,99.5,102.1,100.6,99.6,100.4,100.3,100.3,99.8,100.7,100.4,99.6,99.6,99.7,99.9,100.0,99.9,99.4,99.8,99.2,99.9,99.3,99.9,99.3,99.3,95.1,92.4,87.1,125.4,105.8,104.3,65.6,92.9,98.9,96.1,138.0,109.4,157.4,99.5,113.4,104.3,87.4,201.9,99.3,98.5,91.3,82.1,120.2,86.6,95.0,80.6,87.3,95.0,87.3,83.4,82.3,82.9,99.9,100.2,99.7,100.8,99.9,100.3,100.6,100.5,99.4,99.8,100.1,98.2,100.0,100.1,100.2,100.5,100.3,99.7,99.6,99.3,95.4,95.1,,133.0,,98.2,101.7,100.4,,,108.5,136.0,,101.0,93.0,86.5,,101.5,102.3,58.9,100.4,100.4,100.0,99.4,99.5,99.0,100.1,100.1,99.7,99.9,100.9,100.2,100.2,98.7,99.8,100.5,100.4,99.3,101.8,101.2,100.8,98.2,100.6,101.2,99.7,99.9,100.0,99.9,99.6,99.8,98.9,100.3,99.0,97.8,99.0,99.4,100.1,100.4,100.2,99.6,99.9
201008,99.7,99.6,100.0,100.2,100.2,100.0,100.3,100.1,100.0,100.0,99.8,100.1,99.8,100.1,99.2,99.7,100.0,99.9,101.1,100.6,98.9,101.3,100.6,101.2,100.6,102.7,95.5,85.2,109.8,99.8,97.1,128.5,103.4,104.9,97.7,97.8,99.7,102.0,,100.1,99.8,100.5,100.0,100.7,98.9,99.7,99.3,98.2,99.8,100.2,100.1,99.3,99.3,99.3,100.4,98.9,98.0,99.9,99.9,99.9,99.8,100.5,100.6,99.4,99.7,100.4,99.7,99.2,99.9,100.4,94.0,99.0,99.4,99.7,100.0,99.6,99.2,99.8,99.1,99.4,98.5,99.8,97.6,97.6,98.2,97.6,91.8,150.3,122.3,110.6,106.4,111.6,98.7,89.5,142.6,107.6,131.9,109.4,131.5,103.9,91.1,148.3,102.8,96.8,80.6,96.4,107.3,87.5,85.4,91.9,83.8,95.7,87.6,83.8,79.5,83.0,99.5,99.8,99.8,98.9,99.4,100.6,99.9,99.5,99.2,99.5,99.3,98.7,99.5,100.0,99.4,99.9,100.7,98.4,99.8,100.5,98.9,98.9,116.5,,,98.1,102.4,101.8,,111.6,85.4,108.5,,96.3,92.9,82.4,,100.0,101.6,,99.2,99.2,99.3,97.4,96.8,99.8,99.5,100.1,100.1,100.1,100.7,99.7,99.2,98.8,99.3,100.9,100.8,99.3,100.7,99.0,98.4,97.6,100.3,98.7,99.5,99.8,100.0,99.3,99.4,99.7,98.8,100.7,99.3,97.9,99.6,99.0,100.4,101.2,97.9,99.9,100.2
201009,99.9,100.5,99.9,100.0,100.0,99.7,100.2,99.7,99.7,99.6,99.5,99.9,99.8,100.2,100.0,100.1,99.1,100.0,101.1,101.4,99.3,102.2,100.8,101.7,100.0,97.8,106.3,91.9,99.5,99.1,98.6,117.1,104.0,100.8,102.9,98.4,99.1,99.7,,101.6,99.7,100.0,99.1,100.5,100.7,100.1,99.8,98.6,99.3,99.6,100.3,98.6,99.6,98.3,100.9,99.6,98.3,101.2,99.7,99.7,99.1,99.8,100.1,100.3,99.2,99.8,100.0,99.5,100.4,99.9,95.4,100.3,100.0,99.7,100.0,99.7,100.2,99.0,100.4,99.7,100.4,100.1,101.6,101.6,103.7,105.9,83.3,168.8,144.2,115.4,105.3,118.3,99.6,102.2,105.8,100.4,105.4,116.0,126.7,103.8,92.5,100.7,106.6,97.6,103.3,116.5,89.6,105.1,94.4,124.1,86.6,99.2,88.7,93.5,127.4,88.2,99.7,99.9,98.6,99.5,100.1,100.4,99.7,100.3,99.6,99.1,100.7,99.5,99.6,99.7,99.4,99.6,100.0,99.8,99.5,100.0,102.7,102.8,102.1,,208.4,102.9,106.0,103.2,,99.0,89.2,92.5,,109.2,,,,99.2,100.0,,99.5,99.5,99.5,98.1,97.7,99.4,99.7,100.2,99.2,100.4,100.7,100.4,99.2,99.1,99.3,100.3,99.5,101.8,98.3,100.1,100.9,97.9,100.4,101.1,99.6,100.1,100.1,99.9,99.2,99.7,99.1,99.1,99.5,98.3,99.3,99.4,101.0,99.5,100.3,99.2,100.0
201010,100.2,100.6,98.8,97.5,97.4,97.4,97.4,100.1,99.5,99.6,99.3,99.5,99.6,99.6,100.1,97.9,99.7,99.5,100.1,99.1,98.5,99.3,98.7,98.3,100.2,90.2,100.7,91.8,98.5,96.6,96.9,94.4,103.0,100.1,95.5,101.0,99.3,101.1,111.2,100.9,99.1,100.5,98.1,100.5,99.3,100.2,98.6,97.1,99.3,99.7,99.8,98.7,99.5,98.0,100.1,100.2,98.8,100.4,99.6,99.5,99.3,98.3,100.2,100.1,99.0,99.7,99.6,98.6,100.3,99.8,96.4,100.4,99.6,99.4,100.0,99.4,99.8,100.0,99.5,99.4,101.4,99.5,103.3,103.3,107.4,111.7,97.3,131.7,133.1,119.2,141.0,114.0,98.7,100.8,95.0,99.2,97.3,111.6,114.8,101.7,102.9,95.0,109.1,99.0,,119.2,87.9,106.7,96.5,140.6,100.7,103.4,103.8,107.9,110.6,86.4,99.7,99.9,98.9,99.9,100.1,100.4,99.5,99.5,99.7,99.4,99.5,100.3,99.5,99.3,99.1,100.1,100.9,99.4,99.6,96.8,102.6,102.8,93.8,,116.9,111.5,109.5,103.3,,90.2,,99.6,105.5,,,,,97.8,101.1,,99.6,99.6,98.9,97.6,97.0,99.7,99.1,99.9,98.6,99.7,100.6,100.4,98.0,98.5,98.9,99.2,100.5,101.6,98.9,97.3,99.5,97.5,99.2,99.5,99.8,100.0,100.2,100.7,99.0,99.0,99.9,99.6,99.6,99.7,98.9,98.6,101.2,100.3,100.4,100.1,99.8
201011,99.9,100.2,98.2,95.8,95.6,95.9,95.4,99.3,99.7,99.6,99.4,100.0,99.4,100.2,99.6,97.4,100.2,98.0,98.8,98.3,98.3,98.3,99.1,99.1,99.8,100.2,99.2,,98.0,97.4,102.8,90.7,103.3,98.6,96.3,100.8,98.6,100.9,104.9,104.1,98.7,100.1,97.3,100.2,100.7,100.4,97.5,96.4,98.8,98.8,99.4,98.4,99.4,99.0,99.7,100.5,98.5,100.4,99.6,99.7,99.7,98.2,100.3,100.1,99.2,99.9,99.5,99.2,99.5,100.0,95.7,100.0,99.3,99.4,100.0,99.4,99.2,100.0,99.2,99.9,98.3,99.5,102.5,102.5,104.2,107.0,134.1,98.8,109.6,106.1,102.6,106.4,99.0,95.9,97.5,99.8,93.9,116.8,114.8,99.4,108.0,86.9,108.4,99.6,,87.0,90.2,126.7,102.0,121.5,92.1,98.0,105.2,107.1,143.2,94.6,99.2,99.6,98.8,99.7,99.9,100.0,99.1,100.0,98.8,98.7,99.3,98.6,99.4,99.2,98.7,100.3,99.9,99.0,99.4,101.4,100.3,100.3,,110.0,98.7,117.1,108.7,106.4,,,,,92.6,,,,,94.7,100.6,,99.4,99.4,99.2,97.1,96.1,100.7,99.4,99.9,99.7,98.5,100.5,99.5,99.0,100.6,99.6,99.1,100.2,100.7,98.9,99.3,99.2,99.5,99.9,98.1,100.1,100.0,100.3,100.4,98.7,99.8,100.0,101.7,99.3,101.0,98.8,98.9,100.1,100.9,100.6,99.1,99.1
201012,99.6,99.3,97.3,94.8,94.7,94.9,94.6,95.6,99.2,99.3,98.8,99.6,98.8,99.9,99.5,95.6,99.0,98.2,99.3,95.1,98.0,94.0,99.8,100.2,99.9,94.4,98.4,,100.2,103.0,97.1,90.4,103.5,101.3,89.8,102.4,101.1,100.5,103.4,103.4,98.9,100.2,97.7,99.8,100.7,99.5,98.2,97.0,99.0,99.0,99.4,98.7,99.7,98.9,100.3,99.9,99.1,99.3,99.8,100.0,100.2,99.4,99.8,100.2,100.0,99.6,98.9,99.1,98.5,99.4,95.7,101.0,98.9,99.1,100.0,99.0,98.8,98.8,99.0,99.5,97.6,98.9,108.7,108.7,96.3,94.8,97.0,79.4,80.8,90.5,82.0,81.2,99.4,101.0,102.7,100.6,95.7,73.6,95.9,97.8,117.6,87.8,102.8,99.6,,86.6,97.2,108.2,112.6,98.5,86.5,95.5,105.5,107.5,110.6,130.0,98.9,99.4,97.2,99.9,99.8,100.8,98.0,98.7,98.6,98.3,99.3,98.4,99.0,99.2,99.5,99.3,97.0,98.0,99.8,101.1,102.7,102.9,,99.4,100.7,117.1,108.3,104.9,,,,,109.3,,,,130.0,94.3,102.6,,98.0,98.0,98.6,97.5,97.0,99.3,98.7,99.6,98.8,98.6,100.0,100.0,98.8,97.9,98.1,98.1,100.8,99.3,99.2,98.7,98.6,97.3,98.6,98.3,99.5,99.8,100.3,100.5,99.3,100.3,99.7,101.1,99.0,101.4,98.6,98.1,98.7,98.6,98.0,99.6,99.3
201101,99.5,100.0,97.2,94.4,94.3,94.3,94.3,96.0,99.2,99.5,98.2,99.9,99.2,99.9,99.3,95.6,99.9,98.8,98.6,94.7,98.1,93.4,100.7,101.7,101.3,106.4,107.1,,104.3,102.8,114.0,89.1,106.1,101.3,90.2,103.5,100.7,101.4,101.5,105.3,99.1,101.0,97.8,99.9,99.9,99.9,97.8,97.5,98.7,99.3,99.3,97.9,100.3,99.4,100.3,100.3,100.6,100.7,100.2,100.4,101.0,99.0,100.1,100.2,100.8,99.4,99.4,98.9,99.7,99.6,95.7,99.7,99.2,99.2,100.1,99.2,99.1,98.7,99.3,99.5,98.5,99.0,101.9,101.9,99.3,99.4,94.0,91.1,76.4,95.9,97.4,97.6,98.7,111.2,106.9,101.2,103.4,72.9,94.7,100.4,122.8,95.0,99.4,99.3,,111.5,97.7,122.6,119.9,98.5,95.1,103.5,103.6,103.7,123.4,134.4,99.1,99.8,97.0,100.3,100.1,101.1,99.2,99.5,98.8,98.6,99.4,98.6,98.9,99.0,99.6,100.1,98.0,97.0,99.3,100.8,111.8,112.5,,102.2,115.9,114.7,109.3,106.0,134.3,,,,,,,,120.4,97.0,107.2,,98.0,98.0,98.4,97.3,96.8,99.3,98.5,99.7,98.5,99.6,101.0,100.2,98.6,97.2,98.6,99.7,98.2,101.6,98.6,96.6,100.1,95.5,98.8,97.0,99.8,100.2,100.4,100.5,99.0,100.1,99.3,101.4,99.0,100.9,99.9,98.3,98.2,98.2,99.9,98.7,99.3
201102,99.5,100.1,97.1,94.2,94.1,94.5,93.7,97.0,98.8,99.5,97.5,99.6,99.2,99.9,99.1,96.3,100.5,98.0,98.6,95.3,97.7,94.4,98.7,98.3,98.6,96.1,94.9,,95.4,102.3,106.8,87.3,105.0,101.2,82.0,102.3,99.1,98.8,96.8,104.6,98.9,99.9,97.7,100.4,97.6,100.0,97.9,99.5,98.5,99.0,98.6,98.0,100.2,99.3,100.4,100.7,99.9,100.7,99.9,100.1,99.8,98.6,100.2,99.7,101.2,99.7,99.2,98.9,99.5,99.2,95.7,100.2,99.1,99.1,100.1,99.0,99.1,99.3,99.0,99.3,100.3,98.2,104.4,104.4,101.4,102.6,118.9,95.4,85.6,97.5,134.1,104.5,98.9,89.0,103.0,99.7,107.9,90.0,95.9,101.0,122.0,94.9,96.2,100.8,,110.1,94.2,115.5,119.3,90.2,117.9,102.5,99.0,99.2,151.0,148.5,99.3,99.7,98.8,100.5,99.6,100.6,98.9,99.2,99.0,98.6,99.4,99.5,99.2,99.1,99.1,100.0,98.2,98.8,99.5,100.7,110.9,111.6,,99.6,127.6,111.6,109.3,103.2,122.0,,,,,,,,111.3,97.8,108.2,,98.6,98.6,99.0,98.0,97.6,99.2,99.1,99.6,98.8,99.5,101.8,99.6,97.9,96.5,98.7,99.7,101.5,101.6,98.5,97.1,99.9,97.7,100.5,96.8,99.7,99.9,100.4,100.5,99.1,100.5,99.8,100.9,98.8,101.6,99.3,99.7,98.8,97.2,98.9,99.0,99.4
201103,99.8,99.8,97.1,93.9,93.8,94.4,93.3,96.7,99.1,99.3,98.2,99.7,98.6,99.9,99.2,96.2,98.6,97.9,98.6,98.0,98.8,97.7,99.8,100.4,98.7,104.8,105.8,104.3,98.2,102.2,110.6,87.6,104.4,100.6,94.6,102.6,99.1,98.7,92.4,108.4,98.9,99.7,96.9,100.4,99.8,100.8,97.0,99.3,98.0,97.8,98.2,98.1,100.1,98.4,101.4,100.2,99.1,100.8,100.0,100.2,100.4,100.2,99.8,99.7,100.9,99.4,99.5,98.7,100.0,99.5,97.7,100.3,99.1,99.0,100.1,98.9,99.3,99.1,99.0,100.2,100.5,99.1,104.7,104.7,98.7,98.4,107.9,74.9,110.7,94.0,92.3,79.4,99.0,88.3,105.9,103.9,113.0,94.5,102.3,103.2,122.9,95.4,97.3,100.6,,108.6,90.8,101.0,117.2,92.9,113.4,98.9,94.1,93.2,210.9,174.0,99.4,99.5,97.4,99.7,99.2,100.9,99.1,99.7,99.3,98.9,99.7,99.7,99.4,98.6,99.5,99.7,101.0,98.7,99.4,101.3,107.5,108.0,,99.5,139.3,103.5,106.5,100.3,136.4,,,,,,,,104.7,99.0,108.6,,98.1,98.1,99.3,98.7,98.5,99.2,99.4,99.7,98.0,99.2,102.5,99.7,99.6,100.9,98.3,99.5,97.6,102.3,98.9,98.1,100.7,99.4,99.3,97.8,99.7,100.0,100.4,100.5,99.1,100.6,99.4,100.3,98.7,100.2,96.7,99.5,98.7,98.6,100.0,99.1,100.3
201104,99.9,99.9,97.9,94.2,94.1,95.0,93.4,97.0,99.8,100.1,99.3,100.2,99.5,99.3,100.7,96.1,100.1,99.1,98.6,101.5,98.9,102.6,100.2,100.5,99.5,91.3,102.0,105.7,92.2,102.1,105.7,88.0,103.4,96.4,111.4,105.0,99.3,96.0,,107.3,99.2,101.9,95.9,100.2,99.0,101.4,97.9,101.1,98.5,98.8,98.0,98.5,101.6,97.2,104.0,100.6,101.0,100.5,100.4,100.7,101.3,99.3,100.2,100.1,101.3,99.4,99.6,98.3,100.2,100.7,95.7,103.4,100.8,100.2,100.1,100.2,101.5,99.7,102.4,99.6,101.7,99.2,113.0,113.0,97.8,96.7,97.1,81.2,130.8,75.8,76.7,100.0,99.0,105.1,117.0,122.4,119.1,93.0,128.5,117.9,118.6,93.9,95.1,100.4,,93.8,86.9,77.8,95.8,91.3,88.8,95.3,89.3,87.2,90.4,166.8,99.9,99.9,98.1,101.0,99.3,101.8,99.2,99.4,100.1,98.1,99.7,104.0,99.8,99.1,99.0,100.7,100.4,100.0,99.6,102.0,97.4,97.2,,98.4,,99.3,104.1,101.3,,,,,,,,,91.1,100.5,114.1,,101.4,101.4,100.9,101.3,101.5,100.3,100.8,99.9,99.3,101.0,103.0,99.6,99.5,102.1,98.5,100.7,100.5,102.0,99.8,102.7,101.6,100.9,101.1,101.7,100.5,100.2,100.6,101.3,98.8,100.7,99.6,103.1,100.0,101.0,100.0,100.9,99.9,99.6,100.6,99.1,100.3
201105,99.9,99.2,97.6,94.1,93.9,95.2,93.0,96.9,99.3,100.0,98.4,99.8,99.2,100.0,99.9,97.1,100.0,97.7,98.6,101.5,99.3,102.3,99.8,100.2,97.7,90.3,95.4,97.9,93.3,102.8,97.3,89.2,101.1,98.2,118.6,108.1,99.8,96.5,,110.1,98.8,100.7,95.7,100.5,98.9,101.1,97.2,100.4,97.9,99.0,96.4,97.8,101.4,97.9,104.6,100.2,99.0,102.0,100.0,100.2,100.1,100.5,100.2,99.6,101.0,99.1,99.2,98.5,99.4,100.1,95.7,102.4,99.9,99.9,100.1,99.9,100.0,98.7,100.1,100.7,100.7,98.6,111.5,111.5,92.8,89.1,72.7,78.5,93.8,81.1,61.4,95.7,99.5,113.0,114.3,125.1,147.6,77.0,115.6,119.2,100.0,97.3,93.6,100.8,,84.3,91.5,75.8,89.0,79.2,72.0,92.5,87.9,84.7,84.9,131.3,99.6,100.5,97.6,101.5,99.4,104.2,99.0,100.7,99.2,98.2,99.8,100.6,99.4,99.1,99.7,98.4,99.6,99.5,99.8,102.3,101.2,101.2,,106.5,,96.6,101.1,101.7,,,,,,,114.7,109.0,94.4,99.0,104.4,,102.4,102.4,100.1,100.6,101.0,99.4,100.1,99.8,98.4,100.0,103.3,100.1,99.5,101.0,97.8,99.8,98.9,100.9,100.4,102.7,101.8,99.0,99.1,100.2,99.8,100.5,100.4,100.1,99.1,100.5,99.6,102.8,99.5,98.5,99.0,99.8,99.7,99.2,99.0,98.7,100.1
201106,99.7,99.3,97.6,94.3,94.1,95.5,93.1,97.4,99.6,99.5,99.6,99.6,99.0,99.8,99.8,96.5,99.1,98.4,97.2,100.3,98.0,101.1,100.0,100.3,97.1,93.8,89.7,98.0,93.8,104.9,94.3,89.8,105.3,96.0,116.3,106.9,97.3,95.5,,114.6,98.9,101.8,94.5,100.9,99.4,101.5,97.6,100.8,98.2,98.9,96.5,98.5,102.5,98.4,104.7,99.4,102.7,102.7,100.0,100.3,100.1,100.9,100.6,99.8,100.5,99.0,99.1,97.8,99.8,99.8,94.4,100.3,99.2,99.4,100.1,99.4,99.0,98.3,99.5,99.5,98.4,97.4,104.3,104.3,95.7,93.5,60.9,97.5,102.2,92.3,69.2,98.8,98.9,104.3,123.2,122.0,213.3,89.6,99.2,118.5,81.5,156.3,91.6,99.6,126.6,86.8,103.7,97.8,106.4,83.3,94.6,93.8,85.9,82.5,143.4,122.7,99.8,101.1,98.5,100.8,99.1,107.2,99.2,100.7,99.2,97.8,100.3,100.6,99.5,99.0,99.0,99.2,100.8,100.3,98.5,102.7,101.0,100.9,,110.9,,97.0,101.6,101.1,,,132.8,,,,98.7,89.9,,97.5,103.1,103.3,103.0,103.0,99.7,101.0,101.7,98.7,99.6,99.6,98.3,99.9,103.4,99.2,97.5,98.1,98.0,98.9,101.7,101.4,99.7,101.2,100.3,97.5,100.3,101.4,99.4,100.4,100.4,99.6,99.0,100.5,99.3,101.4,100.0,97.4,96.8,99.1,99.4,98.9,99.1,99.2,99.9
201107,99.7,99.5,97.9,94.1,94.0,95.4,93.0,96.6,100.5,101.5,100.5,99.6,99.0,100.4,100.1,99.8,98.8,97.2,98.6,100.2,99.4,100.5,100.8,101.7,97.6,102.7,87.5,94.6,100.6,104.1,98.3,135.2,104.3,98.5,106.3,109.2,97.5,97.6,,120.2,100.0,102.8,95.8,102.9,100.3,101.4,96.8,102.4,96.3,98.5,96.1,94.5,101.6,98.2,104.4,98.8,100.7,101.7,99.7,100.1,99.9,101.4,100.7,99.0,100.7,99.0,98.2,97.4,98.6,99.2,94.8,99.5,99.0,99.1,100.1,99.0,98.8,98.3,98.7,101.0,99.0,98.6,101.5,101.5,96.8,95.1,96.5,120.5,102.6,98.1,62.6,103.4,97.9,108.6,135.6,105.7,180.6,99.4,100.5,116.1,78.8,208.2,90.6,99.4,96.0,91.3,113.1,95.2,105.2,89.4,95.1,92.1,86.3,78.7,123.6,138.0,99.9,101.6,97.8,101.4,99.9,108.6,98.9,100.8,99.5,98.5,100.4,100.5,99.2,98.7,98.9,99.2,100.4,99.4,98.9,102.3,100.1,100.0,,115.6,,99.4,101.1,103.1,,,115.5,154.9,,110.2,108.9,92.9,,95.6,104.4,58.2,103.4,103.4,99.1,100.5,101.3,97.7,99.0,99.4,98.3,99.3,103.2,99.4,97.9,98.2,99.4,98.3,99.4,98.2,100.0,100.2,99.0,97.4,98.7,96.9,99.4,100.4,100.5,99.6,99.0,100.4,98.7,101.4,99.8,97.3,97.5,98.5,98.8,100.4,98.4,98.6,99.7
201108,99.9,99.4,98.4,94.7,94.7,95.9,93.8,95.8,101.1,102.9,100.7,99.9,99.2,100.4,100.7,99.3,99.0,97.6,99.5,100.8,99.5,101.3,101.9,103.5,99.5,101.1,83.7,99.5,104.6,103.0,93.7,150.5,103.7,98.3,93.7,111.1,99.6,99.2,,122.4,100.6,104.0,95.7,105.4,99.2,101.7,96.5,102.7,96.7,99.0,96.3,94.9,101.4,97.2,104.8,99.1,99.8,102.3,99.6,100.0,99.3,101.4,100.8,99.2,100.3,98.7,98.2,97.6,98.5,99.0,91.0,99.2,99.1,99.5,100.1,99.4,98.6,98.6,98.4,101.1,98.4,98.3,99.6,99.6,95.6,93.3,70.8,128.1,97.6,98.8,72.0,94.3,95.6,95.4,129.7,94.8,138.0,93.2,104.1,112.9,79.7,147.3,93.2,100.0,92.9,97.2,112.6,90.8,93.7,96.2,84.9,94.2,86.6,79.4,109.9,101.6,99.7,101.6,96.8,101.4,99.5,110.1,98.8,100.2,98.9,98.0,99.5,99.9,99.3,98.5,98.9,99.3,100.9,99.0,99.1,103.8,101.3,101.3,108.0,,,99.8,102.6,102.9,,115.8,88.1,111.7,,96.6,98.9,89.2,,96.4,105.0,,102.0,102.0,98.9,100.7,101.1,98.8,98.6,99.3,97.7,99.5,103.2,98.8,96.3,98.0,98.2,99.2,101.7,100.2,100.6,98.7,97.5,95.3,98.7,98.5,99.2,101.2,100.6,99.6,98.6,100.4,98.8,101.3,99.2,97.7,96.9,98.3,99.5,99.9,97.1,98.4,99.9
201109,99.9,99.6,98.8,95.9,95.8,95.9,95.8,96.4,101.0,102.3,101.1,99.8,99.4,100.1,101.4,102.4,98.7,97.3,99.5,100.8,101.5,100.5,101.9,103.2,99.8,101.8,88.8,92.6,98.2,104.3,101.7,118.1,104.4,94.9,101.6,115.6,99.9,99.2,,124.2,101.1,103.8,96.7,105.0,100.1,101.5,96.8,104.3,96.1,98.3,95.9,94.4,102.4,98.2,103.6,99.7,103.9,103.4,99.9,100.2,100.2,99.2,100.9,99.9,100.3,98.4,98.6,97.6,99.1,99.4,94.8,99.4,98.9,99.3,100.2,99.3,98.4,98.4,98.1,101.5,99.5,97.7,101.1,101.1,100.8,101.4,77.4,156.4,125.3,96.3,163.8,118.5,96.0,101.3,100.5,91.1,109.6,110.0,97.5,112.5,84.3,104.9,93.9,99.4,88.7,102.1,96.9,107.6,95.4,102.0,78.7,99.9,87.7,88.2,102.2,92.8,99.8,102.0,96.3,101.1,99.6,111.1,98.7,104.5,99.0,97.9,99.9,99.9,99.1,98.5,98.9,99.4,100.2,98.4,99.2,102.7,89.4,88.8,84.9,,139.1,98.0,103.8,104.5,,76.2,85.8,89.1,,95.0,,,,95.2,103.0,,101.5,101.5,99.3,100.2,100.6,98.7,99.2,99.3,97.6,99.6,103.4,98.9,97.5,101.1,97.4,99.3,99.3,100.8,98.8,99.8,100.9,97.6,97.9,100.1,99.2,101.6,100.5,99.7,98.5,100.5,100.1,101.5,99.3,97.4,96.7,94.5,99.1,99.8,99.0,97.6,99.6
201110,100.0,100.4,100.2,99.6,99.7,100.5,99.2,97.6,101.1,101.9,101.0,100.7,99.6,100.7,101.2,102.4,99.0,97.5,99.6,101.0,102.4,100.4,100.2,100.1,99.4,94.1,82.6,96.9,99.8,102.6,100.3,91.5,103.9,94.2,99.7,118.4,99.7,98.7,114.0,125.5,101.1,104.0,97.0,103.9,99.8,101.1,97.3,105.2,96.4,97.8,95.8,95.6,102.2,97.4,103.9,99.9,103.1,103.3,99.7,100.1,100.3,101.9,99.9,99.1,100.6,98.7,98.3,97.3,98.8,98.9,94.8,99.7,99.2,99.4,100.2,99.4,99.0,98.3,98.5,102.7,100.5,98.5,101.4,101.4,107.1,111.2,96.4,140.7,170.3,99.5,120.8,123.7,95.5,107.1,90.6,89.8,102.4,130.7,105.7,107.2,90.7,97.1,95.0,99.3,,115.2,91.4,114.1,123.3,138.8,91.8,102.8,96.2,101.5,132.7,87.3,99.8,102.4,98.3,101.1,99.5,111.6,99.0,105.8,98.8,97.8,99.9,99.6,99.1,98.6,98.5,99.7,100.5,99.2,98.8,98.5,92.7,92.2,85.1,,101.1,97.2,104.4,105.0,,76.5,,94.4,89.0,,,,,96.3,102.8,,102.1,102.1,98.9,100.3,101.0,97.7,98.7,99.4,97.9,99.4,102.9,98.4,96.6,96.2,97.6,98.4,100.6,98.0,99.5,101.0,97.9,97.9,96.2,97.0,99.3,101.0,101.0,99.4,99.0,99.7,100.7,100.3,99.4,99.7,97.3,94.9,99.5,98.6,99.3,98.0,99.5
201111,99.4,99.0,100.7,101.3,101.5,101.9,101.2,97.9,101.1,102.3,101.1,100.1,99.7,100.4,101.0,101.5,100.4,97.0,105.2,99.4,101.8,98.5,99.9,99.8,98.9,90.5,87.3,,95.2,102.1,101.8,86.8,103.4,95.8,88.5,121.2,99.5,98.8,119.0,123.5,101.1,103.0,96.1,104.6,99.4,101.0,96.9,108.3,95.8,97.6,94.8,94.9,102.6,98.3,104.8,99.8,102.6,104.0,99.5,99.8,100.1,102.2,99.5,98.8,100.1,98.3,98.2,97.5,98.7,98.6,91.5,99.4,98.9,99.3,100.2,99.2,98.5,97.7,97.8,103.3,99.8,98.4,101.4,101.4,93.6,90.3,75.7,81.2,82.7,73.5,74.8,90.1,95.4,100.0,89.5,87.9,95.2,83.6,96.3,103.3,88.8,89.4,93.8,98.6,,89.7,89.3,109.1,97.5,107.9,80.5,94.0,97.6,99.7,123.6,94.0,99.6,102.1,97.0,100.9,99.1,111.4,99.1,107.3,98.6,97.7,99.0,99.9,98.9,97.1,99.1,99.8,100.2,99.0,98.7,98.1,95.1,94.8,,115.3,87.5,97.6,103.7,104.8,,,,,79.0,,,,,94.6,99.0,,102.2,102.2,98.5,99.8,100.5,97.1,98.4,99.5,95.8,99.3,103.1,98.3,97.4,97.5,97.3,97.8,99.4,97.5,98.3,103.0,98.1,97.0,97.0,96.9,99.1,101.1,100.6,99.6,98.8,99.7,101.8,99.5,99.4,99.9,96.8,94.1,98.1,98.6,99.0,97.9,99.4
201112,99.4,99.2,100.7,101.3,101.6,101.8,101.4,95.6,101.4,102.2,100.9,101.2,99.3,100.1,100.9,102.7,99.3,96.6,103.1,98.5,101.7,97.2,101.1,101.7,99.0,92.5,91.6,,97.6,105.1,94.8,89.0,103.4,95.7,89.5,124.6,102.4,99.1,116.8,118.5,101.5,104.5,95.2,104.9,98.5,99.7,97.2,112.3,95.8,97.5,94.7,95.1,102.5,98.1,104.9,100.3,101.9,104.0,99.6,100.0,99.4,102.2,100.5,99.2,100.4,98.4,98.0,97.5,98.2,98.4,94.8,99.2,98.4,99.2,100.3,99.1,97.5,97.3,97.1,103.5,96.3,98.0,102.3,102.3,93.6,90.6,71.1,79.6,66.0,73.9,88.0,83.9,96.8,104.2,92.3,85.8,92.5,70.4,86.3,104.1,89.8,90.4,94.8,98.2,,99.6,95.5,140.1,117.2,110.0,91.0,96.8,106.6,99.0,147.4,96.3,99.1,102.1,95.5,100.5,99.5,111.3,99.4,107.2,98.0,97.3,98.7,98.5,98.2,96.8,99.1,99.2,98.1,97.3,99.1,96.7,99.1,98.9,,108.6,90.8,108.3,107.0,98.4,,,,,101.7,,,,123.6,94.4,100.8,,103.6,103.6,98.2,99.1,99.7,97.0,98.1,99.4,95.2,98.0,102.9,97.9,96.1,97.7,97.0,98.7,100.2,97.6,98.4,101.8,98.8,96.2,98.0,97.7,98.9,101.0,100.5,99.4,99.2,99.8,101.2,99.6,100.2,100.9,97.4,94.0,98.0,97.8,97.1,98.2,99.6
201201,99.6,101.0,100.9,102.0,102.3,102.8,102.0,96.3,101.3,102.2,100.7,101.2,99.5,100.1,100.7,102.4,99.6,97.2,103.7,97.2,101.7,95.5,103.2,105.2,101.6,103.1,92.9,,100.0,107.0,101.9,88.7,106.4,97.8,103.0,125.3,112.5,102.1,115.5,124.1,102.1,105.1,95.8,104.8,97.9,100.1,96.6,115.1,95.4,97.0,94.5,94.6,102.5,97.5,105.4,100.8,101.4,103.9,99.9,100.3,100.3,104.3,100.2,99.5,100.2,99.0,98.2,97.6,98.7,97.7,94.8,97.9,98.4,99.0,100.3,99.0,97.6,97.4,97.0,103.5,97.1,98.4,96.3,96.3,103.8,106.3,115.9,121.2,82.0,93.0,142.0,117.4,96.7,110.9,100.8,86.8,98.5,93.4,87.9,106.8,91.0,101.9,96.7,98.9,,115.0,97.7,144.9,143.2,113.1,109.6,111.6,124.9,101.2,149.3,105.8,99.1,102.3,96.7,100.3,99.2,111.7,100.0,108.2,97.8,96.9,98.8,98.3,98.3,97.4,98.7,99.9,97.4,97.3,98.8,98.3,113.0,113.5,,121.4,106.3,107.9,107.5,100.6,137.6,,,,,,,,128.8,95.4,103.1,,104.1,104.1,98.8,99.5,100.5,96.1,98.8,99.5,96.6,98.3,103.5,98.2,97.5,96.9,98.0,99.0,99.3,98.4,99.1,105.0,98.0,97.5,96.4,96.4,98.8,101.0,100.2,99.7,99.3,99.9,101.3,100.6,100.3,101.4,97.1,91.6,97.3,97.4,97.0,98.1,99.7
201202,99.8,101.2,101.2,102.5,102.7,103.2,102.4,98.1,101.3,101.6,101.3,101.1,99.4,100.3,100.9,101.3,99.5,97.2,103.5,99.0,101.6,97.9,101.4,101.9,98.9,98.7,89.0,,96.8,104.1,92.5,87.7,105.7,95.9,92.3,125.9,111.0,99.5,109.7,121.6,102.3,104.2,95.0,106.3,98.6,100.5,97.2,117.4,95.9,97.3,94.8,95.5,102.8,98.3,105.9,100.5,101.5,103.6,99.7,100.2,99.8,104.1,100.6,99.2,100.3,98.9,98.0,96.9,98.8,97.9,93.6,98.5,98.4,99.0,100.3,99.0,97.6,97.7,96.9,103.5,98.0,98.0,99.0,99.0,104.3,107.1,127.6,112.5,98.1,96.4,149.5,112.9,96.3,86.3,99.2,88.9,96.1,111.0,89.0,112.6,90.6,103.2,99.8,98.9,,108.6,90.1,137.8,138.8,109.1,137.9,105.1,111.0,97.8,138.3,110.8,99.3,102.6,98.2,100.4,99.0,111.9,100.9,108.4,97.3,96.6,97.9,98.0,99.0,97.6,99.0,99.6,100.1,98.5,100.2,98.1,118.0,118.7,,126.4,117.5,100.9,104.9,100.8,118.8,,,,,,,,132.4,95.0,110.1,,104.0,104.0,98.7,99.4,100.0,97.3,98.6,99.5,96.7,99.1,103.3,98.5,96.5,98.8,97.4,98.4,101.1,98.1,100.0,101.6,99.6,95.9,97.5,97.0,98.9,101.1,100.3,99.4,99.1,100.1,101.2,99.9,99.7,99.4,96.7,94.8,98.2,97.2,97.8,98.6,99.8
201203,100.3,101.3,101.2,102.5,102.8,103.4,102.4,97.1,101.1,102.1,100.5,101.0,99.4,100.4,101.6,101.1,98.5,97.8,103.5,100.0,101.7,99.3,101.9,102.7,99.6,100.7,87.7,109.1,97.0,102.7,98.0,86.1,105.6,94.9,107.7,125.8,110.7,98.9,104.0,113.5,102.1,103.3,94.8,106.5,97.9,100.4,96.2,118.3,95.5,97.3,93.4,95.2,103.1,97.5,106.3,101.1,102.1,103.1,99.7,100.2,100.1,102.1,100.2,99.4,100.7,98.3,98.0,97.5,98.4,97.9,93.9,98.7,98.5,99.0,100.3,98.9,98.0,96.3,97.7,103.4,97.2,98.7,99.1,99.1,105.1,108.2,118.2,85.8,140.7,102.5,151.6,85.6,96.2,88.0,102.9,91.2,100.4,131.8,99.9,119.3,92.4,109.7,100.7,99.1,,107.3,87.2,141.1,137.4,127.6,146.8,98.1,100.8,94.3,128.9,118.1,99.4,102.4,96.7,100.0,99.0,111.8,101.0,108.4,97.8,97.4,98.6,97.9,98.9,97.2,98.9,99.1,100.3,97.7,101.5,98.4,117.3,118.0,,135.2,129.9,98.6,100.8,99.5,122.2,,,,,,,,123.2,95.5,111.6,,105.4,105.4,98.6,99.0,99.5,97.2,98.6,99.4,97.1,99.2,103.6,98.7,97.1,98.5,97.6,98.4,98.5,98.0,101.8,101.1,99.9,95.2,97.1,97.2,99.0,101.1,100.1,100.0,99.2,99.8,100.6,101.9,99.9,97.7,96.5,96.3,98.2,97.9,98.8,98.3,99.5
201204,100.4,100.6,101.1,102.8,103.1,103.8,102.5,98.7,100.8,100.9,100.8,100.8,99.5,99.9,101.0,101.4,99.1,97.9,103.5,98.4,102.0,97.0,101.9,102.7,100.3,107.7,85.7,110.9,92.5,102.0,102.5,85.9,104.5,93.8,106.6,124.5,108.4,97.1,,112.7,102.3,103.6,94.9,106.1,98.4,100.4,96.8,119.1,96.0,97.6,94.1,95.8,102.7,97.5,106.7,100.8,100.6,103.8,99.2,99.5,99.4,102.3,99.9,98.5,99.3,99.1,98.0,97.0,98.9,97.7,93.9,98.2,98.2,98.8,100.4,98.8,97.6,96.4,96.8,103.6,96.9,99.6,97.8,97.8,103.4,105.5,123.4,85.7,156.7,84.9,112.6,99.6,96.5,99.4,105.0,99.2,101.2,149.2,116.3,121.7,95.8,112.8,101.9,98.3,,97.1,92.7,101.1,119.4,124.2,112.1,91.7,91.9,89.2,98.7,124.9,99.8,102.7,97.4,99.3,99.2,112.0,101.8,108.2,98.0,97.3,98.8,98.4,99.5,97.5,98.4,99.1,100.8,98.4,105.3,97.4,104.5,104.4,,143.2,,97.0,100.3,98.4,,,,,,,,,96.8,95.1,116.8,,105.4,105.4,98.5,98.9,99.2,97.7,98.4,99.5,96.6,99.3,103.5,99.2,96.7,98.0,97.6,97.7,99.3,97.6,101.9,100.9,99.2,95.1,97.5,96.2,99.1,101.1,100.2,100.3,99.0,100.0,100.4,100.5,100.5,97.8,96.8,96.1,99.1,97.6,98.7,98.5,99.8
201205,100.1,100.2,101.1,103.0,103.2,103.8,102.9,98.8,100.6,101.1,100.3,100.6,99.5,100.3,100.9,100.3,99.3,98.0,103.4,99.0,101.4,98.1,100.7,100.5,98.6,96.1,81.7,105.5,88.1,101.2,92.3,85.3,104.3,91.2,107.8,125.9,107.2,95.2,,108.5,102.9,103.9,94.0,107.0,99.5,100.8,96.7,123.0,95.1,96.9,94.1,94.3,103.5,98.2,106.8,101.2,102.4,103.4,98.8,99.1,98.7,103.3,99.3,98.1,99.0,99.2,97.7,96.8,98.3,97.9,93.9,98.4,98.2,98.9,100.4,98.8,97.4,96.2,96.5,103.5,97.8,98.5,99.3,99.3,100.0,100.0,109.2,92.0,119.6,87.4,85.7,100.3,95.8,113.8,103.8,108.2,105.2,114.0,113.6,122.7,96.6,121.9,102.6,98.1,,95.3,103.1,87.8,96.2,108.7,90.2,90.1,90.3,85.0,94.9,104.9,99.9,102.8,97.9,99.4,99.3,111.6,102.2,108.5,98.0,97.4,99.2,97.9,99.9,97.4,99.3,99.7,100.9,98.6,105.7,96.2,109.9,110.2,,149.8,,96.9,100.8,99.6,,,,,,,133.7,138.8,101.9,92.8,109.3,,105.1,105.1,97.7,98.7,99.1,97.2,97.6,99.5,96.7,99.2,103.6,99.4,97.8,97.5,97.1,97.6,98.6,96.2,98.2,98.7,99.1,93.4,96.2,98.0,98.6,101.6,99.7,100.0,99.1,100.2,100.9,100.5,100.3,96.9,95.6,92.4,99.0,97.7,98.1,98.0,99.8
201206,99.6,99.5,101.5,103.3,103.6,104.0,103.3,98.9,101.2,101.5,100.9,101.3,99.5,100.0,100.8,98.8,100.0,97.8,104.2,99.8,100.7,99.4,102.0,102.7,98.1,95.9,95.5,114.0,92.1,99.5,91.5,84.8,109.4,93.9,113.3,126.2,109.0,96.2,,106.0,103.3,104.2,94.6,108.9,100.4,100.4,97.2,121.5,94.5,96.6,94.2,93.0,103.8,97.9,107.6,100.3,102.9,104.4,98.9,99.2,99.3,101.4,99.8,98.3,98.5,99.0,97.8,96.7,98.7,97.5,93.9,97.9,98.0,98.7,100.4,98.6,97.1,95.8,96.1,103.5,98.0,98.4,97.6,97.6,94.1,91.0,73.4,89.0,111.8,92.5,66.9,88.6,96.0,104.8,108.5,89.7,150.7,95.4,103.1,118.7,94.4,183.7,101.5,97.3,125.6,82.2,103.1,74.9,93.7,92.0,73.9,87.4,88.0,80.1,76.9,88.8,99.8,103.3,98.4,99.9,99.3,112.2,103.4,109.2,97.6,97.0,98.9,97.5,99.7,97.6,98.5,100.1,101.0,98.1,105.6,97.1,104.5,104.5,,155.4,,103.2,100.4,101.6,,,135.1,,,,103.6,94.6,,92.7,106.8,103.0,104.9,104.9,98.0,98.5,98.8,97.3,98.0,99.6,97.0,98.9,103.1,99.2,95.3,96.0,97.6,96.3,100.3,95.3,102.3,100.2,98.4,93.7,98.5,98.3,98.7,101.6,99.8,99.9,99.3,99.7,99.9,100.2,100.4,96.2,95.9,94.9,98.9,99.3,98.3,98.3,99.2
201207,99.3,99.0,101.3,104.2,104.5,104.7,104.3,99.0,100.1,100.9,99.4,100.1,98.9,99.9,100.0,97.7,99.5,97.1,103.4,100.4,101.0,100.2,101.1,101.0,99.3,100.5,86.4,99.4,95.2,98.5,93.4,92.8,108.1,94.5,97.4,124.9,109.7,96.6,,106.3,103.9,104.3,94.2,113.4,100.4,100.5,97.3,122.0,95.1,96.7,93.8,94.5,103.1,97.1,107.0,99.8,101.8,104.2,98.8,99.3,98.8,104.3,100.1,99.0,98.0,99.6,97.1,96.5,97.3,97.8,91.5,97.7,97.9,98.8,100.4,98.7,97.0,95.3,95.9,103.5,98.0,98.7,96.7,96.7,93.4,89.9,65.7,106.5,105.0,87.7,62.0,90.4,96.0,107.9,118.8,83.0,163.7,90.1,120.7,114.3,109.0,206.1,100.7,97.0,87.1,79.7,100.5,84.7,98.7,87.7,74.9,86.9,86.1,77.3,104.9,83.7,99.8,104.3,97.2,99.6,99.4,114.0,107.7,109.0,97.1,96.7,98.9,96.1,99.6,97.5,98.2,99.5,101.4,97.6,106.5,97.1,96.5,96.0,,164.2,,101.9,99.1,100.4,,,106.8,149.7,,105.1,90.6,83.5,,91.5,108.6,68.4,105.6,105.6,97.6,98.4,99.0,96.4,97.5,99.4,97.5,97.8,102.7,99.1,94.7,97.4,98.3,94.7,99.8,95.1,102.8,99.1,96.0,93.8,96.0,96.4,98.8,101.4,100.1,100.3,99.4,100.6,99.9,100.8,100.5,96.0,97.2,93.1,99.0,99.1,97.5,98.2,99.3
201208,99.4,98.8,101.2,104.6,105.0,105.2,104.8,97.3,100.0,100.6,99.5,100.0,98.8,99.5,100.3,98.7,98.8,97.1,103.4,97.4,99.9,96.4,101.7,102.3,99.5,110.1,84.9,104.1,100.5,97.6,96.9,109.1,108.6,94.2,96.3,121.6,108.7,101.9,,104.8,103.4,102.1,93.5,115.9,99.6,100.6,96.8,121.5,94.9,96.4,93.5,94.6,102.8,97.0,106.7,100.5,101.2,104.4,99.0,99.7,100.3,103.3,99.7,99.8,97.6,99.9,96.5,96.2,96.3,97.8,91.5,97.1,97.2,98.4,100.4,98.3,96.0,95.2,95.4,103.0,95.1,96.5,96.6,96.6,91.3,86.8,63.4,125.3,104.7,83.0,67.9,89.1,95.5,89.6,121.4,83.8,125.6,84.7,99.5,111.4,111.3,146.6,103.5,97.8,87.4,82.3,93.3,79.2,81.2,83.1,70.8,92.5,84.4,72.6,101.9,84.7,99.5,104.3,96.5,99.4,99.1,114.5,108.5,108.5,96.7,95.9,98.3,96.5,99.1,97.2,98.5,98.9,100.9,96.4,105.8,96.3,98.9,98.6,142.9,,,101.0,99.2,101.4,,110.9,86.0,105.7,,98.2,89.2,86.4,,92.2,110.7,,105.4,105.4,97.5,99.2,100.2,95.4,97.3,99.4,97.6,98.8,102.5,99.7,94.2,95.2,97.1,94.9,99.1,95.2,100.4,99.5,98.4,93.0,96.4,96.0,98.6,101.9,99.9,99.3,99.2,101.0,99.7,100.1,100.8,95.3,95.9,93.8,99.0,99.1,96.4,97.4,99.5
201209,99.6,98.7,101.3,105.9,106.3,106.4,106.2,97.7,99.1,100.3,98.2,98.9,98.6,99.0,100.8,97.2,99.6,96.1,101.8,97.8,100.6,96.7,100.6,100.2,99.0,95.7,91.1,91.1,92.5,98.2,94.6,104.4,108.6,95.4,97.4,123.2,107.8,100.3,,104.8,103.7,101.5,95.0,114.4,100.0,100.6,97.4,122.4,94.4,95.6,93.7,93.7,103.2,97.6,106.3,100.6,102.8,103.8,99.2,99.8,100.0,106.0,99.8,99.3,97.8,100.2,97.0,96.5,97.4,97.1,91.5,97.4,97.2,98.3,100.4,98.1,96.0,95.3,94.5,103.1,96.5,99.1,98.4,98.4,91.5,86.9,54.8,135.9,93.9,77.6,69.8,106.0,96.2,93.1,97.1,84.6,106.4,88.6,95.8,110.3,97.9,103.6,105.3,95.7,75.9,87.5,85.0,78.7,74.5,94.7,69.0,95.2,84.4,78.4,137.6,82.8,99.8,104.5,96.6,100.0,99.1,114.8,108.6,108.7,96.9,96.5,98.7,95.8,99.5,96.7,99.3,99.8,101.0,97.0,105.6,95.7,95.5,95.0,106.9,,148.3,101.2,100.0,102.9,,90.6,82.1,86.1,,97.1,,,,91.8,108.0,,105.1,105.1,97.3,98.9,100.1,94.6,97.1,99.5,95.4,98.4,102.7,97.9,95.6,96.5,95.3,94.4,97.4,96.2,99.7,101.5,97.5,93.7,97.9,96.6,98.9,101.7,100.3,100.0,99.5,101.1,100.3,99.5,100.9,95.0,95.6,94.0,98.5,99.7,97.9,98.0,99.2
201210,99.6,98.8,102.0,108.6,109.1,108.5,109.5,98.7,98.8,99.8,98.8,98.0,98.1,98.6,101.0,95.9,99.2,95.3,101.8,97.3,98.9,96.7,101.1,100.8,98.5,98.1,106.1,100.8,97.3,97.5,102.0,95.0,108.2,92.5,101.7,121.1,109.9,99.6,117.8,102.7,104.6,101.7,96.2,115.5,101.0,101.1,97.2,123.5,94.5,95.1,92.9,94.9,103.1,96.6,106.5,100.3,102.5,103.7,98.3,98.9,98.9,103.1,99.4,98.7,97.4,100.2,96.2,96.4,95.9,96.9,91.5,97.8,97.1,98.3,100.5,98.2,95.7,94.8,94.2,104.5,96.2,98.3,100.4,100.4,93.8,90.5,51.6,124.3,83.5,81.0,72.5,103.1,95.0,98.6,85.2,80.7,95.9,89.7,96.4,108.6,86.9,91.3,105.7,95.8,,94.2,79.2,91.8,87.7,115.3,68.6,100.7,90.9,85.4,153.2,91.3,99.6,104.9,98.6,100.4,99.5,114.6,109.5,109.2,96.4,96.1,98.0,95.3,99.3,96.8,98.9,99.5,101.3,96.1,106.8,95.5,92.0,91.3,87.3,,102.4,97.6,101.0,100.9,,81.8,,85.6,86.3,,,,,90.7,108.9,,105.0,105.0,97.7,99.4,100.7,94.8,97.5,99.5,96.2,97.0,103.4,98.3,94.4,94.1,95.7,94.5,99.5,94.9,108.0,101.1,93.7,93.5,98.1,95.7,99.3,101.6,100.4,99.1,100.5,100.8,100.6,98.2,100.2,96.8,93.9,92.5,98.8,105.1,98.3,98.6,98.9
201211,99.2,98.5,101.9,109.2,109.8,108.3,110.8,98.6,98.2,99.7,98.0,97.1,97.7,98.9,100.0,96.0,99.4,93.7,101.8,97.2,98.9,96.6,100.2,99.7,99.2,99.2,99.2,,92.5,95.7,95.1,90.4,106.8,92.2,95.0,118.5,108.9,100.9,121.1,103.2,104.5,101.2,96.2,114.0,102.2,101.1,97.3,124.5,93.8,95.6,92.4,93.1,102.0,96.0,105.2,100.6,100.8,103.6,98.3,98.9,99.0,103.1,99.6,98.3,97.2,99.8,96.4,95.9,96.7,97.0,91.5,98.3,97.5,98.3,100.5,98.1,96.6,101.1,94.7,105.4,97.1,98.3,101.4,101.4,92.0,88.0,53.8,88.3,71.6,74.2,80.5,89.6,95.0,94.2,84.4,77.1,88.8,73.7,87.7,103.4,82.5,85.5,104.9,96.5,,84.6,77.9,106.6,95.7,126.6,72.2,93.5,102.1,88.4,155.1,102.5,99.4,104.7,96.7,99.4,99.8,115.0,108.9,107.6,96.4,96.1,98.0,95.2,98.9,96.1,99.3,99.8,99.6,96.2,105.0,94.8,91.5,90.9,,101.4,93.4,105.9,99.8,101.2,,,,,68.9,,,,,87.9,107.9,,104.1,104.1,97.6,98.5,99.7,94.2,97.4,99.8,96.1,96.9,102.6,96.1,95.2,95.9,95.2,94.2,100.1,95.2,107.5,102.6,96.6,92.2,97.4,95.9,99.4,101.3,100.5,98.9,100.3,100.7,101.3,97.9,100.0,98.4,93.8,94.7,97.3,104.8,98.0,97.9,98.6
201212,99.3,98.9,101.4,108.9,109.5,108.2,110.5,96.2,97.9,99.4,97.2,97.4,96.9,98.8,99.4,96.9,97.8,92.7,102.9,95.2,97.5,94.4,100.7,100.6,99.3,101.7,94.1,,91.4,94.3,93.0,89.3,107.7,90.1,93.0,118.4,109.7,101.4,116.6,109.3,104.5,100.0,96.2,114.6,102.3,101.4,96.5,126.0,93.6,94.9,91.8,93.6,101.5,94.6,105.2,100.3,99.7,104.5,98.2,98.8,99.2,102.2,99.9,98.2,96.5,100.0,96.0,95.8,96.0,96.3,91.5,98.8,97.0,98.1,100.5,97.9,95.9,99.7,94.1,105.2,95.5,98.3,105.3,105.3,94.9,92.8,64.5,110.5,67.0,73.9,129.0,105.1,94.3,101.4,85.8,78.7,88.5,76.0,82.6,103.8,82.7,86.8,106.6,94.0,,99.5,84.5,137.8,124.7,110.8,83.0,96.1,102.4,92.9,146.1,111.2,98.9,104.4,96.0,98.1,99.3,115.1,108.8,107.4,95.8,95.7,97.1,94.9,98.2,96.5,99.9,98.1,96.7,94.5,105.4,92.4,98.8,98.5,,94.9,96.3,111.6,102.1,98.0,,,,,71.8,,,,148.3,87.6,108.1,,103.9,103.9,96.9,98.4,99.8,93.5,96.8,99.6,95.8,96.1,102.0,97.7,93.8,93.4,94.8,94.4,98.4,93.8,105.9,99.4,95.5,92.8,97.6,95.4,98.5,101.8,100.1,99.1,100.6,100.4,100.4,97.4,99.7,99.2,92.7,88.9,96.7,103.2,96.1,98.5,98.9
201301,99.3,100.3,101.3,109.0,109.6,108.1,110.8,96.8,97.6,99.0,96.9,97.1,97.3,98.5,100.0,99.1,99.4,91.6,103.6,94.4,98.4,92.8,101.0,101.0,100.7,102.9,90.5,,93.6,95.5,99.1,88.3,109.3,93.4,94.2,117.3,113.0,102.5,114.0,107.0,105.0,100.1,97.8,114.1,101.8,101.6,98.0,126.3,93.9,95.3,91.7,94.1,101.5,94.7,104.5,99.9,100.8,103.6,98.3,99.1,99.5,103.1,100.2,98.5,97.1,99.8,95.5,95.4,95.6,95.8,93.9,98.1,97.1,98.1,100.6,97.9,96.2,100.0,94.4,105.9,96.3,98.0,101.7,101.7,103.0,105.4,101.7,121.1,86.2,84.7,184.3,116.0,93.9,123.5,93.4,80.6,93.3,104.3,89.7,103.3,85.7,96.3,107.8,95.6,,113.1,92.5,157.1,136.6,108.4,125.8,111.4,115.7,101.5,133.4,112.8,98.7,104.5,95.9,98.2,99.6,115.2,109.1,107.4,95.5,94.9,96.9,95.0,98.0,96.2,100.0,97.9,97.0,94.1,105.1,91.3,112.1,112.6,,103.2,110.1,111.0,105.3,97.5,139.1,,,,,,,,132.8,89.7,109.2,,104.1,104.1,96.9,98.6,100.1,93.1,96.7,99.3,95.7,95.5,102.9,95.8,94.9,95.6,95.0,94.4,98.5,93.5,105.0,102.7,96.0,91.9,95.2,94.4,98.6,101.8,99.5,99.1,100.8,100.5,100.4,97.4,99.8,99.7,94.9,87.5,96.4,102.7,97.3,98.5,99.2
201302,99.2,99.3,101.3,108.8,109.4,107.9,110.5,98.1,97.9,99.0,97.5,97.5,96.9,98.3,100.1,98.6,98.0,91.8,103.7,95.2,98.0,94.2,99.1,97.6,97.4,92.7,84.2,,91.5,95.8,92.0,85.4,108.1,90.3,88.2,115.1,109.6,99.4,108.1,106.5,104.8,100.7,97.6,112.9,100.1,102.0,97.4,127.2,93.6,95.7,91.7,93.1,101.9,96.0,106.0,100.3,99.6,103.3,98.5,99.2,99.9,102.5,99.6,98.4,97.4,100.1,96.0,95.5,96.4,95.8,93.9,97.9,96.8,98.0,100.6,97.9,95.4,99.7,93.8,105.1,95.3,96.8,101.9,101.9,97.0,95.8,103.1,85.7,91.0,73.0,152.7,87.3,94.2,95.5,89.5,81.2,88.3,102.0,92.7,103.0,86.2,87.7,106.1,94.5,,99.7,89.4,113.3,128.8,97.9,132.5,97.6,100.4,92.3,104.5,131.0,99.0,104.6,99.3,98.7,99.3,114.4,109.3,106.5,95.6,95.4,96.8,95.0,98.5,96.1,100.3,97.1,97.0,96.6,105.4,92.9,105.9,106.0,,100.3,107.2,109.6,104.8,97.2,117.4,,,,,,,,113.4,91.4,109.8,,103.8,103.8,96.9,98.5,99.7,94.0,96.7,99.5,95.5,96.6,102.7,95.6,93.5,94.5,95.3,94.2,100.3,93.7,102.4,101.7,96.1,92.8,97.3,95.0,99.1,102.1,99.8,99.1,100.7,101.9,100.6,97.6,100.2,99.9,93.9,92.4,96.6,101.3,97.1,99.0,99.5
201303,99.4,98.8,101.2,108.6,109.2,107.9,110.1,97.6,97.8,99.2,97.0,97.4,96.7,98.2,98.9,98.0,97.7,92.3,103.5,96.1,99.1,95.0,99.5,98.5,95.8,98.7,77.2,106.2,92.6,96.5,88.9,85.4,109.6,89.8,102.0,113.1,110.5,95.0,101.1,106.5,104.6,99.1,97.3,111.8,100.7,102.6,97.8,129.3,93.5,95.3,90.4,93.7,101.5,95.4,104.9,101.0,99.5,104.4,98.2,98.8,98.8,104.3,99.5,98.5,96.7,99.7,95.9,95.7,96.0,96.2,93.9,97.8,97.0,98.0,100.6,97.8,95.8,99.8,94.0,105.1,94.9,99.0,101.0,101.0,93.4,90.2,91.4,72.4,96.3,68.7,93.5,73.1,92.9,89.1,87.7,82.9,87.8,92.9,95.9,104.2,87.2,85.1,105.4,94.2,,97.9,88.5,94.6,115.8,108.6,110.8,92.6,92.7,84.8,88.6,134.3,99.0,104.6,97.2,97.9,99.5,114.5,109.8,107.9,95.6,95.1,96.9,95.1,98.7,95.3,99.6,97.9,98.9,97.1,105.1,95.3,104.2,104.1,,101.0,111.1,104.1,102.6,97.7,114.7,,,,,,,,107.7,93.7,110.8,,104.9,104.9,96.6,98.3,99.7,93.4,96.4,99.4,95.5,95.9,102.7,95.5,95.2,93.6,94.7,94.1,99.0,94.1,103.9,98.7,96.4,92.8,94.3,95.5,99.3,102.2,99.8,99.0,100.7,102.1,99.8,97.3,100.2,97.4,93.2,94.8,98.0,103.3,97.8,98.7,99.1
201304,99.7,98.8,101.3,108.5,109.0,107.6,110.0,98.1,97.7,99.6,96.9,96.9,97.3,98.0,99.0,97.7,98.7,93.6,103.7,96.4,98.7,95.5,100.4,100.0,96.6,100.4,79.4,105.8,87.8,99.1,92.7,84.5,108.3,87.5,117.0,111.2,111.4,94.1,,108.1,104.7,100.1,96.9,110.9,99.9,102.6,97.6,131.1,93.3,95.5,90.0,93.3,102.0,95.6,105.8,101.2,99.8,104.3,98.3,98.9,99.2,103.6,99.7,98.4,96.6,99.7,96.0,95.3,96.4,96.4,93.9,97.1,96.7,97.7,100.6,97.5,95.6,99.7,94.1,104.7,95.9,96.1,98.8,98.8,93.6,90.7,94.2,90.6,96.3,62.3,84.9,103.9,93.8,103.4,88.7,86.6,84.8,81.1,111.5,103.5,85.2,83.8,101.9,95.0,,93.0,86.7,89.3,99.9,102.4,87.9,88.3,87.3,79.1,98.4,119.5,98.9,104.3,98.9,98.5,99.0,113.2,109.8,107.4,95.4,94.7,96.6,95.3,98.7,95.7,99.5,97.9,99.7,96.5,105.2,95.1,100.8,100.6,,102.0,,104.8,100.6,99.7,,,,,,,,,101.0,96.9,106.9,,103.4,103.4,96.6,98.7,100.0,94.0,96.4,99.5,96.1,96.1,103.0,95.7,95.3,93.9,94.6,94.4,96.5,93.0,104.4,98.0,96.5,92.3,94.8,97.4,99.5,102.1,100.2,99.7,100.6,102.3,99.9,97.5,100.1,97.2,95.1,94.9,97.5,103.4,97.8,98.8,99.3
201305,99.8,98.7,101.2,108.7,109.3,107.8,110.4,98.0,97.2,98.8,96.5,96.6,97.0,98.1,99.1,97.2,98.0,93.4,103.6,97.2,98.9,96.6,99.5,98.3,95.2,91.9,78.4,100.5,80.9,99.6,88.7,84.0,108.1,87.7,112.7,108.3,111.4,94.9,,109.6,105.0,102.3,97.2,109.1,100.7,102.7,97.2,130.9,93.2,95.4,89.8,93.4,102.1,94.6,106.2,100.4,100.4,104.5,98.6,99.3,99.8,105.0,99.9,98.2,97.2,99.3,96.0,95.8,95.9,96.8,93.9,96.9,96.6,97.8,100.6,97.6,95.4,99.9,93.7,104.4,96.1,96.3,98.1,98.1,91.3,87.1,79.4,92.3,94.4,71.0,69.9,93.6,92.8,117.8,91.2,84.4,104.5,86.5,103.4,103.0,80.6,90.1,99.8,95.5,,89.1,88.3,74.3,90.6,87.6,79.8,91.6,88.6,79.1,92.3,96.1,98.9,104.0,97.9,98.1,99.3,111.6,110.0,107.5,95.6,95.2,96.8,95.0,98.9,95.7,99.3,97.9,99.8,98.0,104.9,91.7,104.4,104.4,,112.9,,107.6,103.5,102.2,,,,,,,117.5,106.7,102.4,97.4,106.7,,103.1,103.1,96.8,98.1,99.4,93.4,96.7,99.4,95.9,96.7,103.1,96.0,94.1,96.7,94.7,95.1,99.6,92.9,106.6,97.9,97.1,90.7,95.7,97.9,99.2,102.1,100.0,99.6,100.4,102.8,99.7,96.7,100.1,96.8,93.5,94.0,98.0,103.5,97.1,98.3,98.8
201306,99.8,98.6,101.3,108.3,108.9,107.1,110.2,98.7,97.4,99.3,96.1,97.2,97.6,97.6,99.6,97.7,99.5,94.1,103.5,97.4,98.6,96.9,100.0,97.9,94.5,92.1,79.3,92.2,82.2,99.5,92.0,84.4,110.1,91.2,104.9,105.6,114.7,96.6,,108.1,105.0,103.1,96.6,108.0,101.5,103.2,96.4,131.2,93.2,95.4,89.9,93.4,108.1,108.6,107.7,100.5,112.5,105.1,98.4,99.1,99.7,103.9,99.5,99.1,96.4,99.8,96.0,96.0,95.9,96.4,93.9,96.6,96.5,97.7,100.6,97.6,95.1,99.8,93.6,105.1,94.5,96.3,97.1,97.1,90.4,85.7,70.3,92.8,94.9,85.2,61.4,93.0,93.1,98.6,93.6,83.1,143.6,84.0,97.6,103.5,77.2,140.4,97.9,93.9,117.0,80.2,91.4,85.6,84.1,82.3,71.5,89.1,85.4,75.9,88.6,85.6,98.9,104.1,98.9,98.4,98.5,112.5,110.9,107.2,95.5,95.0,96.9,94.9,98.9,95.3,99.5,98.4,99.0,97.5,105.8,92.5,103.4,103.4,,126.0,,108.9,104.6,103.4,,,132.6,,,,101.5,95.4,,94.8,108.5,102.5,103.7,103.7,97.3,98.9,100.3,94.1,97.1,99.4,96.3,97.0,103.0,96.4,94.4,94.9,95.1,95.8,97.3,94.6,107.3,99.6,97.3,91.2,97.1,98.4,99.2,102.2,100.7,99.6,100.3,102.3,100.2,96.5,100.8,95.9,95.3,93.9,97.8,103.5,96.9,99.3,98.8
201307,100.0,99.1,101.2,107.9,108.4,106.9,109.5,98.5,97.7,99.9,96.5,97.1,97.5,97.4,99.6,97.7,99.5,93.7,103.5,97.1,99.7,96.1,101.7,100.5,95.8,97.7,94.9,90.9,91.7,100.4,93.3,90.9,108.4,91.8,109.9,106.9,114.0,99.9,,109.7,105.4,103.8,97.1,108.9,101.6,103.0,97.0,130.7,92.8,94.5,89.9,93.1,109.3,108.7,107.5,100.2,117.1,104.9,99.2,99.8,101.2,104.7,100.1,99.4,96.4,100.0,97.2,95.7,98.6,96.6,92.5,96.5,96.5,97.7,100.6,97.6,95.1,99.9,93.3,104.8,95.3,96.7,96.7,96.7,95.7,94.1,93.1,134.2,110.9,98.0,80.4,98.7,93.5,107.0,101.8,85.1,162.3,104.9,104.4,103.2,81.7,179.4,101.1,92.4,92.6,86.1,102.7,93.0,97.0,93.1,87.3,89.3,86.4,75.9,82.3,74.6,98.7,103.9,96.8,98.4,99.0,111.5,110.6,107.6,95.2,95.1,96.6,94.0,98.6,95.7,99.2,98.2,99.8,96.0,105.8,91.2,98.4,98.1,,131.7,,103.1,106.2,105.2,,,109.1,149.9,,111.4,95.2,88.3,,94.9,110.3,63.9,103.8,103.8,97.6,99.2,100.6,93.8,97.5,99.0,96.2,97.0,102.7,96.0,93.9,95.1,101.3,95.3,99.8,91.3,107.4,100.5,97.4,92.2,95.8,99.5,98.7,102.5,100.6,100.0,100.5,99.5,99.8,97.1,100.5,95.6,94.0,93.3,98.1,104.3,96.7,99.6,98.9
201308,100.3,99.3,100.9,106.8,107.4,105.5,108.7,96.8,98.3,100.3,97.1,97.8,96.8,97.6,99.5,97.6,98.3,92.6,103.5,97.1,101.0,95.6,103.3,103.1,95.1,103.4,97.2,97.6,97.3,105.2,97.8,109.6,108.5,95.6,104.2,102.7,116.9,103.7,,112.2,106.0,105.7,97.4,109.1,101.7,102.7,97.2,130.9,92.9,95.2,89.0,93.4,109.6,109.2,107.9,100.5,117.2,104.8,99.5,99.7,101.3,104.8,99.9,99.8,95.7,100.3,98.7,95.6,101.7,97.1,93.9,96.9,96.5,97.7,100.7,97.5,95.1,99.6,93.4,104.7,95.0,97.0,98.5,98.5,94.5,92.3,77.6,132.1,134.2,97.6,81.8,95.0,92.8,93.5,111.9,103.6,126.6,101.2,112.5,102.3,90.9,120.4,102.0,93.5,93.2,84.3,104.4,87.2,79.2,91.6,81.4,91.6,86.4,77.1,85.3,75.5,98.6,103.6,96.4,97.8,98.5,111.6,110.7,107.1,95.1,95.1,96.6,93.6,98.5,95.3,99.6,97.5,99.7,96.1,106.2,90.4,101.6,101.5,113.6,,,98.8,106.3,110.0,,111.2,90.0,108.1,,106.1,97.4,87.4,,92.5,110.0,,103.5,103.5,97.3,98.8,100.1,93.8,97.1,98.5,95.7,96.4,102.1,96.2,93.9,94.2,103.1,94.6,98.5,92.3,107.6,100.3,98.1,89.8,97.9,100.2,98.6,102.5,100.8,100.2,100.7,99.5,99.8,99.2,100.3,95.3,92.8,93.0,98.2,104.4,95.5,99.2,99.3
201309,100.6,100.3,100.9,106.5,107.1,105.5,108.2,96.6,98.5,100.4,97.5,97.7,97.0,97.3,100.0,97.6,98.1,93.3,103.7,97.7,103.8,95.3,107.9,110.6,96.6,108.8,106.4,99.9,94.9,110.7,100.3,154.1,108.8,94.7,110.1,105.7,117.7,102.8,,115.7,106.8,106.2,98.0,110.3,103.6,103.0,97.6,131.8,92.5,94.4,89.1,92.9,110.5,110.1,108.9,100.5,118.4,105.0,100.0,100.2,101.9,105.7,100.5,99.0,97.0,100.0,99.4,95.7,102.9,97.5,93.9,97.9,96.6,97.8,100.7,97.6,95.4,99.9,93.4,105.2,95.6,97.4,102.7,102.7,101.4,102.8,83.8,156.4,137.8,88.9,95.3,121.6,92.9,102.6,94.5,102.6,118.6,118.5,105.5,103.6,98.1,96.6,104.6,92.6,106.6,105.9,97.7,124.2,100.7,105.5,95.7,100.3,92.8,82.2,131.3,85.6,98.7,103.8,96.2,97.7,98.7,112.0,110.9,107.3,95.1,94.9,96.4,94.0,98.9,95.4,100.0,98.4,100.0,97.1,105.4,92.8,95.0,94.5,96.4,,165.7,98.1,106.4,113.6,,84.2,90.6,89.7,,103.7,,,,93.1,109.7,,104.2,104.2,97.9,99.4,100.9,94.0,97.7,99.2,96.2,96.1,102.9,96.1,94.3,97.0,103.2,95.6,102.3,92.2,106.3,101.2,98.1,91.6,95.7,102.2,98.6,103.2,100.7,100.5,100.2,98.9,100.4,97.9,99.9,94.7,93.2,92.4,98.0,104.3,96.8,99.7,99.2
201310,100.7,100.2,100.3,104.5,104.9,103.1,106.1,98.4,98.9,101.0,98.2,97.7,96.9,97.4,100.3,98.1,98.5,92.1,102.8,96.5,103.8,93.7,105.1,105.7,96.9,106.1,104.5,102.5,93.4,109.9,103.6,112.4,108.4,94.9,103.4,107.3,119.8,103.7,129.6,114.7,107.0,107.4,97.8,110.7,104.1,103.2,97.3,130.8,92.7,94.1,89.1,93.8,110.1,109.3,108.0,100.4,118.6,105.2,100.3,100.6,102.5,106.2,100.7,99.4,97.5,100.2,99.4,95.1,103.3,98.1,93.9,99.5,97.7,100.1,101.3,100.0,95.0,99.8,93.2,105.1,95.3,96.4,106.0,106.0,101.6,103.3,91.3,130.2,114.3,80.8,98.6,122.1,91.5,103.8,88.4,96.5,110.4,120.4,101.4,102.9,98.3,89.6,104.0,92.1,,104.2,89.0,114.6,107.8,120.0,96.2,99.4,100.2,93.2,129.7,93.3,98.5,104.0,99.0,98.1,98.9,111.5,110.8,107.2,95.1,95.2,95.7,94.5,98.3,95.3,99.5,97.8,99.7,95.2,105.1,92.8,93.0,92.4,84.2,,101.7,97.4,106.4,114.3,,87.1,,89.5,85.2,,,,,92.3,108.9,,103.8,103.8,97.9,99.6,101.3,93.7,97.7,98.9,96.1,96.6,103.5,96.3,94.3,92.4,103.0,95.2,104.0,93.1,105.4,101.1,95.8,92.6,95.1,102.8,98.9,103.3,100.9,101.2,99.4,99.0,101.0,98.9,100.0,97.7,93.7,90.3,97.9,104.8,97.0,99.6,99.1
201311,100.8,100.4,99.7,103.0,103.3,102.3,104.1,97.4,98.9,100.8,97.9,98.3,97.0,97.6,99.7,97.2,99.1,92.2,103.7,95.2,103.4,92.1,104.9,105.3,99.2,96.5,105.6,,92.6,114.2,102.2,111.2,106.8,94.5,92.4,107.8,123.3,104.9,122.9,118.5,107.3,109.7,97.5,109.9,104.1,103.0,97.8,130.6,92.5,94.2,88.9,93.2,110.3,107.6,109.6,100.2,118.1,105.5,100.7,100.9,103.3,107.8,100.4,99.7,97.4,100.4,99.9,95.8,103.6,98.3,93.9,100.2,98.1,100.6,101.4,100.6,95.3,100.0,93.5,105.0,96.2,96.1,108.1,108.1,102.1,103.9,102.2,125.6,105.4,76.8,121.9,107.3,92.2,109.3,90.4,90.5,107.0,108.5,101.5,102.4,99.4,93.0,105.8,91.7,,105.5,93.7,143.9,126.9,117.4,103.4,98.3,101.6,95.6,123.7,99.7,98.7,104.0,98.3,97.9,99.1,111.8,110.2,107.6,95.5,95.4,97.0,94.3,98.4,95.0,99.4,98.1,98.9,96.3,105.2,92.7,97.0,96.7,,108.2,95.5,97.2,107.0,112.4,,,,,82.6,,,,,92.7,111.0,,104.3,104.3,98.3,100.5,100.3,101.5,98.1,98.9,94.6,95.6,102.2,95.7,93.3,92.8,111.5,94.0,103.1,92.7,105.6,102.5,97.6,93.4,95.3,102.9,99.4,103.9,101.4,101.3,99.5,99.8,101.4,98.4,100.3,99.3,93.0,92.1,97.0,104.2,97.8,99.9,99.1
201312,100.9,101.0,99.4,102.1,102.5,101.3,103.4,95.2,99.3,101.1,98.6,98.6,97.1,97.6,100.0,97.2,99.2,92.3,103.7,92.3,102.6,88.3,106.7,108.2,102.2,89.2,100.2,,94.7,115.7,99.7,107.5,107.9,97.8,95.0,109.3,128.4,106.0,117.5,119.9,108.1,112.6,97.6,110.0,104.2,102.2,98.7,132.0,92.7,94.0,89.5,93.6,109.8,107.4,109.2,99.7,117.0,105.4,101.3,101.9,104.3,110.2,100.8,100.3,98.9,101.2,99.1,95.2,102.5,98.4,93.9,101.9,98.1,100.7,101.5,100.7,95.2,99.7,93.3,104.9,95.8,96.6,116.1,116.1,102.8,105.4,123.8,118.7,99.3,81.2,143.2,107.3,92.6,121.5,89.2,89.5,105.1,97.8,107.1,102.2,105.7,94.5,110.9,91.4,,105.5,107.9,130.2,146.4,118.5,100.4,98.4,105.2,100.3,130.7,114.1,98.2,103.6,97.6,96.9,98.9,111.3,109.7,108.1,95.0,94.9,96.5,93.6,97.8,94.6,99.5,97.4,97.5,94.4,105.8,91.7,104.8,104.8,,108.9,99.4,125.3,109.8,107.4,,,,,92.8,,,,146.6,91.4,113.7,,104.3,104.3,97.6,100.3,100.0,101.5,97.3,98.3,95.6,95.5,101.6,96.5,94.4,91.8,109.6,94.5,104.7,91.7,101.8,101.0,96.3,91.6,97.0,102.0,99.4,102.8,102.0,101.8,99.7,99.6,100.9,98.4,99.9,100.6,94.1,93.0,97.9,103.0,97.6,100.3,99.0
201401,100.7,101.6,99.1,101.4,101.7,100.9,102.3,96.1,99.2,100.7,99.0,98.2,97.1,97.6,100.4,96.9,98.2,93.1,102.8,93.1,103.7,88.9,107.1,108.4,102.0,101.6,99.9,,97.2,119.7,95.8,104.6,108.1,104.4,91.5,110.7,132.1,106.8,114.6,120.6,109.4,115.0,98.7,111.2,106.5,103.7,98.9,131.4,92.7,93.8,89.5,93.6,110.2,106.7,111.2,99.5,116.0,106.3,102.1,102.9,105.5,111.4,102.2,100.0,100.3,101.0,99.6,95.8,102.9,98.7,93.9,101.2,98.5,101.0,101.6,100.9,95.8,99.9,93.8,105.2,97.0,97.5,111.1,111.1,103.2,105.8,132.4,112.4,100.2,80.4,147.1,102.0,92.2,128.9,93.7,90.3,116.3,94.6,105.5,111.4,112.2,96.1,111.2,93.2,,110.4,106.0,127.6,135.6,105.3,115.1,102.1,106.1,98.1,116.4,125.5,98.3,103.7,98.1,96.9,98.6,111.8,110.1,108.1,95.1,95.3,95.9,94.0,97.8,94.3,99.2,97.1,97.9,95.1,105.5,93.5,113.7,114.2,,115.0,107.8,132.7,112.7,108.9,133.2,,,,,,,,133.4,91.5,116.7,,104.7,104.7,98.1,100.7,100.6,101.0,97.8,98.3,96.2,95.1,102.7,95.0,93.7,93.8,110.4,93.2,103.5,91.9,104.9,105.1,97.0,91.7,96.5,101.9,99.5,102.2,102.2,102.2,99.4,99.6,100.7,99.4,100.5,100.0,94.4,92.5,97.4,102.6,98.2,100.0,99.3
201402,100.7,101.3,99.2,101.2,101.3,99.9,102.4,98.3,99.4,100.4,99.3,98.6,97.2,97.5,100.4,96.7,99.0,92.8,102.4,94.3,104.1,90.5,108.2,109.9,100.6,104.5,109.7,,100.6,119.9,107.1,104.8,107.7,107.5,99.0,111.9,131.8,105.8,110.9,120.4,109.7,116.6,98.2,111.3,105.6,103.9,99.6,132.2,93.1,94.5,89.3,94.1,111.0,107.2,111.3,100.2,118.1,106.1,102.0,102.8,105.1,113.4,101.4,100.1,100.8,101.4,99.2,95.1,102.6,98.7,93.9,101.5,98.5,100.7,101.6,100.7,96.1,100.6,93.4,105.7,98.9,98.7,112.5,112.5,99.7,100.5,114.9,97.2,95.0,84.0,116.3,86.4,92.8,92.7,91.6,88.2,119.7,95.0,102.5,114.1,114.6,96.7,111.6,96.1,,103.2,98.8,119.2,126.4,98.9,123.4,98.1,98.8,93.5,115.0,146.4,98.4,103.8,98.6,96.4,98.6,111.4,111.0,108.6,95.2,95.0,96.7,94.0,97.9,94.5,98.9,97.7,98.0,95.0,106.2,91.0,112.6,113.1,,114.4,107.5,130.4,120.6,109.9,115.1,,,,,,,,125.4,94.9,114.0,,104.7,104.7,98.7,101.1,100.7,102.8,98.5,98.4,95.7,96.2,102.7,95.8,93.4,91.8,110.2,94.5,105.5,94.1,104.7,105.1,97.5,93.4,96.8,103.0,99.4,101.7,102.4,101.8,99.6,100.6,101.2,98.0,100.5,100.9,93.1,93.0,96.7,101.3,97.6,100.9,99.2
201403,101.0,101.2,99.4,101.1,101.3,100.0,102.3,97.7,99.5,100.5,99.6,98.5,97.5,98.0,99.8,95.8,98.4,94.8,102.6,95.9,105.3,92.3,108.5,110.1,100.5,101.5,95.2,109.7,95.8,124.1,101.1,105.6,107.6,108.6,107.6,113.0,133.5,100.8,105.7,123.5,110.7,120.3,98.8,111.6,106.0,104.6,99.9,131.5,92.9,94.5,90.0,93.3,111.2,108.6,112.2,99.9,117.1,107.6,103.1,104.0,106.4,115.4,102.0,101.6,101.8,102.0,99.7,95.5,103.2,99.1,99.0,101.7,99.1,101.0,101.8,101.0,97.0,99.8,93.7,105.9,102.4,100.5,111.3,111.3,98.4,98.2,97.6,86.6,96.0,83.2,96.5,80.9,92.1,89.8,94.8,89.9,138.4,89.9,104.0,119.5,114.9,97.8,111.0,99.2,,101.5,96.0,116.3,129.1,105.2,119.8,95.1,93.7,84.0,109.3,162.5,98.8,103.8,95.9,96.9,99.0,111.3,110.8,111.0,96.0,96.2,97.2,94.4,98.3,95.1,99.1,97.2,98.9,95.6,106.5,95.5,110.4,110.6,,115.1,115.6,127.3,119.6,110.5,111.7,,,,,,,,112.4,96.0,111.2,,104.9,104.9,99.1,100.2,99.7,102.4,98.9,98.4,95.6,95.5,101.6,95.4,93.3,92.2,108.5,105.3,106.5,99.0,103.1,106.0,96.0,92.2,95.5,103.8,99.2,101.8,102.2,101.7,99.8,100.8,100.2,99.4,101.0,97.8,91.7,90.0,97.3,103.4,98.2,100.2,99.4
201404,103.1,103.8,102.2,103.3,103.4,101.9,104.4,101.1,102.1,102.7,102.3,101.4,101.0,101.2,102.5,100.1,101.9,99.1,105.6,100.4,108.9,97.1,111.4,112.6,103.1,106.8,91.4,116.0,92.3,128.9,101.9,109.0,110.6,101.6,118.3,120.1,136.0,103.1,,127.7,114.4,125.8,101.0,114.1,111.0,106.9,102.6,136.4,95.2,97.8,91.5,95.1,115.2,111.4,117.1,102.3,121.2,111.3,105.9,107.0,109.3,119.4,105.1,104.2,104.8,105.0,102.2,97.3,106.2,101.7,103.3,104.5,102.0,103.6,105.3,103.5,100.2,103.8,95.7,109.1,108.1,105.9,113.8,113.8,99.7,98.5,96.5,92.4,104.0,72.9,81.4,105.4,95.5,108.5,97.6,95.2,143.9,89.9,113.3,130.8,116.7,103.2,112.3,104.1,,98.5,99.6,99.2,108.4,100.9,93.1,94.6,91.2,82.3,100.3,151.5,101.9,106.6,98.8,100.2,101.5,113.2,115.1,113.2,98.9,99.4,100.1,97.0,101.7,97.9,102.7,99.9,104.1,98.8,110.4,97.0,109.4,109.5,,120.5,,123.8,124.8,113.4,,,,,,,,,106.0,99.1,115.4,,108.6,108.6,101.9,103.5,103.0,105.5,101.7,101.4,98.6,99.0,106.6,99.0,96.4,95.8,111.2,107.0,108.6,100.3,105.1,110.0,98.2,94.7,98.3,105.9,102.2,105.1,106.1,105.6,102.3,104.0,102.6,102.2,104.9,99.5,97.4,92.8,99.9,106.3,100.0,104.4,102.0
201405,103.5,103.9,102.2,103.5,103.6,102.4,104.4,101.6,102.3,103.2,102.6,101.2,100.9,101.7,101.6,99.5,102.3,98.5,105.8,99.6,108.0,96.3,111.3,112.4,103.6,101.6,101.6,108.7,87.3,129.2,98.8,109.6,110.2,100.6,123.8,122.1,136.9,103.0,,127.1,114.6,128.2,101.0,114.2,109.8,106.5,102.9,134.5,95.3,97.6,91.8,95.4,115.2,112.0,117.4,102.1,120.6,111.3,106.8,108.1,109.2,120.6,107.1,106.0,105.6,105.6,102.4,97.7,106.4,101.6,103.8,103.6,101.8,103.6,105.5,103.5,99.7,103.5,95.0,109.3,109.2,104.5,110.2,110.2,98.8,97.2,91.4,101.9,100.8,81.0,75.4,106.3,96.1,115.1,103.8,99.7,175.5,96.6,104.7,132.1,109.0,115.9,110.8,103.4,,94.6,107.4,94.3,102.8,94.3,81.9,94.5,88.5,78.2,94.1,105.7,101.8,106.9,101.4,100.3,101.6,112.9,115.2,113.8,98.7,99.3,100.3,96.1,101.4,98.0,102.7,100.2,103.7,97.6,109.8,96.2,114.7,115.1,,132.5,,124.7,123.8,116.7,,,,,,,128.8,128.0,111.0,98.3,114.6,,108.2,108.2,101.3,102.4,101.8,104.7,101.2,101.4,97.6,99.1,105.5,97.9,95.7,93.2,109.4,105.2,107.4,100.0,107.2,111.2,97.7,93.5,98.5,105.6,102.1,105.3,106.8,106.3,102.1,104.4,102.3,101.7,104.7,99.0,94.9,94.8,100.7,106.2,98.5,104.7,101.8
201406,103.4,103.7,101.8,102.0,102.1,101.1,102.8,101.8,102.3,102.8,102.8,101.3,101.1,102.0,101.8,99.6,102.6,98.8,105.9,99.9,108.8,96.4,111.6,112.6,101.5,96.7,99.0,106.9,89.4,130.3,98.6,109.3,111.2,102.7,121.1,122.3,138.6,105.1,,128.5,115.2,130.1,101.1,113.9,110.8,106.4,104.1,135.5,95.8,98.1,92.4,96.0,115.5,111.8,116.9,103.3,121.7,112.3,107.5,109.0,109.5,120.1,108.6,108.7,105.5,106.2,102.4,97.8,106.4,101.6,104.0,103.3,101.9,103.7,105.5,103.6,99.9,103.4,95.2,110.0,108.6,105.2,108.3,108.3,97.3,94.9,76.6,101.1,105.6,94.8,69.7,98.7,97.1,114.8,107.0,99.5,222.5,93.0,103.5,135.1,105.3,186.0,112.1,102.9,122.5,89.1,118.1,91.8,98.3,83.9,74.4,93.5,86.5,77.4,88.3,96.2,101.8,106.9,101.5,99.5,101.5,113.3,115.4,114.0,98.6,99.2,99.6,96.4,101.5,97.8,102.0,100.3,103.7,98.4,110.2,96.5,110.2,110.3,,143.3,,122.9,124.0,115.7,,,148.4,,,,111.9,100.0,,97.9,115.0,104.2,108.9,108.9,101.6,101.4,100.7,104.0,101.6,100.8,98.6,98.4,105.5,99.0,96.2,96.0,110.4,104.4,109.4,99.1,108.5,113.7,98.6,92.3,99.8,105.7,102.4,105.3,107.2,107.9,102.2,104.1,102.3,101.7,104.6,99.0,96.7,95.0,100.2,106.6,99.4,105.6,102.1
201407,103.4,103.6,101.4,101.7,101.7,100.9,102.3,101.3,102.2,102.7,102.8,101.0,100.6,101.8,101.6,98.9,102.4,97.2,105.8,98.9,107.3,95.6,112.6,114.1,101.9,104.2,104.7,105.8,102.1,127.7,99.9,109.5,110.6,107.0,118.7,120.8,139.4,106.6,,129.7,116.0,132.0,100.9,114.8,111.6,106.2,104.7,136.6,95.8,98.3,92.5,95.8,115.3,112.7,118.6,103.8,118.4,111.8,108.1,109.6,109.1,120.9,110.0,110.2,105.4,107.3,102.9,98.1,107.2,101.4,104.0,103.1,102.1,103.8,105.6,103.7,100.2,103.0,95.2,111.1,108.9,106.8,107.0,107.0,97.2,94.7,81.8,122.4,117.6,93.6,76.9,100.7,97.0,113.7,118.8,96.1,212.0,95.4,105.3,133.6,102.2,208.0,111.3,102.6,92.2,85.3,123.1,87.3,96.1,88.7,77.0,92.4,85.6,73.7,110.7,94.9,101.8,106.8,100.5,99.5,101.4,113.2,115.7,114.0,98.7,99.4,100.6,95.4,101.5,98.0,102.9,99.7,103.6,98.3,110.3,95.7,102.7,102.3,,151.5,,109.5,120.6,115.8,,,115.1,167.1,,115.9,98.0,90.6,,97.4,115.3,63.1,109.3,109.3,101.4,100.7,100.5,101.5,101.5,100.6,97.3,97.8,105.1,98.8,96.0,94.4,109.5,105.5,109.2,100.3,109.6,109.7,99.3,93.2,100.3,105.8,103.9,105.2,107.7,107.9,102.4,104.6,101.2,102.0,104.5,98.5,97.2,94.5,101.0,110.6,107.5,105.8,102.2
201408,103.7,104.2,101.3,101.1,101.1,100.6,101.5,100.0,102.4,103.0,102.6,101.7,100.3,101.0,101.6,99.6,101.8,97.3,105.6,99.8,107.6,96.8,116.5,120.6,106.1,121.7,126.3,113.3,103.5,129.9,110.6,133.7,111.4,117.6,123.4,120.7,139.3,110.8,,129.2,116.1,133.1,101.3,113.8,111.9,105.9,105.5,135.0,95.7,98.1,92.4,95.8,115.8,113.0,119.2,104.6,118.7,111.7,108.8,110.5,110.4,123.2,110.8,110.8,105.7,108.1,102.7,98.8,106.1,101.9,102.8,103.0,101.9,103.4,105.6,103.3,100.2,103.3,94.8,111.6,109.9,107.1,107.0,107.0,99.2,97.9,82.0,143.1,135.8,91.9,94.9,104.5,96.9,97.8,124.6,99.2,155.2,106.0,111.9,128.1,107.0,143.4,112.9,106.2,90.4,91.2,113.0,111.3,98.0,86.2,75.2,94.9,85.1,75.2,141.0,102.6,101.7,106.7,100.4,99.6,101.6,112.4,115.7,113.6,98.6,99.5,100.3,95.5,101.4,97.6,103.3,99.0,103.1,98.2,110.4,97.1,104.5,104.2,138.9,,,107.3,123.7,121.0,,111.9,91.2,115.5,,104.1,91.4,99.3,,97.5,116.9,,108.8,108.8,101.0,100.4,99.7,103.0,101.1,100.7,97.3,97.6,104.5,99.0,96.9,94.7,108.5,105.0,107.6,99.1,110.1,110.8,99.7,91.6,100.1,105.1,103.7,104.8,107.6,108.4,102.3,104.1,101.3,101.9,104.5,98.2,96.0,93.9,100.8,114.2,105.4,106.7,102.3
201409,103.9,105.4,101.0,100.5,100.5,99.9,101.0,100.2,102.5,102.9,103.0,101.7,100.1,101.6,101.4,99.5,101.3,96.7,105.5,98.5,107.7,94.9,115.8,119.1,105.3,113.0,102.6,110.6,98.1,129.6,111.4,135.7,111.5,108.9,115.4,124.2,140.0,110.4,,131.8,116.4,134.1,101.0,114.2,113.4,106.3,105.8,134.6,96.6,98.6,92.7,97.2,116.3,113.2,119.9,104.1,119.3,112.0,109.1,110.7,110.9,122.4,111.1,111.6,105.6,108.8,103.4,99.4,106.8,102.6,103.6,104.1,102.2,103.6,105.6,103.5,100.6,102.8,95.3,112.1,110.8,107.1,110.9,110.9,111.7,117.1,117.6,173.8,177.5,87.2,167.3,140.8,96.2,114.5,114.3,100.0,142.4,127.6,106.1,125.5,109.8,115.6,116.9,109.1,105.7,119.0,103.1,139.1,115.6,112.4,105.7,103.3,102.3,90.5,153.4,105.5,102.0,106.9,101.3,99.5,101.9,112.6,115.5,113.9,99.0,99.7,100.7,96.0,101.6,97.8,104.3,98.4,103.8,98.4,110.3,96.2,99.6,98.9,103.7,,166.2,107.1,123.1,122.5,,87.9,93.4,93.4,,105.6,,,,98.4,115.6,,111.1,111.1,100.7,100.0,100.3,98.7,100.7,100.6,97.8,97.1,104.4,98.8,95.9,94.1,107.1,105.2,105.0,99.2,109.2,107.4,99.9,92.9,99.8,105.1,104.3,104.9,107.6,108.1,103.2,104.3,102.6,101.1,104.3,98.5,97.4,94.5,100.3,116.4,106.6,106.4,102.5
201410,103.6,104.0,99.7,96.6,96.3,95.6,96.8,101.8,102.4,102.5,102.7,101.9,100.3,101.5,101.3,99.4,101.6,97.4,103.4,98.9,108.8,95.0,114.3,116.2,106.5,118.0,104.4,111.1,103.1,127.7,117.2,101.6,111.9,109.0,106.8,125.9,139.0,110.4,141.4,134.2,116.5,134.3,100.6,115.1,112.2,107.3,106.4,135.6,97.4,99.5,93.1,98.3,116.3,112.2,120.1,104.1,119.7,112.2,109.1,110.8,110.1,126.1,110.8,112.0,105.4,110.6,103.1,99.5,106.2,102.6,103.9,104.9,102.3,103.7,105.6,103.6,100.7,103.2,95.5,112.5,110.0,107.1,114.8,114.8,101.4,101.0,111.4,114.7,117.0,72.3,81.1,116.8,96.0,110.6,100.2,92.0,119.6,99.3,98.2,118.1,99.3,103.6,120.1,111.0,,97.3,98.0,100.7,96.2,111.7,85.0,101.4,99.4,93.7,142.0,100.0,102.1,107.0,101.5,99.9,102.1,112.6,115.1,113.9,99.1,100.0,100.6,95.9,101.9,97.6,103.9,99.7,104.6,98.7,110.4,96.2,93.4,92.4,86.1,,101.3,103.7,120.0,122.3,,83.3,,87.5,81.7,,,,,98.4,112.1,,112.1,112.1,100.4,100.0,100.1,99.6,100.4,100.5,97.6,96.9,104.7,98.5,96.7,92.2,107.4,103.6,104.9,99.5,106.3,108.6,100.4,93.2,98.7,104.8,104.9,105.1,107.6,108.2,103.3,104.2,103.3,99.2,104.6,102.4,98.5,91.8,100.2,119.8,107.7,106.7,102.7
201411,103.2,103.3,99.1,95.1,94.8,94.5,95.0,101.4,102.7,102.3,102.9,102.9,99.9,101.8,101.5,99.1,101.2,95.8,105.5,98.2,108.8,94.0,113.5,114.6,106.9,105.7,103.7,,96.9,126.3,114.8,98.2,109.3,106.8,98.5,128.0,139.1,110.2,134.8,134.7,117.7,135.5,101.3,117.2,114.5,107.2,107.0,136.5,97.3,98.7,92.9,98.7,116.3,111.8,120.1,105.1,119.1,112.3,109.8,111.7,111.0,127.1,111.4,112.7,106.9,110.2,103.0,99.7,105.7,102.9,103.9,105.2,102.5,103.9,105.6,103.8,101.0,102.8,96.1,112.5,110.1,106.9,115.1,115.1,94.7,90.6,66.6,91.6,76.8,63.6,67.3,79.8,96.1,112.5,102.6,87.0,108.9,73.0,92.0,112.2,96.3,98.8,120.4,110.8,,101.6,109.6,112.0,107.1,97.4,83.6,98.6,101.4,96.7,142.0,99.0,102.0,106.9,100.8,99.7,102.3,112.9,114.9,113.6,99.0,99.9,100.4,95.8,101.8,97.8,104.1,99.1,103.6,98.9,109.8,97.4,96.0,95.1,,105.0,94.7,104.7,119.5,123.3,,,,,75.4,,,,,98.0,111.3,,112.8,112.8,100.6,99.2,98.5,101.7,100.7,100.5,97.8,96.6,104.4,98.2,96.9,93.0,108.8,104.4,105.3,98.6,107.6,110.7,101.0,92.3,99.9,104.8,105.1,105.1,107.6,108.7,103.3,104.4,103.3,101.0,105.2,102.8,99.8,92.8,100.1,118.3,107.6,106.0,102.6
201412,103.3,104.2,98.7,94.1,93.8,94.0,93.6,99.3,103.0,102.4,103.1,103.3,99.8,101.8,101.3,98.1,101.1,96.1,105.4,96.4,108.8,91.6,117.1,120.7,107.3,113.8,107.5,,102.4,129.9,112.9,95.9,111.3,112.6,106.7,131.7,144.7,110.7,129.9,144.3,117.7,135.9,102.3,117.5,112.3,107.6,107.4,134.6,97.4,98.5,93.4,98.9,116.6,111.5,121.8,105.2,118.2,112.4,109.8,111.8,110.9,129.2,111.2,112.2,107.7,110.2,102.7,99.0,105.6,102.6,103.7,105.0,102.0,103.6,105.6,103.5,100.3,103.0,95.1,111.4,110.0,107.0,116.2,116.2,97.6,95.3,75.6,101.3,66.7,71.1,101.7,87.6,96.2,127.6,101.4,85.2,107.2,71.7,86.4,110.0,96.2,105.4,115.5,111.8,,113.4,130.4,133.5,135.5,98.4,92.0,100.7,106.1,98.7,129.3,108.7,101.8,106.7,99.3,99.4,102.2,112.8,114.7,113.8,98.7,99.8,99.6,95.8,101.5,97.5,104.4,100.0,101.9,97.8,110.2,95.9,104.2,103.8,,103.4,97.9,134.1,124.2,122.2,,,,,87.2,,,,151.3,98.1,114.2,,112.3,112.3,100.5,98.9,98.2,101.5,100.7,100.4,97.2,96.5,104.6,97.6,97.0,94.3,107.6,104.8,105.9,101.0,106.8,110.4,100.5,92.1,100.3,104.9,105.1,105.0,107.9,109.2,103.2,105.6,102.1,99.5,104.8,103.7,97.5,93.9,99.6,118.1,106.6,107.1,102.7
201501,103.1,105.9,98.8,93.6,93.3,93.7,93.0,99.4,102.8,102.2,103.0,103.0,101.4,101.8,101.4,101.2,104.4,97.4,106.1,95.9,108.0,91.2,117.3,120.6,110.5,117.0,106.1,,107.3,132.1,110.6,95.5,111.9,122.3,100.4,130.7,146.6,112.9,130.2,141.3,118.7,137.8,103.4,117.7,114.0,107.3,107.4,135.0,97.6,98.5,93.5,99.4,116.7,112.4,121.8,104.9,118.2,112.1,110.5,112.5,111.8,128.7,113.3,111.8,108.2,110.3,103.1,99.6,105.9,103.1,103.7,103.7,102.0,103.6,105.7,103.5,100.3,102.6,95.1,111.8,108.7,107.9,109.7,109.7,105.7,107.9,109.8,128.0,75.5,81.1,162.9,119.6,96.6,141.1,108.4,89.0,115.6,93.5,89.5,111.3,99.1,116.8,114.6,116.5,,118.6,130.6,143.3,147.7,101.9,125.0,111.6,118.0,101.8,139.7,125.5,101.8,106.9,100.4,98.3,102.4,113.0,115.3,113.7,98.7,100.1,99.9,95.0,101.5,97.0,104.4,99.7,102.2,98.2,110.0,96.4,119.3,119.7,,109.5,115.6,148.3,133.9,118.9,144.8,,,,,,,,138.0,101.1,116.6,,112.6,112.6,100.8,99.2,98.2,102.7,100.9,100.5,96.6,97.4,104.4,97.5,97.5,94.5,108.9,105.5,104.1,100.3,106.6,109.9,101.4,93.7,100.0,104.9,105.5,105.1,108.0,109.3,103.4,106.3,103.5,100.1,105.6,103.3,101.0,93.5,99.7,117.3,107.4,107.3,102.7
201502,102.9,105.5,99.1,93.2,92.8,93.2,92.4,100.8,102.9,102.1,103.1,103.4,102.4,101.4,100.9,103.6,107.5,97.8,105.8,97.7,108.9,93.4,116.5,118.9,108.2,126.0,104.9,,103.0,131.7,116.2,96.3,112.3,116.5,99.4,130.6,144.4,110.8,127.3,137.4,118.9,139.0,102.9,117.4,114.2,107.7,107.7,135.4,98.1,98.9,94.6,99.6,117.3,111.7,123.0,104.9,118.7,112.8,110.8,113.0,111.8,129.2,114.3,112.8,108.1,110.8,103.2,99.4,106.2,103.5,102.7,103.7,101.9,103.5,105.7,103.4,100.1,102.7,94.8,112.1,107.8,108.2,110.4,110.4,102.2,102.3,99.5,104.8,78.6,72.0,122.1,105.8,97.8,112.0,107.7,88.5,116.2,96.3,85.5,113.8,98.9,118.8,111.2,116.5,,112.1,119.2,133.6,150.5,107.9,128.4,104.8,105.0,94.8,147.3,136.0,101.9,107.0,101.6,99.0,102.2,112.8,115.4,114.1,98.8,100.0,99.9,95.5,101.5,97.3,104.2,98.8,102.6,99.0,109.9,94.8,120.7,121.2,,110.6,119.4,149.2,143.9,125.3,125.2,,,,,,,,135.3,104.0,119.4,,111.8,111.8,100.8,99.1,98.3,101.9,101.0,101.0,97.3,97.4,105.5,98.0,96.8,93.5,107.3,103.7,104.3,100.5,106.6,114.2,100.4,92.9,100.2,104.5,105.3,105.0,108.2,109.0,103.6,106.7,103.7,100.1,105.8,103.6,100.1,93.4,99.8,115.6,106.9,106.8,102.6
201503,103.3,105.5,99.0,92.7,92.3,93.0,91.7,100.3,102.9,102.3,103.0,103.2,102.7,101.9,100.7,104.5,108.2,97.5,105.8,98.4,108.4,94.5,115.4,117.2,108.1,114.9,93.0,113.7,101.6,130.5,109.6,94.9,111.0,112.8,114.2,129.9,142.6,106.7,125.9,134.5,118.9,138.1,102.8,118.5,113.8,108.2,108.9,136.0,98.3,99.7,95.0,99.0,116.9,112.8,121.9,105.6,118.0,113.0,111.3,113.4,113.0,130.2,114.8,112.5,108.2,111.0,103.5,99.8,106.2,104.4,102.7,103.7,101.8,103.5,105.7,103.4,99.9,102.5,94.4,112.2,108.8,108.0,111.0,111.0,102.2,102.3,85.4,95.7,96.3,71.4,109.8,108.6,96.8,111.1,109.2,94.4,117.5,93.9,85.5,112.9,100.2,122.8,111.1,116.3,,114.7,112.4,130.2,137.7,121.0,121.0,103.4,98.0,87.6,125.5,144.3,101.9,107.1,101.9,99.2,102.1,113.0,115.7,113.8,99.0,100.0,100.3,95.8,101.4,97.4,103.7,99.8,103.8,98.6,108.5,94.7,121.1,121.5,,112.7,125.4,144.6,142.3,128.5,127.3,,,,,,,,128.6,105.3,116.8,,113.9,113.9,100.5,98.3,97.1,102.6,100.7,101.3,96.7,96.4,104.7,97.9,96.4,92.6,105.1,103.0,103.5,107.7,108.6,110.2,100.7,91.8,98.0,105.8,105.5,105.1,108.3,109.0,102.9,107.4,104.0,99.6,105.4,100.5,101.4,91.8,100.2,118.5,108.0,107.8,102.5
201504,103.7,106.6,99.0,92.1,91.6,92.3,91.1,101.0,103.0,102.5,103.3,103.1,103.2,101.6,101.9,106.5,107.5,99.0,105.6,98.6,108.7,94.7,115.5,116.8,108.6,123.1,97.6,116.7,96.2,129.3,110.5,93.1,114.1,105.9,119.5,128.1,143.0,104.3,,134.1,119.3,138.4,102.3,120.4,114.7,108.1,109.1,136.3,99.4,100.5,96.6,100.2,117.7,112.0,122.9,105.7,119.8,114.0,111.8,114.0,114.9,132.1,114.4,112.1,108.7,111.9,104.0,99.8,106.6,106.0,102.7,106.3,104.7,106.0,108.2,105.8,103.3,103.1,99.2,115.2,110.0,108.7,112.1,112.1,108.8,112.3,120.3,119.2,147.5,78.4,118.4,147.9,96.6,130.1,116.2,111.2,119.5,118.8,105.2,113.8,101.8,141.0,109.7,116.4,,111.5,107.6,129.6,137.6,119.1,115.1,99.6,92.7,84.6,117.7,148.2,102.3,107.6,102.9,99.2,102.2,114.3,115.8,114.1,99.3,100.4,100.3,96.3,101.8,97.4,104.2,100.4,105.1,99.1,108.8,93.3,118.7,118.9,,122.9,,136.6,137.0,132.1,,,,,,,,,116.8,108.6,123.9,,114.9,114.9,101.1,99.5,98.3,103.9,101.2,101.4,96.6,96.7,105.5,97.5,95.6,95.6,106.6,102.7,102.2,109.6,109.0,112.7,99.3,92.1,98.1,110.4,105.8,105.4,108.2,109.3,104.3,108.2,104.3,100.6,106.2,99.5,101.7,89.5,101.0,118.2,109.6,109.0,102.3
201505,104.0,107.2,99.1,92.5,92.1,92.9,91.4,101.4,102.9,102.6,103.4,102.6,103.3,101.8,101.8,106.1,107.8,99.4,105.9,98.2,107.7,94.5,114.9,115.5,106.7,112.8,95.8,108.3,91.7,129.1,107.2,94.0,112.9,106.7,125.9,128.5,140.1,107.6,,131.4,119.4,137.3,102.5,120.7,115.7,108.8,110.7,136.8,100.3,101.0,97.8,101.2,118.1,113.5,123.4,106.3,119.5,113.5,111.8,114.0,114.0,132.2,115.1,112.1,108.8,112.3,104.1,99.7,106.9,106.4,102.7,106.7,104.9,106.8,108.6,106.7,102.8,102.8,98.8,116.4,109.8,106.6,113.4,113.4,110.5,114.8,162.6,118.1,198.2,99.7,99.1,126.8,97.8,123.6,123.5,130.7,139.6,132.2,109.9,116.3,108.0,156.0,110.8,118.4,,111.0,107.8,100.7,124.7,110.6,113.4,102.4,94.1,85.2,114.3,131.4,102.6,107.6,102.9,100.0,102.0,114.4,115.7,114.7,99.4,100.6,100.6,96.1,102.2,97.6,104.9,101.4,105.6,98.9,109.1,94.4,127.0,127.6,,145.2,,137.7,138.3,132.4,,,,,,,152.8,152.3,118.5,109.4,121.2,,116.0,116.0,101.6,99.0,98.0,102.7,101.9,101.2,96.3,97.1,104.4,97.4,95.5,96.3,105.9,103.9,104.1,111.4,109.5,112.9,102.0,92.8,97.9,114.3,106.1,105.4,108.9,110.1,104.7,108.6,103.3,99.9,107.4,99.5,101.6,91.5,100.5,117.6,109.9,109.3,102.2
201506,103.8,106.3,99.1,92.3,91.8,92.6,91.2,101.5,103.1,102.8,103.7,102.9,103.2,102.0,101.4,106.8,107.4,99.3,106.2,98.7,108.6,94.8,114.5,115.0,106.8,103.0,100.0,107.6,94.6,125.5,99.9,94.0,113.5,109.0,126.5,126.5,139.6,108.6,,132.9,119.2,136.1,102.8,120.0,116.4,108.8,110.8,136.7,100.6,101.9,97.7,101.3,117.0,111.8,120.5,107.0,119.9,113.7,112.2,114.5,114.9,133.7,115.6,112.4,109.0,112.6,103.9,99.3,106.7,106.2,102.7,106.9,105.2,106.6,108.8,106.5,103.6,103.1,100.3,116.2,109.5,106.8,113.2,113.2,105.7,107.4,100.2,112.6,178.3,108.2,83.3,118.5,98.5,119.9,128.6,135.1,207.2,100.4,121.1,122.6,116.2,233.7,113.3,118.1,125.1,98.4,116.2,92.7,111.4,101.1,90.1,101.8,92.2,82.4,106.2,107.7,102.7,107.9,103.2,100.0,102.3,115.0,115.8,114.1,99.4,100.4,100.9,96.1,102.5,97.8,104.3,101.4,106.1,99.9,109.6,94.9,115.5,115.4,,160.5,,136.5,139.2,132.2,,,151.0,,,,122.6,115.0,,109.8,119.8,88.8,117.2,117.2,101.6,98.7,97.5,102.7,101.9,101.4,96.2,96.1,105.2,97.6,96.0,97.2,106.2,102.9,104.6,113.1,111.1,111.6,101.1,92.1,99.2,116.6,106.4,105.2,109.1,110.9,104.8,108.4,103.8,100.1,106.8,98.7,102.7,92.8,101.0,118.6,110.6,110.5,102.5
201507,103.7,106.2,99.6,92.1,91.6,93.3,90.4,101.5,104.2,104.3,104.7,103.7,103.8,102.4,101.6,108.8,107.7,100.4,106.0,98.8,109.6,94.6,115.1,115.6,109.0,112.3,97.9,92.0,104.2,122.9,110.2,93.8,113.5,111.3,124.2,124.9,139.5,110.5,,132.0,120.0,137.5,103.0,120.4,119.7,109.1,111.0,136.7,100.9,102.2,98.1,101.4,117.6,112.6,122.0,107.6,119.2,114.4,112.1,114.5,115.3,134.9,115.6,112.5,107.8,113.3,103.8,99.3,106.6,106.1,101.5,106.9,105.3,107.0,108.9,106.8,103.4,103.6,99.8,116.9,109.0,106.9,112.8,112.8,105.8,107.4,91.4,133.8,148.4,116.9,90.8,113.8,98.3,120.3,145.8,145.0,198.3,118.4,110.2,124.4,122.6,225.4,112.1,118.0,106.2,91.7,129.3,99.0,113.6,97.2,93.2,100.4,94.3,82.1,124.8,88.8,102.8,107.7,102.2,100.4,102.4,114.5,115.8,114.1,99.9,101.2,101.6,95.8,102.4,97.9,104.4,102.0,107.1,98.6,109.9,93.0,108.8,108.2,,185.0,,115.1,134.7,138.4,,,114.0,170.4,,116.9,98.1,91.5,,113.4,117.0,73.6,118.5,118.5,101.5,98.6,97.6,102.2,101.8,101.6,96.0,96.4,104.7,96.5,95.4,97.5,105.2,101.8,103.5,112.3,112.0,113.1,103.8,91.2,98.8,116.9,107.1,105.4,109.5,111.2,104.8,108.9,103.6,100.8,107.0,99.3,105.6,92.3,100.8,125.0,109.2,111.8,102.6
201508,103.9,107.1,99.4,91.7,91.2,92.5,90.3,100.2,104.6,104.8,104.8,104.3,103.1,101.8,101.3,110.2,106.6,99.2,106.0,99.2,111.2,94.6,118.6,121.6,108.5,109.1,101.1,107.0,109.2,129.6,111.9,147.9,113.5,113.7,132.6,125.0,140.4,113.2,,131.5,119.8,136.2,102.4,121.7,121.0,108.9,112.2,135.4,100.9,102.4,98.0,101.3,118.2,112.2,123.8,107.6,119.0,114.5,112.1,114.7,115.7,133.7,115.9,113.5,107.2,113.4,103.1,98.8,105.6,105.7,101.5,107.0,105.2,106.9,109.1,106.8,103.4,103.0,99.4,117.2,110.3,107.4,113.5,113.5,107.4,110.0,105.9,158.3,165.7,103.7,115.4,115.0,98.1,104.3,146.7,132.4,171.9,122.1,130.1,123.4,130.9,180.4,112.9,119.2,112.3,105.7,126.4,102.7,105.2,93.4,92.9,102.8,94.4,82.3,124.6,95.9,102.7,107.7,100.9,98.8,102.6,115.2,115.9,113.9,99.4,100.3,101.3,95.9,102.7,97.3,105.1,102.7,107.2,98.6,110.2,94.7,115.0,114.8,146.7,,,110.6,133.6,141.6,,117.3,100.4,121.8,,117.7,106.7,108.3,,115.8,119.0,,119.0,119.0,101.8,98.7,97.7,102.3,102.1,101.6,95.9,96.8,103.9,97.4,97.3,95.6,104.3,103.2,104.3,112.2,109.4,112.0,109.3,91.7,99.8,117.5,107.9,105.3,109.4,110.6,104.8,108.6,103.9,100.7,106.8,98.8,105.5,92.9,100.9,135.4,108.8,112.1,102.6
201509,103.9,107.8,100.0,93.1,92.6,94.1,91.6,101.2,104.8,105.2,104.9,104.5,103.3,102.7,101.5,110.0,106.9,98.8,106.1,98.0,111.5,92.8,118.3,121.1,106.8,106.9,107.1,104.0,106.4,129.6,117.9,141.8,112.0,111.7,120.6,126.4,141.4,113.0,,134.2,120.2,137.5,102.4,121.3,122.3,109.4,112.0,135.7,101.2,102.5,97.8,102.2,117.5,111.9,122.4,108.0,118.5,114.7,112.8,115.5,116.8,138.3,115.9,113.4,108.1,113.5,103.5,99.1,106.4,105.5,101.5,107.9,105.2,107.0,109.1,106.9,103.3,103.0,99.5,117.2,109.4,107.2,117.5,117.5,113.9,119.9,123.0,172.3,168.8,99.1,145.1,141.2,97.8,113.3,127.5,111.2,152.9,125.2,121.6,123.5,110.8,132.5,114.6,119.5,100.2,115.7,124.7,139.3,118.4,120.7,104.2,107.3,99.1,86.4,167.4,108.0,103.1,108.2,101.6,102.3,102.6,115.6,115.8,114.4,99.7,101.1,100.7,96.3,103.0,97.6,104.7,103.0,107.8,99.4,110.2,96.1,108.9,108.2,104.4,,173.6,112.0,131.8,143.4,,97.4,103.0,103.2,,117.9,,,,114.6,118.6,,120.4,120.4,101.6,98.8,97.8,102.6,101.9,101.5,96.3,96.6,104.5,95.3,102.7,98.0,104.3,102.6,102.4,113.3,107.6,111.9,107.6,92.0,97.8,117.6,108.5,105.1,109.3,111.0,104.8,109.9,105.5,99.7,106.7,97.7,107.7,91.8,100.6,137.1,110.2,113.5,102.7
201510,103.9,107.5,100.8,94.9,94.5,95.6,93.7,102.3,105.4,105.3,105.2,105.7,103.5,103.2,102.1,109.7,107.8,97.8,104.8,97.9,112.2,92.3,117.3,119.2,109.3,94.8,102.5,116.5,104.8,128.7,116.4,120.9,112.9,107.8,114.5,127.0,142.7,112.8,160.0,134.3,120.7,138.9,103.1,122.0,121.0,109.3,112.6,135.9,101.6,103.1,97.9,102.7,117.2,110.6,121.5,108.4,119.0,114.7,112.9,115.7,116.4,139.7,116.4,113.0,109.1,113.7,103.1,98.5,106.0,105.5,101.5,108.4,105.3,107.0,109.1,106.9,103.5,102.9,99.9,116.8,108.5,107.7,119.6,119.6,112.2,117.1,154.4,133.8,136.5,91.3,160.8,135.4,98.1,109.5,117.1,99.4,140.5,112.8,109.7,123.6,100.5,114.0,117.1,121.8,,111.0,107.3,111.1,131.0,126.9,96.4,108.3,101.5,93.3,126.8,115.7,103.4,108.7,102.5,104.2,103.2,116.0,115.5,114.7,99.9,101.0,101.3,96.5,103.3,97.3,105.0,103.2,107.3,100.8,110.2,96.9,101.9,100.9,92.7,,107.3,107.8,128.1,144.5,,94.7,,100.3,82.0,,,,,113.6,115.9,,120.8,120.8,102.0,99.1,98.1,102.6,102.3,101.5,96.9,96.4,104.8,97.1,102.2,99.9,103.8,102.0,104.2,112.5,108.6,113.9,107.3,92.4,97.7,118.6,109.9,105.5,110.1,112.2,105.3,111.3,105.4,101.2,107.1,102.4,117.4,92.9,100.1,136.3,110.5,114.7,102.5
201511,103.5,106.3,101.0,95.4,95.0,95.5,94.6,102.1,105.3,105.3,105.8,104.9,103.8,103.1,102.2,108.7,108.0,99.1,107.3,97.8,112.5,92.1,116.8,118.3,108.1,93.0,102.4,,101.2,128.6,113.2,113.5,112.8,106.8,112.3,127.7,141.1,112.8,152.5,144.4,120.7,137.8,104.0,122.5,120.0,108.8,114.1,135.4,101.8,103.9,98.1,102.3,117.6,111.9,121.6,109.1,119.5,114.4,113.3,116.2,117.5,140.5,116.3,113.5,109.2,113.9,103.0,98.5,105.8,105.8,101.5,108.3,105.1,107.0,109.1,106.9,103.0,103.0,99.1,117.1,109.6,106.8,120.4,120.4,100.0,98.2,102.5,91.1,95.7,74.4,82.2,100.5,98.8,111.4,116.7,94.7,124.8,84.0,102.3,118.7,94.2,108.1,115.8,120.5,,96.1,105.8,102.1,112.2,104.2,85.0,102.7,100.6,95.6,110.9,121.7,103.3,108.8,102.2,105.9,103.3,116.1,115.1,114.7,99.6,101.1,101.1,95.5,103.2,97.1,105.0,103.1,107.4,100.7,110.1,96.4,103.7,102.7,,114.4,102.2,117.6,126.9,144.7,,,,,76.3,,,,,111.2,115.1,,121.2,121.2,102.1,97.7,96.6,101.9,102.6,101.5,96.9,96.0,105.4,96.6,102.4,98.6,104.4,102.8,102.9,113.7,108.4,114.1,108.2,93.2,97.4,119.6,110.2,105.4,110.0,112.6,105.3,111.4,105.5,100.6,107.7,103.3,120.4,92.7,101.1,136.4,110.5,114.7,102.4
201512,103.5,106.7,100.9,95.3,95.1,95.8,94.6,100.0,105.2,105.4,105.2,105.1,103.6,102.9,101.9,109.2,106.9,99.7,107.0,96.4,112.7,90.0,118.7,121.1,108.9,92.8,97.9,,101.4,132.7,104.5,110.6,112.4,112.2,110.8,128.5,142.1,114.2,144.2,146.7,121.7,141.6,104.6,122.9,119.6,108.6,114.7,135.6,101.6,103.0,98.4,102.3,117.6,111.7,122.5,109.6,118.0,115.0,113.8,116.9,119.5,143.2,116.5,113.2,109.2,114.0,102.8,98.2,105.4,106.1,101.5,108.6,105.2,107.1,109.1,107.0,103.1,102.9,99.2,117.0,109.8,107.0,121.1,121.1,98.7,96.3,68.8,98.0,69.9,77.5,102.0,80.4,98.8,126.2,115.5,92.6,121.5,70.4,95.7,118.6,91.8,111.1,116.0,122.5,,101.6,113.7,150.3,128.8,94.1,95.2,104.1,99.5,95.2,120.8,126.2,102.9,108.8,100.0,106.5,103.6,116.3,115.2,115.0,99.3,100.6,100.3,95.9,102.6,97.5,104.7,101.9,105.7,99.6,109.8,98.7,113.4,113.0,,111.1,109.6,158.4,128.7,135.5,,,,,94.9,,,,145.9,111.4,119.0,,121.6,121.6,101.6,97.8,96.5,102.5,102.1,102.1,96.4,95.8,104.5,96.5,102.4,99.5,102.4,102.9,104.4,113.4,106.3,113.6,108.4,91.9,98.2,119.9,110.0,106.0,110.3,112.7,105.5,111.5,105.4,99.9,107.4,105.1,117.7,92.7,100.1,135.5,109.2,115.6,102.7
201601,103.0,107.7,101.1,95.6,95.4,96.3,94.7,100.8,105.3,105.2,105.3,105.5,104.2,102.8,102.4,109.7,108.1,100.4,108.5,96.0,111.7,89.9,118.5,120.7,110.0,109.1,103.2,,105.7,130.9,113.3,108.5,115.8,115.1,116.5,131.0,141.1,115.5,139.7,141.3,121.9,143.3,103.9,122.6,119.2,108.7,116.3,135.6,101.9,103.8,98.3,102.5,117.3,111.7,121.7,109.8,117.9,115.0,114.0,117.1,120.2,143.6,116.1,113.6,109.3,114.2,102.7,98.5,104.9,106.3,101.5,106.6,105.0,107.0,109.2,106.9,102.9,103.0,99.6,116.7,107.3,106.2,112.4,112.4,102.2,101.7,68.2,110.2,73.2,83.3,132.8,93.4,99.5,150.6,121.0,92.9,130.5,74.7,92.3,118.8,91.6,119.5,115.0,121.9,,118.4,118.0,143.9,151.6,113.3,119.3,107.5,102.9,92.7,120.6,125.5,103.0,109.1,101.8,107.9,103.6,116.2,115.4,115.5,99.0,100.5,99.9,95.6,102.7,97.1,105.3,102.4,105.6,98.8,110.4,101.2,131.0,131.5,,118.8,131.9,172.2,131.4,134.8,147.4,,,,,,,,145.0,114.0,129.0,,121.5,121.5,101.6,97.1,96.0,100.9,102.1,102.3,96.1,96.3,105.0,97.0,102.8,97.9,103.6,101.1,101.5,112.0,108.2,114.2,108.6,92.3,97.4,118.6,110.3,106.2,110.0,113.2,105.7,112.4,105.9,100.7,107.4,104.4,121.3,92.2,101.1,133.4,110.9,115.5,102.7
201602,103.2,108.4,101.0,95.7,95.4,96.0,94.9,102.9,104.9,105.1,104.6,105.1,103.7,102.7,102.0,109.6,107.0,100.0,107.6,98.1,113.1,92.3,117.5,119.0,107.8,100.0,95.5,,105.4,130.2,109.3,108.8,117.1,116.0,119.9,127.7,139.5,112.5,132.2,140.7,122.4,144.5,103.5,123.9,120.5,108.8,116.2,136.0,101.5,103.2,98.7,101.7,117.3,111.8,121.8,110.2,117.5,115.4,114.0,117.1,119.9,145.1,115.6,113.1,110.0,113.9,103.0,98.3,105.6,106.8,101.5,106.9,105.2,107.0,109.2,106.9,103.2,103.0,99.7,117.2,108.8,106.7,113.0,113.0,106.5,108.3,74.3,122.9,85.6,84.3,134.6,119.0,99.2,124.5,116.3,102.1,135.5,88.5,90.9,119.4,92.1,123.2,113.8,121.3,,124.0,114.0,150.0,167.0,126.4,140.0,107.6,101.8,92.4,171.5,133.0,103.3,109.5,102.4,107.8,103.9,117.1,115.7,114.7,99.3,100.9,100.1,95.6,103.0,97.7,105.6,101.8,106.7,99.0,110.9,100.7,136.7,137.5,,122.9,147.5,170.3,139.1,135.0,131.6,,,,,,,,151.3,115.4,137.5,,122.2,122.2,101.9,97.9,96.7,102.6,102.3,102.4,95.9,96.3,105.3,96.7,103.1,97.3,102.1,101.6,104.4,112.6,107.9,115.3,109.1,92.6,97.4,118.9,109.9,106.6,110.3,112.9,105.6,112.8,104.7,101.2,107.1,103.7,119.9,92.9,100.3,130.0,110.7,115.9,102.7
201603,103.3,108.3,101.1,95.7,95.4,96.2,94.9,102.0,104.8,105.3,104.5,104.7,103.9,103.1,102.5,109.6,108.3,98.7,108.5,99.0,112.4,93.8,116.5,117.3,107.9,96.6,95.3,116.8,101.2,127.9,112.6,109.2,115.4,111.0,124.9,128.6,140.4,109.3,123.7,135.3,122.7,144.8,104.5,123.5,119.2,109.2,116.7,136.7,101.0,102.5,98.9,101.1,117.2,110.7,121.9,110.3,117.2,115.1,114.1,117.2,120.7,144.9,115.9,113.8,108.7,113.9,103.2,98.9,105.7,105.8,101.5,107.0,105.0,107.1,109.2,107.0,102.8,103.5,99.2,117.3,107.0,106.9,114.4,114.4,106.6,108.4,81.7,110.1,126.7,80.1,138.8,121.0,99.5,108.0,117.8,111.1,136.8,95.5,90.3,121.7,92.9,129.3,115.0,123.7,,123.6,111.8,126.2,143.5,126.7,129.9,104.3,99.0,89.2,162.6,141.9,103.3,109.6,102.3,107.9,104.3,116.3,115.9,115.6,99.0,100.8,99.8,95.2,103.3,97.3,105.5,102.6,107.9,100.2,110.6,98.8,135.2,135.9,,125.5,165.8,160.8,137.8,134.3,139.8,,,,,,,,140.4,116.5,136.1,,120.8,120.8,101.9,97.0,95.7,101.9,102.5,102.5,95.6,96.1,104.8,96.2,102.1,97.6,101.9,101.4,115.9,111.4,108.9,113.6,107.3,92.2,99.3,117.9,110.3,106.6,110.4,113.1,105.6,113.0,105.6,109.0,107.3,101.0,116.6,91.2,101.4,135.5,110.3,116.5,102.7
201604,103.4,107.9,101.1,95.9,95.5,96.2,95.1,102.7,104.6,105.0,104.4,104.5,103.9,103.1,102.3,108.5,108.0,99.2,108.3,99.3,113.2,93.9,115.8,116.2,108.2,92.9,94.6,116.6,92.7,130.2,112.0,106.9,116.6,106.3,132.1,129.1,137.9,104.6,,136.2,122.3,141.4,104.0,123.2,121.5,108.7,118.2,138.5,101.0,103.1,98.3,100.9,117.1,111.7,121.7,110.3,116.9,116.5,113.9,116.9,120.6,144.3,114.7,113.9,108.7,113.7,103.3,99.2,105.6,105.9,101.5,107.3,105.4,107.0,109.2,106.9,103.6,102.9,99.7,117.0,110.0,107.8,114.2,114.2,107.6,109.9,109.9,109.3,157.0,83.2,108.4,140.0,99.8,117.5,117.7,133.7,141.4,113.8,106.8,125.9,93.4,143.9,114.9,120.8,,112.4,102.5,103.0,127.6,123.7,102.4,99.4,92.6,84.4,129.8,165.3,103.5,109.7,102.0,109.6,104.4,116.3,115.9,115.1,99.1,100.8,99.4,95.7,103.6,97.5,105.1,102.7,109.4,100.5,110.8,100.8,125.2,125.4,,136.1,,151.3,136.6,138.2,,,,,,,,,117.2,119.3,141.4,,120.8,120.8,101.9,97.3,96.7,99.6,102.5,102.5,95.7,95.5,105.1,95.9,102.0,96.1,103.0,102.5,114.9,112.2,109.3,111.9,107.3,92.3,100.6,117.6,110.2,106.3,110.2,113.3,105.6,112.6,104.6,107.4,107.4,98.8,119.5,91.2,101.5,136.6,110.4,117.1,102.8
201605,103.6,108.1,101.1,95.7,95.3,96.4,94.6,103.0,105.2,105.6,104.9,105.3,103.2,103.6,101.1,109.3,106.3,98.5,108.3,99.8,111.9,95.1,115.9,116.5,106.5,92.5,91.6,121.6,93.8,130.2,108.8,106.5,116.1,105.5,137.6,127.6,137.1,105.5,,139.5,122.3,143.4,104.6,122.3,119.5,108.0,118.9,136.0,101.1,103.3,98.6,100.7,116.7,110.9,120.9,110.6,116.7,116.6,113.8,117.0,121.0,144.3,114.7,114.3,108.3,113.2,102.5,98.4,105.0,104.7,101.6,106.8,105.0,106.8,109.3,106.7,102.9,102.8,99.1,117.2,108.5,107.1,113.8,113.8,106.6,108.2,114.6,112.4,142.5,109.2,89.6,115.4,99.6,122.8,121.4,135.9,149.0,111.2,121.0,128.7,95.3,159.4,115.4,119.6,,108.0,98.5,96.7,119.5,103.9,96.1,101.1,92.8,83.0,110.2,142.2,103.6,109.9,102.8,109.9,104.1,116.7,116.2,115.6,99.3,100.6,100.3,95.9,103.7,97.4,105.8,103.8,109.3,99.9,110.9,99.4,132.2,132.8,,152.1,,151.1,135.4,137.8,,,,,,,151.8,139.4,123.9,119.2,132.9,,122.1,122.1,102.2,96.5,95.8,99.3,102.9,102.2,95.8,96.1,104.7,95.6,102.2,97.8,102.7,102.3,115.6,111.7,114.1,112.2,108.6,91.3,101.1,117.0,109.8,106.3,110.3,113.3,104.7,112.4,104.1,107.3,107.3,98.9,117.6,90.5,101.7,136.6,109.6,117.0,102.2
201606,103.3,107.5,100.9,95.7,95.3,96.4,94.6,103.2,104.6,105.5,104.4,104.2,103.1,103.1,101.4,109.3,106.8,98.1,108.1,99.8,112.1,95.0,116.2,116.5,106.4,97.6,94.7,108.4,99.5,127.2,106.2,106.8,118.0,109.1,134.9,125.1,139.1,108.2,,143.2,123.2,144.6,105.3,121.8,120.7,108.4,121.1,138.4,101.6,103.3,98.7,101.9,117.2,111.1,122.0,110.0,117.0,117.1,114.2,117.5,121.7,143.7,115.6,114.5,108.7,113.5,102.4,97.9,105.1,104.9,101.6,106.6,105.1,106.7,109.3,106.6,103.2,103.2,99.5,117.0,109.1,107.3,112.2,112.2,106.3,107.7,102.3,116.3,136.4,116.8,81.0,121.4,99.9,124.0,131.6,135.2,226.9,105.5,115.2,132.0,118.6,241.8,115.0,121.3,115.8,103.4,109.6,99.0,115.5,98.1,87.5,99.9,91.3,81.3,101.3,126.7,103.8,110.5,101.8,110.0,105.0,118.3,116.5,115.9,99.5,100.7,100.8,96.0,103.6,97.7,105.1,103.5,110.8,99.6,110.1,100.7,114.7,114.3,,165.9,,148.7,135.3,137.3,,,146.5,,,,120.6,110.0,,121.4,124.7,74.9,121.4,121.4,102.8,96.8,95.7,100.6,103.5,102.2,96.2,96.2,105.1,95.6,101.8,97.5,104.7,102.5,115.0,111.8,118.1,112.7,109.9,91.2,101.0,118.2,110.0,106.1,110.7,113.8,104.4,112.3,103.6,109.6,107.3,98.4,118.2,90.1,101.6,137.1,109.7,117.3,102.9
201607,103.2,107.5,101.1,95.8,95.4,96.3,94.7,103.0,105.0,105.4,104.6,105.1,103.4,103.3,101.5,109.6,107.0,98.6,108.5,99.5,111.8,94.7,116.8,117.4,105.8,97.0,98.0,99.0,106.3,128.1,109.1,105.9,116.4,112.3,133.9,126.5,139.9,110.8,,145.2,123.2,145.6,105.0,121.8,118.0,108.2,125.4,138.4,101.8,103.5,98.6,102.4,117.9,110.3,123.9,110.8,116.9,116.7,114.4,117.8,121.9,145.3,116.2,114.8,108.5,113.8,102.2,98.0,104.9,104.3,101.6,106.1,104.9,106.8,109.2,106.7,102.8,103.0,99.3,117.1,107.0,107.0,110.6,110.6,105.8,106.8,85.8,135.3,120.9,117.4,71.7,116.6,100.2,121.9,135.4,128.9,222.1,130.4,110.9,130.4,135.3,241.3,116.2,121.2,104.4,99.8,122.3,112.6,111.6,96.9,92.7,96.9,89.8,78.4,100.7,119.1,104.0,111.2,101.6,110.6,106.1,119.7,116.0,116.1,99.6,100.9,101.3,95.8,103.4,97.3,105.0,104.0,110.6,98.7,110.4,100.6,112.6,112.1,,170.7,,128.6,129.6,137.5,,,118.3,169.5,,119.4,105.1,100.3,,120.9,119.7,69.6,121.9,121.9,102.5,96.3,94.9,101.8,103.2,102.2,96.4,96.6,105.2,95.6,102.1,97.0,104.0,101.7,116.7,109.4,119.1,111.5,108.3,90.8,100.7,118.5,110.0,106.1,110.9,113.8,104.9,112.2,102.9,108.4,107.2,98.8,118.2,90.9,101.5,137.8,108.8,116.9,102.7
201608,103.3,107.7,101.1,95.7,95.5,95.7,95.3,101.4,105.1,104.7,105.6,105.1,103.2,103.4,101.5,109.5,106.7,98.0,108.6,99.6,112.0,94.8,120.2,123.1,107.2,111.2,102.5,109.8,110.2,130.5,116.6,143.6,114.5,109.4,143.4,126.5,140.2,115.2,,146.2,123.8,145.7,106.7,122.3,117.7,107.8,127.1,138.3,101.8,103.6,98.6,102.1,117.7,110.8,123.0,110.3,117.3,116.5,114.3,117.8,122.9,146.1,116.5,113.8,107.5,114.1,102.0,97.8,104.6,104.1,101.6,106.2,105.1,106.7,109.3,106.5,103.5,102.6,99.8,117.4,109.5,107.4,110.0,110.0,104.3,104.5,76.0,141.1,113.6,101.3,75.5,116.1,100.3,108.3,132.8,125.1,198.9,122.9,131.8,127.4,148.1,172.9,119.9,121.8,99.6,95.0,122.9,95.7,97.6,95.1,86.0,98.6,90.6,78.1,103.4,112.0,103.9,111.5,100.1,109.9,106.5,121.3,116.0,116.0,99.5,100.6,101.4,95.7,103.2,96.9,105.3,103.3,110.1,98.3,110.6,101.3,116.4,116.1,132.9,,,124.2,127.8,139.3,,119.0,99.4,121.6,,115.0,110.5,113.8,,121.4,121.8,,122.3,122.3,102.4,96.5,95.0,102.3,103.1,102.2,95.6,96.3,104.6,95.5,103.0,97.5,103.0,101.3,118.0,110.7,118.8,111.8,109.7,89.8,100.5,117.4,109.9,106.3,111.3,113.8,104.9,112.5,103.4,108.3,107.1,99.1,118.7,90.6,101.6,137.8,107.6,116.4,102.2
201609,103.3,108.4,101.4,96.8,96.6,97.0,96.3,101.5,105.1,104.4,105.7,105.2,103.2,103.3,101.5,108.3,107.1,98.1,108.5,99.3,112.1,94.4,122.7,127.0,109.4,112.0,103.3,104.0,107.1,132.0,122.2,162.5,116.0,110.8,143.4,126.8,140.7,113.4,,148.2,124.8,148.2,106.8,122.1,120.9,108.1,128.8,138.4,101.7,103.3,99.1,102.0,118.0,111.4,123.1,110.4,117.9,116.9,114.6,118.1,123.9,145.3,116.3,114.0,108.1,113.9,102.0,97.6,105.0,103.5,100.9,106.4,105.2,106.9,109.3,106.8,103.3,102.7,99.6,117.2,109.9,106.7,110.8,110.8,111.4,115.6,90.3,184.8,133.2,99.5,126.0,143.1,99.8,113.9,118.3,121.8,160.5,140.7,167.5,122.5,134.1,119.1,122.6,121.6,101.7,116.5,123.2,115.6,108.7,102.9,87.1,104.9,94.0,83.4,159.3,113.6,103.9,112.0,100.8,110.8,107.2,121.4,115.7,117.6,99.2,100.5,100.6,95.5,103.0,96.6,105.5,103.0,109.7,98.3,110.3,101.1,104.9,103.9,101.5,,158.7,123.6,126.3,141.6,,88.0,94.3,98.7,,118.1,,,,120.4,119.2,,122.9,122.9,102.5,96.7,95.0,103.1,103.2,102.1,96.2,95.8,105.2,94.1,103.0,97.7,104.1,101.4,118.5,109.9,116.0,114.0,106.1,91.6,101.1,118.8,110.2,106.5,110.9,114.3,103.7,112.7,104.8,107.6,108.1,98.8,117.6,91.8,101.5,138.4,109.2,117.1,102.5
201610,103.9,109.9,102.4,99.1,98.9,99.1,98.8,103.4,105.6,104.2,105.6,106.8,103.3,103.6,102.0,108.3,106.8,98.3,107.0,98.2,112.0,92.9,121.3,124.3,109.3,111.5,96.0,110.7,103.3,135.4,117.6,124.5,116.4,110.4,154.2,127.6,140.1,113.4,143.0,147.9,125.2,152.0,106.1,122.4,118.4,108.7,128.9,137.8,101.5,102.8,99.4,101.7,118.7,111.5,124.1,111.0,118.5,117.9,114.3,117.9,123.5,145.8,115.1,113.5,108.8,113.6,101.6,97.3,104.3,103.8,100.9,106.6,104.9,106.7,109.3,106.5,102.9,102.9,99.2,116.5,108.1,107.1,112.9,112.9,124.1,135.0,134.0,196.6,160.3,114.5,248.9,168.1,99.6,111.3,109.9,117.8,152.2,147.8,189.2,122.3,110.2,114.7,125.5,124.6,,135.6,118.0,147.2,132.8,128.0,109.7,109.2,96.1,88.5,159.6,126.7,104.3,112.5,101.8,111.9,107.6,121.7,115.8,120.2,99.2,100.5,100.0,95.9,103.9,96.9,106.1,104.1,110.0,99.8,111.0,102.4,111.3,110.7,100.4,,119.8,126.7,128.3,141.6,,105.7,,118.0,86.7,,,,,118.8,119.4,,122.2,122.2,102.4,96.2,94.9,100.7,103.1,102.1,95.9,95.9,105.1,94.6,102.0,98.1,104.0,101.7,115.3,109.4,114.7,113.3,108.9,92.6,99.7,118.9,110.5,106.4,111.5,114.6,103.7,112.7,105.2,109.0,107.4,102.4,116.6,89.8,100.6,138.2,109.8,117.5,102.6
201611,103.9,110.0,102.5,99.5,99.3,99.2,99.4,102.6,105.7,104.0,106.7,106.0,103.2,103.8,101.4,107.9,107.2,97.8,106.4,98.2,112.4,92.7,122.1,125.4,109.2,102.5,99.8,,104.3,137.8,120.7,112.2,115.4,109.8,170.1,129.2,138.4,114.2,136.8,151.1,126.1,151.4,107.1,123.4,120.6,108.0,131.7,139.6,101.5,102.6,99.0,102.0,118.6,111.4,124.5,111.2,117.3,119.9,114.5,118.2,123.8,145.0,115.6,115.0,108.1,113.9,101.6,97.2,104.5,103.3,100.9,106.7,104.7,106.9,109.3,106.8,102.3,102.8,98.6,116.9,107.3,106.1,114.1,114.1,123.0,133.3,184.2,147.0,185.7,104.4,165.2,145.3,100.0,107.1,113.5,112.2,138.8,151.1,180.2,125.0,99.6,110.7,126.9,125.6,,136.7,130.3,156.1,141.6,149.4,127.4,107.7,99.6,93.5,144.6,125.9,104.3,112.8,102.8,112.5,107.6,122.5,115.4,121.7,98.7,100.1,99.6,95.4,104.0,96.8,107.3,104.2,110.7,99.4,110.4,101.2,116.1,115.8,,130.1,117.5,140.5,125.9,140.6,,,,,87.8,,,,,116.3,123.2,,122.9,122.9,102.1,95.6,94.4,100.0,102.9,102.1,95.9,95.7,104.8,94.8,103.1,97.9,104.2,101.4,114.1,111.1,113.7,112.2,109.2,92.4,99.3,117.8,110.4,106.4,111.5,114.9,103.0,112.3,105.8,108.6,107.9,103.4,116.6,90.0,100.5,136.6,109.8,117.5,102.5
201612,103.7,109.3,102.6,100.0,100.0,99.8,100.2,99.7,105.7,104.2,106.1,106.4,103.2,103.6,102.0,106.7,106.9,98.1,107.8,96.7,111.8,90.8,122.5,125.9,110.2,97.8,99.5,,103.9,139.2,109.0,111.3,116.8,110.6,171.7,131.9,139.7,113.8,132.8,154.1,126.5,149.4,107.8,124.2,121.8,108.0,132.7,142.3,101.3,102.3,99.0,101.9,119.1,111.1,125.6,111.2,117.7,121.2,114.6,118.5,125.1,146.0,115.5,114.1,108.7,113.7,100.9,95.9,104.1,103.0,100.9,107.5,104.7,106.6,109.3,106.5,102.6,102.7,98.8,117.1,108.2,106.6,117.7,117.7,112.4,117.0,119.2,114.2,119.6,96.4,131.8,121.4,101.0,117.4,115.2,113.4,125.9,108.5,124.2,136.8,94.6,114.3,134.8,120.9,,115.4,136.9,146.7,147.6,151.8,111.1,104.2,103.1,98.3,132.7,129.6,104.2,112.5,99.7,111.1,107.7,122.7,115.1,122.9,98.9,100.4,99.3,95.9,103.8,96.9,107.6,104.4,109.3,98.6,110.9,99.4,124.2,124.4,,127.1,121.1,164.8,131.4,137.4,,,,,96.6,,,,164.0,114.1,125.6,,121.2,121.2,101.9,95.2,93.5,101.4,102.7,102.0,95.6,95.4,104.6,94.3,102.4,97.3,103.3,100.9,118.1,109.6,112.9,112.5,109.6,91.6,100.0,118.8,110.5,105.8,112.2,115.0,103.5,112.7,104.6,109.5,107.9,104.3,117.0,90.6,100.7,135.0,109.6,117.7,102.5
