類・品目,調理食品,主食的調理食品,すし（弁当）,弁当,おにぎり,調理パン,冷凍調理ピラフ,調理パスタ,他の調理食品,うなぎかば焼き,サラダ,コロッケ,豚カツ,からあげ,ぎょうざ,やきとり,冷凍調理コロッケ,冷凍調理ハンバーグ,調理カレー,混ぜごはんのもと,煮豆,焼き魚,きんぴら,飲料,茶類,緑茶,紅茶,茶飲料,コーヒー・ココア,インスタントコーヒー,コーヒー豆,コーヒー飲料,他の飲料,果実ジュース,果汁入り飲料,野菜ジュース,炭酸飲料,乳酸菌飲料Ａ,乳酸菌飲料Ｂ,ミネラルウォーター,スポーツドリンク,酒類,清酒,焼ちゅう,ビール,発泡酒,ウイスキー,ワイン,ワイン（輸入品）,チューハイ,ビール風アルコール飲料,外食,一般外食,うどん,中華そば,＊沖縄そば,スパゲッティ（外食）,すしＡ,すしＢ,親子どんぶり,天どん,カレーライス,牛どん,フライ,フライドチキン,ぎょうざ（外食）,ハンバーグ,焼肉,お子様ランチ,ハンバーガー,サンドイッチ,ピザパイ,ドーナツ,コーヒー,ビール（外食）,学校給食,学校給食（小学校低）,学校給食（小学校高）,学校給食（中学校）,住居,家賃,民営家賃,民営家賃,公営・都市再生機構・公社家賃,公営家賃,都市再生機構・公社家賃,持家の帰属家賃,持家の帰属家賃,設備修繕・維持,設備材料,システムバス,温水洗浄便座,給湯機,システムキッチン,板材,塗料,錠,工事その他のサービス,畳表取替費,水道工事費,左官手間代,塀工事費,植木職手間代,板ガラス取替費,ふすま張替費,大工手間代,ルームエアコン取付け料,火災保険料,光熱・水道,電気代,電気代,ガス代,都市ガス代,プロパンガス,他の光熱,灯油,上下水道料,水道料,下水道料,家具・家事用品,家庭用耐久財,家事用耐久財,電子レンジ,電気炊飯器,電気ポット,ガステーブル,電気冷蔵庫,電気掃除機,電気洗濯機（全自動洗濯機）,電気洗濯機（洗濯乾燥機）,電気アイロン,冷暖房用器具,ルームエアコン,温風ヒーター,電気カーペット,一般家具,整理だんす,食堂セット,食器戸棚,室内装備品,置時計,照明器具,カーペット,カーテン,寝具類,ベッド,布団,毛布,敷布,布団カバー,家事雑貨,食器類,飯茶わん,皿,コーヒーわん皿,ガラスコップ,ワイングラス,台所用品,台所用密閉容器,なべ,フライパン,たわし,他の雑貨,電球・蛍光ランプ,タオル,ビニールホース,浄水器,マット,家事用消耗品,ティシュ・トイレットペーパー,ティシュペーパー,トイレットペーパー,洗剤,台所用洗剤,洗濯用洗剤,他の消耗品,ラップ,ポリ袋,殺虫剤,防虫剤,柔軟仕上剤,芳香消臭剤,キッチンペーパー,家事サービス,家事代行料,家事代行料,清掃代,し尿処理手数料,リサイクル料金,他の家事サービス,モップレンタル料
Group/Item,Cooked food,"Cooked food with rice, bread or noodles",Sushi (Box lunch),Box lunch,Rice balls,Sandwiches,Frozen pilaf,Cooked pasta,Other cooked food,"""Kabayaki"", broiled eels",Salad,Croquettes,Pork cutlets,Deep fried chicken,"""Gyoza""","""Yakitori"", grilled chicken",Frozen croquettes,Frozen hamburg steak,Cooked curry,"""Mazegohan no moto"", prepared materials to steamed rice with assorted ingredients",Boiled beans,Grilled fish,"""Kimpira""",Beverages,Tea,Green tea,Black tea,Tea beverages,Coffee & cocoa,Instant coffee,Coffee beans,Coffee beverages,Other beverages,Fruit juice,Beverages which contains juice,Vegetable juice,Carbonated beverages,"Fermented lactic drinks, sterilized (""Calpis"")","Fermented lactic drinks, unsterilized (""Yakult"")",Mineral water,Sports soft drinks,Alcoholic beverages,"""Sake""","""Shochu"", distilled spirits",Beer,Low-malt beer,Whisky,Wine,Wine (imported),"""Chu-hi"", liquor with soda & fruit",Beer-flavored alcoholic beverages,Meals outside the home,Eating out,Japanese noodles,Chinese noodles,"*""Okinawa"" noodles",Spaghetti (eating out),"""Sushi""-A","""Sushi""-B",Chicken & eggs on rice,"""Tendon"", prawns ""Tempura"" on rice",Curry & rice,Beef bowl,Fried food,Fried chicken,"""Gyoza"" (eating out)",Hamburg steaks,Broiled meat,Lunch for children,Hamburgers,Sandwiches (eating out),Pizza,Doughnuts,Coffee,Beer (eating out),School lunch,"(elementary school, lower grades)","(elementary school, higher grades)",(junior high school),Housing,Rent,"House rent, private","House rent, private","House rent, public, Urban Renaissance Agency & public corporation","House rent, public","House rent, Urban Renaissance Agency & public corporation",Imputed rent,Imputed rent,Repairs & maintenance,Materials for repairs & maintenance,Custom bath,Toilet seat with a hot douche,Hot-water supply equipment,Custom kitchen,Board,Paint,Locks,Service charges for repairs & maintenance,"""Tatami"", reupholstering",Plumbing,Plastering,Fence construction,Gardening,Sheet glass replacement,"""Fusuma"", sliding doors reupholstering",Carpentering,Installing air conditioner,Fire insurance premium,"Fuel, light & water charges",Electricity,Electricity,Gas,"Gas, manufactured & piped",Liquefied propane,Other fuel & light,Kerosene,Water & sewerage charges,Water charges,Sewerage charges,Furniture & household utensils,Household durable goods,Durable goods assisting housework,Microwave ovens,Electric rice-cookers,Electric pots,Gas cooking tables,Refrigerators,Vacuum cleaners,Washing machines,Washing & Drying machines,Electric irons,Heating & cooling appliances,Room air conditioners,Fan heaters,Electric carpets,General furniture,Chests of drawers,Dining sets,Kitchen cabinets,Interior furnishings,Clocks,Lighting apparatus,Carpets,Curtains,Bedding,Beds,Quilts,Blankets,Sheets,Quilt covers,Domestic utensils,Tableware,Rice bowls,Dishes,Coffee cups & saucers,Glasses,Wine glasses,Kitchen utensils,Sealed kitchenware,Pans,Frying pans,Scrubbing brushes,Other domestic utensils,Fluorescent lamps,Towels,Vinyl hose,Clean water equipment,Matting,Domestic non-durable goods,Facial tissue & rolled toilet paper,Facial tissue,Rolled toilet paper,Detergent,"Liquid detergent, kitchen","Detergent, laundry",Other non-durable goods,Food wrap,Plastic bags,Insecticide,Moth repellent for clothes,Fabric softener,Fragrance,Kitchen rolls,Domestic services,Domestic help,Domestic help,Cleaning fees,Charges for treatment of human waste,Recycle fees,Other domestic services,Charges for mop-rental
類・品目符号(Group/Item code),0034,0035,1795,1791,1793,1792,1794,1796,0036,1801,1811,1821,1831,1842,1881,1843,1851,1852,1871,1891,1812,1802,1813,0037,0038,1902,1911,1914,0039,1921,1922,1923,0040,1930,1931,1941,1951,1971,1972,1982,1981,0041,2003,2011,2021,2026,2033,2041,2042,2012,2027,0042,0043,2101,2102,2111,2112,2123,2121,2131,2132,2133,2136,2142,2164,2134,2141,2145,2143,2135,2161,2144,2163,2162,2171,0044,2181,2182,2183,0045,0046,0047,3000,0048,3016,3017,0050,3030,0051,0052,3101,3103,3104,3105,3121,3143,3124,0053,3151,3176,3173,3175,3174,3161,3171,3172,3177,3180,0054,0056,3500,0057,3600,3612,0058,3701,0059,3810,4610,0060,0061,0062,4003,4002,4005,4011,4021,4032,4042,4043,4052,0063,4063,4072,4074,0064,4081,4092,4083,0066,4101,4115,4121,4141,0070,4201,4211,4231,4251,4271,0073,0074,4301,4302,4325,4322,4324,0075,4323,4331,4334,4342,0076,4352,4361,4392,4394,4362,0077,0078,4412,4413,0079,4431,4441,0080,4401,4402,4451,4461,4442,4471,4403,0081,0174,4501,0175,4510,4521,0176,4701
含類総連番(Serial number),198,199,200,201,202,203,204,205,206,207,208,209,210,211,212,213,214,215,216,217,218,219,220,221,222,223,224,225,226,227,228,229,230,231,232,233,234,235,236,237,238,239,240,241,242,243,244,245,246,247,248,249,250,251,252,253,254,255,256,257,258,259,260,261,262,263,264,265,266,267,268,269,270,271,272,273,274,275,276,277,278,279,280,281,282,283,284,285,286,287,288,289,290,291,292,293,294,295,296,297,298,299,300,301,302,303,304,305,306,307,308,309,310,311,312,313,314,315,316,317,318,319,320,321,322,323,324,325,326,327,328,329,330,331,332,333,334,335,336,337,338,339,340,341,342,343,344,345,346,347,348,349,350,351,352,353,354,355,356,357,358,359,360,361,362,363,364,365,366,367,368,369,370,371,372,373,374,375,376,377,378,379,380,381,382,383,384,385,386,387,388
ウエイト(Weight),88345330,36199922,12126329,13454214,3838322,3928686,1902239,950132,52145408,4472516,4271875,4920348,3892249,9102356,4552845,2709358,3975506,3975506,1141521,761063,1521321,4186030,2662914,44766611,11805478,5228678,1005653,5571147,8651885,2307382,2307382,4037121,24309248,2845001,2372221,4269442,4080989,758768,3038940,2625394,4318493,39426117,5927114,6882829,13376455,4185205,1189713,714952,1668678,1295966,4185205,168111926,157873696,8416437,9587267,11749,3236355,5171169,15515307,1354609,4062580,13199999,3723808,1692867,9814895,7320553,3920164,22221005,212353,6937134,850898,4467598,2978519,5616174,27562256,10238230,3286465,3286465,3665300,670268861,588985146,84334656,84334656,12499014,6872081,5626933,492151476,492151476,81283715,22861072,2899466,2899466,8699785,4834119,1411202,1058517,1058517,58422643,1083813,7564326,4022533,12062322,2805282,3074397,3074397,3074397,6148902,15512274,222477832,99967498,99967498,55714670,30260907,25453763,15764004,15764004,51031660,31520698,19510962,109055487,38125359,19128266,1305873,2522198,630408,1970339,6716581,1883493,2313956,1541960,243458,13807063,11292668,2111757,402638,5190030,1459473,2629512,1101045,7480339,728674,1364464,3421652,1965549,7435207,1697415,3422291,600909,917897,796695,22172244,4363349,1239471,1239471,619917,632245,632245,5505493,632245,2135484,2135484,602280,12303402,3291499,3592572,1354354,1354354,2710623,24048248,5941899,2341608,3600291,7838902,3166311,4672591,10267447,1468824,2203792,2166818,542104,1295303,1295303,1295303,9794090,1568387,1568387,3959836,1265593,2694243,4265867,4265867
ウエイト１万分比(Weight per 10000),280,115,38,43,12,12,6,3,165,14,14,16,12,29,14,9,13,13,4,2,5,13,8,142,37,17,3,18,27,7,7,13,77,9,8,14,13,2,10,8,14,125,19,22,42,13,4,2,5,4,13,532,500,27,30,1,10,16,49,4,13,42,12,5,31,23,12,70,1,22,3,14,9,18,87,32,10,10,12,2122,1865,267,267,40,22,18,1558,1558,257,72,9,9,28,15,4,3,3,185,3,24,13,38,9,10,10,10,19,49,704,317,317,176,96,81,50,50,162,100,62,345,121,61,4,8,2,6,21,6,7,5,1,44,36,7,1,16,5,8,3,24,2,4,11,6,24,5,11,2,3,3,70,14,4,4,2,2,2,17,2,7,7,2,39,10,11,4,4,9,76,19,7,11,25,10,15,33,5,7,7,2,4,4,4,31,5,5,13,4,9,14,14
197001,22.5,,,,,,,,22.4,22.4,15.9,18.9,,,,,,,,,,,,51.4,35.9,27.3,67.2,,54.2,58.7,,,59.0,,66.5,,65.8,59.2,,,,43.2,41.7,26.5,42.2,,77.8,,,,,24.2,24.1,14.5,17.0,,,,21.7,23.4,,21.4,,,,,,,,,,,,23.2,30.9,,,,,25.3,26.9,30.4,30.4,19.7,20.6,18.6,26.3,26.3,20.0,31.3,,,,,21.7,,,18.2,18.2,7.45,15.6,15.4,,19.9,15.2,15.5,,52.5,34.6,67.7,67.7,27.9,33.6,22.2,18.7,20.7,,20.5,,68.6,160.6,330.9,,198.0,,75.1,846.2,329.5,,,170.4,188.5,,90.5,,34.1,30.8,,,63.0,43.2,,115.7,40.8,65.7,,103.1,100.6,35.3,,32.3,20.3,15.3,22.7,,24.6,,35.6,,28.7,,21.4,42.0,87.8,31.3,,,,66.6,60.6,,,84.8,89.8,101.6,59.3,,,59.8,37.7,,,,18.2,16.0,16.0,17.9,17.4,,,
197002,23.3,,,,,,,,23.3,23.4,16.8,19.6,,,,,,,,,,,,51.4,36.0,27.3,67.4,,53.8,58.3,,,59.0,,66.5,,65.8,59.3,,,,43.2,41.7,26.5,42.2,,77.8,,,,,24.2,24.2,14.5,17.1,,,,21.8,23.4,,21.4,,,,,,,,,,,,23.4,31.0,,,,,25.4,27.1,30.6,30.6,19.8,20.7,18.7,26.4,26.4,20.2,31.4,,,,,21.8,,,18.4,18.5,7.50,15.9,15.5,,19.9,15.2,15.6,,52.6,34.6,67.7,67.7,28.0,33.6,22.2,18.9,21.0,,20.5,,68.6,160.9,331.4,,198.0,,75.4,844.0,328.1,,,170.4,189.1,,90.8,,34.3,31.4,,,63.1,43.5,,115.6,40.8,65.4,,102.7,99.1,35.5,,32.4,20.4,15.3,22.8,,24.6,,35.8,,28.8,,21.6,41.9,86.4,31.3,,,,66.9,61.0,,,84.8,89.8,101.4,59.5,,,59.9,37.7,,,,18.3,16.6,16.6,17.8,17.4,,,
197003,24.4,,,,,,,,24.3,25.0,17.8,20.6,,,,,,,,,,,,51.5,36.3,27.5,67.4,,53.8,58.3,,,59.0,,66.5,,65.8,59.3,,,,43.2,41.7,26.5,42.2,,77.8,,,,,24.4,24.3,14.7,17.2,,,,21.9,23.6,,21.6,,,,,,,,,,,,23.5,31.0,,,,,25.6,27.3,30.7,30.7,19.8,20.7,18.7,26.7,26.7,20.3,31.6,,,,,22.0,,,18.5,18.8,7.50,15.9,15.6,,20.1,15.3,15.7,,53.0,34.8,67.7,67.7,28.0,33.6,22.3,18.9,21.0,,20.7,,69.1,162.4,331.9,,198.8,,76.0,837.5,327.6,,,169.9,195.5,,93.9,,34.5,31.6,,,63.4,44.1,,115.7,40.8,65.4,,102.4,98.5,35.7,,32.5,20.4,15.5,22.9,,24.8,,35.8,,28.9,,21.9,42.1,86.4,31.6,,,,67.0,61.4,,,84.8,89.7,101.4,59.5,,,59.9,37.7,,,,18.4,16.6,16.6,17.9,17.4,,,
197004,26.6,,,,,,,,26.5,27.2,20.5,23.2,,,,,,,,,,,,51.6,36.5,27.8,67.1,,53.8,58.3,,,59.1,,66.5,,65.8,59.3,,,,43.2,41.7,26.5,42.2,,77.8,,,,,24.7,24.6,14.8,17.3,,,,22.2,23.7,,21.9,,,,,,,,,,,,23.6,31.1,,,,,25.8,27.5,31.1,31.1,20.0,20.9,18.9,26.9,26.9,20.7,32.0,,,,,22.1,,,18.8,19.2,7.50,16.4,15.9,,20.3,15.3,16.3,,53.1,34.9,67.7,67.7,28.0,33.6,22.3,19.0,21.0,,20.9,,69.5,164.4,331.4,,198.0,,76.6,835.3,324.8,,,169.6,206.5,,,,35.0,32.3,,,63.7,44.6,,115.7,41.1,65.6,,101.6,99.1,36.0,,32.7,20.6,15.6,23.0,,24.9,,36.1,,29.1,,22.4,42.3,86.2,31.9,,,,67.0,61.8,,,84.8,89.7,101.4,59.3,,,59.9,37.5,,,,18.5,16.8,16.8,18.1,17.6,,,
197005,27.5,,,,,,,,27.5,29.8,20.8,23.7,,,,,,,,,,,,51.9,36.7,28.0,67.1,,53.8,58.3,,,59.5,,69.4,,65.8,59.2,,,,43.2,41.7,26.5,42.2,,77.8,,,,,24.9,24.9,15.0,17.4,,,,22.4,24.0,,22.0,,,,,,,,,,,,23.9,31.2,,,,,26.1,27.7,31.3,31.3,20.1,21.0,19.0,27.1,27.1,20.8,32.3,,,,,22.3,,,18.9,19.3,7.60,16.6,16.0,,20.8,15.5,16.6,,53.3,34.8,67.7,67.7,27.8,33.2,22.3,19.0,20.9,,20.9,,69.8,164.4,330.9,,196.6,,77.7,831.0,320.6,,,169.6,205.2,,,,35.4,32.6,,,64.9,49.2,,115.7,41.3,65.4,,101.2,96.8,36.3,,33.0,20.8,16.0,23.1,,25.1,,36.5,,29.3,,22.8,42.3,85.9,32.2,,,,67.1,62.1,,,84.8,89.7,101.4,59.5,,,60.0,37.6,,,,18.6,16.8,16.8,18.1,17.6,,,
197006,27.3,,,,,,,,27.2,30.1,20.6,23.7,,,,,,,,,,,,52.2,37.1,28.3,66.9,,53.9,58.4,,,59.6,,70.7,,65.8,59.2,,,,43.3,41.7,26.5,42.2,,77.8,,,,,25.1,25.0,15.2,17.7,,,,22.5,24.1,,22.1,,,,,,,,,,,,24.1,31.3,,,,,26.3,28.0,31.6,31.6,20.1,21.1,19.0,27.3,27.3,21.0,32.4,,,,,22.3,,,19.1,19.5,7.65,17.0,16.1,,21.6,15.6,16.7,,53.7,34.8,67.7,67.7,27.8,33.2,22.3,19.0,20.8,,20.9,,69.8,164.1,331.9,,195.5,,78.4,826.6,319.2,,,168.6,200.5,,,,35.6,33.0,,,65.0,49.2,,115.7,41.3,65.8,,101.2,98.4,36.4,,33.1,21.0,16.2,23.2,,25.2,,36.5,,29.3,,22.8,42.3,85.3,32.7,,,,67.3,62.2,,,84.8,89.7,101.4,59.6,,,60.2,37.5,,,,18.8,17.3,17.3,18.1,17.6,,,
197007,27.6,,,,,,,,27.6,31.8,20.5,24.0,,,,,,,,,,,,52.5,37.5,28.7,66.9,,54.5,59.1,,,59.7,,71.4,,65.8,59.1,,,,43.3,41.7,26.5,42.2,,77.8,,,,,25.1,25.1,15.2,17.8,,,,22.7,24.3,,22.3,,,,,,,,,,,,24.3,31.3,,,,,26.4,28.2,31.8,31.8,20.1,21.1,19.0,27.6,27.6,20.6,32.6,,,,,22.4,,,18.6,19.5,7.76,17.0,16.2,,22.0,15.7,16.9,,46.2,34.8,67.7,67.7,27.8,33.2,22.3,19.0,20.8,,21.0,,69.8,163.3,331.9,,195.8,,79.2,819.0,319.2,,,168.3,192.8,,,,35.7,33.2,,,65.0,49.3,,115.7,41.3,66.3,,102.7,99.6,37.0,,33.3,21.0,16.2,23.3,,25.3,,36.9,,29.4,,23.1,42.8,85.3,33.0,,,,67.3,62.3,,,84.8,89.7,101.4,59.8,,,60.3,37.5,,,,18.8,17.3,17.3,18.2,17.7,,,
197008,27.9,,,,,,,,27.9,31.9,20.3,24.0,,,,,,,,,,,,52.6,37.7,28.8,66.9,,54.8,59.3,,,59.8,,72.0,,65.8,59.1,,,,43.3,41.7,28.0,42.2,,77.8,,,,,25.3,25.3,15.3,17.9,,,,22.9,24.3,,22.4,,,,,,,,,,,,24.7,31.3,,,,,26.5,28.4,32.2,32.2,20.2,21.2,19.1,27.8,27.8,20.6,32.6,,,,,22.4,,,18.6,19.7,7.86,17.4,16.2,,22.4,15.8,16.9,,46.5,34.8,67.7,67.7,27.8,33.2,22.4,19.0,20.8,,21.0,,70.1,163.6,333.4,,195.5,,80.5,817.9,319.2,,,168.3,189.8,,,,36.2,33.9,,,65.0,49.3,,115.7,41.3,66.9,,103.1,101.3,37.1,,33.4,21.1,16.3,23.3,,25.4,,37.2,,29.6,,23.1,42.9,85.0,33.6,,,,67.4,62.6,,,85.0,89.7,101.4,59.8,,,60.5,37.5,,,,18.8,17.3,17.3,18.2,17.7,,,
197009,27.9,,,,,,,,27.9,30.0,20.4,24.1,,,,,,,,,,,,53.0,38.1,29.2,67.1,,55.3,59.9,,,59.9,,72.3,,65.8,59.4,,,,43.6,42.2,29.1,42.2,,77.8,,,,,25.4,25.4,15.4,18.1,,,,22.9,24.3,,22.4,,,,,,,,,,,,24.7,31.4,,,,,26.7,28.6,32.3,32.3,20.4,21.4,19.3,27.9,27.9,20.9,32.7,,,,,22.4,,,18.9,20.4,7.91,17.4,16.5,,22.7,16.3,17.1,,46.6,35.0,67.7,67.7,27.9,33.2,22.5,19.3,21.4,,21.0,,71.4,169.1,333.4,,195.8,,80.8,815.7,317.3,,,168.3,222.5,,106.9,,36.3,34.1,,,65.6,49.3,,115.3,42.0,67.9,,104.1,103.8,37.6,,33.7,21.3,16.6,23.6,,25.6,,37.4,,29.9,,23.4,43.2,84.4,34.0,,,,67.7,62.9,,,85.1,89.7,101.4,60.0,,,60.8,37.7,,,,19.0,18.0,18.0,18.2,17.7,,,
197010,27.6,,,,,,,,27.6,29.4,20.3,24.2,,,,,,,,,,,,53.2,38.5,29.4,67.1,,55.5,60.1,,,60.0,,72.6,,65.8,59.5,,,,45.6,45.5,29.7,43.7,,77.8,,,,,25.8,25.7,15.8,18.5,,,,23.3,24.6,,22.7,,,,,,,,,,,,25.0,31.8,,,,,26.9,28.7,32.5,32.5,21.3,22.3,20.1,28.1,28.1,21.1,32.6,,,,,22.5,,,19.2,21.0,8.11,17.6,16.8,,22.9,16.5,17.1,,46.9,35.1,67.7,67.7,28.0,33.2,22.6,20.1,22.2,,21.1,,71.3,167.1,333.4,,196.2,,81.9,812.4,315.5,,,167.8,206.5,,99.3,,36.6,34.6,,,66.1,49.4,,115.7,42.2,68.5,,104.7,104.1,38.2,,34.1,21.7,17.0,24.0,,25.8,,38.0,,30.4,,23.7,43.5,84.2,34.7,,,,68.1,63.8,,,85.5,89.7,101.2,60.1,,,60.8,37.8,,,,19.1,18.0,18.0,18.4,17.9,,,
197011,28.1,,,,,,,,28.0,30.1,20.4,24.3,,,,,,,,,,,,53.3,38.7,29.5,67.2,,55.8,60.4,,,60.1,,72.6,,65.8,59.6,,,,46.3,45.7,29.7,45.5,,77.8,,,,,26.2,26.1,16.0,18.8,,,,23.4,25.2,,23.2,,,,,,,,,,,,25.0,32.4,,,,,27.0,28.8,32.6,32.6,21.3,22.3,20.1,28.2,28.2,21.3,32.5,,,,,22.5,,,19.4,21.3,8.11,17.6,17.0,,23.0,16.7,17.3,,47.2,35.4,67.7,67.7,28.0,33.2,22.8,20.7,22.8,,21.1,,71.6,166.8,335.4,,196.2,,84.3,810.2,315.9,,,167.8,200.5,,96.4,,36.9,35.0,,,66.5,49.4,,116.9,42.2,68.3,,104.6,103.3,38.3,,34.3,21.8,17.1,24.1,,25.9,,38.3,,30.7,,24.0,43.8,84.2,35.0,,,,69.2,65.7,,,86.2,89.7,101.2,60.1,,,60.9,37.8,,,,19.2,18.0,18.0,18.4,18.0,,,
197012,28.2,,,,,,,,28.1,30.1,20.4,24.8,,,,,,,,,,,,53.6,39.6,30.3,67.2,,56.0,60.7,,,60.2,,72.6,,65.8,59.6,,,,46.3,45.8,29.7,45.5,,77.8,,,,,26.6,26.5,16.3,19.2,,,,23.9,25.4,,23.5,,,,,,,,,,,,25.3,33.0,,,,,27.2,29.0,32.8,32.8,21.4,22.4,20.2,28.4,28.4,21.5,32.4,,,,,22.5,,,19.7,21.6,8.56,17.6,17.2,,23.1,16.9,17.3,,47.4,35.6,67.7,67.7,28.1,33.2,23.0,21.0,23.1,,21.1,,71.9,165.9,335.9,,195.8,,84.6,805.9,317.8,,,168.8,193.8,,93.2,,37.0,35.2,,,67.7,49.4,,116.7,44.4,68.5,,104.4,102.8,38.5,,34.5,21.9,17.4,24.3,,26.0,,38.7,,31.0,,24.3,43.8,84.2,35.2,,,,69.8,66.8,,,86.5,89.7,101.2,60.1,,,60.9,37.8,,,,19.5,18.9,18.9,18.5,18.0,,,
197101,28.3,,,,,,,,28.2,27.8,20.3,24.9,,,,,,,,,,,,53.6,39.7,30.4,67.2,,56.3,60.9,,,60.0,,72.6,,65.8,59.5,,,,46.4,45.9,29.7,45.5,,77.8,,,,,27.0,26.9,16.6,19.5,,,,24.3,25.8,,23.7,,,,,,,,,,,,25.9,33.3,,,,,27.3,29.2,33.0,33.0,21.6,22.6,20.4,28.5,28.5,21.6,32.3,,,,,22.5,,,19.8,21.7,8.56,17.7,17.2,,23.4,17.1,17.3,,47.9,35.7,67.7,67.7,28.2,33.2,23.1,21.4,23.1,,21.1,,72.2,165.9,335.9,,195.8,,84.9,807.0,319.2,,,167.0,191.8,,92.1,,37.0,35.2,,,68.7,49.4,,120.9,44.0,68.7,,104.7,102.8,38.8,,34.9,22.1,17.4,24.6,,26.1,,39.0,,31.4,,24.7,44.4,84.2,36.9,,,,70.0,66.5,,,87.6,89.7,101.2,60.2,,,60.9,37.8,,,,19.7,19.1,19.1,18.7,18.2,,,
197102,28.7,,,,,,,,28.6,29.6,20.4,25.0,,,,,,,,,,,,53.7,39.7,30.4,67.1,,56.1,60.8,,,60.2,,72.6,,65.8,59.6,,,,46.4,45.9,29.7,45.5,,77.8,,,,,27.2,27.2,16.6,19.6,,,,24.7,25.9,,24.0,,,,,,,,,,,,26.0,33.4,,,,,27.6,29.4,33.3,33.3,21.6,22.6,20.4,28.8,28.8,21.7,32.3,,,,,22.5,,,19.9,21.9,8.61,17.8,17.4,,23.4,17.3,17.4,,48.0,35.8,67.7,67.7,28.2,33.2,23.2,21.6,23.2,,21.1,,72.3,165.6,335.9,,197.3,,85.6,808.1,320.6,,,167.3,190.8,,91.5,,37.2,35.4,,,69.3,49.4,,121.7,45.0,68.7,,104.6,101.3,39.0,,35.0,22.3,17.6,24.8,,26.4,,39.2,,31.5,,25.0,44.6,84.1,37.1,,,,70.3,66.4,,,88.5,89.7,101.2,60.2,,,60.9,37.8,,,,19.7,19.3,19.3,18.7,18.2,,,
197103,28.8,,,,,,,,28.8,31.0,20.5,25.0,,,,,,,,,,,,53.8,39.9,30.4,67.2,,56.1,60.8,,,60.2,,72.6,,65.8,59.6,,,,46.4,45.9,29.7,45.5,,77.8,,,,,27.3,27.2,16.7,19.7,,,,24.7,26.1,,24.0,,,,,,,,,,,,26.2,33.5,,,,,27.7,29.5,33.5,33.5,21.7,22.7,20.5,28.9,28.9,21.8,32.3,,,,,22.5,,,20.0,22.1,8.71,18.1,17.4,,23.8,17.4,17.5,,48.2,35.9,67.7,67.7,28.3,33.2,23.3,21.7,23.2,,21.1,,72.6,167.4,336.4,,197.3,,86.1,807.0,320.2,,,168.0,199.1,,95.5,,37.3,35.7,,,69.5,49.4,,121.7,45.4,68.9,,104.6,100.7,39.1,,35.2,22.4,17.8,24.8,,26.4,,39.5,,31.6,,25.3,44.8,84.2,37.4,,,,70.4,66.5,,,88.8,89.7,101.2,60.2,,,61.0,37.9,,,,19.7,19.3,19.3,18.7,18.2,,,
197104,28.8,,,,,,,,28.8,32.9,20.5,24.9,,,,,,,,,,,,53.9,40.0,30.4,67.4,,56.1,60.8,,,60.2,,72.9,,65.8,59.6,,,,46.4,45.9,29.7,45.5,,77.8,,,,,27.6,27.6,17.0,19.7,,,,25.2,26.2,,24.2,,,,,,,,,,,,26.5,33.7,,,,,28.0,29.9,33.9,33.9,22.0,23.0,20.8,29.3,29.3,22.2,32.4,,,,,22.4,,,20.4,22.2,8.81,19.0,18.1,,24.0,17.8,18.1,,48.5,36.0,67.6,67.6,28.5,33.1,23.5,22.1,23.4,,21.1,,73.2,168.9,336.4,,196.2,,86.4,805.9,317.8,,,167.8,204.8,,,,37.7,36.3,,,69.8,49.3,,121.7,46.0,69.6,,103.9,101.4,39.5,,35.4,22.5,17.9,24.9,,26.6,,39.5,,31.6,,25.9,45.1,83.9,37.6,,,,70.6,66.5,,,89.0,89.7,101.2,60.2,,,61.0,37.8,,,,20.3,20.6,20.6,19.0,18.5,,,
197105,28.8,,,,,,,,28.8,32.1,20.4,25.0,,,,,,,,,,,,53.8,40.0,30.6,67.4,,56.3,60.9,,,60.2,,72.9,,65.8,59.6,,,,46.4,45.9,29.8,45.5,,77.8,,,,,27.7,27.6,17.0,19.8,,,,25.2,26.3,,24.3,,,,,,,,,,,,26.7,33.8,,,,,28.6,30.6,34.3,34.3,22.2,23.3,21.0,30.0,30.0,22.4,32.4,,,,,22.3,,,20.7,22.2,8.86,19.0,18.4,,24.1,18.0,18.5,,48.6,36.1,67.6,67.6,28.6,33.1,23.9,22.2,23.4,,21.1,,73.2,168.0,337.5,,197.7,,86.7,804.8,318.7,,,168.3,197.5,,,,37.7,36.4,,,69.5,49.3,,121.7,45.4,70.1,,105.5,102.4,39.7,,35.5,22.6,18.1,25.0,,26.7,,39.7,,31.8,,26.0,45.4,84.3,37.8,,,,70.7,66.7,,,89.3,89.5,101.0,60.2,,,61.0,37.8,,,,20.5,20.8,20.8,19.1,18.6,,,
197106,29.0,,,,,,,,28.9,33.0,20.5,25.1,,,,,,,,,,,,53.9,40.2,30.8,67.2,,56.4,61.1,,,60.2,,72.9,,65.8,59.7,,,,46.4,45.9,29.9,45.5,,77.8,,,,,27.8,27.8,17.1,19.9,,,,25.3,26.4,,24.6,,,,,,,,,,,,27.1,33.8,,,,,28.9,30.9,34.6,34.6,22.3,23.3,21.0,30.4,30.4,22.5,32.4,,,,,22.3,,,20.8,22.3,8.91,19.4,18.5,,24.3,18.3,18.7,,48.9,36.1,67.6,67.6,28.8,33.1,24.3,22.2,23.4,,21.1,,73.2,167.4,338.0,,197.7,,87.6,804.8,315.9,,,168.6,194.5,,,,37.8,36.4,,,69.5,49.3,,121.2,45.5,70.2,,105.9,101.9,39.8,,35.8,22.8,18.4,25.2,,26.8,,39.9,,31.9,,26.3,45.6,84.3,37.9,,,,71.0,66.8,,,89.7,89.4,101.0,60.4,,,61.1,37.8,,,,20.5,20.8,20.8,19.1,18.6,,,
197107,29.3,,,,,,,,29.3,36.0,20.5,25.0,,,,,,,,,,,,54.0,40.4,30.9,67.4,,56.3,60.9,,,60.2,,72.9,,65.8,59.7,,,,46.4,45.9,29.9,45.5,,77.8,,,,,28.0,28.0,17.2,20.0,,,,25.6,26.5,,24.7,,,,,,,,,,,,27.2,33.9,,,,,29.0,31.0,34.8,34.8,22.3,23.4,21.1,30.5,30.5,22.6,32.4,,,,,22.3,,,21.0,22.5,9.06,19.6,18.5,,24.4,18.4,18.7,,49.1,36.2,67.6,67.6,28.8,33.1,24.5,22.3,23.4,,21.1,,73.2,165.9,337.5,,197.3,,87.9,801.5,313.6,,,168.0,185.8,,,,37.9,36.5,,,69.7,49.4,,121.2,45.5,70.2,,104.9,102.3,39.9,,36.0,23.0,18.4,25.3,,27.0,,40.0,,32.0,,26.5,45.7,84.2,38.0,,,,72.2,66.8,,,92.3,89.4,101.0,60.4,,,61.2,37.7,,,,20.5,20.8,20.8,19.1,18.6,,,
197108,29.6,,,,,,,,29.6,38.0,20.5,25.1,,,,,,,,,,,,54.1,40.5,31.1,67.4,,56.7,61.5,,,60.2,,72.9,,65.8,59.7,,,,46.4,45.9,29.9,45.5,,77.8,,,,,28.1,28.0,17.3,20.0,,,,25.7,26.5,,24.7,,,,,,,,,,,,27.3,34.0,,,,,28.8,30.8,34.8,34.8,22.4,23.5,21.2,30.2,30.2,22.7,32.4,,,,,22.3,,,21.0,22.6,9.06,19.7,18.5,,24.6,18.5,18.9,,49.4,36.2,67.6,67.6,28.9,33.1,24.6,22.3,23.4,,21.1,,73.2,164.7,336.4,,196.9,,88.2,799.3,308.9,,,168.3,179.4,,,,37.9,36.6,,,69.8,49.4,,121.2,45.5,70.2,,104.7,102.1,40.0,,36.1,23.0,18.5,25.3,,27.0,,40.1,,32.0,,26.6,46.0,84.2,38.1,,,,72.4,66.9,,,92.5,89.5,100.8,60.4,,,61.2,37.7,,,,20.6,20.9,20.9,19.1,18.6,,,
197109,29.6,,,,,,,,29.5,35.3,20.7,25.3,,,,,,,,,,,,54.2,40.6,31.3,67.2,,56.9,61.6,,,60.3,,73.0,,65.8,59.7,,,,46.4,45.9,29.9,45.5,,77.8,,,,,28.3,28.2,17.4,20.1,,,,25.9,26.6,,24.8,,,,,,,,,,,,27.7,34.1,,,,,29.0,30.9,34.9,34.9,22.5,23.6,21.2,30.3,30.3,22.8,32.4,,,,,22.3,,,21.1,22.8,9.12,20.1,18.6,,24.7,18.6,19.0,,49.7,36.3,67.6,67.6,28.9,33.1,24.6,22.4,23.4,,21.2,,74.1,168.6,335.4,,197.7,,87.9,795.0,304.7,,,169.3,,,,,38.0,37.0,,,70.2,49.4,,121.2,46.2,71.1,,105.5,102.4,40.4,,36.3,23.0,18.6,25.3,,27.0,,40.1,,32.0,,26.8,46.6,84.2,38.6,,,,72.2,66.9,,,92.3,89.4,100.8,60.4,,,61.2,37.7,,,,20.6,21.0,21.0,19.3,18.8,,,
197110,29.5,,,,,,,,29.4,34.7,20.7,25.5,,,,,,,,,,,,54.2,40.6,31.3,67.4,,56.9,61.6,,,60.3,,73.0,,65.8,59.7,,,,46.4,45.9,29.9,45.5,,77.8,,,,,28.4,28.4,17.6,20.2,,,,26.1,26.7,,24.9,,,,,,,,,,,,27.8,34.3,,,,,29.2,31.1,35.1,35.1,22.7,23.8,21.4,30.5,30.5,23.1,33.6,,,,,22.3,,,21.3,23.0,9.22,20.1,19.0,,24.7,18.7,19.1,,49.8,36.4,67.6,67.6,29.0,33.1,24.7,22.6,23.4,,21.3,,74.1,168.0,334.4,,198.0,,87.7,792.8,301.9,,,168.0,200.1,,96.1,,38.3,37.2,,,70.4,49.4,,121.5,46.6,71.5,,106.0,103.7,40.4,,36.3,23.1,18.6,25.3,,27.1,,40.2,,32.0,,27.0,46.7,84.3,38.6,,,,72.5,66.8,,,92.8,89.4,100.8,60.5,,,61.2,37.7,,,,20.9,21.2,21.2,19.5,19.0,,,
197111,29.7,,,,,,,,29.7,36.0,20.8,25.4,,,,,,,,,,,,54.2,40.8,31.5,66.9,,56.9,61.6,,,60.2,,73.1,,65.8,59.6,,,,46.4,45.9,29.9,45.5,,77.8,,,,,28.7,28.6,18.0,20.7,,,,26.1,27.0,,25.1,,,,,,,,,,,,28.0,34.3,,,,,29.4,31.3,35.4,35.4,22.6,23.7,21.4,30.8,30.8,23.4,34.4,,,,,22.3,,,21.5,23.1,9.42,20.6,19.1,,24.8,19.0,19.1,,49.9,36.4,67.6,67.6,29.0,33.1,24.8,22.7,23.2,,21.3,,74.2,168.3,332.9,,197.3,,87.7,795.0,298.7,,,167.8,203.2,,97.5,,38.5,37.5,,,70.6,49.4,,121.5,46.8,71.9,,106.4,104.0,40.7,,36.4,23.2,18.9,25.4,,27.3,,40.2,,32.0,,27.1,46.7,84.1,38.7,,,,72.6,66.8,,,93.2,89.4,100.8,60.5,,,61.2,37.7,,,,21.0,21.2,21.2,19.6,19.1,,,
197112,29.6,,,,,,,,29.6,35.6,20.9,25.4,,,,,,,,,,,,54.2,40.9,31.6,66.9,,56.7,61.5,,,60.2,,73.1,,65.8,59.6,,,,46.4,45.9,29.9,45.5,,77.8,,,,,28.9,28.8,18.2,21.0,,,,26.3,27.1,,25.4,,,,,,,,,,,,28.2,34.5,,,,,29.7,31.6,35.6,35.6,22.6,23.7,21.4,31.0,31.0,23.6,34.7,,,,,22.3,,,21.6,23.3,9.57,20.6,19.3,,24.9,19.1,19.3,,50.0,36.5,67.6,67.6,29.0,33.1,24.8,22.8,23.0,,21.3,,74.5,167.7,331.9,,198.0,,87.9,787.3,296.3,,,167.5,199.8,,95.9,,38.6,37.5,,,71.9,49.4,,121.5,49.7,72.0,,106.7,103.8,40.7,,36.6,23.4,19.0,25.4,,27.4,,40.3,,32.1,,27.3,46.9,84.0,39.0,,,,72.5,67.1,,,92.8,89.4,101.0,60.5,,,61.2,37.9,,,,21.0,21.2,21.2,19.6,19.1,,,
197201,29.6,,,,,,,,29.6,35.7,20.9,25.5,,,,,,,,,,,,54.2,41.0,31.7,66.9,,56.3,60.9,,,60.2,,73.1,,65.8,59.6,,,,46.4,45.9,29.9,45.5,,77.8,,,,,29.2,29.1,18.4,21.2,,,,26.5,27.5,,25.6,,,,,,,,,,,,28.4,34.7,,,,,29.8,31.7,35.8,35.8,22.6,23.7,21.4,31.1,31.1,23.9,35.8,,,,,22.3,,,21.8,23.4,9.67,20.7,19.4,,24.9,19.3,19.4,,50.3,36.5,67.6,67.6,29.0,33.1,24.8,22.8,22.7,,21.4,,74.1,165.6,328.3,,198.0,,88.0,783.0,287.4,,,168.3,191.5,,91.9,,38.8,37.8,,,72.1,49.4,,121.5,49.7,72.3,,106.9,104.1,41.0,,36.8,23.6,19.2,25.5,,27.6,,40.5,,32.2,,27.5,47.1,83.9,39.2,,,,72.6,67.3,,,92.6,89.2,100.8,60.6,,,61.2,38.1,,,,21.2,21.7,21.7,19.7,19.2,,,
197202,30.0,,,,,,,,29.9,37.3,21.0,25.4,,,,,,,,,,,,54.3,41.0,31.7,66.9,,56.1,60.8,,,60.3,,73.2,,65.8,59.8,,,,46.4,45.9,29.9,45.5,,77.8,,,,,29.2,29.1,18.5,21.2,,,,26.6,27.6,,25.6,,,,,,,,,,,,28.4,34.7,,,,,29.9,31.9,36.0,36.0,22.6,23.7,21.4,31.4,31.4,23.9,35.8,,,,,22.5,,,21.8,23.4,9.67,20.7,19.4,,25.0,19.3,19.5,,50.4,36.4,67.6,67.6,29.0,33.1,24.8,22.7,22.6,,21.4,,74.1,165.0,327.3,,198.0,,87.9,787.3,286.0,,,168.0,190.1,,91.2,,39.0,37.8,,,72.1,49.4,,121.5,49.9,72.0,,106.0,102.7,41.1,,36.8,23.6,19.3,25.4,,27.7,,40.4,,32.1,,27.7,47.1,84.0,39.2,,,,72.6,67.6,,,92.6,89.2,100.8,60.6,,,61.2,38.1,,,,21.3,21.8,21.8,19.9,19.3,,,
197203,30.2,,,,,,,,30.1,39.0,21.1,25.6,,,,,,,,,,,,54.3,41.1,31.9,66.9,,56.3,60.9,,,60.3,,73.2,,65.8,59.8,,,,46.4,45.9,29.9,45.5,,77.8,,,,,29.5,29.4,18.8,21.5,,,,26.7,27.9,,25.9,,,,,,,,,,,,28.8,34.8,,,,,30.1,32.0,36.2,36.2,22.7,23.8,21.4,31.5,31.5,23.9,35.8,,,,,22.5,,,21.9,23.5,9.67,20.8,19.4,,25.1,19.5,19.6,,50.6,36.4,67.6,67.6,29.0,33.1,24.8,22.5,22.3,,21.5,,74.1,165.0,326.8,,198.8,,87.9,786.2,282.8,,,168.6,188.8,,90.8,,39.2,37.9,,,72.3,49.5,,121.9,49.9,71.8,,105.5,100.5,41.2,,36.9,23.6,19.5,25.4,,27.7,,40.4,,32.1,,27.8,47.4,84.0,39.5,,,,72.6,67.9,,,92.6,89.2,100.8,60.6,,,61.2,38.1,,,,21.3,21.9,21.9,19.9,19.3,,,
197204,30.6,,,,,,,,30.5,42.1,21.1,25.7,,,,,,,,,,,,54.2,41.1,31.9,66.9,,56.1,60.8,,,60.2,,73.1,,65.9,59.6,,,,46.4,45.9,29.9,45.5,,77.8,,,,,29.6,29.6,18.9,21.5,,,,27.0,28.0,,26.0,,,,,,,,,,,,29.0,35.0,,,,,30.7,32.8,36.6,36.6,23.1,24.3,21.9,32.3,32.3,24.2,35.8,,,,,22.5,,,22.1,23.6,9.82,21.3,19.6,,25.0,19.8,20.4,,50.7,36.4,67.4,67.4,28.9,33.0,24.8,22.5,22.0,,22.0,,74.5,167.1,326.3,,198.8,,88.0,783.0,280.9,,,169.9,,,,,39.2,38.0,,,72.5,49.5,,122.0,50.0,71.5,,105.7,98.6,41.4,,37.1,23.8,19.7,25.7,,27.7,,40.4,,32.1,,28.0,47.6,83.9,39.7,,,,72.6,67.9,,,92.6,89.0,100.8,60.7,,,61.3,38.1,,,,22.3,22.6,22.6,20.8,20.3,,,
197205,30.9,,,,,,,,30.8,42.5,21.1,25.8,,,,,,,,,,,,54.3,41.4,32.3,66.5,,55.9,60.5,,,60.1,,72.8,,65.9,59.5,,,,46.4,45.9,29.9,45.5,,77.8,,,,,29.8,29.8,19.2,21.8,,,,27.0,28.2,,26.1,,,,,,,,,,,,29.5,35.1,,,,,31.1,33.2,37.0,37.0,23.4,24.5,22.1,32.8,32.8,24.3,35.9,,,,,22.5,,,22.3,23.7,10.0,21.4,19.6,,25.1,19.8,20.5,,50.8,36.4,67.4,67.4,28.9,33.0,24.8,22.4,22.0,,22.1,,74.5,166.2,325.3,,198.0,,88.0,779.7,281.4,,,169.9,201.1,,,,39.0,37.9,,,72.7,49.4,,122.0,50.6,71.2,,101.1,99.1,41.3,,36.8,23.6,19.6,25.4,,27.5,,40.3,,32.0,,28.1,47.5,83.3,39.4,,,,72.6,67.9,,,92.6,89.0,100.8,60.6,,,61.3,38.0,,,,22.3,22.6,22.6,20.8,20.3,,,
197206,30.9,,,,,,,,30.8,42.0,21.3,25.8,,,,,,,,,,,,54.6,42.2,33.0,66.5,,55.8,60.4,,,60.0,,72.9,,65.9,59.4,,,,46.4,45.9,29.9,45.5,,77.8,,,,,30.0,29.9,19.3,22.0,,,,27.2,28.4,,26.2,,,,,,,,,,,,29.5,35.2,,,,,31.3,33.5,37.4,37.4,23.4,24.6,22.1,33.0,33.0,24.4,35.9,,,,,22.6,,,22.5,23.7,10.2,21.2,19.9,,25.1,20.0,20.7,,51.0,36.4,67.4,67.4,28.9,33.0,24.8,22.4,21.9,,22.2,,74.4,165.9,323.8,,198.0,,88.0,777.5,279.0,,,169.9,200.1,,,,39.1,38.0,,,72.5,49.4,,122.4,49.9,70.7,,100.6,96.4,41.3,,37.1,23.9,19.9,25.6,,27.8,,40.3,,32.0,,28.1,47.5,83.2,39.4,,,,72.6,67.9,,,92.5,89.0,100.8,60.6,,,61.4,37.9,,,,22.5,22.7,22.7,21.0,20.5,,,
197207,31.3,,,,,,,,31.3,45.8,21.3,25.9,,,,,,,,,,,,54.6,42.6,33.3,66.4,,55.5,60.1,,,60.0,,72.9,,65.9,59.3,,,,46.4,45.9,29.9,45.5,,77.8,,,,,30.1,30.0,19.3,22.2,,,,27.3,28.5,,26.4,,,,,,,,,,,,29.6,35.2,,,,,31.6,33.8,37.7,37.7,23.5,24.6,22.2,33.4,33.4,24.6,36.0,,,,,22.6,,,22.6,23.9,10.3,21.4,20.0,,25.2,20.3,20.7,,51.3,36.4,67.4,67.4,29.0,33.0,24.8,22.4,21.9,,22.2,,74.4,165.6,323.3,,198.0,,88.2,778.6,276.7,,,169.9,198.5,,,,39.3,38.2,,,72.3,49.4,,120.2,50.4,71.1,,100.9,98.5,41.4,,37.1,24.0,20.0,25.6,,27.9,,40.4,,32.0,,28.2,47.5,83.2,39.5,,,,72.6,67.7,,,92.5,89.0,100.8,60.6,,,61.4,37.9,,,,22.6,22.8,22.8,21.1,20.5,,,
197208,31.6,,,,,,,,31.5,47.5,21.4,26.1,,,,,,,,,,,,54.7,42.8,33.4,66.4,,55.6,60.3,,,60.0,,72.9,,65.9,59.3,,,,46.4,45.9,29.9,45.5,,77.8,,,,,30.2,30.1,19.4,22.2,,,,27.4,28.5,,26.4,,,,,,,,,,,,29.7,35.3,,,,,31.7,34.1,37.8,37.8,23.8,24.9,22.5,33.6,33.6,24.7,36.1,,,,,22.7,,,22.7,24.0,10.4,21.5,20.1,,25.2,20.4,20.9,,51.6,37.0,67.4,67.4,30.7,36.5,24.8,22.4,21.9,,22.2,,74.2,165.0,322.2,,198.0,,87.9,777.5,275.8,,,170.1,196.5,,,,39.4,38.4,,,72.2,49.4,,120.1,50.2,71.2,,100.9,98.8,41.5,,37.1,24.1,20.2,25.7,,28.0,,40.5,,32.1,,28.3,47.3,82.8,39.5,,,,72.6,67.9,,,92.5,89.0,100.8,60.6,,,61.4,37.9,,,,22.6,22.8,22.8,21.1,20.5,,,
197209,31.7,,,,,,,,31.7,48.0,21.5,26.1,,,,,,,,,,,,54.9,43.1,33.8,66.5,,55.5,60.1,,,60.0,,72.9,,65.9,59.3,,,,46.4,45.9,29.9,45.5,,77.8,,,,,30.3,30.2,19.6,22.3,,,,27.5,28.6,,26.7,,,,,,,,,,,,29.8,35.4,,,,,31.9,34.3,38.2,38.2,24.0,25.1,22.6,33.8,33.8,24.3,36.2,,,,,22.9,,,22.3,24.1,10.5,21.5,20.2,,25.2,20.6,20.9,,45.4,37.1,67.4,67.4,30.8,36.5,24.9,22.4,21.9,,22.2,,74.7,165.9,322.2,,198.0,,88.0,776.4,275.3,,,170.1,,,,,39.5,38.8,,,72.6,49.4,,119.8,51.1,72.3,,101.9,102.3,41.6,,37.3,24.2,20.4,25.9,,28.2,,40.7,,32.2,,28.4,47.6,83.0,39.6,,,,72.6,68.0,,,92.5,89.0,100.8,60.6,,,61.5,37.8,,,,22.6,22.9,22.9,21.2,20.7,,,
197210,32.2,,,,,,,,32.2,48.7,21.7,26.5,,,,,,,,,,,,55.0,43.3,33.8,66.1,,55.5,60.1,,,60.0,,72.9,,65.9,59.3,,,,46.4,45.9,29.9,45.5,,77.8,,,,,30.6,30.6,19.6,22.7,,,,27.8,28.8,,26.9,,,,,,,,,,,,30.1,35.4,,,,,32.2,34.7,38.4,38.4,24.2,25.4,22.9,34.2,34.2,24.5,36.4,,,,,23.0,,,22.5,24.2,10.7,21.9,20.3,,25.3,20.7,21.1,,45.5,37.1,67.4,67.4,30.8,36.5,25.0,22.4,21.9,,22.2,,75.0,166.2,322.2,,198.0,,88.0,779.7,276.2,,,169.9,203.2,,97.5,,39.4,39.0,,,72.5,49.4,,119.2,51.0,72.9,,102.4,103.3,41.8,,37.7,24.3,20.5,26.0,,28.2,,41.0,,32.6,,28.5,48.3,82.8,40.0,,,,72.8,68.5,,,92.5,89.0,100.8,60.6,,,61.4,37.8,,,,22.8,22.9,22.9,21.4,20.8,,,
197211,32.0,,,,,,,,31.9,48.4,21.7,26.6,,,,,,,,,,,,55.0,43.4,34.0,66.0,,55.4,60.0,,,60.0,,72.9,,65.9,59.3,,,,46.4,45.9,29.9,45.5,,77.8,,,,,30.8,30.7,19.9,23.0,,,,28.0,29.2,,27.2,,,,,,,,,,,,30.4,35.3,,,,,32.4,34.9,38.6,38.6,24.2,25.4,22.9,34.5,34.5,24.8,37.9,,,,,23.9,,,22.5,24.4,10.7,22.0,20.3,,25.4,21.0,21.1,,45.7,37.3,67.4,67.4,31.1,36.9,25.1,22.6,22.0,,22.2,,75.2,167.7,322.2,,198.0,,88.2,779.7,274.8,,,169.9,210.8,,101.3,,39.5,39.2,,,73.0,49.4,,120.9,51.4,72.9,,102.9,102.8,42.2,,37.9,24.5,20.7,26.1,,28.4,,41.2,,32.8,,28.8,48.4,82.9,40.4,,,,72.8,68.4,,,92.6,89.0,100.8,60.6,,,61.5,37.7,,,,22.8,22.9,22.9,21.4,20.9,,,
197212,32.3,,,,,,,,32.2,47.8,21.7,26.7,,,,,,,,,,,,55.0,43.4,33.9,66.1,,55.2,59.7,,,60.0,,73.2,,65.9,59.3,,,,46.4,45.9,29.9,45.5,,77.8,,,,,31.4,31.4,20.4,23.6,,,,28.5,29.7,,27.8,,,,,,,,,,,,31.0,35.4,,,,,32.6,35.0,38.7,38.7,24.5,25.7,23.2,34.5,34.5,25.2,40.0,,,,,25.2,,,22.7,24.6,11.0,22.3,20.4,,25.5,21.2,21.5,,45.8,37.3,67.4,67.4,31.1,36.9,25.2,22.7,22.0,,22.2,,75.5,168.3,322.7,,198.0,,88.2,778.6,273.4,,,170.6,209.8,,100.9,,40.0,39.7,,,73.0,49.4,,120.9,51.3,73.1,,102.9,103.1,42.6,,38.2,24.6,20.8,26.2,,28.5,,41.4,,33.0,,29.0,49.2,83.6,40.8,,,,72.9,68.8,,,92.5,89.0,100.8,60.6,,,61.5,37.7,,,,22.8,22.9,22.9,21.4,20.9,,,
197301,33.4,,,,,,,,33.4,50.1,21.9,27.0,,,,,,,,,,,,55.1,43.8,34.3,66.4,,55.5,60.1,,,60.0,,73.4,,65.9,59.1,,,,46.4,45.9,29.9,45.5,,77.8,,,,,31.9,31.8,20.6,23.9,,,,29.0,30.1,,28.2,,,,,,,,,,,,31.5,35.5,,,,,32.8,35.2,38.9,38.9,24.6,25.8,23.3,34.8,34.8,25.5,40.6,,,,,25.5,,,23.0,24.6,11.1,23.0,20.8,,25.8,21.9,21.7,,45.9,37.3,67.4,67.4,31.1,37.0,25.2,22.7,22.0,,22.2,,75.8,168.9,322.7,,199.1,,88.3,778.6,272.9,,,171.2,208.8,,100.4,,40.6,40.9,,,72.7,49.5,,119.2,51.0,73.4,,102.7,103.4,43.3,,38.3,24.7,20.9,26.3,,28.7,,41.5,,33.1,,29.0,49.4,83.4,41.3,,,,72.9,68.8,,,92.5,89.0,100.8,60.6,,,61.5,37.7,,,,23.2,23.3,23.3,21.8,21.2,,,
197302,33.7,,,,,,,,33.6,51.2,22.3,27.5,,,,,,,,,,,,55.5,44.4,35.0,66.2,,55.5,60.1,,,60.1,,74.0,,65.9,59.1,,,,46.4,45.9,29.9,45.5,,77.8,,,,,32.2,32.1,21.0,24.2,,,,29.2,30.5,,28.6,,,,,,,,,,,,31.9,35.7,,,,,33.2,35.4,39.2,39.2,24.7,25.9,23.3,35.0,35.0,26.0,41.8,,,,,27.2,,,23.4,24.8,11.3,23.3,21.0,,26.0,22.7,22.2,,46.1,37.4,67.4,67.4,31.2,37.0,25.5,22.9,22.3,,22.2,,76.4,169.4,322.2,,198.0,,88.5,778.6,272.0,,,173.0,206.2,,99.1,,42.2,43.4,,,73.3,49.5,,120.1,51.8,74.6,,103.2,103.8,45.9,,38.8,25.1,21.5,26.9,,28.8,,41.7,,33.1,,29.5,50.3,83.6,42.8,,,,72.9,68.9,,,92.5,89.0,100.6,60.7,,,61.7,37.8,,,,23.3,23.3,23.3,21.8,21.2,,,
197303,34.7,,,,,,,,34.7,51.8,23.2,28.8,,,,,,,,,,,,55.5,44.5,35.0,66.5,,55.4,60.0,,,60.2,,73.7,,65.9,59.3,,,,46.4,45.9,29.9,45.5,,77.8,,,,,32.7,32.6,21.6,24.7,,,,29.6,31.1,,29.0,,,,,,,,,,,,32.7,35.8,,,,,33.5,35.6,39.5,39.5,24.7,25.9,23.3,35.2,35.2,26.9,44.0,,,,,29.6,,,24.0,25.5,11.7,24.5,21.9,,26.4,23.6,22.7,,46.4,37.5,67.4,67.4,31.4,37.0,25.7,23.0,22.6,,22.2,,77.3,170.6,323.3,,198.0,,88.7,784.1,270.1,,,173.0,196.5,,94.4,,44.3,46.6,,,75.2,49.5,,122.6,54.5,77.4,,105.5,104.7,50.3,,39.2,25.3,21.8,27.3,,28.9,,41.8,,33.1,,30.6,51.1,83.2,46.9,,,,73.5,70.3,,,92.5,89.0,100.6,60.7,,,61.7,37.8,,,,23.3,23.3,23.3,21.8,21.2,,,
197304,36.1,,,,,,,,36.0,52.4,23.9,30.1,,,,,,,,,,,,55.5,44.5,35.1,66.5,,55.4,60.0,,,60.2,,73.8,,65.9,59.4,,,,46.4,45.8,29.9,45.5,,77.8,,,,,33.3,33.3,22.2,25.2,,,,30.3,31.5,,29.5,,,,,,,,,,,,33.5,36.0,,,,,34.0,35.9,39.8,39.8,25.1,26.3,23.7,35.4,35.4,28.0,46.4,,,,,30.9,,,25.0,26.3,12.0,25.1,23.3,,26.6,24.9,24.0,,46.7,37.9,67.4,67.4,31.9,37.3,26.2,23.6,23.3,,22.4,,79.1,175.9,324.3,,198.8,,89.6,785.2,268.7,,,172.7,,,,,46.2,49.2,,,76.1,49.6,,119.1,57.3,80.5,,107.4,106.2,56.0,,39.8,25.7,22.3,27.7,,29.1,,42.1,,33.2,,31.2,52.1,83.2,51.6,,,,74.0,71.8,,,92.5,89.0,100.6,60.9,,,61.8,37.8,,,,24.3,25.2,25.2,22.5,21.9,,,
197305,36.6,,,,,,,,36.5,52.3,24.6,30.7,,,,,,,,,,,,55.7,45.0,35.6,66.5,,55.6,60.3,,,60.3,,74.0,,65.9,59.5,,,,46.5,45.9,30.3,45.5,,77.8,,,,,33.7,33.6,22.5,25.5,,,,30.7,31.9,,29.8,,,,,,,,,,,,33.8,36.0,,,,,34.4,36.2,40.3,40.3,25.3,26.6,23.9,35.8,35.8,28.4,46.5,,,,,31.3,,,25.4,26.5,12.4,25.1,23.5,,26.9,25.3,24.4,,47.2,38.0,67.4,67.4,32.0,37.3,26.7,23.6,23.5,,22.6,,79.8,176.5,324.8,,198.0,,90.2,785.2,267.8,,,173.8,208.8,,,,47.3,51.0,,,76.9,49.6,,121.7,57.6,81.8,,108.7,107.2,57.9,,40.3,26.3,22.7,27.9,,30.0,,42.8,,34.0,,31.8,52.4,84.1,53.4,,,,74.3,72.3,,,92.6,89.0,100.6,61.0,,,61.9,37.9,,,,24.4,25.4,25.4,22.5,21.9,,,
197306,37.5,,,,,,,,37.4,53.9,25.0,31.3,,,,,,,,,,,,56.0,45.6,36.0,66.2,,55.6,60.3,,,60.4,,74.2,,66.2,59.5,,,,49.5,52.1,35.0,45.5,,77.8,,,,,34.2,34.1,22.9,26.1,,,,31.1,32.2,,30.2,,,,,,,,,,,,34.4,36.4,,,,,34.7,36.6,40.5,40.5,25.6,26.9,24.2,36.3,36.3,28.7,45.8,,,,,32.4,,,25.9,26.8,12.8,25.4,23.9,,28.2,26.0,24.8,,47.8,38.0,67.2,67.2,32.0,36.9,27.0,23.8,23.5,,22.6,,80.4,177.7,325.8,,198.0,,90.5,789.5,268.3,,,173.0,206.8,,,,48.5,52.6,,,77.0,49.7,,118.4,59.2,82.6,,108.9,108.1,58.5,,41.2,26.7,23.2,28.5,,30.6,,44.1,,35.6,,32.5,53.4,84.7,54.7,,,,74.6,73.3,,,92.6,89.0,100.6,60.9,,,61.9,37.8,,,,24.4,25.6,25.6,22.6,22.0,,,
197307,37.6,,,,,,,,37.5,52.8,25.4,31.3,,,,,,,,,,,,56.1,45.8,36.2,66.5,,55.6,60.3,,,60.5,,74.2,,66.1,59.5,,,,49.6,52.4,35.2,45.5,,77.8,,,,,34.4,34.4,23.2,26.4,,,,31.3,32.4,,30.6,,,,,,,,,,,,34.6,36.4,,,,,35.2,37.1,41.0,41.0,25.7,26.9,24.3,36.8,36.8,29.0,45.8,,,,,33.7,,,26.2,27.2,13.0,25.4,24.1,,28.8,26.1,24.8,,48.6,38.1,67.2,67.2,32.1,36.9,27.2,24.0,24.0,,22.6,,80.8,178.0,324.8,,197.7,,90.5,788.4,266.4,,,173.8,205.5,,,,49.3,53.3,,,77.8,49.9,,121.7,58.6,82.9,,108.2,109.8,59.4,,41.6,27.1,23.6,28.7,,31.0,,44.8,,36.7,,32.9,53.6,85.0,55.4,,,,74.7,73.4,,,92.6,89.0,100.6,60.8,,,61.8,37.8,,,,24.6,26.1,26.1,22.6,22.0,,,
197308,37.6,,,,,,,,37.6,51.0,25.4,31.6,,,,,,,,,,,,56.4,46.4,36.9,66.5,,55.8,60.4,,,60.4,,74.2,,66.1,59.5,,,,49.6,52.5,35.2,45.5,,77.8,,,,,34.7,34.5,23.3,26.6,,,,31.4,32.7,,30.7,,,,,,,,,,,,34.9,36.5,,,,,35.5,37.4,41.3,41.3,25.7,26.9,24.3,37.0,37.0,29.5,46.6,,,,,34.6,,,26.6,27.6,13.4,25.4,24.7,,29.0,26.5,25.0,,49.2,38.3,67.2,67.2,32.3,37.1,27.5,24.3,24.6,,22.7,,81.4,178.0,325.8,,198.4,,91.1,789.5,265.5,,,173.0,200.1,,,,49.8,54.2,,,79.0,58.5,,114.1,60.3,84.3,,110.0,111.8,60.5,,42.3,27.6,24.0,28.9,,31.8,,45.6,,37.0,,33.6,54.3,85.5,56.6,,,,74.8,73.8,,,92.6,89.0,100.6,60.9,,,61.8,37.8,,,,24.7,26.1,26.1,22.6,22.1,,,
197309,38.7,,,,,,,,38.6,52.0,25.8,32.4,,,,,,,,,,,,56.4,46.7,37.2,66.7,,55.8,60.4,,,60.5,,74.5,,66.1,59.5,,,,49.6,52.5,35.2,45.5,,77.8,,,,,35.0,34.8,23.6,26.8,,,,31.6,33.0,,31.0,,,,,,,,,,,,35.2,36.6,,,,,35.9,37.5,41.5,41.5,25.9,27.1,24.4,37.1,37.1,30.6,49.8,,,,,34.9,,,27.4,28.4,14.4,26.1,25.3,,29.8,27.4,25.2,,49.7,38.4,67.2,67.2,32.4,37.1,27.5,24.7,25.1,,22.8,,83.6,183.9,328.3,,198.0,,92.6,790.6,266.9,,,172.7,,,,,51.0,55.1,,,78.6,58.7,,105.9,62.4,88.1,,113.7,118.3,62.8,,43.2,28.2,24.6,29.7,,32.4,,46.6,,37.6,,34.3,55.7,86.1,58.6,,,,77.0,80.0,,,92.6,89.0,100.8,61.0,,,61.8,38.1,,,,24.8,26.1,26.1,22.9,22.3,,,
197310,39.0,,,,,,,,38.9,50.3,26.5,32.9,,,,,,,,,,,,56.8,47.2,37.7,66.5,,55.9,60.5,,,60.5,,74.6,,66.1,59.5,,,,50.7,52.6,35.3,48.2,,77.8,,,,,35.7,35.6,24.2,27.5,,,,32.3,33.7,,31.8,,,,,,,,,,,,35.8,37.3,,,,,36.2,37.7,41.8,41.8,25.9,27.1,24.4,37.3,37.3,31.2,51.5,,,,,35.9,,,27.8,29.5,14.8,26.3,25.3,,30.1,28.1,25.6,,50.0,39.3,67.3,67.3,33.9,39.6,28.0,25.7,26.4,,22.7,,86.1,191.5,336.4,,209.5,,94.6,813.5,266.9,,,174.8,242.2,,116.4,,53.0,57.8,,,80.0,61.5,,108.8,62.1,89.9,,115.5,121.3,63.7,,44.1,28.8,25.4,30.4,,32.9,,47.5,,38.1,,35.7,56.6,86.5,59.4,,,,80.1,88.6,,,92.6,89.0,100.8,61.4,,,61.8,38.7,,,,25.0,26.2,26.2,23.0,22.4,,,
197311,39.9,,,,,,,,39.8,48.9,27.2,34.0,,,,,,,,,,,,57.3,47.7,38.2,66.4,,56.0,60.7,,,61.1,,74.8,,69.3,59.8,,,,51.5,52.7,35.3,50.8,,77.8,,,,,37.0,36.9,25.4,28.5,,,,33.5,34.9,,32.8,,,,,,,,,,,,36.4,39.2,,,,,36.4,37.7,41.9,41.9,25.9,27.2,24.5,37.2,37.2,32.1,52.8,,,,,36.2,,,28.8,31.1,15.6,27.3,26.1,,30.8,29.1,26.0,,50.4,40.2,67.3,67.3,34.4,39.6,29.0,27.5,28.4,,22.8,,91.0,196.8,346.6,,220.9,,95.8,853.9,269.2,,,183.7,243.9,,117.1,,55.3,60.4,,,80.0,62.9,,108.8,59.3,91.5,,118.1,122.0,64.5,,45.3,29.8,26.3,31.2,,34.2,,48.3,,38.4,,38.4,58.4,87.6,61.1,,,,97.5,138.7,,,93.2,89.2,101.8,61.5,,,61.8,39.3,,,,25.1,26.2,26.2,23.1,22.5,,,
197312,41.9,,,,,,,,41.8,50.4,28.4,36.3,,,,,,,,,,,,59.4,49.0,39.1,67.8,,56.6,61.3,,,63.8,,77.0,,72.7,62.6,,,,51.5,52.7,35.3,50.8,,77.8,,,,,38.1,37.9,26.4,29.6,,,,34.4,35.8,,33.8,,,,,,,,,,,,37.0,40.1,,,,,37.4,37.8,42.1,42.1,25.9,27.2,24.5,37.4,37.4,35.6,59.7,,,,,37.6,,,31.7,32.8,17.3,28.8,31.4,,36.8,31.6,26.8,,51.1,42.9,67.3,67.3,40.1,39.6,39.6,29.9,29.4,,22.8,,96.0,203.3,358.8,,230.9,,100.3,868.0,273.4,,,195.2,242.2,,116.4,,58.4,63.3,,,83.4,64.5,,111.3,61.9,94.4,,121.3,125.5,65.7,,47.6,31.2,27.8,32.3,,35.9,,49.8,,39.0,,42.5,62.1,91.9,63.2,,,,110.5,168.1,,,99.8,92.0,110.4,62.8,,,61.7,42.2,,,,25.1,26.5,26.5,23.2,22.6,,,
197401,44.5,,,,,,,,44.4,51.3,30.6,39.5,,,,,,,,,,,,62.9,50.2,39.6,74.4,,62.6,67.8,,,68.5,,79.5,,75.2,68.8,,,,51.6,52.7,35.4,51.1,,77.8,,,,,39.5,39.3,28.2,31.4,,,,35.2,37.5,,35.3,,,,,,,,,,,,38.9,40.7,,,,,37.8,38.0,42.4,42.4,25.9,27.2,24.5,37.6,37.6,37.6,64.9,,,,,42.1,,,33.1,34.4,19.0,29.3,32.5,,38.6,33.3,27.4,,51.8,43.5,68.0,68.0,39.6,39.6,38.8,31.7,29.5,,22.8,,102.6,216.2,389.2,,242.7,,105.8,900.7,340.7,,,206.4,242.2,,116.6,,62.3,68.1,,,88.6,71.9,,114.1,66.0,98.6,,127.1,128.5,68.2,,51.2,32.7,29.3,33.5,,37.6,,54.5,,42.5,,48.2,67.4,101.6,65.7,,,,122.2,189.7,,,108.3,96.2,119.6,66.7,,,62.0,49.7,,,,25.4,27.2,27.2,23.3,22.7,,,
197402,47.9,,,,,,,,47.8,52.8,32.7,43.2,,,,,,,,,,,,65.1,51.1,40.1,78.0,,66.4,72.0,,,71.2,,81.2,,75.8,72.5,,,,51.9,52.7,35.4,52.0,,77.8,,,,,40.5,40.4,28.9,32.3,,,,36.1,38.4,,36.2,,,,,,,,,,,,40.5,41.2,,,,,38.3,38.2,42.5,42.5,26.0,27.3,24.6,37.7,37.7,39.0,66.2,,,,,43.9,,,34.5,35.7,20.1,29.7,34.1,,39.5,34.7,28.1,,53.1,43.3,68.0,68.0,39.4,39.7,38.3,31.5,28.1,,23.0,,106.4,233.9,439.5,,311.6,,121.4,914.9,395.9,,,242.7,240.6,,115.3,,65.7,71.6,,,94.9,84.3,,120.2,69.1,102.1,,130.0,129.9,70.2,,55.7,35.8,32.3,36.9,,41.0,,61.0,,48.1,,53.0,71.3,107.7,67.6,,,,112.2,148.4,,,117.2,105.1,129.0,68.7,,,61.9,53.9,,,,25.7,27.3,27.3,23.6,22.9,,,
197403,49.8,,,,,,,,49.7,53.1,33.7,44.8,,,,,,,,,,,,65.9,51.5,40.3,79.8,,66.9,72.5,,,72.2,,81.5,,75.8,73.6,,,,51.9,52.7,35.4,52.0,,77.8,,,,,41.0,40.8,29.3,32.8,,,,36.6,38.8,,36.5,,,,,,,,,,,,41.4,41.3,,,,,38.6,38.5,42.9,42.9,26.1,27.3,24.6,38.0,38.0,39.4,65.3,,,,,43.9,,,35.1,36.4,20.5,30.2,34.7,,39.1,35.3,28.4,,55.0,43.3,68.0,68.0,39.4,39.7,38.3,31.3,27.9,,23.0,,108.5,240.3,451.6,,323.8,,126.5,923.6,409.4,,,250.0,243.9,,117.1,,67.9,73.6,,,96.3,87.2,,120.8,70.4,103.1,,130.5,129.4,71.0,,57.1,37.0,33.3,37.9,,42.5,,62.1,,48.8,,53.8,73.3,111.8,69.0,,,,113.1,145.3,,,118.1,107.2,128.0,78.3,,,62.7,73.2,,,,26.0,27.5,27.5,23.8,23.2,,,
197404,50.4,,,,,,,,50.3,55.5,34.1,44.9,,,,,,,,,,,,66.4,51.9,40.6,80.8,,67.7,73.3,,,72.8,,83.1,,76.0,74.1,,,,51.9,52.7,35.4,52.0,,77.8,,,,,41.3,41.2,29.8,33.3,,,,36.8,39.2,,36.9,,,,,,,,,,,,42.0,41.5,,,,,39.0,38.7,43.2,43.2,26.5,27.7,25.0,38.3,38.3,40.5,64.8,,,,,44.5,,,36.3,37.2,21.2,32.9,35.4,,39.7,35.8,30.9,,57.5,43.4,68.0,68.0,39.5,39.8,38.3,31.3,27.7,,23.4,,112.4,256.5,463.8,,334.5,,133.0,928.0,420.6,,,254.1,,,,,70.0,74.9,,,98.8,89.2,,125.1,72.1,103.9,,130.9,129.9,71.9,,58.3,37.8,34.4,38.8,,43.3,,63.2,,49.3,,56.0,74.9,112.1,69.1,,,,112.7,142.6,,,118.8,108.7,127.8,80.0,,,64.4,74.1,,,,28.4,30.5,30.5,26.0,25.3,,,
197405,51.0,,,,,,,,50.9,55.5,34.5,46.3,,,,,,,,,,,,67.7,52.5,41.1,81.7,,67.9,73.5,,,74.7,,88.0,,76.9,75.8,,,,57.7,64.8,43.9,52.0,,77.8,,,,,41.8,41.7,30.1,33.7,,,,37.2,39.8,,37.4,,,,,,,,,,,,42.5,41.8,,,,,39.3,38.9,43.4,43.4,26.5,27.8,25.1,38.5,38.5,41.2,65.2,,,,,45.3,,,37.2,37.7,21.6,33.7,36.2,,40.6,36.0,32.0,,59.6,43.6,68.0,68.0,39.5,40.0,38.3,31.5,27.7,,23.5,,111.7,249.5,468.4,,337.1,,135.4,930.2,421.6,,,261.7,257.3,,,,70.0,74.6,,,99.5,89.9,,124.5,72.9,104.7,,131.7,131.8,72.3,,59.0,38.5,35.6,39.6,,43.6,,63.9,,49.9,,56.7,75.4,112.0,68.9,,,,112.7,140.3,,,119.3,109.3,127.2,84.3,,,68.8,76.8,,,,29.3,31.1,31.1,26.9,26.2,,,
197406,51.3,,,,,,,,51.2,55.8,34.9,46.1,,,,,,,,,,,,68.4,53.9,42.4,82.0,,68.0,73.7,,,74.9,,89.3,,77.5,75.8,,,,58.4,65.4,45.0,52.0,,89.5,,,,,42.2,42.0,30.4,34.1,,,,37.4,40.1,,37.8,,,,,,,,,,,,43.1,42.0,,,,,39.7,39.2,43.8,43.8,26.6,27.9,25.1,38.8,38.8,41.6,65.0,,,,,45.4,,,37.7,37.8,21.9,34.0,36.9,,40.6,36.4,32.2,,61.2,49.3,83.2,83.2,40.1,41.1,38.3,38.5,40.0,,23.5,,112.0,250.9,472.4,,340.4,,136.5,940.0,425.3,,,262.5,256.9,,,,70.4,74.2,,,99.7,90.6,,125.3,72.3,104.9,,131.9,131.8,72.5,,59.3,38.6,36.0,40.3,,43.0,,64.2,,50.0,,57.4,76.1,112.1,69.0,,,,112.2,137.9,,,119.0,109.3,126.4,85.2,,,70.2,76.8,,,,29.4,31.1,31.1,27.0,26.3,,,
197407,53.1,,,,,,,,53.0,59.5,35.2,46.4,,,,,,,,,,,,68.6,54.5,43.0,82.2,,67.9,73.5,,,75.0,,89.8,,77.5,75.6,,,,59.0,65.4,45.0,52.0,,89.5,,,,,42.3,42.3,30.4,34.4,,,,37.6,40.4,,38.1,,,,,,,,,,,,43.7,42.4,,,,,40.1,39.6,44.0,44.0,26.7,28.0,25.2,39.2,39.2,42.0,65.2,,,,,45.8,,,38.1,38.3,22.1,34.2,37.3,,41.2,36.4,32.5,,62.2,49.6,83.2,83.2,40.2,41.4,38.3,39.6,41.4,,23.5,,112.6,252.1,475.0,,341.9,,137.5,944.4,423.9,,,264.6,255.9,,,,70.8,74.1,,,101.0,90.6,,126.6,74.3,105.0,,132.5,130.2,72.8,,59.9,39.3,36.7,41.1,,43.7,,65.1,,51.1,,57.9,76.5,112.2,69.0,,,,111.4,135.2,,,119.0,109.3,126.2,86.6,,,71.9,77.2,,,,30.2,31.3,31.3,28.0,27.3,,,
197408,53.6,,,,,,,,53.5,60.7,35.5,47.0,,,,,,,,,,,,68.8,55.1,43.7,82.4,,68.0,73.7,,,74.8,,89.9,,77.7,75.3,,,,59.0,65.4,45.0,52.0,,89.5,,,,,42.9,42.8,30.9,34.9,,,,38.1,40.8,,38.5,,,,,,,,,,,,44.2,42.7,,,,,40.4,39.9,44.4,44.4,27.0,28.3,25.5,39.5,39.5,42.5,66.9,,,,,45.4,,,38.4,38.5,22.3,34.5,37.7,,41.2,36.5,32.8,,63.0,49.9,83.2,83.2,40.4,41.9,38.3,40.1,41.8,,23.5,,113.2,252.7,479.5,,343.3,,139.9,949.8,425.8,,,264.8,253.6,,,,70.5,74.1,,,101.5,90.6,,127.4,74.7,105.2,,133.0,130.8,72.9,,60.5,39.8,37.4,41.5,,44.3,,65.5,,51.3,,58.7,76.8,112.2,68.7,,,,112.2,133.7,,,122.1,109.5,134.1,86.6,,,72.1,77.0,,,,30.6,31.5,31.5,28.4,27.6,,,
197409,54.0,,,,,,,,53.9,60.3,36.0,47.6,,,,,,,,,,,,69.3,55.6,44.0,82.4,,67.9,73.5,,,75.4,,90.0,,82.1,74.9,,,,59.0,65.4,45.0,52.0,,89.5,,,,,43.5,43.4,31.4,35.5,,,,38.8,41.2,,38.9,,,,,,,,,,,,44.7,42.9,,,,,40.7,40.1,44.6,44.6,27.3,28.6,25.8,39.7,39.7,42.9,67.4,,,,,46.0,,,38.8,38.9,22.8,35.0,37.8,,42.1,36.7,33.0,,63.5,52.5,83.2,83.2,47.0,50.2,43.1,40.9,42.3,,23.5,,115.7,264.5,481.6,,343.3,,141.0,957.5,423.9,,,265.1,,,,,71.2,74.5,,,102.5,90.6,,129.2,75.9,105.3,,133.2,130.1,72.3,,61.1,40.4,37.8,43.1,,44.6,,66.6,,52.6,,59.1,77.4,113.1,67.8,,,,113.0,133.3,,,124.6,109.8,140.1,86.8,,,72.2,77.0,,,,30.8,31.5,31.5,28.7,27.9,,,
197410,54.5,,,,,,,,54.4,60.6,36.7,47.8,,,,,,,,,,,,70.4,55.9,44.2,83.2,,67.8,73.4,,,77.3,,91.8,,90.9,75.0,,,,59.0,65.4,45.0,52.0,,89.5,,,,,45.5,45.4,33.2,36.8,,,,40.6,43.4,,41.0,,,,,,,,,,,,45.3,43.6,,,,,41.0,40.4,45.0,45.0,27.3,28.6,25.8,40.0,40.0,43.2,67.5,,,,,45.7,,,39.2,39.1,23.2,35.4,38.1,,43.6,37.3,33.3,,63.9,53.3,83.2,83.2,47.9,51.1,44.0,41.8,42.3,,23.8,,117.4,271.8,487.2,,343.3,,140.7,1015.2,426.7,,,265.9,352.8,,169.6,,71.6,74.6,,,102.5,91.1,,128.3,76.0,106.0,,134.7,130.8,72.5,,61.7,40.6,38.0,43.3,,44.8,,66.9,,53.0,,59.5,78.4,114.4,67.9,,,,113.6,133.0,,,125.8,109.8,143.1,87.3,,,72.8,77.1,,,,31.3,32.1,32.1,29.1,28.4,,,
197411,55.4,,,,,,,,55.3,60.2,37.8,48.8,,,,,,,,,,,,71.1,56.4,44.5,83.8,,67.7,73.3,,,78.3,,92.6,,92.7,75.8,,,,59.0,65.4,45.0,52.0,,89.5,,,,,46.7,46.6,34.2,37.8,,,,41.8,44.6,,42.3,,,,,,,,,,,,45.9,44.1,,,,,41.5,41.0,45.4,45.4,27.4,28.7,25.9,40.7,40.7,43.5,67.1,,,,,45.5,,,39.4,39.5,23.3,35.8,38.2,,44.6,37.7,33.5,,64.3,54.7,83.2,83.2,51.0,57.4,44.1,42.6,42.0,,24.2,,117.7,272.1,488.7,,344.1,,141.1,1038.1,425.8,,,266.7,354.8,,170.5,,71.5,73.9,,,103.0,91.2,,127.2,77.1,106.1,,134.3,131.2,72.1,,62.1,41.0,38.3,43.8,,45.0,,67.0,,53.1,,60.2,79.1,115.5,67.9,,,,113.3,131.3,,,126.5,111.1,143.7,87.4,,,72.9,77.3,,,,31.6,32.1,32.1,29.4,28.6,,,
197412,56.1,,,,,,,,56.0,60.7,38.6,50.1,,,,,,,,,,,,72.1,56.9,45.1,83.8,,67.7,73.3,,,79.5,,93.3,,93.2,77.4,,,,59.0,65.4,45.0,52.0,,89.5,,,,,47.8,47.6,35.2,38.4,,,,42.7,45.9,,43.2,,,,,,,,,,,,46.2,44.1,,,,,41.8,41.3,45.7,45.7,27.9,29.3,26.4,40.9,40.9,43.7,66.8,,,,,45.2,,,39.9,39.8,23.8,35.9,38.4,,45.0,38.3,33.7,,64.8,54.7,83.2,83.2,51.0,57.5,44.1,42.6,41.3,,24.2,,117.9,272.1,490.7,,343.3,,141.9,1056.7,423.9,,,267.2,352.5,,169.2,,71.6,73.5,,,103.8,91.4,,128.7,77.5,106.4,,134.7,131.8,72.1,,62.5,41.2,38.6,44.0,,45.3,,67.2,,53.3,,60.7,80.1,116.3,67.7,,,,112.5,127.5,,,127.7,114.0,144.0,87.5,,,73.1,77.4,,,,31.6,32.4,32.4,29.4,28.6,,,
197501,56.2,,,,,,,,56.1,60.1,38.9,50.9,57.5,,,,59.0,,,,,,,74.5,57.6,45.5,84.5,,68.6,74.3,,,83.6,,94.1,,93.5,79.0,,,,59.0,65.3,45.0,52.0,,89.5,,,,,48.4,48.3,35.6,38.7,,,,43.8,46.2,,43.6,,,,,,,,,,,,48.0,44.5,,,,,42.2,41.6,46.0,46.0,27.8,29.2,26.3,41.3,41.3,44.2,67.2,,,,,44.9,,,40.2,39.8,24.4,36.8,38.6,,45.3,39.0,33.9,,65.1,54.0,80.6,80.6,50.4,56.0,44.2,42.2,41.0,,24.6,,117.3,266.8,490.7,,344.8,,141.9,1073.0,427.6,,,270.3,320.8,,166.9,,71.0,71.7,,,104.9,91.4,,130.2,78.8,107.2,,134.5,130.1,72.1,,63.5,41.2,38.6,43.6,,45.3,,67.4,,53.5,,61.2,83.0,117.2,67.4,87.0,,,110.8,122.9,,,129.1,116.7,143.8,87.6,94.3,,73.4,76.7,,,,32.3,33.7,33.7,29.7,28.9,,,
197502,56.3,,,,,,,,56.2,59.1,39.2,51.3,57.5,,,,59.0,,,,,,,75.2,58.0,46.1,85.6,,70.6,76.5,,,84.0,,94.1,,93.7,80.5,,,,59.0,65.3,45.0,52.0,,89.5,,,,,48.6,48.5,36.0,38.8,,,,43.8,46.3,,43.9,,,,,,,,,,,,49.0,44.6,,,,,42.5,41.9,46.3,46.3,27.9,29.3,26.4,41.5,41.5,44.3,67.1,,,,,44.8,,,40.4,39.8,24.5,36.9,38.9,,45.5,39.2,34.0,,65.5,54.0,80.6,80.6,50.7,56.6,44.1,41.8,40.6,,24.6,,117.0,267.1,491.7,,344.8,,142.0,1077.4,427.2,,,270.6,320.1,,166.7,,70.8,71.7,,,105.0,92.0,,130.5,78.7,106.4,,134.2,126.7,71.9,,63.5,41.2,38.6,43.6,,45.3,,67.5,,53.6,,61.3,83.0,117.9,67.5,85.4,,,109.0,118.1,,,130.2,118.9,143.7,85.4,89.4,,73.4,76.5,,,,32.3,33.8,33.8,29.8,29.0,,,
197503,57.3,,,,,,,,57.2,59.8,39.4,51.5,57.9,,,,64.5,,,,,,,76.0,58.2,46.4,85.3,,72.7,78.7,,,84.7,,94.1,,93.7,84.2,,,,59.0,65.3,45.0,52.0,,89.5,,,,,48.8,48.7,36.1,39.1,,,,44.0,46.5,,44.0,,,,,,,,,,,,49.2,44.9,,,,,42.7,42.2,46.7,46.7,28.1,29.5,26.6,41.8,41.8,44.5,66.6,,,,,44.8,,,40.6,39.9,24.6,37.1,39.1,,45.5,39.2,34.5,,65.9,54.2,80.6,80.6,51.2,57.8,44.1,41.7,40.4,,24.7,,116.8,266.5,493.8,,344.8,,143.1,1083.9,424.8,,,270.8,318.1,,164.4,,70.1,70.3,,,105.3,92.0,,131.1,79.1,105.7,,133.7,124.9,71.6,,63.6,41.4,38.7,43.7,,45.4,,67.6,,53.6,,61.4,82.7,117.7,67.5,83.6,,,108.9,115.2,,,131.2,120.0,143.5,86.8,91.9,,74.0,76.5,,,,32.5,33.9,33.9,30.0,29.2,,,
197504,57.0,,,,,,,,56.9,62.2,39.7,51.9,57.8,,,,61.1,,,,,,,76.7,58.4,46.5,85.3,,74.8,81.0,,,85.5,,94.4,,94.0,85.8,66.1,,,59.1,65.3,45.0,52.4,,89.5,,,,,49.2,49.0,36.2,39.2,,,,44.3,46.7,46.2,44.3,,,,,55.5,,,,53.9,,,49.5,45.2,49.7,49.0,48.9,51.5,43.1,42.7,47.2,47.2,28.8,30.2,27.2,42.3,42.3,44.8,65.9,,,,,44.5,,,41.2,40.0,24.9,38.1,39.4,,45.6,39.8,36.4,,66.1,54.4,80.6,80.6,51.3,58.1,44.1,41.6,40.3,,25.5,,117.0,266.8,495.3,,344.4,,142.5,1089.4,411.3,991.2,,270.1,,,,,70.4,71.0,,,104.5,92.0,,129.7,77.3,105.2,,133.2,123.5,71.2,82.0,63.5,41.5,38.9,43.7,,45.7,,67.7,,53.9,,61.5,82.3,117.4,66.9,80.1,,,109.4,112.0,,104.3,131.7,121.1,143.3,90.2,98.4,,75.2,76.3,,,,33.8,34.5,34.5,31.3,30.5,,,
197505,57.3,,,,,,,,57.1,61.9,39.7,52.1,57.8,,,,59.9,,,,,,,77.2,58.8,47.0,85.2,,75.6,81.9,,,85.9,,94.6,,94.1,87.7,66.1,,,59.5,65.3,45.0,53.3,,89.5,,,,,49.3,49.1,36.3,39.3,,,,44.6,46.8,46.3,44.4,,,,,55.8,,,,54.4,,,49.7,45.7,49.8,49.1,49.0,51.7,43.7,43.3,47.8,47.8,28.9,30.3,27.3,43.0,43.0,45.0,65.7,,,,,44.3,,,41.4,40.0,25.1,38.7,39.4,,45.7,40.0,37.0,,66.3,54.4,80.6,80.6,51.4,58.2,44.1,41.6,40.2,,25.6,,117.0,266.8,496.3,,344.4,,142.5,1093.8,403.3,989.6,,269.8,316.8,,,,69.9,70.9,,,103.9,92.0,,128.0,78.5,105.2,,132.5,124.1,70.8,82.6,63.4,41.4,38.8,43.6,,45.4,,67.8,,53.9,,61.3,81.6,117.4,66.8,76.8,,,109.7,111.8,,105.6,132.1,121.5,143.1,91.2,98.3,,77.6,76.3,,,,34.3,35.1,35.1,31.7,30.9,,,
197506,57.3,,,,,,,,57.2,62.1,40.0,52.4,58.9,,,,59.5,,,,,,,77.6,59.5,47.7,85.2,,75.7,82.0,,,86.3,,94.7,,94.1,89.2,66.1,,,60.3,65.3,45.0,55.5,,89.5,,,,,49.6,49.4,36.3,39.3,,,,44.6,46.9,46.4,44.4,,,,,56.0,,,,54.7,,,49.8,46.4,50.1,49.4,49.3,52.0,44.1,43.7,48.3,48.3,29.2,30.6,27.6,43.5,43.5,45.3,65.3,,,,,44.3,,,41.7,40.3,25.3,39.0,39.9,,45.9,40.1,37.3,,66.6,54.5,80.6,80.6,51.5,58.3,44.1,41.6,40.3,,25.7,,116.8,266.5,496.3,,344.8,,142.5,1092.7,402.4,987.9,,269.8,315.4,,,,69.5,70.1,,,103.1,91.9,,127.3,77.5,104.9,,131.2,124.9,70.8,83.2,63.3,41.6,38.9,43.5,,46.1,,67.7,,54.0,,61.1,81.1,117.3,66.8,73.2,,,109.6,109.0,,104.2,133.3,123.6,143.1,92.2,98.9,,79.7,76.3,,,,34.9,37.4,37.4,31.9,31.0,,,
197507,58.4,,,,,,,,58.3,63.5,40.3,52.9,60.9,,,,61.1,,,,,,,77.8,60.1,48.4,84.9,,76.1,82.4,,,86.4,,95.0,,94.1,89.2,66.1,,,60.5,65.3,45.0,55.9,,89.5,,,,,49.7,49.6,36.6,39.5,,,,44.8,47.0,46.4,44.6,,,,,56.4,,,,54.8,,,50.0,46.9,50.2,49.5,49.5,52.0,44.4,44.3,48.7,48.7,29.3,30.7,27.7,44.1,44.1,45.4,65.1,,,,,44.2,,,41.8,40.4,25.4,39.2,39.9,,45.9,40.3,37.5,,67.0,54.8,80.6,80.6,51.5,58.4,44.1,43.0,42.0,,26.1,,116.7,266.5,496.8,,345.6,,142.3,1092.7,401.9,987.9,,269.8,316.1,,,,69.5,69.9,,,102.9,91.9,,126.3,78.2,104.6,,131.0,124.6,70.9,83.2,63.2,41.4,38.9,43.2,,46.0,,67.9,,54.0,,61.2,81.1,117.6,67.3,70.6,,,108.6,105.5,,100.6,133.5,123.7,143.1,92.2,98.7,,79.7,76.3,,,,35.2,38.4,38.4,32.1,31.2,,,
197508,59.1,,,,,,,,59.0,64.1,40.3,52.9,64.3,,,,61.4,,,,,,,78.2,60.7,48.8,85.0,,76.1,82.4,,,86.4,,95.0,,94.1,89.4,66.1,,,61.5,65.5,45.0,58.2,,89.5,,,,,50.0,50.0,36.7,39.9,,,,45.1,47.2,46.7,44.8,,,,,56.8,,,,55.0,,,50.4,47.8,50.2,49.5,49.5,52.0,44.6,44.6,49.0,49.0,29.3,30.7,27.7,44.4,44.4,45.4,65.0,,,,,44.2,,,42.0,40.6,25.4,39.4,40.0,,45.9,40.5,37.8,,67.4,55.3,80.6,80.6,51.6,58.5,44.1,44.0,42.8,,28.0,,116.3,265.3,495.3,,344.4,,142.3,1089.4,401.0,985.4,,269.0,312.7,,,,69.5,69.7,,,102.7,91.8,,125.8,78.0,104.7,,131.4,124.9,70.7,83.3,63.1,41.4,38.8,43.1,,45.7,,67.9,,54.0,,61.0,80.8,117.6,67.2,68.8,,,108.3,104.4,,99.4,133.5,123.7,143.1,92.0,98.0,,79.8,76.4,,,,35.6,38.7,38.7,32.5,31.7,,,
197509,59.4,,,,,,,,59.2,63.4,40.8,52.9,65.9,,,,60.4,,,,,,,78.3,60.9,48.9,84.6,,76.5,82.8,,,86.6,,95.2,,94.3,89.1,66.1,,,62.7,68.0,45.1,58.5,,89.5,,,,,50.7,50.5,37.0,40.2,,,,45.5,47.7,47.4,45.4,,,,,57.9,,,,55.6,,,50.8,48.8,50.6,49.8,49.8,52.5,44.8,44.7,49.2,49.2,29.4,30.8,27.8,44.5,44.5,45.8,65.0,,,,,44.2,,,42.3,41.5,25.5,39.8,40.4,,46.0,40.5,38.1,,67.8,56.1,80.6,80.6,51.6,58.5,44.1,44.7,43.7,,30.6,,114.5,254.2,495.3,,344.1,,142.0,1089.4,396.3,984.6,,268.5,266.3,,,,69.2,69.3,,,103.5,91.9,,126.9,76.5,105.2,,131.9,125.6,70.8,84.1,62.9,41.0,38.7,42.1,,45.7,,67.7,,53.9,,60.7,80.8,117.1,67.5,68.5,,,108.6,105.5,,100.9,133.6,123.7,142.9,91.7,97.5,,79.6,76.5,,,,35.8,38.8,38.8,32.6,31.7,,,
197510,59.5,,,,,,,,59.4,63.1,41.0,53.3,66.3,,,,60.3,,,,,,,78.6,61.3,49.4,84.5,,76.4,82.7,,,86.9,,95.2,,94.3,89.1,67.2,,,63.3,69.5,45.1,58.5,,89.5,,,,,51.0,50.9,37.2,40.6,,,,45.7,48.2,47.8,45.9,,,,,58.1,,,,56.0,,,51.1,49.2,50.6,49.8,49.8,52.5,45.1,45.0,49.5,49.5,29.5,30.9,27.8,44.7,44.7,45.9,64.8,,,,,44.1,,,42.6,42.4,25.8,40.2,40.3,,46.1,40.8,38.4,,68.0,56.4,80.6,80.6,51.7,58.7,44.1,45.5,44.5,,31.4,,116.5,265.0,494.8,,344.1,,141.7,1090.5,396.3,987.9,,268.0,313.1,,163.8,,69.1,69.4,,,103.5,91.9,,125.6,76.8,105.6,,132.0,125.5,71.0,87.2,62.8,41.0,38.6,42.1,,45.7,,67.6,,54.0,,60.7,80.7,117.1,67.7,67.4,,,108.6,105.6,,101.3,133.8,123.7,142.9,91.4,97.4,,79.5,76.5,,,,36.1,38.9,38.9,32.8,32.0,,,
197511,59.6,,,,,,,,59.5,62.5,41.2,53.3,66.7,,,,60.8,,,,,,,79.0,61.8,49.9,84.5,,76.0,82.3,,,87.3,,95.3,,94.3,89.4,67.9,,,63.5,70.1,45.1,58.5,,89.5,,,,,51.3,51.3,37.5,40.9,,,,46.1,48.5,48.2,46.3,,,,,58.1,,,,56.4,,,51.4,49.5,50.6,49.8,49.8,52.5,45.4,45.3,49.9,49.9,29.5,30.9,27.8,45.1,45.1,46.1,64.8,,,,,43.8,,,42.8,43.1,25.8,40.2,40.4,,46.1,41.0,38.6,,68.2,56.7,80.6,80.6,51.8,59.1,44.2,46.1,45.0,,32.2,,116.3,264.2,493.8,,343.7,,142.5,1083.9,394.9,988.7,,267.2,311.4,,162.7,,68.9,69.4,,,103.9,91.9,,126.0,77.0,105.7,,132.8,125.5,70.9,88.3,62.7,41.0,38.6,42.1,,45.7,,67.2,,53.9,,60.7,80.8,116.8,68.3,67.5,,,108.5,105.5,,101.2,133.8,123.7,142.9,91.2,96.5,,79.7,76.5,,,,36.4,38.9,38.9,33.3,32.4,,,
197512,59.9,,,,,,,,59.8,63.7,41.5,53.4,66.8,,,,60.2,,,,,,,79.0,62.0,50.1,84.2,,75.7,82.0,,,87.4,,95.3,,94.3,89.6,68.1,,,63.5,70.2,45.1,58.5,,89.5,,,,,51.7,51.8,38.0,41.3,,,,46.5,49.0,48.9,46.6,,,,,58.5,,,,56.5,,,52.0,49.7,50.6,49.8,49.8,52.5,45.5,45.6,50.2,50.2,29.5,31.0,27.9,45.3,45.3,46.2,64.9,,,,,43.7,,,42.9,43.5,25.9,40.2,40.4,,46.4,41.4,38.7,,68.6,57.0,80.6,80.6,51.8,59.2,44.2,46.7,45.7,,32.9,,116.3,263.3,492.2,,343.3,,142.2,1078.5,394.0,981.3,,266.9,310.1,,162.0,,68.9,68.9,,,104.0,92.1,,126.2,76.1,105.7,,134.0,124.6,70.7,85.9,62.7,40.8,38.4,42.0,,45.6,,67.1,,54.0,,60.7,80.8,116.4,68.5,67.5,,,108.5,105.5,,100.9,133.8,123.7,142.9,91.2,95.9,,80.4,76.3,,,,36.5,39.0,39.0,33.4,32.5,,,
197601,60.3,,,,,,,,60.2,63.7,41.7,53.9,66.7,,,,61.1,,,,,,,79.4,62.7,50.8,84.2,,75.7,82.0,,,87.6,,95.5,,94.4,89.7,68.5,,,66.7,70.4,45.2,63.3,,93.1,,,,,52.5,52.7,38.4,41.8,,,,47.6,49.9,50.1,47.3,,,,,59.2,,,,57.0,,,52.6,50.9,50.6,49.8,49.8,52.5,45.9,45.7,50.5,50.5,29.5,31.0,27.9,45.5,45.5,46.7,66.1,,,,,43.7,,,43.3,44.2,26.2,40.4,40.8,,47.1,41.8,38.8,,68.8,57.2,80.6,80.6,51.9,59.3,44.1,47.0,46.1,,33.9,,116.1,262.7,492.2,,343.3,,141.9,1080.7,391.2,978.0,,266.4,306.4,,160.2,,69.2,68.7,,,104.5,92.1,,126.2,77.1,105.4,,132.5,123.4,71.2,86.2,62.8,41.0,38.7,42.0,,45.7,,67.3,,54.1,,60.7,80.9,116.3,69.0,67.5,,,108.1,105.0,,100.2,133.6,123.7,142.5,91.0,95.3,,80.5,76.5,,,,36.8,39.1,39.1,33.7,32.8,,,
197602,60.7,,,,,,,,60.6,64.1,42.0,54.5,67.3,,,,61.5,,,,,,,80.9,63.1,51.2,84.5,,76.2,82.6,,,89.8,,95.5,,94.4,89.9,74.3,,,66.8,70.4,45.2,63.3,,93.4,,,,,52.9,53.2,38.6,42.0,,,,48.2,50.2,50.5,47.6,,,,,59.5,,,,57.2,,,52.9,52.1,50.6,49.8,49.8,52.5,46.3,46.2,51.1,51.1,29.6,31.0,28.0,45.9,45.9,47.1,68.0,,,,,43.5,,,43.5,44.7,26.4,40.6,41.0,,48.1,42.2,39.1,,68.9,57.3,80.6,80.6,51.9,59.3,44.2,47.1,46.1,,34.2,,116.0,262.4,491.7,,343.3,,141.9,1078.5,392.6,971.3,,266.4,305.1,,159.3,,69.3,68.8,,,104.6,92.0,,126.5,77.0,104.9,,131.5,122.1,71.2,86.2,62.9,41.1,39.1,42.0,,45.7,,67.1,,54.1,,60.7,81.2,116.1,69.5,67.9,,,107.9,104.4,,99.4,133.6,123.7,142.7,91.0,95.4,,80.1,76.6,,,,36.9,39.1,39.1,33.8,32.9,,,
197603,61.1,,,,,,,,60.9,64.3,42.3,54.9,67.6,,,,61.4,,,,,,,81.8,63.3,51.2,83.9,,76.5,82.8,,,91.4,,95.5,,94.4,90.1,78.3,,,66.9,70.5,45.2,63.3,,93.4,,,,,53.2,53.4,39.1,42.3,,,,48.3,50.5,50.5,48.0,,,,,60.0,,,,57.8,,,52.9,52.5,50.6,49.8,49.8,52.5,46.7,46.5,51.5,51.5,29.7,31.1,28.0,46.2,46.2,47.6,68.9,,,,,43.9,,,44.0,45.2,26.6,40.6,41.9,,49.0,42.1,39.2,,69.1,57.3,80.6,80.6,51.9,59.3,44.3,47.1,46.1,,34.6,,116.0,262.4,491.7,,343.0,,141.4,1081.8,393.1,971.3,,265.4,303.7,,159.3,,69.7,68.9,,,104.6,92.1,,125.3,76.8,104.6,,131.0,120.9,71.3,86.1,62.9,41.2,39.1,42.1,,45.7,,67.0,,54.2,,60.7,81.5,115.7,69.6,67.7,,,107.9,104.0,,98.9,134.0,123.9,142.7,91.0,95.3,,80.3,76.7,,,,36.9,39.3,39.3,33.8,32.9,,,
197604,61.1,,,,,,,,60.9,64.8,42.7,55.3,67.8,,,,59.9,,,,,,,82.1,63.6,51.4,84.2,,77.1,83.5,,,91.4,,95.5,,94.4,90.0,78.5,,,66.9,70.5,45.2,63.3,,93.4,,,,,54.1,53.9,39.8,42.9,,,,48.4,51.0,50.8,48.5,,,,,60.3,,,,58.7,,,53.5,52.9,55.1,53.6,53.6,58.2,47.3,47.2,52.0,52.0,31.7,33.2,29.9,46.9,46.9,48.4,69.8,,,,,43.9,,,44.6,46.1,26.9,41.1,42.6,,49.9,42.5,40.4,,69.1,57.9,80.6,80.6,51.9,59.3,44.2,47.2,46.1,,37.1,,117.9,268.6,491.7,,342.6,,140.8,1086.1,393.5,970.5,,265.6,328.8,,,,70.2,69.3,,,105.6,92.1,,126.9,77.9,105.2,,131.2,122.0,71.9,86.2,63.1,41.3,39.1,42.1,,46.0,,67.2,,54.5,,60.8,81.6,115.5,70.4,66.5,,,108.1,104.4,,99.3,133.8,123.9,142.1,91.3,95.9,,80.6,76.8,,,,40.5,41.2,41.2,37.5,36.5,,,
197605,61.5,,,,,,,,61.3,66.0,42.9,55.7,68.1,,,,60.1,,,,,,,82.6,64.1,52.2,83.8,,78.7,85.2,,,91.8,,95.7,,94.4,90.4,78.9,,,66.9,70.5,45.1,63.3,,93.4,,,,,54.6,54.2,40.2,43.2,,,,48.7,51.2,51.2,48.7,,,,,61.1,,,,58.8,,,53.8,53.2,56.7,55.6,55.5,59.5,47.9,47.8,52.6,52.6,31.8,33.3,30.1,47.5,47.5,48.7,69.9,,,,,44.2,,,44.9,46.9,27.1,41.5,42.6,,50.4,43.1,41.2,,69.4,58.1,80.6,80.6,51.9,59.3,44.2,47.1,46.1,,38.0,,117.9,266.5,492.2,,342.6,,141.1,1088.3,393.5,965.5,,264.6,318.8,,,,70.2,69.8,,,106.0,92.1,,126.9,77.0,105.8,,133.2,121.4,72.0,86.5,63.4,41.4,39.3,42.2,,46.2,,67.4,,55.0,,60.7,81.7,115.8,70.6,66.6,,,108.5,104.8,,99.9,134.0,124.2,142.5,91.8,96.5,,80.8,76.8,,,,41.5,41.4,41.4,38.7,37.7,,,
197606,61.5,,,,,,,,61.3,66.1,42.9,55.7,68.4,,,,59.5,,,,,,,82.9,64.4,52.3,83.9,,80.8,87.5,,,91.8,,95.7,,94.4,90.6,78.9,,,66.9,70.5,45.1,63.3,,93.4,,,,,54.8,54.4,40.5,43.5,,,,48.9,51.5,51.5,48.8,,,,,61.2,,,,59.0,,,54.3,53.2,56.7,55.6,55.5,59.5,48.5,48.4,53.4,53.4,31.9,33.4,30.1,48.2,48.2,48.9,70.0,,,,,44.7,,,45.2,47.7,27.5,41.6,42.7,,50.6,43.6,41.4,,69.9,58.4,80.6,80.6,52.3,59.4,44.8,47.5,46.5,,38.5,,117.9,266.2,492.2,,342.2,,141.3,1087.2,393.5,963.0,,264.3,316.8,,,,70.4,69.9,,,107.0,92.1,,128.0,77.1,105.6,,131.5,121.8,72.4,87.3,63.5,41.5,39.5,42.1,,46.2,,68.0,,55.8,,60.4,81.8,115.4,70.7,66.6,,,109.0,105.4,,100.1,134.3,125.0,142.5,92.6,98.9,,80.3,76.6,,,,41.6,41.6,41.6,38.7,37.7,,,
197607,62.0,,,,,,,,61.9,66.4,43.2,56.0,69.2,,,,60.0,,,,,,,83.5,65.0,53.0,84.1,,83.0,89.9,,,91.9,,95.9,,94.4,90.5,79.3,,,66.9,70.5,45.7,63.3,,93.4,,,,,55.0,54.7,40.7,43.8,,,,49.2,51.8,51.7,49.2,,,,,61.4,,,,59.0,,,54.7,53.4,56.7,55.6,55.5,59.5,48.8,48.8,53.8,53.8,32.2,33.7,30.4,48.4,48.4,49.4,70.7,,,,,45.6,,,45.6,48.7,27.9,42.0,42.9,,50.8,44.1,41.7,,70.5,60.4,84.8,84.8,54.1,59.4,48.0,48.8,48.0,,38.7,,118.2,265.9,492.7,,341.1,,141.6,1086.1,394.5,960.5,,263.8,315.4,,,,70.3,69.8,,,107.8,91.9,,128.1,77.2,105.8,,131.9,120.9,72.5,87.5,63.6,41.6,39.4,42.3,,46.3,,68.3,,56.4,,60.4,82.1,115.7,71.2,66.8,,,109.6,105.2,,99.8,135.6,127.5,142.5,93.4,100.8,,80.2,76.6,,,,41.7,42.2,42.2,38.7,37.7,,,
197608,62.1,,,,,,,,62.0,66.4,43.5,56.2,69.5,,,,60.0,,,,,,,83.6,65.3,53.1,84.1,,83.6,90.5,,,91.9,,95.9,,94.4,90.4,79.3,,,66.9,70.5,45.6,63.3,,93.4,,,,,55.2,55.0,41.0,44.1,,,,49.4,52.0,51.9,49.3,,,,,61.7,,,,59.2,,,55.1,53.8,56.7,55.6,55.5,59.5,49.1,48.9,54.0,54.0,32.3,33.9,30.5,48.7,48.7,49.8,71.4,,,,,46.2,,,46.0,50.0,28.1,42.3,43.1,,50.9,44.2,42.0,,71.1,61.8,87.5,87.5,55.3,60.4,49.1,49.0,48.3,,38.8,,118.6,265.6,492.7,,341.9,,141.6,1086.1,394.5,954.7,,264.1,313.1,,,,70.4,70.2,,,108.4,91.9,,127.9,77.3,106.8,,132.0,122.3,72.9,88.7,63.9,41.6,39.6,42.4,,46.4,,68.7,,57.0,,60.5,82.2,116.0,71.5,66.8,,,109.8,105.0,,99.3,136.4,129.2,142.9,93.8,102.4,,79.6,76.5,,,,41.9,42.4,42.4,38.9,37.9,,,
197609,62.4,,,,,,,,62.3,65.2,43.8,56.6,69.7,,,,60.2,,,,,,,83.9,65.5,53.3,84.5,,84.6,91.6,,,92.2,,96.2,,94.9,90.4,79.4,,,66.9,70.5,45.7,63.3,,93.4,,,,,55.6,55.4,41.5,44.6,,,,49.7,52.7,52.4,50.0,,,,,61.9,,,,59.3,,,55.5,54.0,57.2,56.0,55.9,60.1,49.4,49.3,54.3,54.3,32.3,33.9,30.5,49.0,49.0,50.3,71.8,,,,,47.0,,,46.4,51.8,28.3,42.6,43.2,,51.1,44.5,42.4,,71.5,64.2,96.0,96.0,55.5,60.6,49.3,49.4,48.6,,38.8,,119.6,266.2,492.7,,342.2,,141.4,1083.9,394.9,950.6,,263.5,,,,,70.5,70.3,,,109.6,91.9,,128.0,78.5,110.8,,138.6,125.8,75.1,89.2,64.3,41.9,40.0,42.3,,46.7,,69.1,,57.6,,60.6,82.7,115.9,72.1,66.6,,,111.6,106.9,,100.9,138.5,130.9,146.8,94.4,103.7,,79.5,76.4,,,,42.4,42.6,42.6,39.4,38.4,,,
197610,62.4,,,,,,,,62.3,64.7,43.9,56.7,69.6,,,,60.3,,,,,,,84.0,65.5,53.3,84.5,,85.1,92.1,,,92.2,,96.4,,94.9,90.5,79.4,,,66.9,70.5,46.2,63.3,,93.4,,,,,56.0,55.8,42.3,45.3,,,,49.9,53.2,53.1,50.6,,,,,62.5,,,,59.4,,,55.9,54.2,57.2,56.0,55.9,60.1,49.7,49.6,54.6,54.6,32.3,33.9,30.5,49.3,49.3,50.5,72.0,,,,,47.5,,,46.8,53.3,28.5,43.0,43.3,,51.3,44.5,42.5,,72.0,65.1,96.0,96.0,57.7,65.5,49.5,49.5,48.8,,39.0,,120.2,264.7,492.7,,342.6,,141.4,1083.9,394.5,955.6,,263.5,308.1,,161.5,,71.4,70.9,,,110.7,91.9,,128.8,78.9,111.9,,140.5,125.5,75.8,90.9,64.7,42.2,40.2,42.6,,47.2,,69.5,,58.2,,60.5,83.2,116.3,72.6,66.6,,,113.4,110.9,,105.4,139.8,131.2,149.1,94.9,104.9,,79.5,76.4,,,,42.7,42.8,42.8,39.7,38.7,,,
197611,62.4,,,,,,,,62.3,64.3,44.1,57.2,68.8,,,,59.9,,,,,,,84.2,65.7,53.4,84.1,,85.4,92.5,,,92.3,,96.4,,95.1,90.5,79.4,,,66.9,70.5,46.7,63.3,,93.4,,,,,56.3,56.1,42.4,45.6,,,,50.6,53.3,53.2,50.8,,,,,62.5,,,,59.9,,,56.5,54.3,57.2,56.0,55.9,60.1,50.0,49.9,54.9,54.9,33.9,35.6,32.1,49.6,49.6,50.7,72.0,,,,,48.4,,,46.9,54.0,28.6,43.0,43.4,,51.5,44.7,42.6,,72.4,65.1,96.0,96.0,57.7,65.5,49.5,49.6,48.9,,39.1,,120.8,265.0,492.2,,342.2,,140.8,1082.9,392.6,952.2,,263.3,308.4,,162.0,,71.8,71.1,,,111.7,92.0,,129.7,79.2,112.6,,141.0,126.5,76.0,91.8,65.0,42.5,40.2,42.9,,47.5,,69.6,,58.3,,60.4,83.7,116.2,72.8,67.0,,,114.7,113.7,,108.4,140.8,131.7,151.3,95.2,105.4,,79.7,76.3,,,,42.8,42.8,42.8,39.9,38.9,,,
197612,62.5,,,,,,,,62.4,64.1,44.3,57.5,68.0,,,,59.8,,,,,,,84.5,66.1,53.7,84.5,,85.7,92.8,,,92.3,,96.4,,95.1,90.5,79.4,,,66.9,70.5,47.1,63.3,,93.4,,,,,56.7,56.5,42.8,46.1,,,,51.0,53.9,53.7,51.1,,,,,62.8,,,,60.1,,,56.8,54.3,57.2,56.0,55.9,60.1,50.4,50.4,55.4,55.4,34.8,36.4,32.8,50.0,50.0,51.0,71.8,,,,,49.0,,,47.2,54.5,28.9,43.4,43.6,,51.5,45.4,42.8,,72.6,65.2,96.0,96.0,57.7,65.5,49.5,49.7,48.9,,39.2,,121.0,264.7,492.2,,342.2,,140.4,1081.8,392.6,948.1,,262.8,306.1,,160.6,,72.0,71.5,,,112.0,91.9,,129.5,79.4,113.8,,143.1,126.5,76.3,92.3,65.3,42.7,40.5,43.1,,47.9,,69.7,,58.7,,60.7,84.0,116.0,73.9,66.9,,,115.2,115.2,,109.4,141.5,132.6,152.1,95.3,105.3,,79.9,76.0,,,,42.8,42.8,42.8,39.9,38.9,,,
197701,63.1,,,,,,,,62.9,64.7,44.8,58.0,68.2,,,,59.9,,,,,,,84.6,66.5,54.1,84.5,,86.2,93.3,,,92.3,,96.3,,95.1,90.4,79.4,,,66.9,70.5,47.1,63.3,,93.4,,,,,57.1,57.0,43.2,46.4,,,,51.6,54.5,54.4,51.6,,,,,63.2,,,,60.6,,,57.4,54.5,57.2,56.0,55.9,60.1,50.8,50.7,55.7,55.7,36.2,37.9,34.2,50.4,50.4,51.3,71.7,,,,,49.0,,,47.7,55.1,29.7,43.6,43.8,,52.2,46.3,43.2,,72.9,65.1,96.0,96.0,57.7,65.4,49.6,49.6,48.8,,39.2,,121.1,264.2,493.3,,342.2,,140.4,1078.5,394.5,949.8,,262.8,302.1,,158.8,,72.2,73.0,,,112.6,92.0,,130.1,79.8,113.9,,142.6,126.9,76.6,93.0,65.4,42.9,40.9,43.3,,47.9,,69.8,,59.1,,60.7,84.4,115.8,74.7,66.5,,,115.5,115.4,,108.9,142.2,133.2,152.5,95.2,104.9,,80.3,76.2,,,,42.9,42.8,42.8,40.0,38.9,,,
197702,63.0,,,,,,,,62.9,65.4,45.0,58.1,68.1,,,,58.6,,,,,,,85.1,66.6,54.2,84.2,,89.7,97.2,,,92.3,,96.4,,95.1,90.6,79.4,,,66.9,70.5,47.1,63.3,,93.4,,,,,57.4,57.3,43.4,46.8,,,,52.0,54.6,55.0,51.8,,,,,63.5,,,,60.8,,,57.9,54.4,57.2,56.0,55.9,60.1,51.1,51.0,56.1,56.1,36.7,38.4,34.6,50.7,50.7,51.5,71.9,,,,,49.0,,,47.9,55.4,29.8,44.0,44.0,,52.4,46.5,43.2,,73.2,65.9,96.0,96.0,59.6,69.6,49.6,49.6,48.8,,39.3,,121.0,263.3,493.3,,342.2,,140.4,1080.7,393.1,949.8,,263.3,297.4,,156.4,,72.6,73.4,,,112.6,91.9,,129.7,80.3,113.1,,139.1,124.6,77.5,93.8,65.7,43.2,41.2,43.6,,48.1,,70.1,,59.4,,60.7,84.5,115.8,75.0,66.0,,,115.5,114.8,,108.7,142.2,133.4,152.5,95.4,105.4,,80.0,76.2,,,,43.1,42.9,42.9,40.1,39.1,,,
197703,63.0,,,,,,,,62.9,65.7,45.2,58.2,68.1,,,,58.4,,,,,,,86.3,67.1,54.6,84.2,,98.1,106.2,,,92.3,,96.4,,95.1,90.7,79.4,,,66.9,70.5,47.3,63.3,,93.4,,,,,57.7,57.7,43.7,47.0,,,,52.5,54.9,55.3,52.2,,,,,63.6,,,,60.9,,,58.5,54.6,57.2,56.0,55.9,60.1,51.4,51.3,56.4,56.4,36.7,38.5,34.7,51.0,51.0,51.8,72.0,,,,,49.4,,,48.1,55.6,30.5,44.1,44.2,,52.7,46.7,43.5,,73.5,65.9,96.0,96.0,59.6,69.6,49.6,49.6,48.8,,39.3,,121.1,263.6,493.8,,341.9,,140.5,1081.8,393.5,948.1,,263.5,297.0,,155.9,,73.1,73.9,,,112.7,92.1,,129.4,80.6,113.1,,138.8,122.4,78.2,94.0,66.1,43.4,41.4,43.7,,48.5,,70.5,,60.1,,60.8,84.9,116.1,75.5,66.2,,,115.2,113.7,,107.5,142.0,133.2,152.5,96.1,106.3,,80.4,76.3,,,,43.1,42.9,42.9,40.1,39.1,,,
197704,63.3,,,,,,,,63.2,64.7,45.4,58.6,68.7,,,,59.3,,,,,,,87.2,67.6,55.0,84.3,,103.9,112.6,,,92.3,,96.4,,95.1,90.6,79.4,,,66.9,70.5,47.4,63.3,,93.4,,,,,58.2,57.9,44.1,47.2,,,,52.8,55.1,55.5,52.4,,,,,64.1,,,,61.0,,,59.1,54.9,59.5,58.6,58.5,61.8,52.0,51.9,56.9,56.9,38.7,40.6,36.6,51.5,51.5,52.4,72.4,,,,,49.9,,,48.8,56.0,31.2,44.8,44.5,,52.7,47.4,44.9,,73.9,66.5,96.2,96.2,60.0,70.6,49.6,49.6,48.8,,40.2,,121.7,262.7,494.3,,342.2,,140.2,1081.8,394.5,945.6,,263.8,290.7,,,,73.3,74.1,,,113.0,92.1,,129.1,81.3,115.2,,142.1,123.5,78.9,95.0,66.5,43.7,41.7,44.0,,48.5,,71.3,,61.3,,60.9,85.1,116.3,75.6,66.1,,,115.3,113.5,,107.4,142.2,133.6,152.7,96.4,106.5,,81.5,76.0,,,,45.2,45.2,45.2,42.1,41.0,,,
197705,63.6,,,,,,,,63.5,65.1,45.7,58.7,68.7,,,,59.4,,,,,,,87.6,68.3,55.6,84.8,,106.0,114.8,,,92.3,,96.4,,95.1,90.5,79.4,,,66.9,70.5,47.5,63.3,,93.4,,,,,58.6,58.4,44.5,47.8,,,,53.2,55.5,56.0,52.8,,,,,64.4,,,,61.7,,,59.7,54.9,60.1,59.1,59.1,62.4,52.6,52.5,57.6,57.6,39.8,41.7,37.6,52.2,52.2,52.6,72.4,,,,,50.0,,,49.0,56.1,31.2,45.2,44.8,,52.7,47.8,45.4,,74.1,66.5,96.2,96.2,60.1,70.7,49.6,49.7,48.8,,40.5,,123.5,272.1,495.8,,342.2,,140.7,1088.3,396.3,943.1,,262.5,327.1,,,,73.6,74.1,,,113.1,92.1,,129.4,81.2,115.2,,141.6,122.8,79.2,94.6,66.8,44.0,41.9,44.5,,48.9,,71.6,,61.6,,61.1,85.3,116.0,75.9,66.2,,,115.5,113.6,,107.6,142.2,133.4,152.7,96.6,106.3,,82.3,75.8,,,,45.6,45.6,45.6,42.4,41.3,,,
197706,64.0,,,,,,,,63.9,65.6,46.0,58.7,69.3,,,,59.7,,,,,,,89.6,69.3,56.5,88.4,,119.9,129.8,,,92.2,,96.4,,95.1,89.9,79.4,,,67.0,70.7,47.7,63.3,,93.4,,,,,58.7,58.5,44.7,48.0,,,,53.3,55.7,56.0,53.0,,,,,64.5,,,,62.0,,,60.2,54.9,60.1,59.2,59.1,62.5,52.9,53.1,58.1,58.1,39.8,41.7,37.6,52.6,52.6,52.8,72.5,,,,,50.3,,,49.2,56.1,31.5,45.5,44.9,,52.8,48.1,45.6,,74.5,66.4,96.2,96.2,59.8,69.9,49.6,49.7,48.8,,40.5,,123.6,271.8,495.8,,342.6,,140.5,1088.3,396.3,941.5,,261.4,326.1,,,,73.7,73.6,,,113.1,92.0,,129.0,81.4,115.5,,141.6,122.8,79.3,95.0,67.2,44.2,42.1,44.4,,49.3,,71.9,,62.0,,61.4,86.1,116.1,76.2,66.2,,,115.2,112.9,,107.0,142.2,133.4,152.8,96.4,106.0,,82.2,75.8,,,,45.8,46.0,46.0,42.6,41.5,,,
197707,64.9,,,,,,,,64.8,66.9,46.0,59.0,70.2,,,,60.3,,,,,,,90.9,69.9,57.2,89.7,,128.1,138.7,,,92.3,,96.4,,95.1,90.1,79.4,,,68.3,73.7,47.7,63.3,,93.4,,,,,59.0,58.8,44.8,48.2,,,,53.4,55.8,56.3,53.2,,,,,64.9,,,,62.6,,,60.6,55.0,60.1,59.2,59.2,62.5,53.2,53.4,58.5,58.5,40.3,42.3,38.1,52.9,52.9,53.0,72.7,,,,,50.3,,,49.5,56.1,31.9,45.9,44.9,,52.8,48.4,45.8,,75.1,66.5,96.2,96.2,59.9,70.1,49.6,49.7,48.8,,40.6,,123.6,271.5,495.8,,342.2,,140.8,1087.2,396.8,940.6,,262.5,324.8,,,,73.9,73.8,,,113.1,92.0,,129.0,81.6,115.5,,141.0,122.3,79.7,95.3,67.5,44.3,42.2,44.4,,49.3,,72.0,,62.4,,61.4,86.8,115.9,76.5,66.2,,,114.9,112.0,,106.1,142.2,133.4,152.8,95.9,105.4,,81.5,75.8,,,,46.2,46.4,46.4,43.0,41.8,,,
197708,65.6,,,,,,,,65.4,67.8,46.1,59.0,70.5,,,,60.7,,,,,,,91.5,70.8,57.9,90.4,,131.5,142.4,,,92.3,,96.4,,95.1,90.2,79.4,,,68.9,75.3,47.9,63.3,,93.4,,,,,59.1,58.8,44.9,48.3,,,,53.4,56.0,56.3,53.3,,,,,64.9,,,,62.7,,,61.3,55.1,60.1,59.2,59.2,62.5,53.6,53.7,58.8,58.8,40.9,42.9,38.7,53.3,53.3,53.3,72.9,,,,,50.2,,,49.8,56.1,32.4,46.4,45.0,,52.9,48.6,46.0,,75.6,66.5,96.2,96.2,59.9,70.3,49.6,49.7,48.7,,40.6,,123.5,270.3,495.3,,342.2,,140.5,1083.9,396.8,941.5,,262.0,320.8,,,,73.5,73.9,,,112.5,92.0,,127.6,81.7,115.3,,140.0,122.7,79.6,95.1,67.7,44.4,42.6,44.7,,48.9,,72.4,,62.8,,61.7,87.2,115.8,76.9,65.8,,,114.8,111.4,,105.6,142.2,133.4,152.8,96.1,106.1,,81.0,75.9,,,,46.5,47.1,47.1,43.2,42.0,,,
197709,65.7,,,,,,,,65.6,66.9,46.3,59.6,70.6,,,,60.9,,,,,,,92.6,71.4,58.1,94.4,,139.2,150.8,,,92.2,,96.4,,95.1,89.9,79.4,,,69.1,76.0,47.9,63.3,,93.4,,,,,59.4,59.2,45.1,48.5,,,,53.8,56.2,56.8,53.8,,,,,65.3,,,,62.9,,,61.9,55.1,60.4,59.5,59.5,62.7,53.8,53.9,59.0,59.0,41.0,43.0,38.7,53.4,53.4,53.6,73.0,,,,,50.2,,,50.0,56.0,32.4,46.9,45.4,,53.0,48.8,46.1,,76.0,66.5,96.2,96.2,59.9,70.3,49.6,49.7,48.7,,40.6,,123.7,270.3,495.3,,341.9,,140.8,1083.9,398.2,940.6,,262.5,,,,,73.8,74.0,,,112.2,92.0,,126.9,82.4,116.4,,140.6,124.8,80.0,95.3,67.9,44.6,42.6,44.9,,49.0,,72.6,,63.1,,62.0,87.2,115.5,77.3,65.4,,,114.9,111.8,,105.7,142.2,133.2,152.8,96.3,106.2,,81.1,76.1,,,,46.6,47.1,47.1,43.3,42.2,,,
197710,66.0,,,,,,,,65.8,66.3,46.3,59.3,70.6,,,,61.0,,,,,,,93.4,72.1,58.6,98.8,,142.2,154.0,,,92.3,,96.4,,95.1,90.2,79.4,,,69.1,76.3,47.9,63.3,,93.4,,,,,59.7,59.5,45.7,49.0,,,,54.1,56.9,56.8,54.1,,,,,65.7,,,,63.2,,,62.0,55.2,60.4,59.6,59.6,62.7,54.3,54.4,59.4,59.4,41.4,43.4,39.1,54.1,54.1,53.6,73.3,,,,,50.0,,,50.1,56.1,32.4,47.0,45.4,,53.0,49.1,46.2,,76.2,66.5,96.2,96.2,59.9,70.3,49.6,49.9,48.8,,40.8,,124.0,270.6,496.3,,341.5,,141.0,1082.9,399.1,941.5,,263.5,320.1,,162.4,,73.9,74.6,,,112.6,92.0,,127.6,82.6,117.2,,141.3,126.7,80.1,95.3,68.1,44.7,42.8,44.8,,49.5,,72.6,,63.4,,61.9,87.4,115.7,77.3,65.4,,,114.9,111.7,,105.4,142.2,133.4,152.8,96.4,106.7,,81.3,76.0,,,,46.8,47.1,47.1,43.5,42.4,,,
197711,66.2,,,,,,,,66.1,66.1,46.4,59.6,70.6,,,,61.3,,,,,,,93.8,72.8,58.9,103.0,,143.8,155.7,,,92.3,,96.4,,95.1,90.1,79.4,,,69.1,76.3,47.9,63.3,,93.4,,,,,60.0,59.8,46.0,49.4,,,,54.3,57.0,57.2,54.3,,,,,65.9,,,,63.5,,,62.4,55.3,60.4,59.6,59.6,62.7,54.4,54.6,59.7,59.7,41.4,43.4,39.2,54.3,54.3,53.8,73.5,,,,,49.7,,,50.3,56.4,32.5,47.3,45.5,,53.0,49.3,46.4,,76.5,66.6,96.2,96.2,60.0,70.5,49.6,50.0,48.9,,40.8,,124.3,271.5,496.8,,341.5,,140.7,1080.7,399.6,936.5,,264.6,322.1,,162.0,,74.2,74.6,,,113.1,92.0,,128.4,83.3,117.7,,142.1,125.5,80.6,95.8,68.3,45.0,43.0,45.4,,49.7,,72.8,,63.7,,61.7,87.5,115.3,77.7,65.1,,,115.1,112.0,,105.7,142.2,133.2,152.8,96.7,107.1,,81.4,76.0,,,,46.9,47.2,47.2,43.6,42.5,,,
197712,66.4,,,,,,,,66.2,66.7,46.4,59.6,70.1,,,,61.6,,,,,,,94.0,73.3,59.2,106.4,,144.6,156.6,,,92.3,,96.4,,95.1,90.2,79.4,,,69.2,76.3,48.0,63.3,,93.4,,,,,60.2,60.0,46.2,49.5,,,,54.8,57.4,57.4,54.5,,,,,66.1,,,,63.5,,,62.6,55.5,60.4,59.6,59.6,62.7,54.7,54.8,60.0,60.0,41.7,43.7,39.4,54.4,54.4,53.9,73.5,,,,,49.8,,,50.4,56.6,32.7,47.4,45.6,,53.1,49.4,46.6,,76.5,66.5,96.2,96.2,60.0,70.5,49.6,49.7,48.6,,40.8,,124.3,271.2,498.8,,341.9,,140.8,1078.5,395.4,935.7,,264.6,319.1,,160.2,,74.1,74.3,,,113.0,92.0,,127.6,84.1,118.2,,142.8,126.0,80.6,96.1,68.4,45.2,43.1,45.6,,50.2,,72.9,,63.7,,62.0,87.6,115.1,78.0,65.3,,,114.9,111.4,,104.9,142.4,133.4,153.2,96.3,106.3,,81.0,76.1,,,,46.9,47.2,47.2,43.6,42.5,,,
197801,66.2,,,,,,,,66.1,65.6,46.6,59.6,70.0,,,,61.4,,,,,,,94.4,74.1,59.7,109.7,,145.2,157.3,,,92.3,,96.4,,95.1,90.1,79.4,,,69.2,76.3,48.0,63.3,,93.4,,,,,60.4,60.3,46.4,49.9,,,,55.2,57.8,57.7,54.8,,,,,66.1,,,,63.7,,,63.0,55.5,60.4,59.6,59.6,62.7,54.8,55.0,60.2,60.2,42.0,44.0,39.7,54.6,54.6,54.1,73.5,,,,,49.6,,,50.5,56.8,32.8,47.8,45.8,,53.3,49.6,46.7,,76.8,66.5,96.2,96.2,60.2,70.7,49.6,49.1,47.8,,41.0,,124.5,271.5,501.4,,342.6,,141.4,1081.8,395.9,928.2,,264.8,317.1,,158.8,,74.3,74.8,,,112.8,92.0,,127.2,84.5,117.7,,142.1,124.8,80.5,96.6,68.9,45.5,43.4,45.9,,50.5,,73.0,,63.8,,62.4,88.6,114.9,78.1,65.6,,,114.8,110.9,,103.8,142.2,133.2,153.0,96.4,106.5,,81.6,76.2,,,,47.1,47.3,47.3,43.8,42.7,,,
197802,66.2,,,,,,,,66.1,66.1,46.8,59.6,70.2,,,,61.4,,,,,,,94.5,74.4,59.8,111.1,,145.7,157.8,,,92.3,,96.4,,95.1,90.1,79.4,,,69.2,76.4,48.0,63.3,,93.4,,,,,60.6,60.5,46.7,50.0,,,,55.5,57.9,57.9,55.0,,,,,66.3,,,,63.8,,,63.1,55.6,60.4,59.6,59.6,62.7,55.3,55.6,60.7,60.7,42.0,44.0,39.7,55.3,55.3,54.2,73.6,,,,,49.5,,,50.7,57.0,32.8,47.9,46.0,,53.5,49.9,46.8,,76.9,66.6,96.2,96.2,60.2,70.7,49.7,48.6,47.2,,41.6,,124.3,270.6,502.4,,344.1,,141.3,1080.7,399.1,929.0,,265.9,311.7,,155.5,,74.5,75.1,,,112.6,91.9,,126.6,85.0,117.5,,142.6,122.8,80.3,97.2,69.3,45.8,43.4,46.1,,50.9,,73.0,,63.8,,62.5,89.1,114.6,78.6,65.9,,,114.9,111.2,,104.0,142.4,133.4,153.2,96.6,106.6,,81.8,76.0,,,,47.2,47.3,47.3,43.9,42.8,,,
197803,66.3,,,,,,,,66.2,64.7,46.9,59.6,71.0,,,,61.5,,,,,,,94.7,74.9,60.6,112.1,,145.7,157.8,,,92.3,,96.4,,95.1,90.1,79.4,,,69.2,76.4,48.0,63.3,,93.4,,,,,60.6,60.6,46.9,50.2,,,,55.6,57.9,58.0,55.1,,,,,66.5,,,,64.1,,,63.1,55.7,60.4,59.6,59.6,62.7,55.6,55.9,61.0,61.0,42.1,44.1,39.8,55.6,55.6,54.4,73.6,,,,,49.2,,,50.9,57.1,32.9,48.2,46.3,,53.6,49.9,47.0,,77.1,66.5,96.2,96.2,60.2,70.7,49.7,48.3,46.7,,41.7,,124.2,269.8,502.4,,344.1,,141.0,1080.7,402.9,927.4,,265.9,307.7,,152.8,,74.4,74.4,,,113.0,91.8,,126.9,86.2,117.4,,142.8,120.9,80.5,97.7,69.4,46.0,43.6,46.1,,51.4,,73.0,,64.0,,62.4,89.3,114.6,78.6,65.9,,,114.8,110.9,,103.4,142.4,133.4,153.4,96.4,105.6,,82.1,76.4,,,,47.3,47.3,47.3,44.1,42.9,,,
197804,66.6,,,,,,,,66.4,66.6,47.1,59.4,70.9,,,,61.4,,,,,,,94.8,75.1,60.8,112.1,,146.1,158.2,,,92.4,,96.4,,95.1,90.0,79.4,,,69.2,76.4,48.0,63.3,,93.4,,,,,61.0,60.8,46.9,50.3,,,,55.9,58.1,58.3,55.1,,,,,66.8,,,,64.1,,,63.2,56.0,61.9,61.0,60.9,64.1,56.2,56.6,61.6,61.6,43.9,46.0,41.4,56.3,56.3,54.7,73.7,,,,,49.0,,,51.2,57.1,33.3,48.7,46.6,,53.5,50.0,47.8,,77.3,66.9,96.2,96.2,60.2,70.7,49.7,48.1,46.6,,42.7,,124.9,272.1,502.9,,344.8,,140.5,1079.6,405.7,929.9,,266.7,318.4,,,,74.2,74.6,,,113.2,91.9,,126.9,86.6,117.1,,141.4,121.4,80.6,97.4,69.4,46.0,43.6,46.1,,51.7,,73.0,,64.0,,62.6,89.4,114.7,78.9,65.6,,,114.8,110.6,,103.0,142.4,133.2,153.4,96.5,106.5,,82.0,75.6,,,,49.1,49.0,49.0,45.8,44.6,,,
197805,66.6,,,,,,,,66.5,66.8,47.2,59.3,70.9,,,,61.5,,,,,,,95.2,75.9,61.5,113.0,,146.1,158.2,,,92.3,,96.3,,95.1,89.9,79.4,,,73.2,76.6,48.6,69.8,,101.1,,,,,61.2,61.1,47.1,50.6,,,,55.9,58.2,58.6,55.4,,,,,66.8,,,,64.1,,,63.4,57.1,62.1,61.3,61.2,64.5,56.8,57.2,62.2,62.2,44.0,46.1,41.6,56.9,56.9,54.9,73.9,,,,,49.2,,,51.5,57.1,33.3,49.7,46.8,,53.6,50.0,48.1,,77.5,66.9,96.2,96.2,60.2,70.7,49.7,48.0,46.6,,42.9,,125.5,275.3,504.4,,345.9,,140.7,1089.4,408.5,924.9,,266.1,330.5,,,,74.2,74.7,,,113.1,91.9,,126.7,86.3,117.0,,140.6,121.7,80.5,97.5,69.5,46.0,43.7,45.9,,51.8,,73.4,,64.4,,62.6,89.3,114.2,79.3,65.4,,,114.7,110.6,,103.1,142.4,133.2,153.4,96.4,106.5,,81.7,75.8,,,,49.3,49.2,49.2,46.0,44.8,,,
197806,66.7,,,,,,,,66.6,67.1,47.1,59.5,71.3,,,,61.5,,,,,,,95.4,76.7,62.1,113.4,,145.9,158.0,,,92.3,,96.3,,95.1,89.9,79.4,,,73.2,76.6,48.6,69.8,,101.1,,,,,61.4,61.3,47.3,50.7,,,,56.1,58.3,58.6,55.6,,,,,66.9,,,,64.4,,,63.5,57.9,62.2,61.4,61.3,64.5,57.3,57.9,62.8,62.8,44.2,46.3,41.7,57.6,57.6,55.2,73.9,,,,,49.0,,,51.7,57.1,33.4,49.7,47.0,,53.8,50.1,48.5,,77.8,66.9,96.2,96.2,60.2,70.7,49.7,47.9,46.5,,42.9,,125.7,275.9,507.0,,351.5,,140.7,1095.9,407.6,923.2,,268.8,329.5,,,,74.2,74.6,,,113.0,91.9,,126.5,86.5,116.7,,140.6,120.4,80.4,97.3,69.5,46.0,43.7,45.8,,51.9,,73.7,,64.9,,62.6,89.3,114.0,79.3,65.0,,,114.4,110.4,,102.9,142.2,133.2,153.4,95.8,106.3,,80.3,76.0,,,,49.5,49.6,49.6,46.0,44.8,,,
197807,66.6,,,,,,,,66.5,68.4,47.0,59.6,71.4,,,,61.4,,,,,,,95.4,77.0,62.5,113.9,,145.2,157.3,,,92.3,,96.3,,95.1,89.7,79.4,,,73.2,76.6,48.6,69.8,,101.1,,,,,61.5,61.4,47.2,50.9,,,,56.4,58.4,58.8,55.7,,,,,66.9,,,,64.4,,,63.5,58.4,62.2,61.4,61.3,64.5,57.5,58.0,63.0,63.0,44.3,46.4,41.9,57.8,57.8,55.3,73.9,,,,,49.0,,,51.9,57.1,33.5,49.7,47.2,,53.9,50.1,48.9,,78.3,66.9,96.2,96.2,60.2,70.7,49.7,47.9,46.4,,43.1,,125.7,275.6,507.5,,352.6,,140.7,1095.9,409.4,922.4,,269.3,327.8,,,,74.0,74.4,,,112.8,91.8,,126.3,87.1,116.7,,140.8,119.7,80.6,97.4,69.7,46.1,43.8,45.6,,52.1,,73.9,,65.1,,62.7,89.5,114.0,80.0,64.2,,,114.1,110.4,,102.9,142.2,133.2,153.0,95.2,106.0,,79.1,76.1,,,,49.8,49.9,49.9,46.3,45.1,,,
197808,67.5,,,,,,,,67.4,72.4,47.1,59.8,71.6,,,,61.6,,,,,,,92.4,77.1,62.5,114.8,,122.0,132.1,,,92.2,,96.2,,95.1,89.3,79.4,,,73.2,76.6,48.6,69.8,,101.1,,,,,61.7,61.5,47.3,50.9,,,,56.5,58.4,58.9,55.7,,,,,67.1,,,,64.5,,,63.7,58.6,62.2,61.4,61.3,64.5,57.7,58.3,63.2,63.2,44.5,46.7,42.1,58.0,58.0,55.5,73.9,,,,,49.0,,,52.2,57.1,33.7,50.1,47.5,,53.9,50.3,49.0,,78.7,66.9,96.2,96.2,60.2,70.7,49.7,47.9,46.5,,43.1,,125.8,275.6,508.0,,352.6,,140.4,1097.0,409.9,920.7,,269.3,326.8,,,,74.3,74.4,,,113.0,91.6,,126.5,87.2,117.0,,141.0,122.1,80.6,97.5,70.0,46.3,44.0,45.7,,52.4,,74.2,,65.5,,62.8,89.5,113.8,79.9,64.2,,,113.8,110.4,,103.1,142.2,133.2,153.0,94.6,105.2,,78.3,76.3,,,,49.9,50.1,50.1,46.5,45.3,,,
197809,67.4,,,,,,,,67.3,71.1,47.1,59.7,71.6,,,,61.7,,,,,,,92.2,77.1,62.5,114.7,,119.4,129.3,,,92.2,,96.2,,95.1,89.4,79.4,,,73.2,76.6,48.6,69.8,,101.1,,,,,61.8,61.7,47.3,51.2,,,,56.6,58.6,59.0,55.7,,,,,67.5,,,,64.2,,,63.5,58.6,62.5,61.6,61.4,64.8,58.0,58.6,63.3,63.3,47.4,49.7,44.8,58.2,58.2,55.7,73.7,,,,,48.8,,,52.2,57.1,33.8,50.4,47.5,,54.0,50.5,49.3,,79.1,66.9,96.2,96.2,60.2,70.7,49.7,47.5,45.9,,43.1,,126.1,275.6,507.5,,352.9,,139.8,1094.9,411.3,918.2,,269.8,,,,,74.3,74.4,,,113.6,91.6,,126.7,89.9,118.3,,143.3,124.4,80.9,97.5,70.2,46.4,44.1,45.8,,52.4,,74.2,,65.5,,62.6,90.5,113.6,80.3,64.4,,,113.8,110.1,,102.9,142.2,133.2,153.2,94.8,105.6,,78.3,76.1,,,,50.0,50.2,50.2,46.6,45.4,,,
197810,67.4,,,,,,,,67.3,70.7,47.3,59.9,71.6,,,,62.1,,,,,,,92.0,77.1,62.7,114.1,,118.0,127.8,,,92.3,,96.2,,95.1,89.6,79.4,,,73.2,76.6,48.6,69.8,,101.1,,,,,61.9,61.7,47.3,51.3,,,,56.7,58.6,59.1,55.7,,,,,67.6,,,,64.2,,,63.7,58.8,62.5,61.6,61.4,65.1,58.3,58.9,63.8,63.8,47.5,49.7,44.8,58.6,58.6,55.8,73.7,,,,,48.6,,,52.5,57.1,33.9,50.7,47.7,,54.2,50.7,49.3,,79.5,63.9,88.9,88.9,58.4,67.4,49.1,46.7,45.0,,43.5,,125.8,273.3,508.0,,354.0,,139.6,1094.9,409.0,918.2,,270.3,317.1,,160.2,,74.2,74.7,,,113.2,91.4,,125.9,90.0,118.9,,144.6,126.0,80.9,98.0,70.3,46.5,44.1,45.9,,52.4,,74.3,,65.5,,62.7,90.6,113.6,80.5,64.4,,,113.8,109.8,,102.4,142.4,133.4,153.4,94.8,105.7,,78.5,76.0,,,,50.1,50.2,50.2,46.7,45.5,,,
197811,67.1,,,,,,,,67.0,70.2,47.5,59.6,71.2,,,,62.1,,,,,,,92.0,77.4,62.9,114.5,,117.0,126.8,,,92.3,,96.2,,95.1,89.7,79.4,,,73.2,76.6,48.6,69.8,,101.1,,,,,61.9,61.8,47.4,51.3,,,,56.9,58.8,59.1,55.9,,,,,67.6,,,,64.5,,,63.7,59.0,62.5,61.6,61.4,65.1,58.5,59.1,64.0,64.0,48.5,50.8,45.8,58.8,58.8,55.9,73.7,,,,,48.6,,,52.6,57.3,33.9,51.1,47.8,,54.2,50.9,49.4,,79.7,63.8,88.9,88.9,58.3,67.4,48.8,45.8,44.0,,43.6,,125.8,273.0,508.0,,354.4,,139.9,1090.5,411.8,909.9,,271.1,315.4,,158.8,,74.5,75.0,,,113.2,91.4,,125.5,90.6,118.9,,143.9,126.5,80.9,97.4,70.5,46.6,44.2,46.1,,52.6,,74.6,,65.7,,62.6,90.8,113.8,80.5,64.2,,,113.8,109.8,,102.1,142.4,133.2,153.4,94.8,105.4,,78.6,76.3,,,,50.3,50.2,50.2,46.8,45.6,,,
197812,67.2,,,,,,,,67.1,69.8,47.6,59.9,71.1,,,,61.6,,,,,,,92.1,77.6,63.1,114.1,,117.4,127.2,,,92.3,,96.2,,95.1,89.5,79.4,,,73.2,76.6,48.6,69.8,,101.1,,,,,62.1,61.9,47.5,51.6,,,,56.8,59.0,59.2,56.1,,,,,67.6,,,,64.8,,,63.8,59.0,62.5,61.6,61.4,65.1,58.7,59.3,64.2,64.2,48.5,50.8,45.8,59.0,59.0,56.1,73.9,,,,,48.7,,,52.9,57.4,34.3,51.3,48.1,,54.4,51.1,49.5,,79.9,64.1,88.9,88.9,58.2,67.4,48.8,45.5,43.5,,45.6,,125.5,272.1,507.0,,354.8,,139.5,1087.2,409.0,900.8,,272.1,311.7,,156.6,,74.6,75.0,,,113.2,91.4,,125.1,91.8,118.6,,143.3,125.5,81.1,97.5,70.7,46.7,44.4,46.0,,52.8,,74.7,,65.9,,62.6,90.8,113.5,80.7,64.3,,,113.8,109.6,,101.9,142.2,133.2,153.2,94.8,105.4,,78.6,76.4,,,,50.3,50.2,50.2,46.8,45.6,,,
197901,67.3,,,,,,,,67.1,70.5,47.8,60.0,71.2,,,,61.6,,,,,,,92.1,77.7,63.3,115.1,,116.8,126.5,,,92.3,,96.2,,95.1,89.5,79.4,,,73.2,76.6,48.6,69.8,,101.1,,,,,62.2,62.1,47.9,51.9,,,,57.0,59.1,59.0,56.3,,,,,67.6,,,,64.9,,,63.8,59.1,62.5,61.6,61.4,65.1,58.9,59.5,64.4,64.4,48.7,51.0,46.0,59.1,59.1,56.4,74.5,,,,,49.0,,,53.1,57.4,34.2,51.3,48.7,,54.5,51.3,49.8,,80.0,64.1,88.9,88.9,58.1,67.4,48.8,45.2,43.2,,46.0,,125.5,272.1,507.5,,355.9,,139.0,1083.9,412.7,900.8,,272.9,309.7,,155.5,,75.0,75.0,,,113.2,91.3,,124.4,93.8,118.9,,142.9,125.5,82.1,98.7,70.7,46.7,44.5,46.1,,52.9,,74.8,,66.0,,62.7,90.9,113.3,81.1,64.5,,,113.6,109.3,,101.4,142.2,133.2,153.4,94.6,104.9,,78.5,76.3,,,,50.3,50.2,50.2,46.9,45.6,,,
197902,67.4,,,,,,,,67.3,69.1,48.3,60.0,70.9,,,,61.8,,,,,,,92.2,78.0,63.5,115.5,,116.8,126.5,,,92.3,,96.2,,95.1,89.6,79.4,,,73.3,76.6,48.6,69.8,,101.1,,,,,62.3,62.2,48.2,52.0,,,,57.1,59.3,59.2,56.5,,,,,67.8,,,,65.2,,,63.8,59.1,62.5,61.6,61.4,65.1,59.1,59.7,64.7,64.7,48.8,51.1,46.1,59.4,59.4,56.7,75.1,,,,,49.6,,,53.4,57.6,34.5,51.7,49.0,,55.3,51.5,50.0,,80.3,64.1,88.9,88.9,58.1,67.4,48.7,45.2,43.3,,46.0,,125.7,272.1,507.5,,355.9,,139.0,1085.0,414.1,908.3,,273.2,308.4,,154.4,,75.1,75.4,,,114.0,91.6,,126.0,93.8,118.3,,142.8,123.0,82.5,98.4,70.8,46.8,44.6,46.0,,53.2,,74.8,,66.1,,62.8,91.1,112.9,80.9,64.7,,,113.8,109.4,,101.5,142.2,133.2,153.4,94.9,105.4,,79.0,75.8,,,,50.3,50.2,50.2,46.9,45.6,,,
197903,67.4,,,,,,,,67.3,69.3,48.3,59.9,70.5,,,,61.9,,,,,,,92.2,78.2,63.6,115.5,,116.6,126.2,,,92.3,,96.2,,95.1,89.7,79.4,,,73.3,76.6,48.6,69.8,,101.1,,,,,62.4,62.3,48.3,52.2,,,,57.4,59.3,59.3,56.7,,,,,67.8,,,,65.4,,,63.8,59.2,62.5,61.6,61.4,65.1,59.3,59.8,64.8,64.8,48.8,51.1,46.1,59.6,59.6,56.9,75.1,,,,,50.1,,,53.5,57.7,34.7,51.9,49.1,,56.1,52.2,50.3,,80.4,64.1,88.9,88.9,58.1,67.4,48.7,45.2,43.2,,46.0,,125.5,271.2,507.5,,356.2,,139.0,1085.0,414.1,919.1,,273.2,304.4,,153.4,,75.3,76.1,,,114.1,91.8,,126.0,94.0,118.6,,142.6,122.5,82.6,98.4,70.9,47.1,44.8,46.5,,53.3,,74.9,,66.2,,63.2,90.7,112.2,80.5,64.0,,,113.7,109.3,,101.3,142.2,133.2,153.4,94.8,105.1,,79.2,75.6,,,,50.4,50.2,50.2,47.0,45.8,,,
197904,67.5,,,,,,,,67.4,69.0,48.3,59.9,70.5,,,,61.8,,,,,,,92.3,78.3,63.8,114.7,,116.3,126.0,,,92.3,,96.2,,95.1,89.7,79.4,,,73.3,76.6,48.6,69.8,,101.1,,,,,62.7,62.5,48.5,52.4,,,,57.5,59.6,59.3,56.7,,,,,68.0,,,,65.4,,,63.9,59.4,64.0,63.2,63.1,66.4,59.6,60.1,65.0,65.0,50.3,52.7,47.6,59.8,59.8,57.4,75.3,,,,,50.8,,,54.0,57.8,35.1,52.3,49.9,,57.4,52.9,51.1,,79.3,66.9,96.2,96.2,59.7,70.7,48.9,45.3,43.3,,46.3,,126.4,273.9,507.5,,356.2,,139.3,1082.9,412.2,915.8,,273.5,316.8,,,,75.4,76.2,,,114.2,91.7,,126.0,94.0,119.0,,143.1,122.4,82.8,98.6,71.1,47.2,44.9,46.5,,53.5,,75.0,,66.4,,63.2,90.8,111.8,80.7,64.2,,,113.7,109.3,,101.3,142.2,133.2,153.4,94.8,105.1,,79.5,75.5,,,,51.6,52.2,52.2,48.0,46.7,,,
197905,67.6,,,,,,,,67.5,69.5,48.5,59.9,70.9,,,,61.9,,,,,,,92.3,78.7,64.1,115.5,,116.3,126.0,,,92.3,,96.2,,95.1,89.5,79.4,,,73.3,76.6,48.6,69.8,,101.1,,,,,63.0,62.6,48.7,52.7,,,,57.7,59.9,59.5,57.0,,,,,68.1,,,,65.6,,,63.9,59.5,64.2,63.3,63.3,66.6,60.0,60.7,65.3,65.3,50.6,53.1,47.8,60.3,60.3,57.8,75.7,,,,,51.2,,,54.4,57.9,35.2,53.0,50.7,,58.0,53.1,51.7,,79.5,67.0,96.2,96.2,59.8,70.7,49.0,45.5,43.6,,46.4,,126.7,275.6,507.0,,357.4,,138.9,1083.9,412.7,918.2,,274.5,322.4,,,,75.8,77.2,,,113.9,91.7,,124.9,94.7,119.4,,142.6,125.6,83.2,98.4,71.2,47.6,44.9,47.5,,53.6,,75.2,,66.6,,63.4,90.8,111.9,80.6,63.9,,,113.8,109.7,,101.7,142.2,133.2,153.6,94.8,105.3,,79.3,75.6,,,,51.8,52.2,52.2,48.0,46.8,,,
197906,67.7,,,,,,,,67.5,70.1,48.6,60.1,71.2,,,,61.8,,,,,,,92.6,79.6,65.2,115.5,,115.9,125.6,,,92.3,,96.2,,95.1,89.7,79.4,,,73.3,76.6,48.6,69.8,,101.1,,,,,63.2,62.9,49.1,52.9,,,,58.0,60.1,59.6,57.3,,,,,68.2,,,,65.7,,,64.1,59.6,64.2,63.3,63.3,66.6,60.3,60.8,65.5,65.5,50.8,53.3,48.0,60.5,60.5,58.2,77.4,,,,,52.9,,,54.6,57.9,35.4,53.2,50.9,,58.6,53.3,51.9,,79.7,68.7,96.2,96.2,59.9,70.7,49.0,55.9,55.4,,46.4,,126.7,275.9,507.5,,357.7,,138.0,1085.0,416.9,923.2,,274.5,320.4,,,,76.6,78.2,,,113.7,91.6,,124.8,94.6,119.9,,142.4,127.7,83.2,98.6,71.2,47.3,45.1,46.2,,53.7,,75.3,,66.6,,63.4,91.4,112.2,80.9,64.1,,,113.8,109.8,,101.9,142.4,133.2,153.6,94.9,105.4,,79.3,75.8,,,,51.9,53.0,53.0,48.0,46.8,,,
197907,67.8,,,,,,,,67.7,70.9,48.6,60.2,71.9,,,,61.5,,,,,,,92.7,80.3,66.0,115.1,,115.8,125.5,,,92.3,,96.2,,95.1,89.5,79.4,,,73.3,76.6,48.6,69.8,,101.1,,,,,63.3,63.0,49.3,53.2,,,,58.2,60.3,59.7,57.4,,,,,68.3,,,,65.9,,,64.5,59.7,64.2,63.3,63.3,66.6,60.5,60.8,65.6,65.6,51.0,53.4,48.2,60.5,60.5,59.1,80.1,,,,,57.1,,,55.3,58.1,36.4,54.4,51.6,,59.0,54.1,52.3,,80.1,69.3,96.2,96.2,60.0,70.7,49.3,59.7,59.6,,46.4,,127.4,276.8,508.0,,357.7,,139.2,1088.3,416.9,923.2,,274.0,319.4,,,,78.2,80.1,,,114.0,91.6,,124.9,94.7,120.7,,143.1,130.5,83.3,98.6,71.6,47.6,45.2,46.6,,54.1,,75.6,,66.7,,63.4,91.7,112.2,81.0,64.8,,,114.0,110.1,,102.0,142.4,133.2,153.6,94.9,105.7,,78.6,75.9,,,,52.0,53.1,53.1,48.2,46.9,,,
197908,67.8,,,,,,,,67.7,68.8,48.9,60.4,71.9,,,,61.6,,,,,,,92.6,80.4,66.1,115.4,,115.5,125.1,,,92.2,,96.2,,95.1,89.5,79.4,,,73.3,76.6,48.6,69.8,,101.1,,,,,63.4,63.2,49.5,53.3,,,,58.5,60.3,59.8,57.5,,,,,68.4,,,,65.9,,,64.5,59.8,64.2,63.3,63.3,66.6,60.6,60.9,65.7,65.7,51.3,53.7,48.5,60.6,60.6,59.5,80.8,,,,,59.8,,,55.6,58.1,36.6,54.6,51.8,,59.4,54.2,52.6,,80.4,70.4,96.2,96.2,60.8,71.4,50.1,64.8,65.5,,46.4,,127.4,277.1,508.5,,357.4,,139.3,1083.9,418.3,924.0,,274.0,317.8,,,,79.2,81.3,,,114.6,91.4,,126.5,94.9,120.4,,142.8,129.9,83.2,98.7,71.8,47.7,45.3,47.0,,54.2,,75.6,,66.8,,63.5,91.9,112.2,81.1,65.0,,,114.4,111.4,,103.8,142.4,133.1,153.6,94.5,105.2,,78.2,75.9,,,,52.3,53.6,53.6,48.3,47.1,,,
197909,68.2,,,,,,,,68.0,68.4,49.0,60.3,71.8,,,,61.5,,,,,,,92.8,80.6,66.3,115.4,,115.9,125.6,,,92.2,,96.2,,95.1,89.4,79.4,,,73.3,76.6,48.6,69.8,,101.1,,,,,63.6,63.4,49.6,53.4,,,,58.9,60.5,60.2,57.6,,,,,68.5,,,,65.9,,,64.7,59.8,64.3,63.4,63.4,66.7,60.9,61.2,65.9,65.9,51.7,54.2,48.9,60.9,60.9,60.1,83.4,,,,,63.9,,,55.9,58.2,36.9,54.8,52.4,,59.6,55.0,52.9,,80.8,71.6,96.2,96.2,62.2,71.4,52.8,68.3,69.3,,46.5,,128.9,282.4,507.5,,357.4,,139.5,1075.2,416.9,924.9,,275.0,,,,,80.8,83.1,,,115.6,91.3,,128.3,96.2,120.4,,144.1,126.2,83.3,99.2,72.3,48.1,45.7,47.3,,54.5,,76.4,,67.9,,63.8,92.7,112.8,81.1,66.2,,,115.1,113.6,,106.3,142.7,133.2,154.0,95.0,106.3,,78.4,75.8,,,,52.3,53.6,53.6,48.4,47.2,,,
197910,67.7,,,,,,,,67.5,66.4,49.3,60.2,71.8,,,,61.7,,,,,,,92.8,80.6,66.4,115.1,,115.7,125.3,,,92.2,,96.2,,95.1,89.5,79.4,,,73.3,76.6,48.8,69.8,,101.1,,,,,63.7,63.5,49.9,53.7,,,,58.9,60.7,60.5,57.7,,,,,68.5,,,,66.1,,,64.8,59.8,64.3,63.4,63.4,66.7,61.2,61.5,66.1,66.1,51.9,54.4,49.0,61.2,61.2,60.6,84.6,,,,,65.3,,,56.4,58.4,37.1,55.0,53.2,,59.8,55.3,53.1,,81.0,72.9,96.2,96.2,64.2,71.4,56.1,71.0,72.2,,46.7,,128.9,280.0,508.0,,357.4,,140.1,1075.2,417.4,925.7,,276.3,320.1,,171.6,,82.2,84.6,,,115.5,91.3,,126.9,99.1,121.2,,145.3,128.0,83.4,99.6,73.1,48.6,46.2,48.0,,55.4,,77.7,,69.6,,63.7,92.8,112.8,81.3,66.4,,,116.4,116.4,,110.1,143.1,133.2,155.4,95.8,107.6,,79.0,75.7,,,,52.3,53.6,53.6,48.4,47.2,,,
197911,67.7,,,,,,,,67.5,66.0,49.6,60.2,72.0,,,,61.8,,,,,,,92.8,80.7,66.5,114.8,,115.5,125.1,,,92.2,,96.2,,95.1,89.4,79.4,,,73.4,76.6,52.3,69.8,,101.3,,,,,63.9,63.7,50.0,53.9,,,,59.4,60.8,60.7,57.9,,,,,68.6,,,,66.1,,,65.1,59.8,64.3,63.4,63.4,66.7,61.5,61.6,66.3,66.3,52.1,54.6,49.2,61.4,61.4,61.1,85.1,,,,,65.8,,,56.8,58.6,37.3,55.0,54.0,,60.1,55.6,53.3,,81.4,73.5,96.2,96.2,64.9,71.4,57.5,72.1,73.4,,46.9,,129.5,280.0,507.5,,358.1,,140.5,1074.1,415.0,930.7,,276.8,317.8,,171.0,,83.1,85.8,,,116.1,90.9,,127.6,99.7,121.5,,145.3,128.4,83.9,100.0,73.6,49.1,46.6,48.6,,55.9,,78.7,,70.9,,63.6,93.2,112.6,81.5,67.6,,,117.5,117.9,,111.5,144.6,133.2,158.3,96.3,108.5,,79.0,75.8,,,,52.6,53.6,53.6,48.7,47.4,,,
197912,67.8,,,,,,,,67.7,65.5,49.8,60.7,71.9,,,,61.9,,,,,,,93.0,80.8,66.5,115.5,,115.8,125.5,,,92.2,,96.2,,95.1,89.5,79.4,,,73.4,76.6,53.1,69.8,,101.3,,,,,64.1,64.0,50.3,54.0,,,,59.9,61.0,60.9,58.1,,,,,68.8,,,,66.1,,,65.3,59.9,64.3,63.4,63.4,66.7,61.7,61.7,66.4,66.4,52.2,54.7,49.3,61.5,61.5,61.7,85.8,,,,,66.8,,,57.4,59.1,38.0,55.5,54.5,,60.5,56.4,53.7,,81.7,75.2,96.2,96.2,66.0,71.5,59.3,80.5,82.6,,46.9,,129.9,280.0,508.5,,357.7,,140.7,1078.5,416.9,931.5,,277.6,315.8,,169.4,,83.5,87.1,,,116.1,91.3,,126.9,101.5,122.1,,146.7,128.1,84.0,100.0,74.1,49.4,46.9,48.7,,56.8,,79.4,,72.1,,64.1,93.4,111.9,81.7,67.8,,,118.6,119.5,,113.1,146.2,133.4,161.5,96.5,109.0,,79.1,75.8,,,,52.6,53.6,53.6,48.7,47.4,,,
198001,68.3,,,,,,,,68.2,67.4,49.8,61.3,70.8,,,,61.8,,,,,,,93.2,81.4,66.7,115.9,,115.6,125.2,,,92.3,,96.3,80.8,95.2,89.3,79.4,,,73.5,76.6,53.6,69.9,,101.3,100.1,,,,64.5,64.5,50.7,54.7,,59.6,,60.5,61.4,62.0,58.6,,70.7,,,69.2,,64.3,,66.3,,,65.5,60.1,64.2,63.3,63.3,66.5,62.1,62.0,66.8,66.8,52.1,54.6,49.2,61.8,61.8,63.3,90.2,83.5,,,,68.1,81.9,,58.5,59.1,39.3,55.6,55.3,47.3,61.2,56.7,54.2,,82.0,75.5,95.8,95.8,67.3,72.7,60.6,80.6,83.1,,46.9,,130.8,281.5,510.5,945.0,358.5,,140.5,1078.5,417.4,935.7,,279.2,319.1,,165.4,,84.3,88.7,79.0,,117.5,91.4,,128.8,103.5,122.5,99.4,147.6,129.1,84.0,100.1,74.6,50.0,47.2,49.4,,56.9,,79.4,,72.3,,64.8,94.4,112.2,82.5,68.5,,,120.7,124.8,149.6,114.4,147.1,133.7,163.2,97.7,109.5,,79.0,76.6,,,,52.3,53.4,53.4,48.4,47.2,,,
198002,69.0,,,,,,,,68.8,68.4,50.5,61.8,70.9,,,,61.6,,,,,,,93.5,81.5,66.9,115.1,,117.9,127.7,,,92.3,,96.3,80.3,95.2,89.3,79.4,,,73.7,76.7,54.1,69.9,,101.3,101.2,,,,64.9,64.8,51.1,55.3,,59.7,,60.8,61.9,62.5,59.0,,71.2,,,69.5,,64.5,,66.7,,,65.6,60.3,64.2,63.3,63.3,66.5,62.4,62.3,67.1,67.1,52.2,54.7,49.4,62.0,62.0,63.6,90.7,83.9,,,,70.2,82.3,,58.9,59.4,39.6,56.1,55.5,47.3,61.4,57.3,54.8,,82.3,78.2,97.5,97.5,69.8,73.6,64.0,88.8,92.0,,47.0,,131.7,281.2,510.0,941.9,358.8,,140.7,1077.4,416.0,938.1,,278.7,314.1,,163.3,,85.6,90.2,79.4,,118.5,91.6,,130.5,105.3,123.3,99.9,148.6,130.1,84.1,100.4,75.0,50.5,47.6,49.7,,58.3,,79.6,,72.5,,65.0,94.6,112.1,82.6,69.4,,,122.8,128.6,151.7,118.6,148.7,136.1,164.6,98.6,111.5,,79.0,77.9,,,,52.3,53.4,53.4,48.5,47.2,,,
198003,69.5,,,,,,,,69.4,69.3,51.3,62.5,71.0,,,,61.9,,,,,,,93.8,81.8,67.2,115.8,,119.4,129.3,,,92.3,,96.3,80.2,95.2,89.3,79.4,,,75.8,83.7,54.5,69.9,,101.3,104.1,,,,65.4,65.5,52.1,56.3,,60.3,,61.3,63.0,63.0,60.0,,71.5,,,69.9,,64.7,,67.1,,,65.7,60.7,64.2,63.3,63.3,66.5,62.8,62.5,67.2,67.2,52.2,54.7,49.4,62.3,62.3,64.5,92.4,83.9,,,,72.0,82.4,,59.6,59.8,39.9,56.4,57.5,47.6,62.1,58.1,55.5,,82.7,79.1,97.5,97.5,72.0,75.1,66.7,88.8,92.0,,47.0,,132.4,281.8,509.5,931.7,358.5,,139.9,1075.2,420.2,934.8,,278.7,312.1,,160.0,,86.7,92.1,80.8,,118.9,91.6,,131.1,107.2,123.8,100.8,148.7,131.6,84.4,101.3,75.8,51.5,48.5,50.7,,59.6,,80.3,,73.2,,65.4,95.2,112.2,82.9,69.7,,,125.4,134.1,153.2,126.5,150.0,139.3,165.4,99.0,112.0,,79.1,79.5,,,,52.3,53.4,53.4,48.5,47.2,,,
198004,70.4,,,,,,,,70.3,70.2,52.4,64.1,71.3,,,,61.9,,,,,,,94.0,81.8,67.4,115.2,,120.7,130.8,,,92.3,,96.3,80.1,95.3,89.2,79.4,,,77.5,84.3,54.6,73.0,,101.3,107.7,,,,66.4,66.3,53.3,57.5,,60.4,,62.1,64.3,63.6,61.4,,72.2,,,70.8,,65.1,,67.6,,,66.5,61.1,66.9,66.2,66.1,69.0,63.3,62.8,67.5,67.5,52.8,55.3,49.8,62.6,62.6,65.3,92.7,83.3,,,,73.0,83.9,,60.5,60.4,40.7,57.3,59.3,48.3,62.8,59.5,56.7,,83.0,95.3,136.3,136.3,83.4,98.7,68.2,91.8,95.0,,48.3,,134.5,285.9,510.0,930.2,359.2,,139.8,1077.4,421.6,940.6,,277.6,,,,,88.4,93.9,82.4,,119.2,91.2,,131.2,108.0,125.2,102.5,150.2,132.5,85.4,103.2,77.2,52.5,49.4,51.5,,61.1,,82.7,,76.4,,66.2,95.7,112.0,83.8,70.1,,,127.3,137.1,154.0,131.3,150.9,141.4,165.8,100.1,112.6,,80.3,80.7,,,,55.0,55.7,55.7,51.1,49.7,,,
198005,70.7,,,,,,,,70.5,69.4,52.8,65.0,71.1,,,,61.9,,,,,,,94.5,82.5,67.7,117.3,,120.6,130.6,,,93.0,,96.5,80.4,103.8,89.5,79.4,,,81.0,84.5,54.5,78.0,,112.9,111.2,,,,67.2,67.1,54.3,58.2,,61.2,,62.4,65.0,64.2,62.2,,72.9,,,71.3,,65.6,,68.3,,,66.9,62.9,66.9,66.2,66.1,69.0,63.8,63.3,68.0,68.0,53.4,56.0,50.5,63.0,63.0,65.8,93.0,83.3,,,,73.4,83.9,,61.0,60.6,41.0,57.9,60.3,48.5,63.2,60.3,57.3,,83.6,96.4,136.3,136.3,84.7,100.2,69.3,95.4,98.9,,48.7,,136.1,288.3,510.0,927.8,359.6,,140.1,1075.2,419.7,945.6,,277.9,328.1,,,,90.0,95.3,85.4,,120.0,91.2,,132.4,108.6,126.2,104.2,150.4,134.1,86.4,103.6,78.2,53.2,49.8,52.3,,62.1,,84.6,,78.7,,67.1,96.1,111.9,83.9,71.1,,,129.6,139.8,155.5,134.8,153.0,142.9,168.1,102.7,114.9,,82.6,81.9,,,,55.5,57.0,57.0,51.3,50.0,,,
198006,71.3,,,,,,,,71.2,69.8,53.3,65.6,71.3,,,,65.0,,,,,,,94.9,83.2,68.1,118.0,,121.1,131.2,,,93.2,,96.5,80.7,105.7,89.7,79.4,,,81.1,84.5,54.6,78.0,,112.9,113.6,,,,67.6,67.6,54.8,58.5,,61.6,,62.6,65.4,64.7,62.6,,73.1,,,71.5,,66.0,,68.5,,,67.2,63.9,66.9,66.2,66.1,69.0,64.2,63.7,68.3,68.3,53.6,56.1,50.6,63.4,63.4,66.4,93.7,84.2,,,,73.6,84.0,,61.5,60.8,41.5,58.7,60.7,48.7,63.6,60.4,57.7,,84.5,96.6,136.3,136.3,85.1,100.3,70.0,96.1,99.5,,48.8,,136.7,289.5,512.5,930.2,359.2,,141.6,1085.0,418.8,957.2,,278.1,328.1,,,,90.4,96.2,83.9,,120.5,91.2,,133.3,109.2,126.6,105.5,150.5,134.3,87.0,104.3,78.7,53.6,50.0,52.7,,62.8,,85.4,,79.4,,67.9,96.3,111.1,84.3,71.5,,,131.0,140.6,156.5,135.3,155.8,143.7,171.8,103.7,116.7,,83.3,82.2,,,,56.1,57.0,57.0,52.0,50.7,,,
198007,71.8,,,,,,,,71.6,70.3,53.6,66.1,71.6,,,,67.3,,,,,,,95.2,83.6,68.3,118.4,,121.2,131.3,,,93.3,,96.5,81.0,107.0,89.6,79.4,,,81.2,84.5,54.7,78.0,,112.9,113.9,,,,67.8,67.8,55.1,58.7,,62.1,,62.8,65.6,64.9,62.9,,73.5,,,71.6,,66.0,,68.7,,,67.3,64.3,66.9,66.2,66.1,69.0,64.5,63.9,68.4,68.4,55.3,58.0,52.3,63.6,63.6,66.9,94.6,85.4,,,,73.4,84.7,,62.0,60.9,42.2,58.8,61.4,48.9,63.8,60.4,57.9,,85.3,97.3,137.4,137.4,86.0,101.5,70.6,95.7,98.9,,49.1,,137.4,289.5,512.5,927.8,358.8,,143.1,1086.1,423.0,953.9,,277.9,325.1,,,,91.0,96.9,84.6,,121.3,91.2,,134.5,109.5,126.9,105.7,150.7,134.4,87.5,104.6,79.2,54.0,50.3,53.0,,63.5,,86.2,,80.4,,68.5,96.6,110.7,84.7,71.9,,,132.4,141.1,157.6,135.3,158.2,144.5,175.0,104.7,120.0,,83.1,83.4,,,,56.3,57.3,57.3,52.2,50.8,,,
198008,71.7,,,,,,,,71.6,69.0,53.7,66.3,72.6,,,,67.8,,,,,,,95.3,83.9,68.6,118.9,,121.3,131.4,,,93.4,,96.5,80.8,107.3,89.6,79.4,,,81.2,84.5,54.7,78.0,,112.9,113.9,,,,68.0,68.0,55.3,59.0,,62.3,,62.9,65.8,64.9,63.1,,74.0,,,72.0,,66.0,,68.8,,,67.5,64.3,66.9,66.2,66.1,69.0,64.7,64.0,68.5,68.5,55.4,58.1,52.3,63.7,63.7,67.4,95.8,87.0,,,,73.2,84.8,,62.4,61.1,42.5,59.3,61.7,49.0,64.0,60.7,58.0,,86.2,97.3,137.4,137.4,86.3,101.7,71.0,95.0,98.2,,49.1,,137.9,288.9,513.0,927.8,358.5,,143.7,1087.2,424.4,954.7,,277.9,319.8,,,,91.4,97.9,84.5,,121.4,91.2,,134.8,109.8,127.6,106.1,151.2,136.4,87.7,105.2,80.0,54.8,50.8,54.1,,64.9,,86.9,,81.0,,69.3,97.1,110.5,85.0,72.7,,,133.3,141.5,160.5,134.5,160.2,145.4,177.9,105.7,124.4,,82.3,84.4,,,,56.4,57.3,57.3,52.3,50.9,,,
198009,71.8,,,,,,,,71.6,68.5,53.9,66.5,72.7,,,,67.9,,,,,,,95.5,84.1,68.8,119.6,,121.5,131.6,,,93.4,,96.5,81.6,107.7,90.0,79.4,,,81.3,84.5,55.6,78.0,,112.9,115.6,,,,68.2,68.2,55.4,59.2,,62.4,,63.1,65.9,65.1,63.2,,74.2,,,72.1,,66.4,,69.0,,,67.5,64.5,67.4,66.6,66.6,69.4,64.8,64.1,68.7,68.7,55.6,58.3,52.5,63.8,63.8,67.7,95.8,87.2,,,,73.4,84.8,,62.7,61.3,42.5,59.5,61.5,49.8,64.1,60.7,58.2,,86.5,97.6,137.4,137.4,87.3,103.8,71.1,94.5,97.6,,49.1,,139.2,292.1,514.6,919.3,358.8,,144.3,1098.1,426.2,948.1,,277.9,,,,,92.4,98.5,84.9,,123.4,91.1,,138.3,111.4,128.5,106.6,152.5,135.4,89.7,106.6,80.7,55.6,51.2,54.8,,66.3,,87.6,,81.4,,69.8,97.5,110.5,85.7,73.1,,,134.7,141.5,161.0,134.4,163.8,147.6,182.8,106.4,125.9,,82.6,84.3,,,,56.5,57.6,57.6,52.3,50.9,,,
198010,72.0,,,,,,,,71.8,68.7,54.2,66.3,73.5,,,,68.3,,,,,,,96.1,84.5,69.3,119.0,,121.6,131.7,,,94.3,,98.9,82.1,108.1,90.2,79.4,,,81.3,84.5,57.7,78.0,,112.9,115.8,,,,68.3,68.4,55.7,59.3,,62.5,,63.2,66.2,65.1,63.4,,74.3,,,72.5,,66.7,,69.2,,,67.7,64.7,67.4,66.6,66.6,69.4,64.8,64.2,69.0,69.0,55.8,58.4,52.7,63.9,63.9,67.9,95.9,87.5,,,,73.2,85.0,,62.9,61.6,42.7,60.1,61.7,50.0,65.1,61.4,58.4,,86.9,97.6,137.7,137.7,87.3,103.9,71.1,93.4,96.5,,49.1,,140.4,293.9,515.1,919.3,359.6,,144.4,1099.2,423.9,954.7,,277.4,336.5,,169.4,,92.5,98.9,84.6,,124.8,91.0,,140.5,114.8,130.0,107.0,156.0,136.1,89.8,107.8,81.3,56.3,51.9,55.7,,67.0,,87.9,,81.7,,70.6,98.2,110.8,85.9,73.8,,,135.8,140.0,160.7,131.7,167.8,150.1,188.1,107.9,127.9,,83.6,84.6,,,,56.8,57.6,57.6,52.8,51.5,,,
198011,72.0,,,,,,,,71.9,67.7,54.4,66.8,73.6,,,,68.2,,,,,,,96.5,84.7,69.4,119.4,,121.1,131.2,,,95.3,,101.1,81.7,108.3,90.1,79.4,,,81.4,84.5,59.2,78.0,,112.9,115.8,,,,68.6,68.6,55.8,59.6,,62.7,,63.3,66.3,65.5,63.6,,74.6,,,72.6,,67.0,,69.5,,,67.8,64.9,67.4,66.6,66.6,69.4,65.1,64.4,69.2,69.2,55.8,58.5,52.8,64.1,64.1,68.0,96.5,88.1,,,,72.9,85.0,,63.1,61.9,42.8,60.2,61.7,50.1,66.7,61.4,58.4,,87.2,97.5,137.7,137.7,87.3,104.0,71.1,92.3,95.2,,49.6,,140.9,294.5,515.6,928.6,359.6,,144.3,1098.1,429.5,954.7,,276.6,336.8,,170.1,,92.9,99.2,84.6,,126.0,90.6,,142.3,115.0,130.4,107.0,156.5,136.4,90.2,108.1,81.8,56.7,52.1,56.1,,67.8,,88.4,,82.1,,71.2,98.5,111.1,86.1,73.8,,,136.5,139.6,160.1,131.3,170.3,151.7,191.4,108.0,128.2,,83.8,84.7,,,,56.9,57.6,57.6,52.8,51.5,,,
198012,72.2,,,,,,,,72.0,68.2,54.6,66.9,73.6,,,,68.3,,,,,,,96.9,85.1,69.5,120.1,,121.3,131.4,,,95.6,,101.8,82.0,109.3,90.2,79.4,,,81.4,84.5,59.6,78.0,,112.9,116.4,,,,68.7,68.9,56.2,59.9,,62.9,,63.5,66.6,65.5,63.9,,74.8,,,72.7,,67.4,,69.6,,,68.2,65.0,67.4,66.6,66.6,69.4,65.4,64.7,69.5,69.5,56.1,58.7,53.0,64.4,64.4,68.3,96.9,88.7,,,,72.8,85.5,,63.2,62.0,42.9,60.3,61.9,50.2,67.5,61.8,58.6,,87.5,97.4,137.7,137.7,87.4,104.0,71.1,91.4,94.1,,49.6,,141.1,294.2,516.6,938.0,361.4,,144.9,1097.0,425.8,945.6,,276.6,334.1,,169.2,,93.1,99.5,84.5,,126.3,90.0,,143.2,115.8,130.6,107.7,156.5,136.2,90.9,108.4,82.0,57.0,52.3,56.3,,68.3,,88.6,,82.3,,71.6,98.8,111.0,86.2,74.0,,,136.5,138.3,158.6,129.6,172.0,152.8,193.9,108.0,127.0,,84.1,85.1,,,,56.9,57.6,57.6,52.8,51.5,,,
198101,72.6,,,,,,,,72.5,68.6,55.0,67.4,74.0,,,,68.4,,,,,,,97.3,85.4,69.8,120.0,,121.5,131.6,,,95.8,,102.0,81.7,109.7,90.2,79.4,,,81.4,84.5,59.9,78.0,,112.9,116.4,,,,69.1,69.3,56.5,60.3,,63.4,,64.0,66.9,66.1,64.3,,75.5,,,73.2,,68.1,,69.9,,,68.4,65.4,67.4,66.6,66.6,69.4,65.6,65.0,69.8,69.8,56.1,58.7,53.0,64.7,64.7,68.6,96.9,88.7,,,,73.4,85.6,,63.5,62.0,43.6,60.8,62.0,50.3,68.3,62.0,58.7,,87.6,97.4,137.7,137.7,87.4,104.0,71.2,90.9,93.5,,49.8,,141.5,295.3,518.1,947.3,360.7,,145.2,1103.6,429.5,934.8,,276.1,334.1,,169.2,,93.9,99.9,85.5,,126.9,90.1,,143.8,116.1,130.7,107.5,156.5,135.8,91.4,109.1,82.5,57.4,52.5,56.9,,68.5,,89.0,,82.4,,72.1,99.5,111.8,86.4,74.4,,,136.5,137.6,158.1,129.0,173.1,153.4,194.9,107.8,126.4,,84.1,86.0,,,,57.3,57.6,57.6,53.3,52.0,,,
198102,72.8,,,,,,,,72.6,67.8,55.4,67.8,75.1,,,,68.5,,,,,,,97.4,85.6,69.8,120.3,,121.2,131.3,,,96.1,,102.4,82.1,109.8,90.4,79.4,,,81.5,84.5,60.2,78.0,,112.9,116.5,,,,69.3,69.3,56.6,60.3,,63.5,,64.0,67.0,66.2,64.5,,75.7,,,73.6,,68.0,,70.1,,,68.5,65.6,67.4,66.6,66.6,69.4,65.8,65.2,69.9,69.9,56.1,58.8,53.0,64.9,64.9,68.7,96.8,88.8,,,,73.6,85.6,,63.7,62.0,44.1,60.8,62.0,50.3,69.0,62.0,59.0,,87.8,97.5,137.7,137.7,87.4,104.0,71.2,90.7,93.3,,50.3,,141.7,295.9,518.1,945.8,362.1,,145.3,1102.5,430.5,934.0,,273.2,334.1,,169.4,,94.5,100.5,85.5,,126.6,90.4,,143.7,114.2,130.7,107.0,157.3,134.3,92.0,109.4,82.7,57.7,52.6,57.4,,68.9,,89.2,,82.6,,72.3,99.9,111.9,86.5,75.3,,,136.5,137.1,157.6,128.2,173.4,153.7,195.3,108.1,127.2,,84.2,86.5,,,,57.4,57.6,57.6,53.4,52.0,,,
198103,72.9,,,,,,,,72.8,68.1,55.5,68.1,75.1,,,,68.6,,,,,,,97.6,85.5,69.9,119.6,,118.9,128.8,,,97.1,,103.8,82.4,109.8,90.3,79.4,,,81.5,84.5,60.5,78.0,,112.9,116.5,,,,69.4,69.6,56.7,60.4,,63.8,,64.2,67.2,66.6,64.5,,75.7,,,73.7,,68.5,,70.2,,,68.7,65.8,67.4,66.6,66.6,69.4,66.0,65.4,70.2,70.2,56.2,58.9,53.1,65.1,65.1,68.9,96.9,88.7,,,,72.9,86.3,,64.0,62.1,44.5,60.9,62.0,50.7,70.0,62.2,59.2,,88.1,97.4,137.7,137.7,87.5,104.0,71.2,90.4,93.1,,50.3,,142.0,296.5,520.7,955.9,364.4,,145.3,1116.7,431.9,924.9,,274.0,333.8,,168.3,,94.4,100.7,86.2,,126.7,90.4,,143.7,114.4,130.9,107.3,157.0,134.6,92.5,110.1,83.1,57.9,52.8,57.7,,69.0,,89.4,,83.0,,72.7,100.3,112.1,86.9,75.4,,,135.9,135.7,157.0,126.1,173.6,154.0,195.3,108.1,127.0,,84.1,86.6,,,,57.4,57.6,57.6,53.4,52.0,,,
198104,73.5,,,,,,,,73.3,68.1,56.1,68.9,76.2,,,,68.9,,,,,,,98.5,86.4,70.7,120.3,,118.0,127.8,,,98.7,,106.7,82.9,110.6,90.2,79.4,,,81.5,84.5,60.6,78.0,,112.9,116.5,,,,69.9,69.8,57.2,60.6,,63.9,,64.4,67.4,67.0,64.8,,75.9,,,73.8,,69.1,,70.2,,,68.9,65.9,69.9,69.2,69.2,71.2,66.3,65.8,70.4,70.4,57.5,60.2,54.3,65.5,65.5,69.1,97.1,89.0,,,,73.8,86.5,,64.1,62.2,44.0,61.2,62.2,51.3,70.5,62.9,59.6,,88.2,98.0,137.7,137.7,87.5,104.0,71.3,90.3,92.8,,52.7,,142.4,297.7,522.7,950.4,366.6,,145.3,1131.9,433.3,925.7,,272.7,,,,,94.5,100.8,86.3,,126.2,90.3,,143.0,114.4,131.5,107.6,158.0,135.0,92.6,110.6,83.4,58.3,53.1,58.0,,69.8,,89.6,,83.2,,72.8,100.7,111.4,87.0,75.4,,,136.1,135.1,156.5,124.9,173.6,154.6,195.1,109.3,128.4,,85.3,86.4,,,,59.5,59.1,59.1,55.6,54.1,,,
198105,73.7,,,,,,,,73.6,68.0,56.9,69.4,76.8,,,,68.9,,,,,,,99.5,86.5,70.9,120.5,,117.2,126.9,,,100.3,,109.4,82.5,110.8,90.3,79.4,,,87.5,86.1,61.6,86.1,,122.9,116.4,,,,70.5,70.5,57.6,61.2,,64.2,,64.7,67.9,67.3,65.3,,76.2,,,73.9,,68.9,,70.5,,,69.2,68.3,70.5,70.0,69.8,71.8,66.8,66.3,70.8,70.8,57.9,60.7,54.7,66.0,66.0,69.3,97.3,89.1,,,,74.1,87.1,,64.3,62.4,43.9,61.7,62.4,51.7,70.7,63.2,60.0,,88.4,98.8,137.7,137.7,87.5,104.0,71.3,95.4,98.4,,52.9,,142.3,295.6,526.7,974.6,371.0,,145.5,1140.7,434.7,923.2,,274.5,320.4,,,,94.7,100.8,86.7,,126.1,90.2,,142.7,115.7,131.7,107.8,157.3,136.4,92.8,111.5,83.5,58.6,53.4,58.4,,70.1,,89.7,,83.2,,73.0,100.4,110.5,87.2,75.0,,,136.5,135.2,156.3,125.3,173.6,154.6,195.3,110.5,128.8,,86.7,86.6,,,,59.8,59.8,59.8,55.7,54.3,,,
198106,74.1,,,,,,,,73.9,66.5,57.4,69.8,77.8,,,,69.3,,,,,,,99.9,86.9,71.3,120.3,,117.3,127.0,,,100.8,,110.1,82.6,110.9,90.3,79.4,,,87.5,86.1,61.6,86.1,,122.9,116.5,,,,70.8,70.8,57.7,61.3,,64.3,,64.9,68.1,67.6,65.5,,76.2,,,74.2,,69.1,,70.8,,,69.2,69.4,70.5,70.0,69.9,71.8,66.9,66.8,71.2,71.2,57.9,60.7,54.7,66.5,66.5,67.6,97.4,89.3,,,,73.9,88.1,,62.3,62.7,44.3,62.5,62.7,52.1,70.9,63.4,60.4,,79.5,99.0,137.7,137.7,87.5,104.0,71.3,96.6,99.7,,53.2,,142.6,296.5,530.8,980.8,373.9,,145.8,1159.2,435.1,923.2,,272.4,321.8,,,,94.3,100.3,86.6,,126.1,90.1,,142.5,116.0,131.7,106.1,157.0,138.3,93.3,111.7,83.7,58.8,53.4,58.6,,70.5,,89.8,,83.2,,72.9,100.5,110.3,87.4,75.4,,,136.3,134.5,155.8,124.5,173.8,154.8,195.5,110.7,128.9,,86.9,86.9,,,,59.9,60.0,60.0,55.7,54.3,,,
198107,74.5,,,,,,,,74.4,68.4,57.6,69.8,77.5,,,,69.3,,,,,,,100.1,87.1,71.5,120.8,,116.8,126.5,,,101.1,,110.9,82.5,111.1,90.4,79.4,,,87.5,86.1,61.6,86.1,,122.9,116.5,,,,71.0,71.1,57.9,61.5,,64.6,,65.0,68.2,67.9,65.6,,76.2,,,74.3,,69.2,,70.8,,,69.5,69.8,70.5,70.0,69.9,71.8,67.1,66.9,71.4,71.4,58.0,60.8,54.8,66.6,66.6,67.7,97.0,89.0,,,,73.8,89.0,,62.5,62.7,44.6,62.5,62.9,52.4,71.0,63.6,60.4,,79.9,99.2,137.7,137.7,87.5,104.0,71.3,96.8,99.9,,53.8,,142.4,296.2,531.8,979.3,376.5,,145.3,1166.8,433.7,927.4,,273.5,318.1,,,,94.5,100.6,86.8,,126.1,90.1,,142.5,115.0,131.5,106.7,156.8,137.2,93.1,111.5,83.8,58.9,53.6,58.8,,70.7,,89.9,,83.3,,73.2,100.9,110.4,87.7,75.3,,,135.9,133.6,155.5,123.0,174.0,155.0,195.7,109.7,127.0,,86.4,86.8,,,,60.0,60.0,60.0,55.9,54.4,,,
198108,75.0,,,,,,,,74.8,68.9,57.8,70.1,77.7,,,,69.3,,,,,,,100.2,87.5,72.2,121.0,,116.3,126.0,,,101.2,,111.0,82.4,111.1,90.7,79.4,,,87.5,86.1,61.6,86.1,,122.9,116.5,,,,71.2,71.2,58.1,61.7,,65.0,,65.3,68.3,68.0,65.8,,76.3,,,74.4,,69.4,,71.1,,,69.5,70.0,70.5,70.0,69.9,71.8,67.2,67.1,71.6,71.6,58.1,60.9,54.9,66.9,66.9,67.9,97.0,89.0,,,,73.9,89.1,,62.7,62.8,44.6,62.5,62.9,52.4,71.0,64.0,60.6,,80.4,99.8,137.7,137.7,87.5,104.0,71.3,101.4,104.9,,53.9,,142.4,296.8,533.8,994.1,376.9,,145.5,1167.9,430.5,929.0,,273.2,318.1,,,,94.7,100.4,87.1,,125.6,90.1,,142.2,114.0,131.5,106.9,156.0,138.2,93.2,111.8,83.8,59.0,53.7,58.8,,70.8,,89.9,,83.3,,73.4,100.8,109.9,87.6,74.9,,,135.4,132.8,154.7,121.5,174.0,155.1,195.5,109.1,126.3,,85.9,86.9,,,,60.0,60.1,60.1,55.9,54.5,,,
198109,74.5,,,,,,,,74.4,68.5,58.0,70.0,77.1,,,,69.0,,,,,,,100.4,87.4,72.1,120.1,,116.6,126.2,,,101.6,,111.7,82.4,111.2,90.9,79.4,,,87.5,86.1,61.6,86.1,,122.9,116.5,,,,71.3,71.4,58.3,61.9,,65.1,,65.4,68.3,68.2,65.9,,76.3,,,74.7,,69.6,,71.1,,,69.8,70.3,70.7,70.2,70.1,72.0,67.4,67.2,71.8,71.8,58.3,61.1,55.1,66.9,66.9,68.0,97.0,89.0,,,,73.9,88.8,,62.9,63.0,44.6,62.6,62.9,53.3,71.0,63.9,60.7,,80.5,100.3,137.7,137.7,87.5,104.0,71.3,103.4,107.0,,54.3,,143.6,301.5,533.8,979.3,376.5,,145.6,1169.0,434.7,929.9,,274.0,,,,,94.7,100.3,86.8,,126.6,90.1,,143.7,114.8,132.4,107.8,157.5,138.9,93.3,111.1,83.8,59.1,53.7,58.9,,71.0,,89.9,,83.3,,73.6,101.0,109.9,87.4,74.9,,,135.5,132.9,155.8,121.4,173.8,155.1,195.3,109.5,127.5,,86.0,87.0,,,,60.0,60.1,60.1,55.9,54.5,,,
198110,74.8,,,,,,,,74.6,67.6,58.0,70.6,77.7,,,,69.6,,,,,,,100.6,88.2,72.8,120.0,,117.0,126.8,,,101.5,,111.5,82.5,111.3,90.8,79.4,,,87.5,86.1,61.6,86.1,,122.9,116.5,,,,71.5,71.6,58.5,62.0,,65.1,,65.5,68.7,68.3,66.0,,76.3,,,74.7,,69.7,,71.4,,,70.0,70.4,70.7,70.2,70.1,72.0,67.5,67.4,71.8,71.8,58.5,61.3,55.3,67.1,67.1,68.0,97.4,89.3,,,,74.0,88.3,,62.9,62.9,44.6,62.9,63.0,53.3,71.3,64.0,60.7,,80.3,100.7,138.5,138.5,87.5,104.0,71.3,104.6,108.2,,54.5,,144.2,304.5,532.3,969.1,375.8,,145.6,1166.8,437.9,930.7,,272.4,355.2,,181.7,,95.0,100.9,87.1,,126.9,90.2,,144.0,114.9,133.1,108.1,159.1,138.2,93.7,111.8,84.1,59.3,53.8,59.2,,71.4,,90.1,,83.3,,74.4,101.1,109.8,87.6,74.9,,,135.5,132.8,156.0,121.1,174.0,155.3,195.5,109.5,127.2,,86.1,86.8,,,,60.1,60.4,60.4,56.0,54.5,,,
198111,75.0,,,,,,,,74.8,67.3,58.4,71.0,77.4,,,,69.6,,,,,,,100.6,88.3,72.7,120.8,,116.6,126.2,,,101.6,,111.5,83.0,111.3,91.0,79.4,,,87.5,86.1,61.6,86.1,,122.9,116.5,,,,71.6,71.6,58.6,62.1,,65.1,,65.6,68.7,68.4,66.1,,76.5,,,74.9,,69.8,,71.5,,,70.1,70.5,70.7,70.2,70.1,72.0,67.7,67.6,72.1,72.1,58.9,61.8,55.7,67.3,67.3,68.2,97.8,89.7,,,,74.1,89.0,,62.9,62.9,44.8,63.0,62.8,53.4,71.3,64.1,60.8,,80.4,101.5,138.5,138.5,87.6,104.0,71.4,104.7,108.2,,57.9,,144.0,303.9,531.3,966.8,375.4,,145.3,1161.4,438.4,931.5,,271.9,353.2,,180.8,,94.9,100.9,87.5,,126.7,90.2,,143.8,115.3,133.1,108.0,158.8,138.2,94.3,112.9,84.2,59.4,53.9,59.2,,71.6,,90.0,,83.4,,74.2,101.1,109.7,87.6,75.2,,,135.7,132.9,156.0,120.9,174.1,155.3,195.7,109.9,127.5,,86.5,87.0,,,,60.2,60.4,60.4,56.1,54.6,,,
198112,75.1,,,,,,,,74.9,67.1,58.6,70.8,77.8,,,,70.1,,,,,,,100.5,88.3,72.8,120.4,,116.1,125.7,,,101.6,,111.5,82.8,111.3,91.0,79.4,,,87.5,86.1,61.6,86.1,,122.9,116.5,,,,71.8,71.9,58.9,62.3,,65.3,,65.9,69.0,68.5,66.3,,76.7,,,75.1,,70.1,,71.5,,,70.2,70.5,70.7,70.2,70.1,72.0,67.8,67.7,72.2,72.2,59.1,62.0,55.9,67.4,67.4,68.3,97.8,89.7,,,,73.9,89.1,,63.1,63.1,44.9,63.1,62.8,53.5,71.3,64.2,60.9,,80.7,101.5,138.5,138.5,87.6,104.0,71.4,104.5,108.1,,58.0,,144.0,303.0,530.8,969.9,375.1,,145.5,1158.1,437.0,927.4,,271.1,350.8,,178.9,,94.9,100.7,87.2,,126.6,90.0,,143.7,114.2,133.3,107.9,160.0,138.3,94.3,112.6,84.3,59.6,54.1,59.4,,71.6,,89.9,,83.2,,74.4,101.2,109.5,87.7,75.5,,,135.8,132.9,156.1,120.8,174.1,155.3,195.9,109.9,127.7,,86.4,86.7,,,,60.3,60.4,60.4,56.1,54.7,,,
198201,75.5,,,,,,,,75.4,67.9,58.9,71.3,77.8,,,,70.5,,,,,,,101.3,88.3,73.0,120.7,,116.1,125.7,,,102.8,,111.5,83.2,111.3,102.8,79.4,,,87.5,86.1,61.6,86.1,,122.9,116.5,,,,72.0,72.0,59.1,62.5,,65.4,,66.0,69.3,69.0,66.5,,76.7,,,75.2,,70.2,,71.7,,,70.6,70.7,70.7,70.2,70.1,72.0,68.1,67.9,72.4,72.4,59.1,62.0,55.9,67.6,67.6,68.6,97.9,89.8,,,,74.1,89.8,,63.3,63.1,45.5,63.1,62.9,53.6,71.5,64.2,61.1,,80.9,101.5,138.5,138.5,87.7,104.2,71.4,104.3,107.9,,58.3,,144.0,302.4,530.3,963.7,375.1,,145.2,1160.3,436.1,931.5,,270.6,346.2,,176.2,,95.3,101.1,87.1,,126.9,89.7,,144.4,114.0,133.6,107.8,160.6,138.2,94.2,112.5,84.5,59.9,54.6,59.6,,72.0,,90.2,,83.4,,74.7,101.3,109.2,87.8,75.6,,,135.9,132.6,155.7,120.9,174.1,155.3,195.9,110.7,127.3,,86.5,98.3,,,,60.3,60.4,60.4,56.3,54.8,,,
198202,75.5,,,,,,,,75.4,67.8,59.1,71.3,78.1,,,,70.9,,,,,,,101.4,88.5,73.2,121.0,,116.1,125.7,,,102.8,,111.5,83.2,111.3,103.2,79.4,,,87.5,86.1,61.6,86.1,,122.9,116.5,,,,72.2,72.2,59.3,62.6,,65.4,,66.2,69.5,69.1,66.7,,76.8,,,75.2,,70.3,,71.7,,,70.7,70.9,70.7,70.2,70.1,72.0,68.1,68.0,72.6,72.6,59.2,62.1,56.0,67.7,67.7,68.7,98.2,90.1,,,,74.4,89.8,,63.5,63.1,45.9,63.2,62.9,53.9,71.4,64.4,61.3,,81.0,101.6,138.5,138.5,87.7,104.2,71.4,104.1,107.6,,58.8,,143.9,301.5,530.3,960.6,374.3,,145.3,1161.4,434.7,929.9,,270.3,342.2,,173.9,,95.3,100.8,87.1,,126.2,89.5,,143.3,113.4,132.8,107.6,159.1,136.1,94.2,112.7,84.6,59.9,54.7,59.6,,72.0,,90.2,,83.4,,74.5,101.5,109.4,88.0,75.7,,,135.8,132.6,156.1,120.5,174.1,155.3,195.9,110.7,126.8,,86.6,99.1,,,,60.3,60.4,60.4,56.3,54.8,,,
198203,75.8,,,,,,,,75.7,67.9,59.3,71.7,78.2,,,,70.9,,,,,,,101.4,88.8,73.3,121.1,,116.2,125.8,,,102.9,,111.8,83.5,111.3,103.4,79.4,,,87.5,86.1,61.6,86.1,,122.9,116.5,,,,72.3,72.4,59.6,62.7,,65.5,,66.4,69.6,69.0,66.9,,77.0,,,75.5,,70.5,,72.0,,,70.8,70.9,70.7,70.2,70.1,72.0,68.4,68.3,72.8,72.8,59.2,62.1,56.0,68.0,68.0,68.8,98.1,90.1,,,,74.9,89.5,,63.6,63.2,46.0,63.2,63.2,54.2,71.6,64.4,61.3,,81.0,101.7,138.5,138.5,87.7,104.2,71.4,103.9,107.4,,59.2,,143.4,300.9,529.8,957.4,375.8,,145.6,1159.2,432.8,921.6,,270.3,339.8,,172.1,,95.1,100.5,86.9,,124.8,89.3,,140.9,114.8,132.0,107.0,158.8,133.6,94.3,113.4,84.8,60.3,55.0,59.9,,72.3,,90.2,,83.4,,74.9,101.7,109.5,88.3,75.7,,,135.7,132.2,156.1,119.5,174.3,155.3,195.9,110.7,127.5,,86.2,98.2,,,,60.3,60.4,60.4,56.3,54.8,,,
198204,76.2,,,,,,,,76.1,68.7,59.4,71.8,78.8,,,,71.2,,,,,,,101.7,89.1,73.6,121.5,,116.7,126.4,,,102.9,,111.8,83.5,111.3,103.0,79.4,,,87.5,86.1,61.6,86.1,,122.9,116.5,,,,72.7,72.6,60.0,63.0,,65.9,,66.7,69.8,69.2,67.1,,77.1,,,76.0,,70.5,,72.7,,,71.0,71.0,72.6,72.2,72.0,73.4,68.7,68.7,73.1,73.1,61.2,64.1,57.8,68.3,68.3,68.9,98.2,90.1,,,,74.7,89.9,,63.8,63.6,45.6,63.4,63.3,54.6,71.6,64.9,61.7,,81.0,102.2,138.5,138.5,87.8,104.3,71.4,103.8,107.3,,61.0,,143.6,300.0,528.3,946.5,376.2,,145.6,1154.8,433.3,914.9,,269.3,,,,,95.0,100.5,86.6,,123.4,89.3,,138.1,112.9,132.4,107.1,159.5,133.4,94.6,113.1,85.0,60.7,55.5,60.5,,72.3,,90.2,,83.4,,74.6,102.0,109.7,88.5,75.5,,,135.7,132.0,157.1,118.2,174.1,155.3,195.9,110.9,127.7,,86.8,97.7,,,,62.1,62.6,62.6,57.7,56.2,,,
198205,76.8,,,,,,,,76.6,70.3,59.5,71.8,79.2,,,,71.2,,,,,,,101.8,89.4,73.9,121.0,,116.6,126.2,,,103.0,,111.9,84.7,111.5,103.2,79.4,,,87.6,86.1,61.6,86.1,,122.9,116.8,,,,72.8,72.9,60.3,63.3,,66.0,,66.7,70.0,69.4,67.2,,77.3,,,76.3,,70.6,,73.0,,,71.1,71.3,72.8,72.4,72.3,73.4,69.1,69.0,73.4,73.4,61.8,64.8,58.4,68.6,68.6,69.1,98.7,90.8,,,,74.9,89.9,,63.9,63.9,45.7,63.6,63.6,54.7,71.6,64.9,62.0,,81.0,102.4,138.5,138.5,87.9,104.5,71.4,104.4,107.9,,61.4,,143.1,296.8,526.2,937.2,375.4,,145.5,1152.6,434.2,908.3,,266.9,325.8,,,,95.0,100.1,86.5,,124.1,89.1,,138.7,112.6,132.5,107.2,159.3,133.7,94.7,113.8,85.0,60.7,55.5,60.5,,72.5,,90.1,,83.3,,74.5,101.8,109.8,88.4,75.8,,,135.8,131.8,157.3,117.6,174.3,155.3,196.1,111.3,126.2,,87.9,97.7,,,,62.4,63.1,63.1,58.0,56.4,,,
198206,77.5,,,,,,,,77.3,72.1,59.5,71.9,79.4,,,,71.3,,,,,,,102.0,89.9,74.4,121.5,,116.7,126.4,,,103.0,,111.9,84.7,111.3,103.1,79.4,,,87.6,86.1,61.6,86.1,,123.0,116.8,,,,73.0,72.9,60.4,63.4,,66.2,,66.8,70.2,69.6,67.3,,77.7,,,76.3,,71.1,,73.1,,,71.2,71.3,72.9,72.5,72.4,73.5,69.3,69.4,73.8,73.8,61.9,64.8,58.4,69.0,69.0,69.3,98.8,91.1,,,,75.0,90.3,,64.0,64.2,45.8,63.7,63.9,54.7,71.6,64.9,62.1,,81.1,102.5,138.5,138.5,87.9,104.5,71.4,104.9,108.5,,61.8,,143.3,296.5,525.7,905.2,375.4,,146.2,1157.0,435.6,902.5,,268.8,325.4,,,,95.0,100.5,86.4,,124.1,88.9,,138.6,112.9,133.2,107.2,159.6,136.8,94.2,113.4,85.2,60.9,55.8,60.6,,72.6,,90.4,,83.4,,74.6,102.1,109.9,88.7,76.3,,,135.8,132.0,157.3,117.5,174.5,155.3,196.3,111.3,126.2,,87.9,98.2,,,,62.5,63.1,63.1,58.0,56.5,,,
198207,77.8,,,,,,,,77.6,72.7,59.8,71.8,80.0,,,,71.8,,,,,,,102.0,89.9,74.7,121.0,,116.4,126.1,,,103.0,,111.9,84.9,111.3,103.0,79.4,,,87.6,86.1,61.6,86.1,,123.0,116.8,,,,73.1,73.1,60.6,63.6,,66.4,,66.9,70.2,70.0,67.6,,78.1,,,76.3,,71.2,,73.3,,,71.2,71.4,72.9,72.5,72.4,73.5,69.6,69.6,74.0,74.0,61.9,64.9,58.5,69.2,69.2,69.4,98.9,91.2,,,,74.6,89.8,,64.2,64.6,46.1,63.9,63.9,54.9,71.7,64.9,62.2,,81.6,102.5,138.5,138.5,87.9,104.6,71.4,105.3,108.7,,62.0,,143.1,295.3,524.7,879.5,377.6,,146.4,1167.9,434.7,892.5,,266.9,323.4,,,,94.3,99.7,86.8,,124.6,88.8,,139.0,112.6,133.3,107.5,158.8,139.2,94.4,113.3,85.3,61.0,55.8,60.6,,72.6,,90.5,,83.6,,74.6,102.2,109.1,89.4,76.4,,,135.7,132.2,158.8,117.0,174.3,155.3,196.1,110.5,125.5,,87.1,97.7,,,,62.7,63.2,63.2,58.3,56.8,,,
198208,77.7,,,,,,,,77.5,72.2,59.9,72.2,80.1,,,,71.8,,,,,,,102.0,90.1,74.7,121.7,,116.3,126.0,,,103.0,,111.9,84.3,111.3,103.0,79.4,,,87.6,86.1,61.6,86.1,,123.0,116.8,,,,73.2,73.3,60.6,63.7,,66.6,,67.2,70.4,70.1,67.7,,78.2,,,76.4,,71.2,,73.6,,,71.4,71.5,72.9,72.5,72.4,73.5,69.7,69.7,74.2,74.2,61.4,64.4,58.0,69.4,69.4,69.6,98.7,90.8,,,,74.7,89.9,,64.4,65.2,46.2,64.1,63.9,55.0,71.7,64.9,62.3,,81.8,103.3,138.5,138.5,87.9,104.6,71.4,110.0,113.9,,62.1,,143.3,295.3,526.2,885.8,381.0,,146.8,1171.2,434.7,896.7,,266.9,319.4,,,,94.8,100.2,87.5,,124.1,89.1,,137.9,112.5,134.3,107.4,161.0,139.6,94.6,113.2,85.4,60.9,55.7,60.5,,72.9,,90.5,,83.6,,74.7,102.7,109.8,89.9,76.4,,,135.8,133.0,161.0,117.4,174.5,155.3,196.3,109.7,125.5,,86.0,97.7,,,,62.8,63.2,63.2,58.3,56.8,,,
198209,77.6,,,,,,,,77.4,71.1,60.0,72.3,80.7,,,,71.8,,,,,,,102.1,90.2,74.8,121.7,,116.3,126.0,,,103.1,,111.9,85.3,111.3,103.4,79.4,,,87.6,86.1,61.6,86.1,,123.0,116.8,,,,73.4,73.4,60.9,64.0,,66.7,,67.3,70.5,70.3,67.7,,78.6,,,76.7,,71.4,,73.6,,,71.6,71.6,73.1,72.6,72.5,73.6,69.8,69.7,74.2,74.2,61.6,64.5,58.2,69.4,69.4,69.6,98.7,90.8,,,,74.7,89.9,,64.5,66.0,46.4,64.2,64.4,55.1,71.9,65.1,62.4,,81.7,103.7,138.5,138.5,87.9,104.6,71.4,112.7,116.7,,62.2,,144.2,298.6,523.7,850.7,382.1,,146.2,1172.3,434.2,895.0,,266.7,,,,,95.1,100.4,87.9,,125.2,89.1,,139.4,113.3,134.6,106.3,161.0,142.0,94.8,113.1,85.5,61.1,55.8,60.9,,73.0,,90.7,,83.6,,74.9,102.6,109.9,90.0,74.7,,,136.1,133.3,161.5,117.5,174.6,155.6,196.1,110.7,126.8,,86.7,97.8,,,,62.8,63.2,63.2,58.4,56.9,,,
198210,78.0,,,,,,,,77.9,72.2,60.2,72.6,80.7,,,,71.7,,,,,,,102.2,90.6,75.1,121.9,,116.2,125.8,,,103.1,,111.9,85.1,111.3,103.4,79.4,,,87.6,86.1,61.6,86.1,,123.0,116.8,,,,73.6,73.5,61.0,64.4,,66.9,,67.4,70.6,70.3,68.0,,78.8,,,76.8,,71.6,,73.8,,,71.7,71.7,73.1,72.6,72.5,73.6,69.8,69.8,74.3,74.3,61.6,64.5,58.2,69.4,69.4,69.7,98.7,91.1,,,,74.7,89.4,,64.6,66.5,46.4,64.1,64.4,55.2,72.2,65.2,62.4,,81.7,103.8,138.5,138.5,87.9,104.6,71.4,113.4,117.5,,62.2,,144.8,300.6,522.7,835.1,382.8,,146.1,1170.1,434.7,897.5,,266.1,347.8,,181.5,,94.9,100.6,87.2,,125.6,89.0,,140.0,113.3,135.9,107.5,163.1,143.1,95.1,114.3,85.6,61.3,56.0,61.1,,73.1,,90.7,,83.7,,74.9,102.8,109.8,90.3,74.8,,,136.1,133.3,162.2,117.4,174.5,155.6,196.1,110.6,125.3,,87.3,97.1,,,,62.8,63.3,63.3,58.4,56.9,,,
198211,77.9,,,,,,,,77.8,71.0,60.2,72.9,81.0,,,,71.8,,,,,,,102.2,90.6,75.1,121.8,,116.1,125.7,,,103.2,,111.9,85.6,111.3,103.8,79.4,,,87.6,86.1,61.6,86.1,,123.0,116.8,,,,73.7,73.8,61.3,64.5,,66.9,,67.8,70.8,70.8,68.0,,78.7,,,76.9,,71.7,,73.6,,,71.8,71.8,73.1,72.6,72.5,73.6,69.9,70.0,74.6,74.6,61.6,64.5,58.2,69.6,69.6,69.9,98.7,90.9,,,,74.1,89.6,,64.7,66.9,46.5,64.4,64.4,55.3,72.8,65.4,62.4,,82.3,103.7,138.5,138.5,87.9,104.6,71.4,113.2,117.2,,62.2,,144.8,299.8,520.7,832.8,383.9,,145.8,1157.0,436.5,891.7,,265.1,345.8,,180.2,,95.0,101.0,87.5,,125.6,89.2,,139.5,113.6,136.2,107.9,163.3,143.2,95.2,114.5,85.7,61.5,56.4,61.2,,73.2,,90.6,,83.6,,74.9,102.8,109.6,90.6,74.8,,,136.5,133.6,162.2,117.9,174.6,155.7,196.1,111.3,126.2,,87.9,97.1,,,,63.0,63.3,63.3,58.6,57.1,,,
198212,77.9,,,,,,,,77.7,70.7,60.4,73.0,81.0,,,,71.8,,,,,,,102.3,90.9,75.4,122.5,,116.3,126.0,,,103.2,,112.0,86.1,111.3,103.4,79.4,,,87.6,86.1,61.6,86.1,,123.0,116.8,,,,73.9,73.9,61.5,64.8,,67.1,,68.0,71.0,71.3,68.1,,78.8,,,76.9,,71.9,,73.7,,,72.0,71.9,73.1,72.6,72.5,73.6,70.2,70.1,74.7,74.7,62.2,65.2,58.8,69.8,69.8,70.1,98.7,90.9,,,,74.5,89.7,,65.1,67.2,46.6,64.4,64.5,55.5,72.6,65.5,62.7,,83.0,103.7,138.5,138.5,87.9,104.6,71.5,112.7,116.7,,62.3,,144.8,299.2,520.1,828.1,384.6,,145.0,1152.6,450.1,885.9,,264.8,342.8,,178.6,,95.3,101.1,86.8,,126.0,89.1,,140.1,114.0,136.4,107.9,164.1,142.4,95.6,114.5,85.8,61.7,56.6,61.5,,73.3,,90.5,,83.6,,74.9,103.1,109.4,90.5,74.8,,,136.3,133.6,162.5,117.7,174.5,155.9,196.1,110.9,124.7,,88.1,97.2,,,,63.0,63.3,63.3,58.6,57.1,,,
198301,78.1,,,,,,,,77.9,71.5,60.5,73.0,80.9,,,,72.0,,,,,,,102.4,91.3,75.8,123.4,,116.6,126.2,,,103.2,,112.0,85.9,111.3,103.6,79.4,,,87.6,86.1,61.6,86.1,,123.0,116.8,,,,74.1,74.2,61.7,65.0,,67.1,,68.2,71.1,71.6,68.5,,79.0,,,77.2,,72.2,,73.6,,,72.1,72.0,73.1,72.6,72.5,73.6,70.2,70.2,74.9,74.9,62.5,65.4,59.0,69.8,69.8,70.3,98.6,90.9,,,,74.7,89.8,,65.3,67.6,47.1,64.5,64.5,55.5,72.5,65.7,62.8,,83.2,103.5,138.5,138.5,87.9,104.6,71.5,111.5,115.5,,62.3,,144.5,298.0,518.6,827.3,385.4,,144.1,1141.7,459.9,878.4,,264.8,338.5,,175.3,,95.5,101.1,87.1,,125.6,89.0,,139.5,112.9,136.1,107.7,165.1,139.2,95.3,114.9,85.9,61.7,56.7,61.3,,73.4,,90.5,,83.8,,74.3,103.2,109.6,90.4,74.8,,,136.3,133.7,162.8,117.7,174.6,155.9,196.1,110.7,124.4,,87.9,97.4,,,,63.2,63.3,63.3,58.9,57.3,,,
198302,78.0,,,,,,,,77.9,71.6,60.5,73.1,81.2,,,,71.7,,,,,,,102.4,91.3,75.8,123.1,,116.3,126.0,,,103.2,,112.0,85.2,111.3,103.8,79.4,,,87.6,86.1,61.6,86.1,,123.0,116.8,,,,74.2,74.2,61.9,65.0,,67.3,,68.5,71.4,71.7,68.5,,79.1,,,77.2,,72.5,,73.5,,,72.3,72.1,73.1,72.6,72.5,73.6,70.5,70.4,75.0,75.0,62.8,65.8,59.4,70.1,70.1,70.3,98.5,90.9,,,,74.9,89.8,,65.3,67.6,47.4,64.5,64.4,55.5,72.8,65.7,62.9,,83.0,103.2,138.5,138.5,87.9,104.6,71.5,108.5,112.1,,62.3,,144.5,298.0,519.1,825.0,384.6,,144.1,1151.6,459.0,876.8,,265.1,335.8,,174.3,,95.7,101.6,87.7,,125.8,89.0,,140.0,112.1,135.1,108.1,164.1,136.2,95.5,114.5,85.9,61.6,56.7,61.3,,73.3,,90.5,,83.8,,74.3,103.5,109.8,90.8,74.9,,,136.9,134.2,163.2,118.4,174.6,155.9,196.1,111.7,126.3,,88.4,97.6,,,,63.3,63.3,63.3,58.9,57.4,,,
198303,78.5,,,,,,,,78.3,73.1,60.6,73.2,81.1,,,,71.6,,,,,,,102.5,91.7,75.9,123.1,,116.3,126.0,,,103.2,,112.0,85.6,111.3,103.7,79.4,,,87.6,86.1,61.6,86.1,,123.0,116.8,,,,74.3,74.4,62.1,65.3,,67.4,,68.7,71.4,71.7,68.8,,79.3,,,77.3,,72.5,,73.6,,,72.4,72.2,73.1,72.6,72.5,73.6,70.5,70.5,75.1,75.1,62.9,65.9,59.4,70.1,70.1,70.3,98.4,90.9,,,,74.8,89.8,,65.3,67.6,47.5,64.6,64.6,56.1,73.3,65.9,63.0,,82.6,102.8,138.5,138.5,87.9,104.6,71.5,106.1,109.7,,62.3,,144.3,296.2,519.1,826.6,385.7,,142.8,1149.4,460.8,869.3,,265.6,329.5,,170.8,,95.5,101.1,87.9,,125.7,89.1,,139.5,112.5,134.6,108.4,163.0,135.4,95.7,114.5,86.0,61.8,56.9,61.3,,73.6,,90.6,,83.7,,74.5,103.7,109.8,90.4,75.3,,,137.0,134.7,163.3,118.8,174.6,155.9,195.9,111.9,126.8,,88.7,97.5,,,,63.5,63.3,63.3,59.2,57.6,,,
198304,78.8,,,,,,,,78.7,74.1,61.0,73.2,81.1,,,,71.5,,,,,,,102.5,92.0,76.2,123.1,,116.1,125.7,,,103.2,,112.0,86.5,111.3,103.1,79.4,,,87.6,86.1,61.6,86.1,,123.0,116.8,,,,74.5,74.6,62.7,65.6,,67.9,,68.8,71.7,72.0,69.1,,79.6,,,77.5,,72.7,,73.6,,,72.6,72.3,73.6,73.2,73.1,74.3,70.9,71.0,75.5,75.5,63.6,66.7,60.1,70.6,70.6,70.5,98.3,91.0,,,,74.8,89.1,,65.5,67.7,47.6,64.8,64.9,56.4,73.2,66.3,63.5,,82.5,102.4,138.5,138.5,87.9,104.6,71.7,102.8,106.0,,62.7,,144.6,297.7,520.1,823.4,385.7,,143.4,1153.7,467.4,867.6,,265.4,,,,,95.5,101.3,87.8,,124.8,89.2,,138.1,112.5,135.0,108.4,163.6,135.4,95.7,114.9,86.2,61.9,56.9,61.5,,73.5,,90.6,,83.7,,74.3,103.7,109.8,90.5,75.3,,,137.2,135.1,163.8,119.5,174.5,155.9,195.7,112.0,126.3,,89.1,97.4,,,,64.3,64.2,64.2,60.0,58.4,,,
198305,78.7,,,,,,,,78.5,73.3,61.1,73.4,81.3,,,,71.5,,,,,,,102.6,92.2,76.3,122.9,,115.9,125.6,,,103.2,,112.0,86.4,111.3,103.3,79.4,,,87.7,86.4,61.6,86.1,,123.0,116.4,,,,74.7,74.7,62.9,65.8,,68.1,,68.7,71.9,72.1,69.3,,79.7,,,77.3,,72.9,,73.9,,,72.7,72.3,73.7,73.3,73.2,74.4,71.4,71.5,75.8,75.8,65.1,68.2,61.5,71.1,71.1,70.5,98.2,91.0,,,,74.7,90.4,,65.6,67.6,47.4,65.0,64.9,56.4,73.7,66.3,63.6,,82.7,102.4,138.5,138.5,88.0,104.6,71.8,101.8,104.9,,62.9,,144.0,293.6,519.6,818.0,387.6,,144.1,1154.8,466.0,865.2,,265.1,317.4,,,,95.3,101.2,87.8,,125.3,89.1,,138.6,112.9,134.8,107.9,163.3,135.8,95.8,114.8,86.2,61.9,56.9,61.5,,73.6,,90.7,,83.7,,74.6,103.8,109.7,90.9,75.2,,,137.0,135.1,163.8,119.4,174.5,155.9,195.7,111.6,125.3,,88.7,97.1,,,,64.4,64.4,64.4,60.1,58.5,,,
198306,79.0,,,,,,,,78.8,74.1,61.2,73.4,82.2,,,,71.3,,,,,,,102.7,92.4,76.6,122.9,,116.2,125.8,,,103.3,,112.0,86.5,111.3,103.3,79.5,,,89.5,93.3,61.6,86.1,,123.0,116.4,,,,74.9,74.9,63.1,65.9,,68.2,,68.9,72.0,72.4,69.5,,79.8,,,77.4,,72.9,,74.0,,,72.7,72.5,73.7,73.3,73.2,74.4,71.6,71.8,76.1,76.1,65.2,68.4,61.6,71.4,71.4,70.5,97.8,90.4,,,,74.5,90.4,,65.7,67.6,47.5,65.2,65.1,56.6,73.8,66.3,63.8,,82.9,102.4,138.5,138.5,88.2,104.6,71.9,101.1,104.1,,62.9,,144.3,293.6,520.1,817.2,388.0,,145.6,1155.9,469.7,864.3,,265.4,316.4,,,,95.4,101.2,89.0,,125.7,89.3,,139.1,113.2,136.1,108.1,163.6,141.0,96.0,115.0,86.5,62.1,57.0,61.8,,73.5,,91.0,,84.0,,74.7,104.0,109.9,91.2,75.3,,,137.0,135.3,164.3,119.6,174.3,155.9,195.7,111.1,125.4,,88.0,97.9,,,,64.7,64.4,64.4,60.4,58.8,,,
198307,79.1,,,,,,,,78.9,73.5,61.3,73.5,82.4,,,,71.4,,,,,,,102.8,92.7,76.7,123.1,,116.6,126.2,,,103.3,,112.0,86.5,111.3,103.2,79.5,,,89.9,94.9,61.6,86.1,,123.0,116.4,,,,74.9,75.0,63.2,66.1,,68.2,,69.0,72.1,72.4,69.6,,79.9,,,77.6,,73.2,,74.1,,,72.8,72.5,73.7,73.3,73.2,74.4,71.7,71.9,76.3,76.3,65.5,68.6,61.9,71.5,71.5,70.7,97.6,90.3,,,,74.5,90.5,,65.9,67.6,47.6,64.8,65.1,56.7,74.0,66.3,63.8,,83.5,102.3,138.5,138.5,88.2,104.6,72.0,100.2,103.2,,62.9,,144.3,293.6,521.7,821.9,389.4,,147.3,1161.4,480.9,861.0,,264.8,314.8,,,,95.4,101.4,89.1,,125.5,89.1,,138.7,113.3,135.8,107.7,163.5,140.4,96.0,114.8,86.4,62.0,56.8,61.8,,73.4,,91.0,,83.8,,74.9,104.1,110.0,90.9,75.3,,,136.8,135.1,163.5,119.6,174.3,155.9,195.3,110.8,126.2,,87.3,97.8,,,,64.9,64.5,64.5,60.6,59.0,,,
198308,79.1,,,,,,,,78.9,74.1,61.4,73.2,81.9,,,,71.1,,,,,,,102.8,92.5,76.3,122.1,,116.7,126.4,,,103.3,,112.0,87.4,111.3,102.9,79.5,,,90.0,95.0,61.6,86.1,,123.0,116.4,,,,75.0,75.1,63.3,66.1,,68.4,,69.1,72.2,72.5,69.6,,80.6,,,77.6,,73.6,,74.3,,,72.8,72.6,73.7,73.3,73.2,74.4,71.8,72.0,76.4,76.4,65.5,68.7,61.9,71.5,71.5,70.7,97.4,90.2,,,,74.4,90.4,,66.0,67.6,47.8,64.8,65.1,56.7,74.0,66.5,64.0,,83.6,102.2,138.5,138.5,88.2,104.6,72.0,99.4,102.2,,62.9,,144.0,292.1,520.7,808.6,388.7,,148.0,1157.0,487.0,854.4,,264.6,310.7,,,,95.1,100.7,89.6,,125.0,89.0,,138.0,112.7,135.1,107.1,162.3,139.9,96.0,114.5,86.6,62.1,56.9,61.9,,73.5,,91.0,,83.8,,74.9,104.3,110.0,91.2,75.2,,,136.5,134.8,163.2,119.3,174.3,156.1,195.3,110.5,126.4,,86.5,97.9,,,,64.9,64.5,64.5,60.6,59.0,,,
198309,79.2,,,,,,,,79.1,74.3,61.7,73.2,82.1,,,,71.1,,,,,,,102.8,92.6,76.4,121.1,,116.8,126.5,,,103.3,,112.0,87.1,111.3,103.1,79.5,,,90.0,95.2,61.6,86.1,,123.0,116.4,,,,75.1,75.2,63.3,66.4,,68.9,,69.1,72.3,72.7,69.7,,80.5,,,77.7,,73.9,,74.3,,,72.9,72.6,73.7,73.3,73.2,74.4,72.0,72.1,76.5,76.5,65.9,69.1,62.3,71.6,71.6,70.9,97.9,90.8,,,,74.5,90.3,,66.1,67.7,47.8,64.8,65.1,56.8,74.1,66.6,64.3,,83.6,102.2,138.5,138.5,88.3,104.6,72.2,99.3,102.1,,63.0,,145.2,297.7,521.7,797.7,386.9,,148.3,1165.7,489.8,847.7,,264.1,,,,,95.0,101.1,88.7,,125.6,88.9,,139.3,112.6,136.8,106.9,163.6,145.0,96.4,115.6,86.7,62.3,57.1,62.1,,73.5,,90.9,,83.4,,74.9,104.4,109.9,91.6,75.0,,,136.8,135.1,163.6,119.6,174.5,156.2,195.7,110.7,126.2,,87.1,97.1,,,,64.9,64.6,64.6,60.6,59.0,,,
198310,79.0,,,,,,,,78.8,73.7,61.8,73.5,82.0,,,,70.8,,,,,,,102.9,92.9,76.6,122.5,,116.6,126.2,,,103.3,,112.0,87.6,111.3,103.2,79.5,,,92.7,95.2,61.6,92.1,,123.0,116.4,,,,75.3,75.4,63.5,66.6,,69.0,,69.2,72.5,72.9,69.9,,80.7,,,77.7,,74.1,,74.2,,,73.0,73.3,73.7,73.3,73.2,74.4,72.0,72.3,76.5,76.5,67.6,70.8,63.9,71.8,71.8,70.8,97.9,90.7,,,,74.5,90.2,,66.0,67.7,47.9,65.1,65.1,56.8,74.0,66.6,64.4,,83.2,102.2,138.5,138.5,88.4,104.6,72.3,99.2,102.0,,63.0,,145.9,300.3,523.2,807.1,388.0,,148.9,1163.6,489.8,841.1,,263.8,344.2,,179.1,,95.4,101.0,88.6,,126.2,89.1,,140.0,113.0,137.5,106.8,165.9,143.6,96.5,115.8,86.7,62.4,57.4,62.0,,73.5,,91.0,,83.4,,74.9,104.5,109.9,91.7,75.3,,,136.9,134.9,163.5,119.3,174.3,156.2,195.5,111.1,126.5,,87.7,97.1,,,,65.1,64.6,64.6,60.9,59.3,,,
198311,79.2,,,,,,,,79.0,74.1,62.0,73.3,82.0,,,,70.9,,,,,,,102.9,92.9,76.8,122.1,,116.4,126.1,,,103.3,,112.0,87.4,111.3,103.3,79.5,,,93.8,95.2,62.0,92.6,,130.8,116.4,,,,75.6,75.7,63.7,66.8,,69.2,,69.6,72.6,73.0,70.1,,80.8,,,78.0,,74.6,,74.3,,,73.1,74.3,73.7,73.3,73.2,74.4,72.3,72.5,76.6,76.6,67.6,70.8,63.9,71.9,71.9,71.0,98.0,90.6,,,,74.6,90.3,,66.1,67.8,48.0,65.2,65.3,56.9,74.1,66.9,64.4,,83.4,102.0,138.5,138.5,88.4,104.6,72.2,97.5,100.2,,63.1,,145.9,300.3,521.7,800.1,386.9,,149.5,1157.0,490.3,837.0,,264.6,345.5,,179.8,,95.3,100.8,88.7,,126.1,89.1,,140.0,112.6,137.2,106.8,165.1,144.1,96.4,115.5,86.7,62.4,57.5,62.0,,73.3,,91.0,,83.4,,75.2,104.6,110.3,91.6,75.4,,,137.0,135.1,163.3,119.6,174.3,156.4,195.3,111.7,126.5,,88.4,97.1,,,,65.1,64.7,64.7,60.9,59.3,,,
198312,79.3,,,,,,,,79.1,74.1,62.1,73.2,82.1,,,,70.8,,,,,,,102.9,92.9,76.8,122.5,,116.8,126.5,,,103.3,,112.0,87.0,111.3,103.0,79.5,,,94.0,95.3,64.2,92.7,,130.8,117.2,,,,75.9,76.0,64.1,66.9,,69.2,,69.8,72.8,73.0,70.4,,81.2,,,78.0,,74.6,,74.3,,,73.1,74.8,73.7,73.3,73.2,74.4,72.2,72.4,76.6,76.6,67.8,71.1,64.1,71.8,71.8,71.2,98.0,90.6,,,,74.5,90.3,,66.4,67.9,48.3,65.3,65.3,57.3,74.0,66.8,64.4,,83.9,101.5,138.5,138.5,88.4,104.6,72.2,94.6,97.0,,63.1,,145.8,298.6,519.6,806.3,386.1,,149.7,1142.8,490.7,834.5,,263.5,342.2,,178.0,,95.1,100.8,89.0,,126.5,89.0,,140.5,113.4,137.0,106.9,164.8,143.1,96.6,116.5,86.9,62.7,57.7,62.6,,73.6,,91.0,,83.4,,75.1,104.8,110.5,91.6,75.5,,,136.8,134.9,163.0,119.4,174.5,156.4,195.5,111.0,124.4,,88.3,98.0,,,,65.1,64.7,64.7,60.9,59.3,,,
198401,79.3,,,,,,,,79.1,74.3,62.3,73.3,82.1,,,,70.8,,,,,,,102.9,92.9,76.8,122.8,,116.2,125.8,,,103.3,,112.0,87.0,111.3,103.3,79.5,,,94.0,95.3,65.0,92.7,,130.8,117.9,,,,76.0,76.2,64.3,67.4,,70.1,,69.9,72.9,73.1,70.6,,81.6,,,78.5,,74.7,,74.4,,,73.2,75.2,73.7,73.3,73.2,74.4,72.2,72.3,76.7,76.7,68.2,71.5,64.4,71.7,71.7,71.4,98.3,90.9,,,,74.5,90.3,,66.6,67.9,48.4,65.3,65.3,57.4,74.1,66.9,64.6,,84.3,101.4,138.5,138.5,88.4,104.6,72.2,93.1,95.3,,63.3,,145.5,298.3,519.1,809.4,386.5,,150.0,1138.5,489.3,828.7,,264.1,338.8,,175.3,,95.5,100.9,89.4,,125.6,88.9,,138.8,113.5,136.6,107.1,164.1,142.0,97.0,116.5,87.0,62.8,57.8,62.7,,73.6,,91.1,,83.6,,75.1,105.0,110.4,92.2,75.5,,,136.9,134.9,163.5,119.3,174.3,156.4,195.5,111.0,124.2,,88.5,98.0,,,,65.2,64.7,64.7,60.9,59.3,,,
198402,79.3,,,,,,,,79.1,74.2,62.4,73.3,82.3,,,,71.0,,,,,,,103.0,93.1,76.8,122.9,,116.8,126.5,,,103.4,,112.1,87.7,111.3,103.4,79.5,,,94.0,95.3,65.3,92.7,,130.8,121.2,,,,76.1,76.3,64.3,67.4,,70.9,,69.9,72.9,73.2,70.7,,81.6,,,78.6,,74.9,,74.4,,,73.3,75.3,73.7,73.3,73.2,74.4,72.3,72.5,76.9,76.9,68.2,71.5,64.4,71.8,71.8,71.4,98.4,90.9,,,,74.6,90.5,,66.6,68.0,48.5,65.3,65.5,57.4,74.2,67.1,64.7,,84.3,101.6,138.5,138.5,88.4,104.6,72.2,94.5,96.9,,63.4,,145.4,297.7,517.1,806.3,385.7,,149.7,1128.7,489.3,817.0,,263.3,340.5,,177.1,,95.2,100.5,89.4,,125.0,89.3,,137.7,113.9,135.8,106.0,164.8,137.1,97.0,116.5,87.3,63.0,58.0,63.0,,73.7,,91.4,,84.0,,75.2,105.2,110.4,92.5,75.5,,,137.0,135.1,163.3,119.5,174.3,156.2,195.1,111.5,125.7,,88.4,98.2,,,,65.3,64.7,64.7,61.0,59.4,,,
198403,79.6,,,,,,,,79.4,74.4,62.7,73.6,82.8,,,,71.0,,,,,,,103.0,93.1,76.9,122.5,,116.8,126.5,,,103.3,,112.0,86.7,111.3,103.4,79.5,,,94.0,95.3,65.4,92.7,,130.8,122.4,,,,76.3,76.5,64.4,67.6,,70.9,,70.0,73.0,73.4,70.9,,81.7,,,78.8,,74.9,,74.6,,,73.5,75.4,73.7,73.3,73.2,74.4,72.5,72.5,77.0,77.0,68.2,71.5,64.4,72.0,72.0,71.5,98.5,91.0,,,,74.6,90.0,,66.7,68.1,48.8,65.3,65.5,57.5,74.3,67.6,64.7,,84.2,101.6,138.5,138.5,88.4,104.6,72.2,94.5,96.9,,63.4,,145.5,298.3,516.6,811.0,383.5,,150.4,1126.5,487.0,816.2,,263.5,343.5,,177.9,,95.3,100.6,89.6,,125.0,89.2,,137.6,114.0,135.4,106.1,164.4,135.1,97.3,116.6,87.7,63.2,58.1,63.4,,73.8,,92.1,,85.1,,75.2,105.4,110.4,93.0,75.4,,,137.0,135.1,163.5,119.4,174.3,156.2,195.3,111.7,125.5,,88.8,97.6,,,,65.3,64.7,64.7,61.0,59.4,,,
198404,79.7,,,,,,,,79.5,73.8,63.2,73.7,82.4,,,,71.0,,,,,,,102.9,93.1,77.0,123.1,,116.2,125.8,,,103.3,,112.0,87.0,111.3,103.4,79.5,,,94.0,95.3,65.5,92.7,,130.8,123.1,,,,76.6,76.7,64.7,68.1,,71.1,,70.2,73.3,73.5,71.2,,81.8,,,78.9,,74.9,,74.7,,,73.7,75.7,75.0,74.4,74.4,75.7,72.6,72.8,77.2,77.2,68.8,72.1,65.0,72.1,72.1,71.6,98.4,91.0,,,,74.5,88.4,,66.8,68.2,48.9,65.5,65.6,57.6,74.4,67.6,65.0,,84.3,102.0,138.5,138.5,88.4,104.6,72.2,94.3,96.6,,65.2,,145.8,295.9,516.1,808.6,380.6,,149.7,1124.3,488.4,821.2,,262.8,,,,,95.2,100.7,90.2,,125.3,89.6,,138.0,114.0,136.4,107.4,165.1,137.2,98.0,116.2,88.1,63.4,58.5,63.5,,73.9,,92.9,,86.3,,75.3,105.8,110.7,93.7,75.4,,,137.3,135.5,164.3,119.6,174.3,156.2,195.3,112.2,125.5,,89.5,97.5,,,,67.1,65.7,65.7,62.9,61.3,,,
198405,79.9,,,,,,,,79.7,73.8,63.6,73.9,82.4,,,,71.0,,,,,,,103.0,93.3,77.0,125.5,,116.7,126.4,,,103.3,,112.0,87.7,111.3,103.3,79.5,,,100.5,97.3,68.0,100.7,,143.2,130.2,,,,77.1,77.2,64.9,68.3,,71.6,,70.3,73.5,73.6,71.3,,82.1,,,79.1,,75.0,,74.7,,,73.7,78.0,75.2,74.6,74.6,76.0,72.9,73.0,77.4,77.4,69.7,73.0,65.8,72.3,72.3,71.7,98.3,90.7,,,,74.6,89.0,,67.0,68.2,48.7,65.3,65.8,57.8,74.5,67.4,65.2,,84.7,102.4,138.5,138.5,88.4,104.6,72.2,94.1,96.5,,67.4,,145.6,293.3,516.1,811.0,381.0,,149.5,1123.2,488.4,817.9,,263.3,320.4,,,,95.3,100.4,90.6,,126.0,89.7,,138.7,114.1,136.6,105.5,165.3,140.0,98.1,116.3,88.5,63.4,58.6,63.4,,74.0,,93.6,,87.1,,75.4,106.1,110.8,93.7,75.4,,,137.3,135.3,164.0,119.6,174.3,156.2,195.5,112.4,125.9,,89.6,98.2,,,,67.2,66.1,66.1,63.0,61.4,,,
198406,80.0,,,,,,,,79.9,74.5,63.7,74.1,82.4,,,,70.9,,,,,,,103.3,94.2,77.1,133.3,,116.7,126.4,,,103.3,,112.0,88.2,111.3,103.2,79.5,,,100.5,97.4,68.0,100.7,,143.2,131.3,,,,77.3,77.4,65.1,68.6,,71.9,,70.4,73.8,73.7,71.5,,82.3,,,79.2,,75.3,,74.9,,,73.7,78.9,75.2,74.6,74.6,76.1,73.0,73.2,77.5,77.5,69.7,73.0,65.8,72.5,72.5,71.8,98.3,90.7,,,,74.3,89.1,,67.1,68.2,48.9,65.3,65.8,57.9,74.5,67.4,65.3,,84.9,102.4,138.5,138.5,88.4,104.6,72.2,93.7,96.0,,67.6,,145.6,293.0,514.6,807.1,379.8,,150.1,1115.6,487.0,817.9,,261.7,321.1,,,,95.2,100.6,90.3,,125.7,89.7,,138.1,113.4,136.8,104.6,166.3,138.9,98.3,116.5,88.6,63.6,58.8,63.6,,74.1,,93.8,,87.6,,75.3,106.3,110.9,93.9,75.4,,,137.3,135.2,163.6,119.5,174.5,156.4,195.5,112.2,125.8,,89.3,97.7,,,,67.3,66.1,66.1,63.1,61.5,,,
198407,80.5,,,,,,,,80.3,76.7,63.8,74.1,82.4,,,,71.1,,,,,,,103.3,94.6,77.3,135.1,,116.2,125.8,,,103.4,,112.0,88.4,111.3,103.0,79.5,,,100.5,97.4,68.0,100.7,,143.2,131.4,,,,77.5,77.6,65.4,68.6,,71.7,,70.6,73.8,73.8,71.6,,82.4,,,79.3,,75.3,,74.9,,,73.8,79.4,75.2,74.6,74.6,76.1,73.2,73.4,77.7,77.7,70.7,74.1,66.8,72.6,72.6,72.0,98.4,91.1,,,,74.3,89.2,,67.2,68.2,49.0,65.3,65.9,58.0,74.4,67.5,65.4,,85.3,102.4,138.5,138.5,88.4,104.6,72.2,93.5,95.9,,67.6,,145.6,293.0,513.5,804.7,379.1,,149.5,1111.2,487.0,814.6,,262.8,321.8,,,,95.5,100.5,90.2,,125.2,89.7,,137.4,112.7,137.0,104.3,165.9,140.7,98.6,116.3,88.7,63.7,58.8,63.7,,74.2,,93.9,,87.8,,75.4,106.4,110.8,93.8,75.6,,,137.0,135.1,163.5,119.6,174.3,156.2,195.3,111.6,125.8,,88.4,98.1,,,,67.4,66.2,66.2,63.1,61.5,,,
198408,80.8,,,,,,,,80.7,76.7,63.9,74.4,82.6,,,,71.0,,,,,,,103.4,95.0,77.3,135.7,,116.3,126.0,,,103.3,,112.0,88.2,111.3,102.8,79.5,,,100.5,97.4,68.0,100.7,,143.2,131.4,,,,77.5,77.7,65.4,68.7,,71.9,,70.8,73.8,73.8,71.5,,82.3,,,79.2,,75.3,,74.9,,,73.8,79.7,75.2,74.6,74.6,76.1,73.3,73.5,77.8,77.8,70.8,74.2,66.9,72.8,72.8,72.1,98.3,91.0,,,,74.7,90.3,,67.3,68.4,49.0,65.4,65.9,58.1,74.4,67.5,65.5,,85.3,102.4,138.5,138.5,88.4,104.7,72.2,93.5,95.9,,67.8,,145.6,292.7,512.5,807.9,376.5,,149.5,1102.5,486.1,818.7,,262.5,322.4,,,,95.5,100.9,90.4,,125.5,89.6,,138.3,113.0,136.9,104.3,165.4,141.3,98.6,116.6,88.9,63.8,58.9,64.0,,74.2,,94.2,,88.1,,75.5,106.5,110.7,93.9,75.9,,,136.8,134.9,163.2,119.5,174.3,156.4,195.3,110.8,124.9,,87.9,98.0,,,,67.4,66.2,66.2,63.2,61.6,,,
198409,81.0,,,,,,,,80.8,76.9,64.1,74.4,82.6,,,,71.1,,,,,,,103.4,95.2,77.4,135.8,,116.7,126.4,,,103.3,,112.0,86.7,111.3,103.1,79.5,,,100.5,97.4,68.0,100.7,,143.2,131.5,,,,77.6,77.8,65.4,68.7,,71.7,,70.9,73.8,73.9,71.5,,82.4,,,79.3,,75.5,,75.2,,,73.8,79.8,75.2,74.7,74.7,76.1,73.4,73.6,77.9,77.9,71.1,74.5,67.2,72.8,72.8,72.1,98.3,90.9,,,,74.6,89.9,,67.4,68.4,49.2,65.4,65.9,58.1,74.4,67.5,65.5,,85.4,102.9,138.5,138.5,88.4,104.7,72.2,96.3,98.9,,67.9,,146.2,294.8,511.5,792.3,373.2,,149.5,1104.7,488.4,820.4,,260.9,,,,,95.5,101.0,90.6,,126.1,89.7,,139.3,113.6,137.7,104.8,165.8,143.4,99.0,117.7,89.1,63.9,59.0,64.0,,74.3,,94.3,,88.4,,75.5,106.7,111.1,94.0,75.7,,,137.2,135.2,163.2,119.9,174.5,156.4,195.5,111.6,125.4,,88.7,98.2,,,,67.4,66.3,66.3,63.2,61.6,,,
198410,80.6,,,,,,,,80.4,75.2,64.5,74.8,82.8,,,,71.2,,,,,,,103.5,95.6,77.6,139.5,,116.4,126.1,,,103.4,,112.0,87.3,111.3,103.4,79.5,,,100.5,97.4,68.0,100.7,,143.2,131.5,,,,77.7,77.9,65.5,68.9,,71.8,,70.9,74.0,73.9,71.8,,82.4,,,79.3,,75.5,,75.3,,,73.9,79.8,75.2,74.7,74.7,76.1,73.5,73.7,78.0,78.0,71.3,74.8,67.4,72.9,72.9,72.1,99.3,92.3,,,,74.6,90.3,,67.3,68.4,49.2,65.4,65.9,58.2,74.5,67.5,65.5,,84.9,103.0,138.5,138.5,88.4,104.7,72.2,97.0,99.7,,68.1,,147.3,299.2,512.0,788.4,372.8,,150.0,1104.7,485.6,818.7,,261.4,351.2,,183.1,,95.9,101.1,90.6,,127.4,89.5,,141.5,114.7,137.9,104.7,165.1,144.5,99.1,118.8,89.2,63.9,59.1,64.0,,74.4,,94.4,,88.4,,75.5,106.9,111.1,93.9,75.6,,,137.2,134.9,162.8,119.5,174.5,156.4,195.5,111.9,125.4,,89.3,97.7,,,,67.4,66.3,66.3,63.2,61.6,,,
198411,80.4,,,,,,,,80.2,73.8,64.3,74.8,82.6,,,,71.1,,,,,,,103.7,95.6,77.7,140.3,,116.3,126.0,,,103.4,,112.0,88.3,111.3,103.4,79.5,,,100.5,97.4,68.0,100.7,,143.2,131.5,,,,77.7,77.9,65.7,69.0,,71.8,,70.9,74.1,73.9,71.8,,82.4,,,79.3,,75.6,,75.3,,,73.9,79.9,75.2,74.7,74.7,76.1,73.6,73.8,78.1,78.1,71.5,74.9,67.5,73.1,73.1,72.1,99.0,92.0,,,,74.6,90.4,,67.4,68.5,49.2,65.7,66.1,58.3,74.5,67.6,65.6,,85.2,102.7,138.5,138.5,88.4,104.7,72.4,94.8,97.2,,68.1,,147.3,299.2,510.5,782.2,372.1,,151.0,1088.3,486.1,827.0,,261.4,350.2,,182.9,,96.4,101.6,90.8,,127.0,89.4,,140.9,115.4,138.1,104.9,166.3,143.9,99.1,118.5,89.3,64.0,59.3,64.1,,74.4,,94.5,,88.8,,75.5,107.0,111.0,94.2,75.6,,,137.3,135.1,163.2,119.9,174.5,156.1,195.7,112.4,125.7,,89.8,97.1,,,,67.6,66.3,66.3,63.3,61.7,,,
198412,80.5,,,,,,,,80.3,74.7,64.3,74.9,82.4,,,,71.0,,,,,,,103.7,95.9,78.1,140.1,,116.1,125.7,,,103.4,,112.0,87.4,111.3,103.3,79.5,,,100.5,97.4,68.0,100.7,,143.2,131.5,,,,77.9,78.1,66.0,69.3,,72.4,,71.2,74.3,74.2,72.0,,82.6,,,79.4,,76.3,,75.3,,,74.1,80.2,75.2,74.7,74.7,76.1,73.8,74.1,78.5,78.5,71.7,75.2,67.8,73.3,73.3,72.4,98.9,91.8,,,,75.1,90.6,,67.6,68.6,49.4,65.8,66.1,58.5,74.5,67.7,65.7,,85.6,102.3,138.5,138.5,88.5,104.7,72.4,91.7,93.8,,68.1,,147.0,298.6,511.0,782.2,371.4,,150.9,1090.5,483.3,824.5,,262.0,348.5,,182.2,,95.9,101.3,90.3,,126.5,89.2,,140.1,115.7,137.3,104.4,164.9,142.8,99.1,118.8,89.6,64.3,59.6,64.2,,74.7,,94.7,,89.0,,75.5,107.2,111.3,94.6,74.6,,,137.3,135.2,163.3,119.6,174.5,155.9,195.9,112.3,125.3,,89.7,97.9,,,,67.7,66.3,66.3,63.5,61.8,,,
198501,80.6,80.3,,78.2,,,,,80.4,74.1,64.3,74.7,82.7,,87.1,,70.9,,101.8,,,,,103.5,96.3,78.4,141.9,,115.9,125.5,99.3,,103.2,,112.0,87.7,111.3,103.2,79.5,,,100.5,97.4,68.0,100.7,,143.2,131.5,,,,78.2,78.3,66.1,69.5,,72.8,,71.4,74.5,74.4,72.4,,82.7,,,79.6,,76.8,,75.5,,,74.4,80.3,75.2,74.7,74.6,76.1,73.9,74.2,78.5,78.5,72.2,75.6,68.2,73.3,73.3,72.5,99.1,92.1,,,,75.3,91.0,,67.8,68.8,49.6,65.9,66.1,58.6,74.5,67.7,65.7,,85.8,102.0,138.5,138.5,88.5,104.7,72.5,89.9,91.6,63.9,68.2,53.4,147.1,296.5,513.0,782.2,372.1,,150.9,1098.1,483.3,832.0,,263.8,336.8,537.1,181.3,,96.0,101.2,90.0,,126.3,89.4,,140.8,115.3,137.9,104.3,165.9,143.8,99.3,120.2,90.2,64.9,60.2,65.1,,74.7,,95.3,,89.7,,75.4,107.7,111.4,94.5,74.6,,,137.2,134.7,163.2,118.6,174.6,156.1,195.9,112.5,124.4,,90.3,97.5,156.8,,,68.0,66.5,66.5,63.9,62.2,,,
198502,80.7,80.3,,78.2,,,,,80.5,73.9,64.5,74.7,82.9,,87.0,,70.8,,102.8,,,,,103.8,96.4,78.4,142.2,,116.7,126.4,99.6,,103.4,,112.0,88.4,111.3,103.3,79.5,,,100.5,97.4,68.0,100.7,,143.2,131.7,,,,78.2,78.3,66.2,69.3,,72.8,,71.5,74.5,74.5,72.3,,82.7,,,79.6,,76.8,,75.5,,,74.4,80.4,75.2,74.7,74.6,76.1,74.1,74.3,78.7,78.7,72.2,75.6,68.2,73.5,73.5,72.7,100.3,93.8,,,,75.3,89.6,,67.9,68.8,49.6,66.2,66.2,58.8,74.5,67.7,65.7,,86.0,101.8,138.5,138.5,88.5,104.7,72.5,88.3,90.0,63.9,68.2,53.4,146.5,295.0,512.0,786.8,371.7,,150.6,1093.8,480.0,827.8,,262.8,332.8,533.9,175.9,,95.9,101.4,89.9,,125.1,89.2,,138.0,115.1,136.9,104.4,164.9,139.9,99.5,120.3,90.2,64.9,60.2,65.1,,74.8,,95.4,,89.9,,75.5,107.3,110.4,94.4,74.0,,,137.2,134.7,163.0,118.8,174.6,156.4,195.9,112.3,124.2,,90.0,97.2,156.6,,,68.1,66.5,66.5,63.9,62.3,,,
198503,80.6,80.4,,78.2,,,,,80.4,73.9,64.5,74.9,83.0,,87.2,,70.5,,102.2,,,,,103.9,96.6,78.6,142.3,,116.9,126.4,100.9,,103.4,,112.0,88.8,111.3,102.9,79.5,,,100.5,97.4,68.0,100.7,,143.2,131.7,,,,78.3,78.6,66.3,69.5,,73.0,,71.6,74.8,74.5,72.6,,82.9,,,79.6,,76.9,,75.8,,,74.4,80.5,75.2,74.7,74.6,76.1,74.2,74.5,78.9,78.9,72.2,75.7,68.2,73.6,73.6,72.7,99.6,92.9,,,,74.7,89.8,,67.9,68.8,49.8,66.2,66.2,58.8,74.6,67.8,65.7,,86.2,101.8,138.5,138.5,88.5,104.7,72.5,87.9,89.5,63.9,68.2,53.4,146.7,295.0,512.0,789.2,370.6,,150.0,1100.3,480.0,830.3,,263.0,333.1,534.9,175.9,,95.7,101.4,90.1,,125.6,89.2,,138.8,115.5,136.6,104.7,164.6,138.3,99.7,120.3,90.3,65.1,60.4,65.1,,74.9,,95.4,,89.9,,75.3,107.5,109.8,94.5,74.3,,,137.3,135.1,163.3,119.3,174.5,156.2,195.7,112.5,124.8,,90.1,97.1,156.8,,,68.1,66.5,66.5,63.9,62.3,,,
198504,80.7,80.4,,78.2,,,,,80.5,74.4,64.7,75.0,82.9,,86.3,,70.6,,102.3,,,,,104.5,96.5,78.8,140.6,,120.4,130.2,103.3,,103.4,,112.0,88.8,111.3,102.9,79.8,,,100.5,97.4,68.0,100.7,,143.2,131.7,,,,78.6,78.7,66.5,69.5,,73.0,,71.9,74.8,74.7,72.7,,82.9,,,79.8,,76.9,,75.8,,,74.7,80.7,76.2,75.7,75.6,77.1,74.4,74.7,79.1,79.1,73.0,76.5,68.9,73.8,73.8,72.9,99.2,92.4,,,,74.7,90.6,,68.2,68.9,50.0,66.3,66.4,59.1,74.6,67.8,66.4,,86.3,102.0,138.5,138.5,88.5,104.7,72.5,87.5,89.1,65.0,69.1,55.5,147.0,295.6,511.5,787.6,370.6,,150.1,1100.3,476.7,831.1,,262.8,335.5,531.2,180.2,,95.9,101.9,90.3,,125.8,89.3,,138.7,116.1,136.4,104.8,164.8,136.1,99.9,120.7,90.5,65.3,60.5,65.4,,75.1,,95.8,,90.3,,75.5,107.7,109.9,94.8,74.4,,,137.4,134.9,163.3,118.9,174.5,156.2,195.7,112.8,124.7,,90.9,97.7,156.8,,,69.0,68.0,68.0,64.6,63.0,,,
198505,80.5,80.4,,78.2,,,,,80.3,73.5,64.8,75.2,83.0,,86.1,,70.7,,101.8,,,,,105.0,96.9,79.2,143.1,,122.8,132.9,105.2,,103.5,,112.0,88.9,111.3,102.9,79.8,,,100.5,97.4,68.0,100.7,,143.2,131.7,,,,78.6,78.8,66.7,69.5,,73.0,,71.9,75.0,74.8,72.8,,82.9,,,80.0,,77.0,,75.9,,,74.9,80.7,76.2,75.7,75.6,77.1,74.8,75.1,79.5,79.5,73.6,77.1,69.5,74.2,74.2,73.0,99.4,92.7,,,,74.7,90.5,,68.3,68.9,50.0,66.3,66.5,59.4,74.6,67.8,66.4,,86.4,102.0,138.5,138.5,88.5,104.7,72.5,87.4,89.1,65.2,69.1,55.7,147.0,295.0,510.5,779.8,370.6,,150.1,1101.4,472.0,833.6,,262.8,335.5,533.4,180.2,,95.6,102.1,90.3,,125.7,89.2,,137.9,116.5,136.6,104.4,165.3,136.2,100.0,120.7,90.6,65.4,60.8,65.6,,75.0,,95.9,,90.5,,75.7,107.8,110.0,94.8,74.6,,,137.7,135.2,163.6,119.3,174.5,156.2,195.7,113.4,125.7,,91.6,97.7,156.8,,,69.2,68.2,68.2,64.8,63.1,,,
198506,80.8,80.4,,78.2,,,,,80.6,74.4,65.0,75.3,83.4,,85.6,,70.7,,102.3,,,,,105.4,97.2,79.3,144.0,,124.9,135.7,105.6,,103.4,,112.0,88.8,111.3,103.1,79.8,,,100.5,97.4,68.0,100.7,,143.2,131.8,,,,78.7,78.9,66.7,69.6,,73.0,,72.0,75.1,74.9,72.8,,82.9,,,80.1,,77.1,,75.9,,,75.0,80.9,76.2,75.7,75.6,77.1,74.9,75.2,79.7,79.7,73.6,77.2,69.6,74.4,74.4,73.2,99.5,92.8,,,,75.0,90.8,,68.5,68.9,50.4,66.4,66.5,59.7,74.6,68.0,66.6,,86.6,102.1,138.5,138.5,88.5,104.7,72.5,87.4,89.0,65.4,69.3,56.2,147.0,294.5,509.5,786.8,369.5,,150.3,1099.2,466.4,832.8,,262.2,334.5,529.7,180.2,,95.3,101.5,90.1,,125.7,89.4,,137.9,116.5,136.8,104.8,165.1,136.7,100.4,121.2,90.7,65.5,61.0,65.7,,75.0,,95.9,,90.5,,75.9,108.0,110.0,95.1,74.5,,,137.4,134.9,163.2,119.2,174.5,156.2,195.7,113.0,125.0,,90.9,97.8,156.8,,,69.4,68.2,68.2,65.0,63.3,,,
198507,80.8,80.4,,78.2,,,,,80.8,74.7,65.1,75.2,83.4,,86.2,,70.7,,101.8,,,,,105.8,97.7,79.7,144.5,,125.5,136.3,105.9,,103.5,,112.0,89.2,111.3,103.0,79.8,,,100.5,97.4,68.0,100.7,,143.2,132.2,,,,78.9,79.1,66.9,69.7,,73.0,,72.2,75.2,74.9,72.9,,83.3,,,80.6,,77.3,,76.1,,,75.2,81.1,76.2,75.7,75.6,77.1,75.0,75.4,79.9,79.9,73.7,77.2,69.6,74.4,74.4,73.3,99.5,92.8,,,,75.0,90.7,,68.7,69.0,50.6,66.6,66.7,59.9,74.7,68.2,66.7,,86.8,102.0,138.5,138.5,88.5,104.7,72.5,87.3,88.9,65.4,69.3,56.4,147.0,294.2,508.0,775.9,369.2,,150.0,1097.0,464.6,832.8,,260.9,333.8,528.1,180.2,,95.6,102.3,90.3,,126.2,89.6,,138.7,116.9,136.5,104.6,164.6,136.0,100.6,121.7,90.8,65.8,61.2,66.1,,75.2,,95.9,,90.6,,75.8,108.0,110.0,95.2,74.4,,,137.2,134.9,162.7,119.2,174.5,156.1,195.7,112.4,126.4,,89.1,97.8,156.6,,,69.4,68.3,68.3,65.0,63.3,,,
198508,80.9,80.4,,78.2,,,,,80.8,75.2,65.2,75.1,83.4,,85.8,,70.6,,101.5,,,,,105.6,97.3,79.7,141.2,,125.6,136.2,106.5,,103.5,,112.0,89.2,111.3,102.7,79.8,,,100.5,97.4,68.0,100.7,,143.2,132.2,,,,79.0,79.2,67.0,69.8,,73.1,,72.3,75.3,75.1,73.0,,83.5,,,80.9,,77.6,,76.1,,,75.3,81.3,76.2,75.7,75.6,77.1,75.1,75.4,80.0,80.0,73.8,77.3,69.7,74.5,74.5,73.4,99.5,92.8,,,,75.0,90.7,,68.8,69.1,50.8,66.7,66.7,59.9,74.8,68.2,66.6,,86.9,102.0,138.5,138.5,88.5,104.7,72.5,87.1,88.7,65.4,69.3,56.4,146.8,293.3,506.4,775.9,367.3,,149.4,1092.7,461.8,829.5,,260.1,331.8,521.7,180.2,,95.7,101.9,90.6,,126.0,89.4,,138.7,116.8,136.6,104.9,164.6,136.4,100.6,121.9,90.9,65.9,61.5,66.1,,75.3,,95.8,,90.5,,76.1,108.1,110.0,95.5,74.3,,,137.2,134.9,163.3,118.9,174.3,156.1,195.7,112.3,126.5,,88.9,97.8,156.3,,,69.6,68.3,68.3,65.3,63.6,,,
198509,80.8,80.6,,78.5,,,,,80.5,73.5,65.5,75.1,83.1,,85.6,,70.8,,102.0,,,,,105.4,96.7,79.7,136.5,,125.6,136.2,106.6,,103.4,,112.0,88.8,111.3,103.0,79.8,,,100.5,97.4,68.0,100.7,,143.2,132.2,,,,79.1,79.3,67.1,69.9,,73.2,,72.4,75.3,75.1,73.1,,83.5,,,80.9,,77.7,,76.1,,,75.7,81.3,76.2,75.7,75.6,77.1,75.2,75.5,80.1,80.1,74.0,77.5,69.9,74.6,74.6,73.5,99.7,93.0,,,,75.0,90.8,,68.8,69.1,50.8,66.7,66.7,59.9,74.8,68.3,66.7,,87.0,102.0,138.5,138.5,88.5,104.7,72.5,87.0,88.6,65.4,69.3,56.4,147.1,293.3,504.9,768.1,366.9,,149.5,1088.3,459.0,827.8,,259.9,332.5,521.7,180.2,,96.2,102.3,90.8,,126.2,89.3,,138.6,117.8,138.3,107.5,165.9,142.4,100.5,121.1,90.8,66.0,61.6,66.1,,75.3,,95.6,,90.4,,76.0,108.1,109.7,95.5,74.2,,,137.3,135.1,163.3,119.0,174.5,156.2,195.7,112.4,126.0,,89.6,97.1,156.1,,,69.8,68.3,68.3,65.4,63.7,,,
198510,80.8,80.6,,78.5,,,,,80.6,73.6,65.5,75.3,82.8,,86.2,,70.6,,102.3,,,,,105.4,96.8,79.7,137.4,,125.6,136.1,107.3,,103.3,,112.0,88.2,111.3,103.4,79.8,,,100.5,97.4,68.0,100.7,,143.2,132.2,,,,79.3,79.5,67.1,69.9,,73.1,,72.4,75.5,75.5,73.1,,83.7,,,81.0,,77.8,,76.2,,,76.1,81.4,76.2,75.7,75.6,77.1,75.3,75.7,80.2,80.2,74.4,77.9,70.2,74.7,74.7,73.5,99.4,92.7,,,,75.0,90.7,,68.9,69.1,50.9,66.8,66.8,60.0,74.8,68.3,66.7,,87.2,102.0,138.5,138.5,88.5,104.7,72.5,86.6,88.1,65.5,69.4,56.5,147.3,293.0,503.4,769.7,366.9,,148.9,1083.9,457.1,828.7,,259.6,333.8,521.7,181.5,,96.0,102.3,90.4,,127.2,89.3,,140.4,118.4,138.6,107.6,165.6,143.6,101.0,122.0,90.8,66.2,61.9,66.1,,75.3,,95.4,,90.4,,76.1,108.2,109.6,95.6,74.2,,,137.2,134.9,163.2,119.0,174.5,156.4,195.7,112.5,125.9,,89.8,96.7,156.1,,,69.8,68.3,68.3,65.5,63.8,,,
198511,81.0,80.7,,78.5,,,,,80.8,73.9,65.8,75.3,82.7,,86.9,,70.4,,103.0,,,,,105.3,96.7,79.7,136.1,,125.1,135.3,107.4,,103.4,,112.0,88.8,111.3,103.5,79.8,,,100.5,97.4,68.0,100.7,,143.2,132.2,,,,79.4,79.5,67.1,70.2,,73.2,,72.5,75.6,75.7,73.1,,83.8,,,81.1,,78.0,,76.1,,,76.0,81.5,76.2,75.7,75.6,77.1,75.5,75.9,80.4,80.4,74.5,78.1,70.4,75.0,75.0,73.6,99.4,92.7,,,,74.9,90.7,,69.0,69.2,50.9,66.8,66.8,60.1,74.8,68.4,66.7,,87.3,101.7,138.5,138.5,88.5,104.7,72.5,84.1,85.6,65.5,69.4,56.5,147.3,292.7,500.9,772.0,365.8,,148.3,1074.1,454.3,825.3,,258.1,334.1,521.7,182.6,,96.2,102.3,90.6,,127.4,89.4,,140.6,118.1,139.0,107.8,166.1,144.6,101.0,122.9,90.9,66.4,62.1,66.2,,75.3,,95.4,,90.5,,76.2,108.1,109.2,95.6,74.2,,,137.3,134.9,163.2,119.2,174.3,156.2,195.5,112.8,127.3,,89.6,97.1,156.8,,,70.0,68.4,68.4,65.7,64.0,,,
198512,81.0,80.7,,78.5,,,,,80.8,73.5,65.7,75.6,82.7,,86.8,,70.8,,104.1,,,,,105.3,96.5,79.8,134.2,,125.6,136.1,107.0,,103.4,,112.0,88.4,111.3,103.2,79.8,,,100.5,97.4,68.0,100.7,,143.2,132.2,,,,79.4,79.6,67.1,70.3,,73.3,,72.7,75.6,75.7,73.2,,83.9,,,81.1,,78.2,,76.1,,,76.1,81.6,76.2,75.7,75.6,77.1,75.8,76.1,80.5,80.5,74.7,78.2,70.5,75.2,75.2,73.7,99.4,92.7,,,,74.9,90.7,,69.2,69.6,51.0,67.2,66.8,60.6,74.8,68.9,66.9,,87.5,101.5,138.5,138.5,88.5,104.7,72.5,82.5,83.8,65.5,69.4,56.5,147.1,291.8,497.8,775.9,364.4,,147.9,1057.8,452.9,821.2,,255.4,335.5,522.3,184.0,,95.6,102.2,90.2,,127.2,89.0,,140.5,118.2,139.4,107.4,167.6,142.8,101.1,122.8,90.9,66.4,62.4,66.2,,75.5,,95.4,,90.5,,76.4,108.1,109.1,95.7,74.2,,,137.2,134.8,162.7,119.2,174.5,156.4,195.5,112.4,125.5,,89.5,97.4,156.6,,,70.0,68.4,68.4,65.7,64.0,,,
198601,81.1,80.9,,78.7,,,,,80.9,73.4,65.9,75.6,82.8,,86.8,,70.7,,103.5,,,,,105.4,96.4,79.7,134.3,,125.6,135.7,108.3,,103.4,,112.0,88.8,111.3,103.1,79.8,,,100.5,97.4,68.0,100.7,,143.2,132.2,,,,79.5,79.7,67.3,70.4,,73.3,,73.0,75.7,75.7,73.3,,83.8,,,81.2,,78.3,,76.2,,,76.3,81.7,76.2,75.7,75.6,77.1,75.8,76.1,80.6,80.6,74.9,78.5,70.8,75.3,75.3,73.9,99.7,93.0,,,,74.9,90.6,,69.3,69.6,51.2,67.2,66.8,60.8,74.8,68.9,67.3,,87.5,101.3,138.5,138.5,88.5,104.7,72.5,81.5,82.8,65.5,69.4,56.5,147.0,291.5,499.3,787.6,372.5,,148.6,1052.3,451.0,822.8,,254.4,331.8,517.0,181.1,,95.7,102.0,91.0,,127.5,89.0,,140.1,119.5,138.7,107.4,167.9,137.9,100.8,122.4,91.0,66.6,62.5,66.3,,75.6,,95.2,,90.5,,76.5,108.3,109.2,95.7,74.4,,,137.2,134.8,162.8,119.2,174.5,156.4,195.5,112.5,126.4,,89.2,97.5,156.6,,,70.1,68.4,68.4,65.8,64.1,,,
198602,81.0,80.9,,78.7,,,,,80.8,73.1,66.0,75.9,82.7,,86.8,,70.7,,103.9,,,,,105.5,96.2,79.7,132.5,,126.5,136.6,108.8,,103.5,,112.0,89.0,111.3,103.3,79.8,,,100.5,97.4,68.0,100.7,,143.2,132.2,,,,79.6,79.8,67.3,70.4,,73.4,,73.1,75.8,75.7,73.4,,83.8,,,81.3,,78.4,,76.3,,,76.5,81.7,76.2,75.7,75.6,77.1,75.9,76.3,80.7,80.7,74.9,78.5,70.8,75.4,75.4,74.0,99.6,92.8,,,,74.8,90.6,,69.4,69.8,51.2,67.2,66.9,60.9,74.8,68.9,67.4,,87.7,101.3,138.5,138.5,88.5,104.7,72.5,81.3,82.6,65.6,69.5,56.5,146.8,291.2,499.3,784.5,372.1,,148.6,1055.6,449.6,820.4,,253.6,330.5,515.9,179.5,,95.7,102.2,91.0,,127.1,88.9,,139.1,119.3,137.9,107.6,166.9,135.5,100.9,122.4,90.9,66.7,62.6,66.3,,75.8,,95.0,,90.6,,76.5,108.2,109.2,95.5,74.2,,,137.2,134.5,162.0,119.0,174.5,156.4,195.7,112.7,127.3,,89.3,97.3,156.6,,,70.1,68.4,68.4,65.8,64.1,,,
198603,81.1,80.9,,78.7,,,,,80.9,73.7,66.0,75.9,82.4,,87.1,,70.6,,104.1,,,,,105.9,96.2,80.1,130.5,,128.8,137.1,117.5,,103.4,,112.0,88.6,111.3,103.4,79.8,,,100.5,97.4,68.0,100.7,,143.2,132.2,,,,79.8,80.0,67.6,70.5,,73.7,,73.2,75.8,75.9,73.6,,83.8,,,81.3,,78.5,,76.4,,,77.6,81.9,76.2,75.7,75.6,77.1,76.1,76.4,80.7,80.7,75.0,78.6,70.9,75.6,75.6,74.0,99.7,92.9,,,,74.8,90.7,,69.4,69.9,51.3,67.2,66.9,61.1,74.8,68.9,67.5,,87.8,101.2,138.5,138.5,88.5,104.7,72.5,80.6,81.8,65.7,69.6,56.5,147.0,291.5,499.8,790.7,371.0,,147.4,1060.0,448.2,822.8,,252.1,330.1,513.8,179.8,,96.2,103.0,91.0,,127.1,88.9,,139.0,119.7,138.0,108.8,166.9,135.4,101.1,123.0,91.0,66.8,62.7,66.3,,75.9,,94.9,,90.5,,76.5,108.3,109.3,95.7,74.6,,,137.2,134.8,163.2,118.9,174.5,156.4,195.5,112.5,126.0,,89.5,97.6,156.6,,,70.1,68.4,68.4,65.8,64.1,,,
198604,81.2,81.1,,78.9,,,,,80.9,73.2,66.2,76.0,82.7,,87.4,,70.5,,104.7,,,,,106.0,96.3,80.0,131.4,,129.3,136.7,121.0,,103.3,,112.0,87.8,111.5,103.4,79.8,,,100.5,97.4,68.0,100.7,,143.2,132.2,,,,80.0,80.2,67.7,70.6,,73.8,,73.2,76.0,76.1,73.9,,83.9,,,81.3,,78.9,,76.4,,,78.0,81.9,76.5,76.0,75.9,77.4,76.3,76.6,80.8,80.8,75.4,79.0,71.2,75.8,75.8,74.2,99.4,92.6,,,,74.6,90.7,,69.6,70.0,51.5,67.4,66.9,61.2,74.9,69.1,67.6,,88.0,101.2,138.5,138.5,88.5,104.7,72.5,78.9,80.1,66.6,70.4,57.9,147.1,291.8,500.4,792.3,374.7,,148.0,1058.9,448.2,825.3,,250.5,331.5,512.8,181.5,,96.0,102.8,91.0,,127.2,88.9,,139.1,119.8,138.0,108.9,167.1,134.6,101.5,123.1,91.0,66.8,62.7,66.3,,75.9,,94.8,,90.4,,76.4,108.4,109.2,95.8,74.9,,,137.2,134.9,163.3,118.9,174.3,156.4,195.3,112.4,126.5,,89.2,96.9,156.3,,,71.2,70.0,70.0,66.6,64.9,,,
198605,81.6,81.4,,79.2,,,,,81.3,74.7,66.3,76.1,82.8,,87.4,,70.9,,104.8,,,,,106.1,96.3,80.1,130.4,,129.4,136.5,121.9,,103.4,,112.0,88.8,111.3,103.2,79.8,,,100.5,97.4,68.0,100.7,,143.2,132.2,,,,80.1,80.3,67.9,70.6,,74.1,,73.3,76.1,76.3,73.9,,83.9,,,81.5,,78.9,,76.5,,,78.1,82.0,76.7,76.2,76.0,77.7,76.6,77.0,81.3,81.3,75.9,79.5,71.7,76.1,76.1,74.3,99.3,92.6,,,,74.5,90.4,,69.8,70.0,51.6,68.2,67.1,61.7,75.0,69.1,67.7,,88.1,101.0,138.5,138.5,88.4,104.7,72.3,77.2,78.2,66.8,70.4,58.9,147.1,291.2,499.3,790.7,374.7,,147.1,1054.5,446.3,823.7,,247.9,330.5,514.9,181.5,,95.9,102.5,91.7,,127.5,88.9,,139.3,119.8,138.0,109.6,167.1,133.6,101.3,123.1,91.1,67.0,62.8,66.8,,75.9,,94.8,,90.3,,76.6,108.4,109.3,95.8,74.9,,,137.3,134.4,162.2,118.9,174.3,156.4,195.3,113.2,127.9,,90.1,97.0,156.6,,,71.4,70.1,70.1,66.8,65.1,,,
198606,81.5,81.4,,79.2,,,,,81.3,74.2,66.4,76.1,82.8,,87.8,,70.8,,104.8,,,,,106.2,96.6,80.3,130.5,,129.9,137.0,122.4,,103.4,,112.0,88.8,111.5,102.8,79.8,,,100.5,97.4,68.0,100.7,,143.2,132.2,,,,80.2,80.4,67.9,70.6,,74.1,,73.4,76.2,76.5,74.0,,84.2,,,81.7,,79.1,,76.5,,,78.3,82.0,76.7,76.2,76.0,77.7,76.7,77.1,81.6,81.6,76.0,79.7,71.8,76.3,76.3,74.3,99.3,92.6,,,,74.4,90.3,,69.8,70.1,51.8,68.4,67.1,61.9,74.9,69.2,67.7,,88.2,95.6,126.7,126.7,83.8,97.3,70.4,75.7,76.7,66.8,70.5,59.0,147.3,291.2,500.4,789.2,373.9,,150.0,1057.8,444.9,822.8,,247.4,329.5,511.2,181.5,,96.0,102.3,91.8,,127.1,88.8,,138.4,119.6,138.7,109.9,168.6,133.6,101.4,123.0,91.1,67.2,63.0,67.0,,76.3,,94.8,,90.4,,76.4,108.4,109.4,96.0,74.5,,,137.2,134.4,162.7,118.4,174.3,156.4,195.3,112.7,126.3,,89.8,97.5,156.6,,,71.5,70.2,70.2,67.0,65.3,,,
198607,81.4,81.4,,79.2,,,,,81.2,73.4,66.5,76.2,82.4,,87.5,,70.8,,105.4,,,,,106.1,96.6,80.1,130.8,,129.2,135.9,122.9,,103.4,,112.0,88.7,111.5,102.7,79.8,,,100.5,97.4,68.0,100.7,,143.2,132.2,,,,80.2,80.5,67.9,70.8,,74.1,,73.4,76.2,76.4,74.0,,84.2,,,81.7,,79.2,,76.5,,,78.4,82.0,76.7,76.2,76.0,77.7,76.9,77.3,81.8,81.8,75.8,79.5,71.6,76.4,76.4,74.4,99.4,92.7,,,,74.4,90.5,,69.9,70.2,51.8,68.4,67.1,61.9,74.9,69.3,67.8,,88.2,94.7,126.7,126.7,81.7,94.8,68.8,74.2,75.1,66.9,70.5,59.0,147.1,290.9,499.3,786.8,373.6,,148.3,1057.8,444.5,819.5,,245.5,329.1,510.1,181.5,,96.0,102.8,91.5,,127.2,88.8,,138.6,119.7,138.7,109.5,168.7,133.6,101.6,123.0,91.1,67.2,63.0,67.0,,76.3,,94.8,,90.3,,76.4,108.4,109.5,96.0,74.5,,,137.0,134.5,162.8,118.4,174.5,156.5,195.5,112.2,127.7,,88.0,97.9,156.4,,,71.6,70.3,70.3,67.0,65.3,,,
198608,81.4,81.4,,79.2,,,,,81.2,73.8,66.7,76.2,82.3,,87.1,,70.7,,105.0,,,,,106.2,96.5,80.1,129.8,,129.9,137.1,122.4,,103.4,,112.0,88.7,111.5,102.5,79.8,,,100.5,97.4,68.0,100.7,,143.2,132.2,,,,80.3,80.5,68.0,70.9,,74.3,,73.5,76.2,76.5,74.1,,84.2,,,81.9,,79.2,,76.7,,,78.5,82.0,76.7,76.2,76.0,77.7,77.0,77.4,81.9,81.9,75.8,79.5,71.6,76.5,76.5,74.5,99.4,92.7,,,,74.4,90.6,,69.9,70.3,51.8,68.4,67.1,61.9,74.9,69.3,67.8,,88.3,94.4,126.7,126.7,81.6,94.8,68.5,72.2,73.0,66.9,70.5,59.1,146.8,290.0,497.3,782.2,371.0,,148.8,1052.3,443.1,820.4,,244.8,327.1,508.0,181.5,,96.1,102.7,92.0,,127.0,88.8,,138.8,118.9,138.4,109.4,168.6,133.6,101.4,121.7,91.2,67.3,63.0,67.2,,76.2,,94.7,,90.4,,76.4,108.5,109.5,95.9,75.2,,,136.9,134.7,163.2,118.4,174.3,156.4,195.3,111.8,127.0,,87.7,97.7,156.6,,,71.6,70.3,70.3,67.0,65.3,,,
198609,81.7,81.4,,79.2,,,,,81.4,74.3,66.6,76.5,82.4,,88.1,,70.9,,105.3,,,,,105.6,96.5,80.1,129.7,,127.5,136.3,114.2,,103.2,,112.0,88.0,111.5,102.6,79.8,,,100.5,97.4,68.0,100.7,,143.2,132.2,,,,80.4,80.6,68.0,71.1,,74.5,,73.5,76.3,76.6,74.1,,84.2,,,81.9,,79.3,,76.7,,,78.5,82.0,76.8,76.4,76.2,77.7,77.1,77.6,82.1,82.1,75.9,79.5,71.7,76.7,76.7,74.5,99.4,92.7,,,,74.3,90.6,,70.0,70.5,51.9,68.6,67.1,61.9,74.9,69.3,67.8,,88.4,94.0,126.7,126.7,81.6,94.8,68.5,69.5,70.1,67.0,70.5,59.3,147.1,290.0,497.3,783.7,371.4,,149.5,1048.0,442.1,823.7,,244.0,327.8,504.8,181.5,,95.9,102.3,91.7,,127.9,88.8,,139.7,120.6,139.8,109.5,170.1,136.5,101.6,123.0,91.2,67.5,63.0,67.6,,76.3,,94.5,,90.2,,76.4,108.5,109.6,95.8,74.9,,,136.6,134.2,162.3,118.3,174.3,156.4,195.5,111.3,125.0,,87.7,97.4,156.1,,,71.7,70.3,70.3,67.2,65.4,,,
198610,81.7,81.4,,79.2,,,,,81.5,74.5,66.8,76.2,82.7,,88.4,,70.7,,105.2,,,,,105.5,96.4,80.2,128.3,,126.9,136.5,111.5,,103.3,,112.0,88.3,111.5,102.9,79.8,,,100.5,97.4,68.0,100.7,,143.2,132.2,,,,80.4,80.6,68.0,71.1,,74.5,,73.6,76.3,76.6,74.1,,84.2,,,81.9,,79.3,,76.9,,,78.6,82.1,76.8,76.4,76.2,77.7,77.3,77.8,82.2,82.2,76.1,79.8,71.9,76.9,76.9,74.5,99.4,92.7,,,,74.4,90.7,,70.1,70.7,51.9,68.6,67.1,61.9,74.9,69.3,67.9,,88.5,93.3,126.7,126.7,81.6,94.8,68.4,64.8,65.1,67.0,70.5,59.4,147.0,288.3,493.3,779.0,365.5,,148.9,1034.9,439.8,824.5,,245.0,324.8,505.9,189.4,,95.8,101.9,91.8,,127.7,88.8,,139.3,120.7,140.3,109.6,170.1,140.3,102.1,123.1,91.3,67.5,63.1,67.6,,76.4,,94.5,,90.2,,76.6,108.6,109.6,95.8,75.3,,,136.8,134.5,162.7,118.6,174.3,156.2,195.3,111.7,125.4,,88.5,97.2,156.1,,,71.7,70.3,70.3,67.2,65.4,,,
198611,81.7,81.4,,79.2,,,,,81.6,74.4,66.9,76.7,82.7,,88.4,,70.5,,105.5,,,,,105.5,96.3,80.3,127.1,,126.5,135.9,111.1,,103.4,,112.0,88.8,111.5,103.0,79.8,,,100.5,97.4,68.0,100.7,,143.2,132.2,,,,80.5,80.7,68.2,71.3,,74.5,,73.7,76.4,76.7,74.2,,84.2,,,82.0,,79.4,,77.1,,,78.6,82.1,76.8,76.4,76.2,77.7,77.4,77.9,82.3,82.3,76.2,79.8,72.0,77.0,77.0,74.6,99.4,92.7,,,,74.4,90.7,,70.1,71.0,52.0,68.7,67.3,62.0,75.0,69.3,67.8,,88.5,92.3,126.7,126.7,81.5,94.8,68.3,57.5,57.4,67.0,70.6,59.4,147.0,288.0,492.2,772.8,366.6,,149.8,1028.3,439.3,823.7,,243.7,324.1,503.8,190.8,,96.1,102.6,91.8,,128.1,88.8,,139.7,121.0,140.1,109.4,169.6,139.3,102.4,123.1,91.3,67.7,63.2,67.8,,76.4,,94.5,,90.1,,76.6,108.6,109.7,95.9,74.9,,,137.0,134.5,162.7,118.7,174.1,156.2,195.1,112.3,127.4,,88.7,97.3,156.0,,,71.8,70.3,70.3,67.3,65.5,,,
198612,81.5,81.3,,79.1,,,,,81.2,73.3,67.0,76.9,82.7,,88.4,,70.8,,104.8,,,,,105.4,96.0,80.3,124.8,,126.4,135.7,111.5,,103.5,,112.0,89.0,111.5,103.0,79.8,,,100.5,97.4,68.0,100.7,,143.2,132.2,,,,80.5,80.8,68.3,71.4,,74.6,,73.7,76.5,76.8,74.4,,84.2,,,82.1,,79.4,,77.2,,,78.8,82.1,76.8,76.4,76.2,77.7,77.5,78.0,82.4,82.4,76.6,80.2,72.3,77.1,77.1,74.7,99.4,92.7,,,,74.4,90.6,,70.2,71.7,52.1,68.8,67.3,62.2,75.2,69.5,67.9,,88.5,91.9,126.7,126.7,81.4,94.8,68.1,54.2,54.0,67.0,70.6,59.4,146.7,287.1,490.2,772.0,366.9,,149.1,1017.4,438.4,821.2,,242.7,322.4,501.7,189.2,,96.2,102.9,91.9,,128.2,88.7,,140.0,120.9,139.8,109.2,168.9,139.3,102.4,123.1,91.2,67.9,63.6,67.8,,76.4,,94.2,,89.8,,76.7,108.6,109.5,95.9,74.9,,,136.8,134.2,162.0,118.4,174.1,156.1,195.1,111.9,126.7,,88.6,97.5,155.7,,,71.8,70.3,70.3,67.3,65.5,,,
198701,81.8,81.7,,79.5,,,,,81.6,74.6,67.0,77.2,82.7,,88.6,,70.6,,104.9,,,,,105.6,96.6,80.6,126.6,,127.0,136.6,110.9,,103.5,,112.0,89.0,111.5,103.0,79.8,,,100.4,97.4,68.0,100.7,,143.2,132.2,,,,80.6,80.9,68.4,71.5,,74.6,,73.8,76.6,76.8,74.4,,84.2,,,82.1,,79.7,,77.2,,,78.9,82.2,76.8,76.4,76.2,77.7,77.6,78.1,82.5,82.5,76.6,80.3,72.4,77.3,77.3,74.8,99.5,92.6,,,,74.4,90.7,,70.3,72.0,52.2,68.8,67.3,62.5,75.3,69.5,67.9,,88.5,89.8,122.3,122.3,79.9,92.0,67.8,52.4,52.2,67.0,70.6,59.4,146.7,287.4,492.2,774.4,368.4,,151.5,1025.1,437.0,829.5,,242.9,320.8,498.0,188.3,,96.5,103.5,91.9,,128.2,89.0,,139.5,121.0,139.1,109.3,168.4,136.0,102.5,123.1,91.2,68.1,63.7,68.2,,76.3,,94.1,,89.7,,76.8,108.6,109.5,96.0,75.2,,,136.6,134.0,161.5,118.6,174.1,156.1,195.1,111.9,125.4,,89.0,97.7,155.7,,,71.9,70.4,70.4,67.4,65.7,,,
198702,81.9,81.9,,79.7,,,,,81.6,74.9,66.9,77.4,82.8,,88.7,,70.8,,104.9,,,,,105.6,96.4,80.6,124.9,,127.0,136.7,111.0,,103.5,,112.0,89.0,111.5,103.0,79.8,,,100.4,97.4,68.0,100.7,,143.2,132.2,,,,80.7,80.9,68.4,71.5,,74.6,,73.8,76.6,76.8,74.4,,84.3,,,82.2,,79.7,,77.2,,,79.0,82.2,76.8,76.4,76.2,77.7,77.8,78.3,82.8,82.8,76.6,80.3,72.4,77.4,77.4,74.8,99.4,92.6,,,,74.4,90.4,,70.3,72.0,52.2,68.8,67.4,62.5,75.3,69.5,68.1,,88.4,89.6,122.3,122.3,78.9,91.0,66.9,54.0,53.8,67.0,70.6,59.4,146.5,286.8,490.7,768.9,367.7,,151.2,1019.6,437.0,822.8,,241.9,318.8,497.5,185.1,,96.7,103.6,91.9,,128.5,89.1,,140.2,121.1,137.9,109.2,167.1,132.3,102.6,122.9,91.2,68.1,63.8,68.3,,76.2,,94.0,,89.7,,76.6,108.4,109.7,95.0,75.2,,,136.8,133.8,160.9,118.6,174.1,156.1,195.1,112.5,127.4,,89.2,97.9,155.7,,,71.9,70.4,70.4,67.4,65.7,,,
198703,82.2,82.0,,79.8,,,,,82.0,75.0,67.2,77.5,82.8,,89.8,,70.7,,105.4,,,,,104.4,96.3,80.7,124.6,,120.4,128.5,108.3,,103.5,,112.0,89.0,111.5,102.8,79.8,,,100.4,97.4,68.0,100.7,,143.2,132.2,,,,80.7,81.0,68.5,71.6,,74.6,,73.9,76.7,76.8,74.4,,84.3,,,82.3,,79.9,,77.3,,,79.1,82.3,76.8,76.4,76.2,77.7,77.9,78.4,82.9,82.9,76.7,80.4,72.5,77.5,77.5,74.8,99.5,92.6,,,,74.4,90.7,,70.3,72.4,52.4,68.8,67.3,62.6,75.3,69.5,68.1,,88.4,89.6,122.3,122.3,78.7,91.0,66.3,54.5,54.3,67.0,70.6,59.4,146.4,286.2,490.2,770.5,368.8,,151.2,1021.8,433.7,818.7,,241.4,318.1,495.9,184.2,,96.6,103.4,91.7,,128.4,89.0,,140.0,121.1,137.3,109.1,166.6,130.2,102.8,122.9,91.3,68.2,63.9,68.3,,76.4,,94.2,,89.9,,76.5,108.5,109.8,94.8,75.3,,,136.8,133.6,159.9,118.7,174.1,156.1,195.1,112.6,127.7,,89.1,97.4,155.8,,,71.9,70.4,70.4,67.4,65.7,,,
198704,82.3,82.3,,80.0,,,,,82.0,74.9,67.3,77.7,83.0,,89.9,,70.5,,105.4,,,,,104.0,96.3,80.7,124.2,,117.9,125.7,106.6,,103.5,,112.0,89.1,111.5,102.9,79.8,,,100.4,97.4,68.0,100.7,,143.2,132.2,,,,80.8,81.0,68.5,71.7,,74.7,,74.1,76.8,76.9,74.5,,84.2,,,82.4,,79.8,,77.4,,,79.0,82.3,77.1,76.6,76.5,77.9,78.2,78.7,83.3,83.3,77.9,81.6,73.6,77.8,77.8,75.0,99.5,92.7,,,,74.2,90.7,,70.5,72.7,52.5,69.3,67.4,62.6,75.3,69.7,68.7,,88.4,89.8,122.3,122.3,78.5,91.0,66.1,55.6,55.6,67.6,71.0,60.3,146.5,286.8,490.7,773.6,369.5,,151.3,1025.1,429.5,829.5,,240.1,320.1,493.2,187.8,,96.7,103.5,91.3,,128.4,89.0,,139.7,121.4,137.0,108.7,166.3,129.9,102.7,122.5,91.4,68.3,64.0,68.4,,76.5,,94.2,,89.8,,76.7,108.7,109.5,95.9,75.2,,,136.5,133.4,159.7,118.7,174.1,156.1,195.1,111.9,125.0,,89.4,96.6,155.7,,,72.7,72.1,72.1,67.9,66.2,,,
198705,82.1,82.3,,80.0,,,,,81.9,74.5,67.3,77.5,82.8,,89.4,,70.8,,104.7,,,,,103.8,96.0,80.7,122.4,,116.9,124.7,105.9,,103.4,,112.0,88.9,111.5,102.5,79.8,,,100.4,97.4,68.0,100.7,,143.2,132.2,,,,80.9,81.1,68.5,71.8,,74.7,,74.1,76.8,76.9,74.7,,84.2,,,82.5,,80.0,,77.6,,,79.1,82.3,77.2,76.7,76.5,78.0,78.4,78.9,83.6,83.6,78.4,82.2,74.1,78.0,78.0,75.0,99.5,92.7,,,,74.1,90.7,,70.5,72.8,52.3,69.5,67.5,62.7,75.3,69.9,68.9,,88.4,89.8,122.3,122.3,78.5,91.0,66.1,55.7,55.7,67.6,71.0,60.3,146.1,284.8,489.7,769.7,369.5,,151.2,1021.8,428.6,835.3,,238.5,311.7,488.5,187.8,,97.0,103.3,93.0,,128.6,88.9,,139.8,121.6,136.5,108.7,165.1,129.8,102.6,122.4,91.5,68.3,64.0,68.4,,76.5,,94.2,,89.9,,76.7,108.9,109.6,96.3,75.0,,,136.6,133.3,159.7,118.4,174.1,156.1,195.1,112.4,124.7,,90.5,96.4,156.0,,,72.8,72.3,72.3,68.0,66.2,,,
198706,82.4,82.3,,80.0,,,,,82.1,74.9,67.4,77.8,82.8,,89.7,,71.1,,105.3,,,,,103.4,96.0,80.7,122.6,,115.7,123.1,105.8,,103.2,,112.0,88.0,111.5,102.2,79.8,,,100.4,97.4,68.0,100.7,,143.2,132.2,,,,80.9,81.1,68.5,71.8,,74.9,,74.1,76.8,77.0,74.7,,84.1,,,82.5,,80.3,,77.7,,,79.1,82.3,77.2,76.7,76.6,78.1,79.2,79.9,84.5,84.5,78.5,82.2,74.1,79.0,79.0,75.1,99.5,92.7,,,,74.3,90.7,,70.6,72.9,52.6,69.7,67.5,62.7,75.3,69.9,69.0,,88.4,89.8,122.3,122.3,78.5,91.0,66.1,55.6,55.6,67.6,71.0,60.4,146.1,284.8,488.2,770.5,368.8,,151.3,1017.4,428.6,833.6,,239.0,312.1,490.6,187.8,,97.3,103.9,93.1,,128.6,89.0,,139.1,122.0,136.1,108.7,164.3,129.7,102.5,122.4,91.4,68.4,64.0,68.5,,76.5,,94.0,,89.7,,76.5,109.0,110.2,96.5,74.9,,,136.5,133.0,159.4,118.1,174.0,156.1,194.9,112.3,125.3,,90.0,97.1,155.5,,,72.9,72.3,72.3,68.1,66.3,,,
198707,82.5,82.3,,80.0,,,,,82.3,75.6,67.5,77.9,83.1,,89.7,,71.3,,105.3,,,,,103.4,96.0,80.5,121.1,,115.2,122.4,106.1,,103.4,,112.0,89.0,111.5,101.9,79.8,,,100.4,97.4,68.0,100.7,,143.2,132.2,,,,80.9,81.1,68.6,71.8,,74.9,,74.1,76.9,77.0,74.7,,84.2,,,82.5,,80.3,,77.7,,,79.1,82.3,77.2,76.7,76.6,78.1,79.4,80.2,84.7,84.7,78.8,82.6,74.5,79.3,79.3,75.2,99.8,92.8,,,,74.4,90.6,,70.7,73.1,52.7,69.7,67.5,63.0,75.3,69.9,69.2,,88.4,89.8,122.3,122.3,78.5,91.0,66.1,55.5,55.3,67.6,71.0,60.4,145.9,284.8,486.7,768.9,367.3,,151.5,1009.8,428.1,834.5,,238.0,314.1,501.7,187.8,,97.0,103.7,93.6,,128.7,89.4,,139.3,122.0,135.8,108.7,163.9,129.2,102.3,122.4,91.4,68.4,64.0,68.4,,76.6,,93.8,,89.8,,76.4,109.0,110.2,96.5,74.8,,,136.1,132.8,158.6,118.1,174.0,156.1,194.9,111.8,125.4,,89.0,97.8,154.9,,,72.9,72.4,72.4,68.1,66.3,,,
198708,82.5,82.3,,80.0,,,,,82.4,75.7,67.4,77.9,83.3,,89.9,,71.2,,105.3,,,,,103.3,96.1,80.6,122.2,,115.0,122.1,105.5,,103.3,,112.0,88.9,111.3,101.6,79.8,,,100.4,97.4,68.0,100.7,,143.2,132.2,,,,80.9,81.2,68.7,71.9,,74.9,,74.2,77.0,77.0,74.8,,84.2,,,82.5,,80.3,,77.7,,,79.1,82.3,77.2,76.7,76.6,78.1,79.5,80.3,84.7,84.7,79.0,82.8,74.6,79.3,79.3,75.4,100.1,93.0,,,,74.8,90.7,,70.9,73.3,52.7,69.8,67.5,63.3,75.4,70.1,69.7,,88.4,89.8,122.3,122.3,78.5,91.0,66.1,55.4,55.2,67.6,71.0,60.4,145.5,283.3,484.6,769.7,363.3,,151.6,1004.3,423.4,837.8,,237.7,312.1,497.5,187.8,,96.7,103.4,93.2,,128.4,89.4,,139.3,121.0,135.0,109.1,162.0,129.7,102.4,122.0,91.3,68.3,64.1,68.3,,76.5,,93.7,,89.8,,76.4,109.0,110.2,96.5,74.9,,,135.9,132.6,158.4,117.9,173.6,155.4,194.7,111.6,126.3,,88.3,98.1,154.9,,,72.9,72.4,72.4,68.1,66.3,,,
198709,82.4,82.3,,80.0,,,,,82.2,74.9,67.7,77.8,83.2,,90.2,,71.0,,105.5,,,,,103.1,95.7,80.7,118.3,,114.1,121.7,103.2,,103.4,,112.0,88.8,111.5,102.2,79.8,,,100.4,97.4,68.0,100.7,,143.2,132.2,,,,81.0,81.3,68.8,72.0,,74.9,,74.2,77.0,77.1,74.9,,84.4,,,82.5,,80.5,,78.0,,,79.1,82.3,77.2,76.8,76.6,78.1,79.6,80.4,84.9,84.9,79.1,82.9,74.8,79.4,79.4,75.5,100.6,93.5,,,,75.0,90.7,,70.9,73.5,52.7,69.8,67.7,63.8,75.4,70.1,69.7,,88.4,89.8,122.3,122.3,78.5,91.0,66.1,55.3,55.1,67.6,71.0,60.4,145.8,282.7,483.1,766.6,359.2,,151.9,1000.0,420.6,839.4,,233.5,312.1,493.2,187.8,,96.6,103.5,93.2,,129.0,89.4,,140.1,121.6,136.4,109.4,163.6,133.2,102.4,122.2,91.4,68.6,64.4,68.6,,76.7,,93.6,,89.6,,76.4,109.0,110.3,96.4,74.9,,,136.1,132.4,158.1,117.6,173.6,155.1,194.7,112.0,127.8,,88.7,97.2,154.7,,,72.9,72.4,72.4,68.1,66.4,,,
198710,82.1,82.3,,80.0,,,,,81.8,73.7,67.7,77.8,82.9,,90.0,,70.6,,105.2,,,,,103.1,95.8,80.8,119.3,,113.7,121.6,102.3,,103.4,,112.0,88.9,111.5,102.3,79.8,,,100.4,97.4,68.0,100.7,,143.2,132.2,,,,81.0,81.3,68.8,72.0,,75.0,,74.3,77.1,77.2,75.0,,84.4,,,82.5,,80.6,,78.0,,,79.2,82.3,77.2,76.8,76.6,78.1,79.7,80.4,85.0,85.0,79.4,83.2,75.0,79.5,79.5,75.6,100.7,93.5,,,,75.3,90.7,,71.1,73.7,52.8,70.0,67.7,63.8,75.5,70.1,70.3,,88.5,89.8,122.3,122.3,78.5,91.0,66.0,54.9,54.8,67.6,71.0,60.4,145.9,282.7,480.6,769.7,357.4,,151.6,991.3,419.2,840.3,,231.7,315.1,493.2,194.6,,96.4,103.5,93.2,,129.0,88.9,,140.4,121.4,137.5,109.3,165.1,136.5,102.5,122.0,91.4,68.6,64.5,68.4,,76.7,,93.5,,89.5,,76.4,109.2,110.3,96.6,75.4,,,135.9,132.2,157.4,117.7,173.6,155.1,194.7,112.3,127.3,,89.0,97.1,155.3,,,73.0,72.5,72.5,68.3,66.5,,,
198711,82.2,82.3,,80.0,,,,,82.0,74.0,68.0,78.0,83.2,,90.4,,70.6,,104.5,,,,,103.0,95.8,81.0,117.5,,113.4,121.2,101.8,,103.5,,112.0,89.1,111.5,102.5,79.8,,,100.4,97.4,68.0,100.7,,143.2,132.2,,,,81.1,81.3,68.9,72.0,,75.1,,74.3,77.1,77.2,75.0,,84.5,,,82.5,,80.7,,78.1,,,79.2,82.3,77.2,76.8,76.6,78.1,79.7,80.4,85.0,85.0,79.5,83.3,75.1,79.6,79.6,75.7,100.7,93.5,,,,75.2,90.9,,71.1,73.8,53.0,70.2,67.7,63.9,75.5,69.9,70.3,,88.5,89.7,122.3,122.3,78.5,91.0,66.0,54.0,53.8,67.9,71.2,60.8,145.8,281.8,477.5,761.9,355.5,,150.4,983.6,417.8,838.6,,230.1,315.1,489.5,196.2,,96.2,103.0,92.5,,129.1,88.9,,140.6,121.6,137.5,108.0,164.9,137.2,102.5,122.5,91.4,68.7,64.6,68.5,,76.7,,93.4,,89.5,,76.5,109.1,109.8,96.6,75.4,,,136.1,132.2,157.4,117.7,173.4,155.0,194.7,112.6,127.8,,89.2,97.9,155.3,,,73.0,72.5,72.5,68.3,66.5,,,
198712,82.4,82.3,,80.0,,,,,82.1,74.4,68.0,78.2,83.0,,90.4,,70.7,,105.2,,,,,102.9,95.9,81.0,117.6,,113.3,121.3,101.1,,103.2,,112.0,88.0,111.3,102.0,79.8,,,100.4,97.4,68.0,100.7,,143.2,132.2,,,,81.2,81.4,69.0,72.0,,75.1,,74.4,77.2,77.2,75.1,,84.5,,,82.5,,80.7,,78.2,,,79.2,82.4,77.2,76.8,76.6,78.1,79.7,80.4,85.1,85.1,79.7,83.5,75.2,79.4,79.4,75.9,100.6,93.5,,,,75.3,90.8,,71.4,74.3,53.0,70.4,68.0,64.0,75.7,70.1,70.9,,88.6,89.5,122.3,122.3,78.5,91.0,66.0,52.2,52.0,67.9,71.2,60.8,145.5,280.9,475.0,765.0,356.2,,148.6,974.9,413.2,832.8,,229.6,314.4,490.1,195.2,,96.2,103.2,92.4,,129.2,88.9,,140.9,121.6,137.5,108.5,164.8,136.9,103.0,122.6,91.3,68.7,64.7,68.3,,76.7,,93.1,,89.2,,76.5,109.0,109.8,96.6,75.3,,,135.7,132.1,157.3,117.5,173.1,153.9,194.5,112.0,126.0,,89.2,97.9,155.0,,,73.0,72.5,72.5,68.3,66.5,,,
198801,82.1,82.3,,80.0,,,,,81.8,74.1,68.0,77.7,82.5,,90.6,,70.5,,104.6,,,,,102.8,95.7,81.0,117.6,,112.3,120.3,100.2,,103.4,,112.0,88.9,111.3,102.6,79.8,,,100.4,97.4,68.0,100.7,,143.2,132.2,,,,81.2,81.5,69.1,72.2,,75.2,,74.5,77.3,77.2,75.2,,84.7,,,82.8,,80.8,,78.2,,,79.3,82.4,77.2,76.8,76.6,78.1,79.8,80.5,85.2,85.2,79.7,83.5,75.3,79.5,79.5,76.0,100.7,93.7,,,,75.4,90.3,,71.5,74.5,53.2,71.1,68.1,64.1,75.7,70.3,71.1,,88.6,88.1,119.4,119.4,77.8,89.5,66.0,50.8,50.4,67.9,71.2,60.8,145.4,280.9,475.0,751.8,355.1,,152.5,972.7,412.7,833.6,,223.6,311.4,487.4,190.5,,97.0,104.3,92.7,,129.2,89.7,,140.5,121.3,136.4,108.6,163.5,133.0,103.0,122.6,91.6,68.8,64.9,68.7,,76.4,,93.7,,89.9,,76.4,109.2,109.9,96.7,75.5,,,135.4,132.0,156.6,117.6,172.9,153.4,194.5,111.5,123.5,,89.2,98.0,155.2,,,73.2,72.5,72.5,68.3,66.6,,,
198802,82.1,82.3,,80.0,,,,,81.7,73.8,68.0,78.1,82.3,,89.9,,70.7,,104.7,,,,,102.4,95.9,80.9,118.3,,109.9,117.2,99.5,,103.4,,112.0,88.8,111.3,102.9,79.8,,,100.4,97.4,68.0,100.7,,143.2,132.2,,,,81.2,81.5,69.1,72.2,,75.2,,74.5,77.3,77.3,75.2,,84.7,,,82.9,,81.0,,78.2,,,79.3,82.4,77.2,76.8,76.6,78.1,80.0,80.7,85.4,85.4,79.8,83.6,75.4,79.6,79.6,76.1,100.6,93.7,,,,75.6,90.3,,71.6,74.7,53.3,71.2,68.1,64.1,75.7,70.4,71.1,,88.7,87.8,119.4,119.4,77.7,89.4,65.9,49.5,49.1,68.0,71.3,60.9,145.5,280.9,475.0,748.7,354.8,,154.6,973.8,411.3,826.2,,221.8,310.4,488.5,188.3,,97.4,104.8,92.7,,129.2,89.7,,140.5,121.4,135.8,109.7,163.3,129.5,102.9,123.0,91.6,68.9,65.0,68.5,,76.6,,93.9,,90.2,,76.4,109.4,110.2,97.2,75.3,,,135.7,132.0,156.8,117.5,172.6,152.9,194.5,112.4,126.9,,89.3,97.9,155.5,,,73.2,72.5,72.5,68.3,66.6,,,
198803,82.2,82.3,,80.0,,,,,81.9,74.1,68.1,77.9,82.2,,90.4,,71.0,,104.8,,,,,102.0,95.7,81.0,116.9,,107.6,113.9,100.2,,103.3,,112.0,88.6,111.3,102.2,79.8,,,100.4,97.4,68.0,100.7,,143.2,132.2,,,,81.4,81.7,69.3,72.3,,75.4,,74.5,77.4,77.5,75.2,,84.8,,,82.9,,81.1,,78.7,,,79.4,82.5,77.2,76.8,76.6,78.1,80.0,80.7,85.5,85.5,79.9,83.7,75.5,79.8,79.8,76.2,100.6,93.7,,,,75.7,90.3,,71.7,74.8,53.7,71.5,68.1,64.1,75.8,70.4,71.3,,88.7,87.7,119.4,119.4,77.5,89.3,65.6,48.7,48.2,68.0,71.3,60.9,145.5,280.6,475.5,749.4,356.2,,153.9,974.9,411.8,813.7,,221.3,309.4,485.3,187.6,,97.2,104.7,91.5,,129.9,89.8,,141.1,122.5,135.7,107.8,163.6,128.7,103.1,123.1,91.6,68.9,65.1,68.7,,76.6,,93.8,,90.2,,76.4,109.4,110.2,97.1,75.5,,,135.4,131.8,156.6,117.5,172.4,152.8,194.1,112.2,126.0,,89.3,97.2,155.3,,,73.2,72.5,72.5,68.3,66.6,,,
198804,82.2,82.4,,80.2,,,,,81.9,74.0,68.3,78.3,82.4,,90.8,,70.6,,104.4,,,,,101.8,95.7,81.1,117.2,,106.9,112.8,100.0,,103.2,,112.0,88.0,111.3,102.7,79.8,,,100.4,97.4,68.0,100.7,,143.2,132.2,,,,81.4,81.7,69.4,72.4,,75.4,,74.7,77.4,77.6,75.3,,84.6,,,83.0,,81.1,,78.7,,,79.5,82.5,77.2,76.8,76.7,78.1,80.3,81.0,85.9,85.9,80.4,84.2,75.9,79.9,79.9,76.4,100.9,94.2,,,,76.6,90.1,,71.9,75.0,53.7,71.8,68.3,64.5,75.8,70.8,71.9,,88.8,87.6,119.4,119.4,76.9,89.2,64.6,48.2,47.7,68.7,72.1,61.4,145.6,280.9,475.5,743.2,355.5,,154.8,978.2,410.4,807.9,,217.9,310.7,479.5,192.1,,97.3,104.5,91.3,,130.3,90.1,,141.6,122.1,135.1,106.3,162.6,128.8,103.0,123.5,91.6,69.1,65.3,68.8,,76.7,,93.6,,89.9,,76.5,109.4,110.2,97.2,75.1,,,135.3,131.7,156.3,117.6,172.0,152.1,193.9,111.9,124.3,,89.7,97.2,155.5,,,74.3,73.7,73.7,69.4,67.6,,,
198805,82.1,82.4,,80.2,,,,,81.8,72.9,68.6,78.2,82.3,,91.1,,71.0,,104.9,,,,,101.8,95.7,81.4,115.4,,106.9,112.8,100.2,,103.2,,112.0,88.2,111.3,102.3,79.8,,,100.4,97.4,68.0,100.7,,143.2,132.2,,,,81.5,81.7,69.5,72.4,,75.4,,74.7,77.5,77.7,75.3,,84.7,,,83.1,,80.9,,78.8,,,79.5,82.5,77.2,76.8,76.7,78.1,80.4,81.2,86.0,86.0,80.7,84.5,76.2,80.2,80.2,76.5,100.7,94.0,,,,77.1,90.0,,72.0,75.1,53.9,72.2,68.3,64.6,75.9,70.8,72.2,,88.8,87.4,119.4,119.4,76.6,89.2,64.1,48.0,47.5,68.7,72.1,61.4,145.6,280.6,475.0,745.5,355.5,,155.2,974.9,409.0,801.3,,217.4,308.1,471.0,192.1,,97.7,104.8,92.3,,130.1,90.2,,141.3,122.1,135.3,105.7,163.1,128.8,102.9,123.6,91.7,69.1,65.4,68.6,,77.1,,93.6,,90.0,,76.5,109.4,110.0,97.2,75.1,,,135.3,131.4,155.7,117.5,172.2,152.6,193.8,112.3,126.2,,89.5,97.6,155.3,,,74.3,73.8,73.8,69.4,67.6,,,
198806,82.2,82.4,,80.2,,,,,81.9,73.6,68.7,78.1,82.3,,91.2,,71.0,,103.3,,,,,101.6,95.8,81.3,116.2,,105.8,111.4,100.2,,103.2,,112.0,88.0,111.3,102.2,79.8,,,100.4,97.4,68.0,100.7,,143.2,132.2,,,,81.5,81.7,69.5,72.4,,75.5,,74.7,77.5,77.7,75.3,,84.6,,,83.1,,80.9,,78.9,,,79.6,82.6,77.2,76.8,76.7,78.1,80.6,81.3,86.2,86.2,80.8,84.7,76.4,80.2,80.2,76.5,100.7,94.1,,,,77.1,90.1,,72.1,75.1,54.1,72.3,68.3,64.8,75.9,70.8,72.2,,88.8,87.5,119.4,119.4,76.5,89.2,64.0,47.8,47.4,69.1,72.6,61.5,145.4,279.8,472.4,730.7,354.8,,154.8,968.4,409.0,798.8,,216.6,307.1,468.4,192.1,,97.8,105.1,92.6,,130.0,90.1,,140.8,122.4,135.4,105.7,163.5,128.4,103.0,123.5,91.7,69.2,65.5,68.8,,77.1,,93.5,,89.9,,76.3,109.5,109.9,97.2,75.2,,,135.0,131.3,155.2,117.4,172.0,152.1,193.8,111.8,124.9,,89.1,98.0,155.5,,,74.3,73.9,73.9,69.5,67.7,,,
198807,82.3,82.4,,80.2,,,,,82.0,74.1,68.7,78.2,81.9,,91.4,,70.8,,103.5,,,,,101.6,96.0,81.3,117.3,,105.9,111.8,99.5,,103.1,,112.0,88.2,111.3,101.6,79.5,,,100.4,97.4,68.0,100.7,,143.2,132.2,,,,81.5,81.8,69.6,72.5,,75.6,,74.9,77.5,77.8,75.4,,84.6,,,83.0,,80.9,,79.0,,,79.5,82.7,77.2,76.8,76.7,78.1,80.6,81.3,86.3,86.3,81.0,84.9,76.5,80.3,80.3,76.6,100.6,94.1,,,,77.1,90.0,,72.2,75.2,54.2,72.9,68.7,65.0,75.9,70.8,72.2,,88.8,87.5,119.4,119.4,76.5,89.2,64.0,47.8,47.3,69.1,72.6,61.7,145.4,280.0,471.9,738.5,354.8,,154.8,960.7,408.5,785.5,,217.1,308.4,472.1,192.1,,97.8,104.8,93.3,,130.3,90.4,,141.1,122.7,135.3,105.7,163.1,128.1,103.0,123.2,91.7,69.3,65.7,68.8,,76.9,,93.3,,89.8,,76.4,109.5,110.0,97.2,75.2,,,135.0,131.4,156.0,117.3,171.5,151.4,193.6,111.8,125.3,,88.9,98.3,155.3,,,74.4,73.9,73.9,69.5,67.7,,,
198808,82.4,82.4,,80.2,,,,,82.1,73.9,68.8,78.8,81.9,,91.1,,71.2,,103.6,,,,,101.3,95.7,81.4,114.2,,105.2,110.7,99.5,,103.0,,112.0,87.7,111.3,101.1,79.9,,,100.4,97.4,68.0,100.7,,143.2,132.2,,,,81.6,81.8,69.6,72.6,,75.8,,74.9,77.6,77.8,75.4,,84.8,,,83.0,,81.1,,79.1,,,79.6,82.7,77.2,76.8,76.7,78.1,80.7,81.4,86.3,86.3,81.0,84.9,76.6,80.4,80.4,76.7,100.6,94.1,,,,77.1,90.4,,72.2,75.3,54.2,73.0,68.7,65.0,75.9,70.9,72.3,,88.8,87.5,119.4,119.4,76.5,89.2,63.9,47.9,47.4,69.1,72.6,61.7,145.2,278.9,468.9,737.7,351.5,,155.2,949.8,404.3,776.4,,216.8,305.7,466.8,192.1,,98.1,105.3,94.6,,130.4,90.5,,141.1,123.0,135.0,105.6,162.6,127.7,102.8,123.5,91.7,69.3,65.7,68.8,,76.9,,93.3,,89.9,,76.2,109.7,110.4,97.3,75.5,,,134.7,131.7,156.8,117.3,170.8,149.5,193.4,111.6,124.0,,89.0,98.0,155.3,,,74.4,73.9,73.9,69.5,67.7,,,
198809,82.3,82.4,,80.2,,,,,82.0,73.0,69.0,78.7,81.9,,90.9,,71.2,,103.6,,,,,101.4,95.7,81.4,114.1,,105.4,111.1,99.9,,103.1,,112.0,87.5,111.3,102.0,80.1,,,100.4,97.4,68.0,100.7,,143.2,132.2,,,,81.6,81.9,69.7,72.7,,75.9,,74.9,77.6,77.8,75.4,,84.7,,,83.0,,81.2,,79.2,,,79.7,82.7,77.2,76.8,76.7,78.1,80.9,81.6,86.5,86.5,81.2,85.1,76.7,80.5,80.5,76.7,100.6,94.1,,,,77.0,90.2,,72.3,75.4,54.3,73.0,68.9,65.0,75.9,70.9,72.4,,88.8,87.5,119.4,119.4,76.5,89.2,63.9,47.8,47.3,69.1,72.7,61.7,145.5,279.2,467.4,733.9,349.6,,155.0,944.4,402.9,776.4,,216.8,307.7,471.6,192.1,,98.5,106.2,94.6,,130.5,90.5,,140.9,123.3,136.4,105.7,164.4,132.2,103.1,123.2,91.9,69.5,65.9,68.8,,77.1,,93.5,,90.0,,76.4,109.7,110.4,97.4,75.4,,,134.4,131.7,156.1,117.7,169.9,148.2,192.6,111.5,123.3,,89.5,97.3,155.2,,,74.4,74.0,74.0,69.5,67.7,,,
198810,82.3,82.4,,80.2,,,,,82.0,73.5,69.2,78.4,81.9,,90.8,,71.3,,103.8,,,,,101.3,96.0,81.5,115.8,,104.5,109.8,100.1,,103.2,,112.0,87.8,111.3,102.2,80.1,,,100.4,97.4,68.0,100.7,,143.2,132.2,,,,81.6,82.0,69.7,72.7,,75.9,,75.0,77.6,77.8,75.5,,84.8,,,83.3,,81.5,,79.3,,,79.7,82.8,77.2,76.8,76.7,78.1,81.0,81.8,86.8,86.8,82.6,86.5,78.0,80.7,80.7,76.7,100.6,94.1,,,,77.2,90.7,,72.4,75.4,54.3,73.1,69.1,65.1,76.0,70.9,72.4,,88.8,87.4,119.4,119.4,76.5,89.2,63.9,47.5,46.9,69.1,72.7,61.7,145.4,278.3,462.8,716.7,346.7,,153.4,931.3,401.0,754.0,,216.6,309.7,472.1,196.8,,98.1,106.4,94.6,,130.4,90.4,,141.1,123.1,136.9,105.8,164.8,133.0,103.6,124.1,92.1,69.6,66.1,69.0,,77.1,,93.6,,90.3,,76.2,110.0,110.5,97.7,75.4,,,134.4,131.7,156.3,117.6,169.6,147.3,192.6,111.6,123.9,,89.3,96.1,155.5,,,74.5,74.0,74.0,69.6,67.8,,,
198811,82.5,82.4,,80.2,,,,,82.2,73.5,69.2,78.9,81.9,,91.0,,71.4,,104.4,,,,,101.6,96.0,81.5,115.4,,105.4,111.0,100.2,,103.3,,112.0,88.2,111.3,102.4,80.1,,,100.4,97.4,68.0,100.7,,143.2,132.2,,,,81.7,82.1,69.8,72.7,,76.0,,75.0,77.7,78.0,75.5,,84.9,,,83.7,,81.7,,79.4,,,79.7,82.8,77.2,76.8,76.7,78.1,81.2,82.0,87.0,87.0,82.7,86.6,78.1,80.9,80.9,76.9,101.1,94.7,,,,77.5,90.7,,72.4,75.6,54.4,73.4,69.1,65.3,76.0,71.0,72.5,,88.9,87.2,119.4,119.4,76.5,89.2,63.9,45.5,44.9,69.1,72.7,61.7,145.4,278.3,460.3,694.1,344.4,,153.1,925.8,402.9,747.4,,218.4,311.4,474.7,197.5,,98.2,106.6,94.7,,130.6,90.4,,141.3,123.3,136.9,105.7,165.3,132.3,103.6,123.6,92.1,69.7,66.0,69.1,,76.8,,93.9,,90.7,,76.2,109.9,110.5,97.4,75.1,,,134.2,131.4,155.3,117.6,169.1,146.4,192.2,111.8,124.3,,89.7,96.8,155.5,,,74.5,74.0,74.0,69.6,67.8,,,
198812,82.5,82.7,,80.5,,,,,82.1,73.8,69.3,78.7,82.2,,90.8,,71.2,,104.1,,,,,101.4,95.9,81.6,113.2,,104.9,110.5,99.9,,103.3,,112.0,88.3,111.3,102.1,80.1,,,100.4,97.4,68.0,100.7,,143.2,132.2,,,,81.8,82.1,70.0,73.0,,76.0,,75.2,77.9,78.1,75.7,,85.2,,,83.7,,81.6,,79.4,,,79.7,82.8,77.2,76.8,76.7,78.1,81.4,82.2,87.1,87.1,83.0,86.9,78.4,81.1,81.1,77.1,101.1,94.7,,,,77.6,90.7,,72.7,75.8,54.7,73.5,69.1,65.7,76.1,71.3,73.0,,88.9,87.0,119.4,119.4,76.5,89.2,63.9,44.3,43.6,69.1,72.7,61.7,145.2,277.4,456.2,682.4,346.7,,154.0,905.1,400.5,734.9,,218.4,312.1,477.9,197.0,,98.5,107.0,95.2,,130.6,90.3,,141.6,123.1,136.6,105.7,164.6,131.5,104.1,123.9,92.3,69.8,66.3,69.2,,76.9,,94.2,,91.1,,76.2,110.0,110.5,97.5,75.3,,,133.7,131.3,154.8,117.7,168.2,145.3,191.2,111.5,122.4,,89.8,97.1,155.5,,,74.5,74.0,74.0,69.6,67.8,,,
198901,82.5,82.8,,80.6,,,,,82.2,73.6,69.3,78.7,82.2,,90.7,,71.4,,103.5,,,,,101.6,96.0,81.6,114.9,,105.2,110.7,99.7,,103.3,,112.0,88.2,111.6,102.3,80.1,,,100.4,97.4,68.0,100.7,,143.2,132.2,,,,81.9,82.2,70.0,73.1,,76.0,,75.5,78.0,78.1,75.7,,85.2,,,84.0,,81.7,,79.5,,,79.7,82.8,77.2,76.8,76.7,78.1,81.5,82.2,87.1,87.1,83.1,87.1,78.5,81.1,81.1,77.3,101.1,94.7,,,,77.6,90.7,,72.9,75.9,54.8,73.7,69.2,65.8,76.1,71.6,73.5,,89.1,87.0,119.4,119.4,76.5,89.2,63.9,44.2,43.5,69.2,72.7,61.8,144.8,276.2,453.2,653.6,345.2,,154.8,896.4,400.5,715.8,,217.9,309.4,473.7,194.1,,98.6,107.1,95.1,,130.8,90.4,,141.6,123.2,135.4,105.5,163.6,127.0,103.7,124.0,92.4,69.9,66.5,69.3,,76.8,,94.3,,91.4,,76.3,110.0,110.5,97.4,75.3,,,133.6,131.1,154.8,117.7,167.8,145.0,190.8,111.5,122.1,,90.0,97.4,155.3,,,74.5,74.0,74.0,69.6,67.8,,,
198902,82.7,82.9,,80.7,,,,,82.4,74.7,69.5,78.9,82.2,,90.3,,71.5,,104.1,,,,,101.9,96.0,81.6,114.5,,105.5,111.2,99.9,,103.8,,112.0,88.8,111.6,102.3,81.4,,,100.4,97.4,68.0,100.7,,143.2,132.2,,,,82.0,82.4,70.2,73.2,,76.2,,75.8,78.1,78.4,75.9,,85.2,,,84.2,,81.7,,79.7,,,79.8,82.8,77.2,76.8,76.7,78.1,81.5,82.3,87.3,87.3,83.1,87.1,78.5,81.2,81.2,77.4,101.1,94.7,,,,77.6,90.6,,73.0,75.9,55.1,74.3,69.6,65.9,76.1,71.6,73.7,,89.1,87.1,119.4,119.4,76.4,89.2,63.8,44.8,44.2,69.2,72.7,61.8,144.5,274.5,452.1,662.2,346.7,,154.6,895.3,399.1,710.9,,216.6,304.7,466.8,188.5,,98.4,107.2,95.1,,130.1,88.8,,141.1,123.2,135.5,105.5,164.6,124.8,103.8,123.9,92.5,70.0,66.6,69.5,,76.9,,94.5,,91.8,,76.5,110.3,110.4,97.2,75.3,,,133.5,131.0,154.7,117.4,167.0,143.9,190.0,112.0,124.0,,90.2,97.7,155.5,,,74.5,74.0,74.0,69.6,67.8,,,
198903,82.5,82.9,,80.7,,,,,82.2,72.8,69.8,78.8,82.2,,90.4,,71.4,,104.5,,,,,101.9,96.0,81.9,113.7,,104.5,109.8,100.1,,104.1,,112.0,88.6,111.6,102.2,83.0,,,100.4,97.4,68.0,100.7,,143.2,132.2,,,,82.2,82.5,70.6,73.3,,76.7,,75.9,78.3,78.8,76.0,,85.3,,,84.2,,82.1,,79.8,,,79.8,83.0,77.2,76.8,76.7,78.1,81.8,82.5,87.5,87.5,83.2,87.2,78.6,81.4,81.4,77.5,101.0,94.5,,,,77.7,90.6,,73.1,76.1,55.1,74.6,69.6,66.0,76.1,71.6,73.7,,89.2,87.1,119.4,119.4,76.4,89.2,63.8,44.9,44.2,69.2,72.7,61.8,144.5,274.5,451.1,645.0,346.3,,154.9,898.6,399.6,701.7,,216.6,306.1,472.1,188.3,,98.5,107.2,95.3,,129.8,88.8,,140.2,123.1,135.1,106.1,164.3,123.5,103.5,124.0,92.7,70.2,67.0,69.8,,76.8,,94.7,,92.6,,76.4,110.3,110.3,97.2,75.3,,,133.1,131.0,154.8,117.3,166.8,143.1,189.8,111.0,122.8,,90.0,97.5,152.5,,,74.5,74.0,74.0,69.6,67.8,,,
198904,85.0,85.0,,82.7,,,,,84.6,75.9,71.6,81.0,85.4,,92.9,,73.2,,106.9,,,,,103.9,98.6,83.9,119.1,,106.9,112.3,102.3,,105.7,,113.6,90.0,112.5,104.2,84.6,,,98.8,102.3,75.0,97.5,,143.9,133.5,,,,84.8,85.2,73.6,76.1,,79.8,,78.9,80.6,81.4,78.8,,89.1,,,87.8,,84.9,,83.3,,,81.9,84.5,78.4,77.8,77.7,79.3,82.4,83.0,87.9,87.9,85.2,89.3,80.5,81.8,81.8,79.3,103.5,96.8,,,,80.8,91.5,,74.8,77.4,57.1,76.8,73.2,67.9,77.6,73.8,76.4,,89.3,86.6,116.3,116.3,76.6,89.0,64.3,45.6,45.0,70.3,73.9,62.4,146.4,273.0,440.5,605.3,355.5,,156.8,829.9,386.1,672.7,,220.7,303.1,446.2,193.7,,100.7,109.4,97.7,,133.3,90.7,,144.3,127.3,138.3,108.6,168.6,125.2,105.6,127.1,94.8,71.6,68.5,70.8,,78.4,,97.3,,95.2,,78.0,112.5,112.7,99.4,76.7,,,135.7,133.7,157.9,119.9,169.4,144.8,193.4,113.7,125.8,,92.4,100.3,156.0,,,77.1,76.0,76.0,72.2,70.3,,,
198905,85.1,85.1,,82.8,,,,,84.9,77.2,71.2,80.9,85.0,,93.1,,72.8,,107.9,,,,,104.0,98.5,84.3,117.2,,107.0,112.0,103.1,,105.9,,113.7,90.7,112.5,104.4,84.8,,,98.8,102.3,75.0,97.5,,143.9,133.5,,,,85.0,85.5,74.0,76.4,,80.3,,78.9,81.0,81.7,79.3,,89.4,,,87.8,,85.2,,83.4,,,82.2,84.5,78.5,78.0,77.9,79.4,82.7,83.3,88.2,88.2,85.4,89.5,80.7,82.2,82.2,79.5,103.6,97.0,,,,80.3,91.6,,75.0,77.7,57.2,77.5,73.5,68.1,77.7,74.0,76.5,,89.4,86.8,115.5,115.5,77.7,90.3,65.1,45.7,45.0,70.5,74.2,62.5,146.5,272.7,442.0,606.1,356.6,,160.1,835.3,386.5,674.4,,218.1,301.4,449.9,193.7,,100.4,109.3,97.3,,133.0,90.5,,143.0,128.0,138.4,108.6,168.7,125.6,105.6,127.1,95.1,71.9,68.6,71.6,,78.5,,97.6,,95.5,,78.2,112.6,112.8,99.0,76.7,,,135.4,133.6,157.3,120.0,169.1,143.9,193.2,113.4,124.5,,92.3,100.3,155.8,,,77.4,76.1,76.1,72.6,70.7,,,
198906,85.1,85.1,,82.8,,,,,84.9,77.8,71.2,81.1,85.3,,93.2,,72.7,,106.1,,,,,103.9,98.7,84.8,115.9,,106.6,111.5,103.3,,105.7,,113.7,89.6,112.5,103.8,85.3,,,98.8,102.3,75.1,97.5,,143.9,133.6,,,,85.2,85.6,74.1,76.4,,80.6,,79.2,81.0,81.8,79.4,,89.6,,,87.9,,85.4,,83.9,,,82.3,84.7,78.5,78.0,77.9,79.4,83.3,84.0,88.6,88.6,85.5,89.6,80.8,82.8,82.8,79.7,103.8,97.1,,,,80.6,93.4,,75.2,78.0,57.3,77.9,73.6,68.3,77.8,74.2,77.1,,89.5,87.0,115.5,115.5,77.8,90.3,65.3,46.2,45.6,70.7,74.3,62.6,146.5,273.0,443.0,616.2,357.0,,161.6,829.9,385.1,676.0,,217.9,301.4,449.4,193.7,,100.4,109.6,97.7,,133.4,90.5,,143.7,128.2,138.0,108.5,167.9,125.5,105.6,127.4,95.3,72.2,69.0,71.8,,78.6,,97.8,,95.9,,78.0,112.8,112.9,99.0,76.9,,,135.3,133.7,157.4,120.2,168.4,143.1,192.6,113.3,125.8,,92.3,100.5,153.9,,,77.5,76.2,76.2,72.6,70.7,,,
198907,85.4,85.1,,82.8,,,,,85.1,77.9,71.4,81.4,86.1,,93.3,,73.1,,106.2,,,,,104.1,98.6,84.8,115.2,,107.4,112.6,103.3,,105.9,,113.7,90.8,112.3,103.1,85.5,,,98.8,102.3,75.1,97.5,,143.9,133.6,,,,85.2,85.7,74.2,76.6,,80.6,,79.4,81.1,81.9,79.4,,89.8,,,87.9,,85.5,,83.9,,,82.3,84.7,78.5,78.0,77.9,79.4,83.4,84.0,88.7,88.7,85.9,90.0,81.1,82.9,82.9,79.8,103.9,97.1,,,,80.9,93.3,,75.3,78.0,57.4,78.0,73.7,68.6,78.0,74.6,77.2,,89.7,87.1,115.5,115.5,77.8,90.3,65.4,47.3,46.6,70.9,74.5,62.9,146.4,272.4,442.0,617.8,357.0,,161.3,825.5,383.7,676.0,,218.4,301.1,449.4,193.7,,100.4,109.9,97.9,,133.3,90.1,,143.3,128.6,138.0,108.5,167.4,125.3,105.9,128.7,95.4,72.3,69.2,71.7,,78.9,,97.9,,96.1,,78.1,112.8,112.9,99.2,76.8,,,134.8,133.4,156.5,120.2,167.8,142.3,191.8,113.0,126.7,,91.0,100.7,154.1,,,77.6,76.2,76.2,72.7,70.9,,,
198908,85.5,85.1,,82.8,,,,,85.2,78.3,71.9,81.6,85.9,,93.2,,72.3,,105.7,,,,,104.0,98.7,84.8,116.3,,106.6,111.8,103.0,,106.0,,113.6,90.7,112.3,103.7,85.5,,,98.8,102.3,75.1,97.5,,143.9,133.6,,,,85.3,85.8,74.2,76.6,,80.7,,79.4,81.2,81.9,79.6,,89.6,,,88.1,,85.8,,84.0,,,82.3,84.7,78.5,78.0,77.9,79.5,83.5,84.1,88.8,88.8,86.0,90.1,81.2,83.0,83.0,80.0,104.5,97.9,,,,81.2,93.3,,75.5,78.3,57.4,78.0,74.1,68.7,78.1,74.6,77.4,,89.9,87.2,115.5,115.5,77.8,90.3,65.4,47.5,46.9,70.9,74.6,62.9,146.2,271.5,439.5,619.3,353.7,,160.6,815.7,383.7,671.1,,216.3,299.0,444.6,193.7,,100.7,109.4,98.0,,133.3,90.5,,143.3,128.5,137.9,108.6,167.1,125.5,105.6,128.8,95.4,72.3,69.2,71.7,,78.9,,98.0,,96.4,,78.0,112.8,112.8,99.2,76.4,,,134.6,133.4,156.3,120.1,167.0,141.8,190.8,112.7,127.0,,90.8,100.5,153.0,,,77.7,76.2,76.2,72.7,70.9,,,
198909,85.7,85.4,,83.1,,,,,85.5,77.8,71.9,81.8,85.9,,93.1,,73.4,,107.2,,,,,103.8,98.4,84.8,113.9,,106.6,111.8,103.1,,105.7,,113.6,89.4,112.3,104.2,85.5,,,98.8,102.3,75.1,97.5,,143.9,133.6,,,,85.3,85.8,74.2,76.7,,80.7,,79.4,81.2,81.9,79.7,,89.6,,,88.1,,85.8,,84.0,,,82.5,84.7,78.5,78.0,77.9,79.5,83.6,84.2,88.9,88.9,86.0,90.2,81.3,83.1,83.1,80.3,104.9,98.2,,,,81.6,93.3,,75.7,78.4,57.5,78.5,74.2,68.6,78.1,74.7,77.6,,90.1,87.2,115.5,115.5,77.8,90.3,65.4,48.0,47.4,70.9,74.6,62.9,146.5,272.4,441.5,631.0,353.7,,161.5,817.9,384.6,676.9,,215.5,300.1,445.7,193.7,,100.9,109.8,97.3,,133.0,90.5,,142.7,128.3,139.1,108.5,167.8,131.2,105.9,129.2,95.5,72.5,69.4,72.0,,79.0,,98.2,,96.6,,78.3,112.8,112.7,99.3,76.4,,,134.4,133.8,157.9,120.1,166.3,141.4,189.6,112.6,126.8,,91.3,99.4,151.9,,,77.7,76.2,76.2,72.8,70.9,,,
198910,85.5,85.4,,83.1,,,,,85.2,77.1,72.0,81.7,86.0,,92.9,,72.7,,106.3,,,,,104.0,98.9,85.1,116.8,,106.3,111.2,102.9,,106.0,,113.6,90.5,112.3,103.8,85.5,,,98.8,102.3,75.2,97.5,,143.9,133.6,,,,85.4,85.9,74.4,77.0,,80.8,,79.5,81.3,82.0,79.8,,89.6,,,88.2,,85.8,,84.1,,,82.6,84.8,78.5,78.0,77.9,79.5,83.7,84.3,89.0,89.0,86.3,90.5,81.6,83.1,83.1,80.5,105.2,98.6,,,,81.9,93.3,,75.9,78.5,57.7,78.7,74.3,68.8,78.1,75.1,78.2,,90.3,87.4,115.5,115.5,77.8,90.3,65.4,48.8,48.2,70.9,74.7,62.9,146.7,273.3,440.0,630.2,351.1,,161.3,812.4,383.7,672.7,,213.2,302.4,449.9,194.6,,101.5,110.2,96.5,,132.8,90.5,,142.3,128.1,139.7,108.5,167.8,133.4,106.6,129.2,95.4,72.5,69.4,71.9,,79.0,,98.1,,96.4,,78.2,112.7,112.1,99.3,76.5,,,134.6,134.2,158.4,120.6,166.3,140.9,189.8,112.6,127.8,,91.5,98.8,151.0,,,77.8,76.2,76.2,72.9,71.0,,,
198911,85.5,85.4,,83.1,,,,,85.3,77.6,72.2,81.7,85.6,,92.8,,72.0,,106.5,,,,,104.1,99.0,85.1,117.6,,106.9,111.9,103.1,,105.9,,113.6,90.1,112.3,103.8,85.5,,,98.8,102.3,75.2,97.5,,143.9,133.6,,,,85.4,85.9,74.4,77.1,,80.8,,79.5,81.4,82.0,79.9,,89.6,,,88.2,,85.8,,84.0,,,82.6,84.8,78.5,78.0,77.9,79.5,83.8,84.3,89.1,89.1,86.6,90.8,81.8,83.2,83.2,80.7,105.3,98.7,,,,82.5,93.3,,76.1,78.6,57.8,79.0,74.6,68.9,78.2,75.0,78.5,,90.6,87.6,115.5,115.5,77.8,90.3,65.4,50.6,50.2,70.9,74.7,62.9,146.7,273.3,437.9,616.2,351.1,,161.6,807.0,381.8,675.2,,211.6,304.7,451.5,198.2,,101.7,110.5,96.7,,132.9,90.5,,142.3,128.2,139.9,108.7,167.9,134.6,106.9,129.6,95.5,72.7,69.8,72.0,,79.1,,98.1,,96.5,,78.2,112.8,112.4,99.4,76.5,,,134.0,134.0,158.6,119.9,165.4,140.4,188.7,111.9,126.5,,92.0,99.4,147.5,,,77.9,76.2,76.2,73.0,71.1,,,
198912,85.5,85.6,,83.2,,,,,85.2,77.3,72.5,81.7,85.7,,92.1,,73.2,,106.1,,,,,104.0,98.7,84.8,115.5,,106.5,111.4,103.2,,106.0,,113.6,90.9,112.3,104.1,85.5,,,98.8,102.3,75.2,97.5,,143.9,133.6,,,,85.5,86.0,74.6,77.2,,80.8,,79.7,81.4,82.0,79.9,,89.6,,,88.4,,86.2,,84.1,,,82.6,84.9,78.5,78.0,77.9,79.5,83.9,84.5,89.2,89.2,86.9,91.0,82.1,83.4,83.4,80.8,105.3,98.6,,,,83.9,93.4,,76.4,78.7,57.9,79.5,74.9,69.2,78.2,75.2,78.6,,90.8,87.7,115.5,115.5,77.8,90.3,65.4,51.5,51.2,70.9,74.7,63.0,146.5,273.0,436.4,623.2,350.7,,161.3,799.3,381.4,670.2,,211.6,304.4,452.6,197.0,,101.8,110.8,96.5,,132.7,90.6,,141.6,128.1,139.2,109.0,167.1,132.6,106.9,129.3,95.6,72.8,70.0,72.1,,79.1,,98.0,,96.4,,78.2,112.8,112.4,99.5,76.1,,,133.6,133.8,157.9,120.1,164.5,139.5,187.7,111.8,126.3,,92.0,100.2,147.4,,,77.9,76.2,76.2,73.0,71.1,,,
199001,85.7,85.5,,83.3,,83.4,,,85.4,77.6,72.5,82.2,85.8,,92.4,,72.6,,106.3,,,,,104.1,98.7,84.7,117.5,,106.4,111.7,103.2,,106.1,,113.8,89.9,112.5,104.2,85.7,,,98.4,102.3,75.2,97.5,,143.9,133.6,99.9,,,85.7,86.2,74.8,77.3,,81.2,,80.0,81.5,82.0,80.2,,89.9,,85.7,88.5,,86.2,167.1,84.3,,,82.8,84.9,78.5,77.9,77.9,79.5,84.3,84.8,89.4,89.4,86.9,91.0,82.1,83.8,83.8,81.4,105.7,99.2,,,,85.3,93.5,,76.8,78.7,58.5,80.2,75.2,69.9,78.2,75.9,79.5,,91.0,87.9,115.5,115.5,77.8,90.1,65.4,51.2,51.2,71.0,74.7,63.0,146.7,276.5,437.2,629.0,350.3,,163.9,794.1,381.5,669.5,,208.6,310.7,454.2,194.1,167.0,102.5,111.9,96.8,101.2,132.5,90.4,158.4,140.6,127.7,138.1,109.5,166.9,127.5,107.2,127.9,95.9,73.3,70.3,72.9,,79.7,,98.3,105.0,96.3,,78.3,113.1,112.3,99.4,76.2,,,133.2,133.8,157.6,120.0,163.2,139.1,185.6,111.9,125.8,,92.2,99.8,147.2,,,75.2,76.3,76.3,73.1,71.2,,78.7,78.7
199002,85.6,85.6,,83.3,,83.8,,,85.3,77.1,72.7,82.4,85.8,,92.1,,71.5,,106.0,,,,,104.0,98.4,84.7,115.2,,106.9,112.4,103.3,,105.9,,113.4,89.8,112.3,104.5,85.7,,,98.4,102.3,75.2,97.5,,143.9,133.6,99.5,,,85.7,86.3,74.9,77.3,,81.3,,80.1,81.6,82.1,80.3,,90.0,,85.7,88.7,,86.3,167.1,84.4,,,82.7,84.9,78.5,77.9,77.9,79.5,84.4,84.9,89.5,89.5,86.9,91.1,82.1,83.9,83.9,81.5,105.8,99.2,,,,85.8,93.5,,76.9,78.7,58.5,80.2,75.4,69.9,78.3,75.9,79.5,,91.1,88.0,115.5,115.5,77.8,90.1,65.5,52.3,52.3,71.0,74.7,63.0,146.4,274.9,434.6,628.4,347.9,,163.3,790.2,378.1,664.9,,207.8,306.6,446.8,191.2,165.2,102.6,112.4,97.3,101.0,132.7,90.6,158.4,141.0,128.0,137.3,109.5,165.3,125.7,107.2,128.0,95.9,73.3,70.3,73.0,,79.6,,98.2,104.5,96.4,,78.6,113.1,112.3,99.3,76.2,,,133.6,133.7,157.9,119.6,164.0,139.4,186.7,112.3,125.5,,92.2,99.5,149.1,,,75.2,76.3,76.3,73.1,71.2,,78.7,78.7
199003,85.7,85.6,,83.3,,84.0,,,85.4,76.9,72.8,82.3,85.6,,92.7,,72.1,,106.1,,,,,104.0,98.9,85.0,116.4,,106.2,111.3,103.3,,105.9,,113.4,90.3,112.5,103.9,85.7,,,102.0,102.3,75.2,103.9,,143.9,133.6,99.6,,,85.8,86.3,75.0,77.4,,81.4,,80.2,81.6,82.5,80.4,,90.1,,85.7,88.7,,86.3,167.1,84.4,,,82.8,85.2,78.5,77.9,77.9,79.5,84.6,85.0,89.6,89.6,87.0,91.2,82.2,84.0,84.0,81.7,105.7,99.1,,,,86.0,93.4,,77.2,78.8,58.6,80.7,76.0,70.3,78.4,76.2,80.0,,91.4,88.1,115.5,115.5,77.9,90.1,65.7,53.3,53.3,71.0,74.7,63.0,146.1,273.5,432.9,616.5,347.5,,163.9,785.5,377.7,659.7,,207.8,304.6,442.7,190.8,164.7,102.6,112.7,97.5,101.2,133.0,90.5,158.4,141.5,128.5,136.8,110.2,164.4,123.8,107.2,128.1,96.0,73.6,70.5,73.3,,80.3,,98.1,103.8,96.6,,78.6,113.4,112.9,99.2,76.4,,,133.1,133.6,157.6,119.6,162.9,137.6,186.0,111.9,125.6,,92.3,99.6,147.4,,,75.2,76.3,76.3,73.1,71.2,,78.7,78.7
199004,85.5,85.7,,83.4,,84.2,,,85.1,75.3,73.0,82.7,85.3,,92.8,,72.0,,106.1,,,,,104.1,98.9,85.0,117.0,,106.6,112.1,103.2,,106.0,,113.4,90.6,112.5,103.9,85.7,,,102.0,102.3,75.2,103.9,,143.9,133.1,99.8,,,86.2,86.7,75.0,77.6,,81.7,,80.3,81.7,82.5,80.8,,90.3,,86.2,88.8,,86.7,167.1,84.7,,,83.1,85.8,79.3,78.6,78.7,80.2,84.9,85.3,89.9,89.9,87.6,91.8,82.8,84.3,84.3,82.2,105.8,99.1,,,,86.3,93.8,,77.8,79.1,58.7,82.1,77.0,71.6,78.4,76.5,80.9,,91.5,88.3,115.5,115.5,78.1,90.1,65.9,53.6,53.6,71.3,74.8,63.8,146.5,272.2,431.2,615.9,346.5,,163.4,780.8,377.4,659.0,,209.1,300.5,429.7,194.3,166.5,102.7,112.7,98.1,101.8,132.9,91.1,157.9,141.3,128.2,137.0,110.5,164.8,123.7,107.2,128.1,96.1,73.7,70.8,73.2,,80.6,,98.2,104.1,96.5,,78.6,113.5,112.9,99.3,76.8,,,133.5,134.0,157.8,120.2,162.9,137.9,185.8,112.5,127.4,,92.5,99.0,147.8,,,79.7,78.7,78.7,73.6,71.7,,97.2,97.2
199005,85.9,85.7,,83.4,,83.8,,,85.6,77.8,73.3,83.1,85.3,,93.1,,71.0,,106.4,,,,,104.0,98.9,85.1,117.0,,106.1,111.2,103.1,,105.9,,113.4,89.9,112.2,104.2,85.7,,,102.0,102.3,75.2,103.9,,143.9,133.5,100.1,,,86.4,86.9,75.2,77.6,,82.0,,80.5,81.8,82.5,80.8,,90.3,,86.4,88.9,,86.7,167.1,84.7,,,83.3,86.2,79.4,78.8,78.8,80.3,85.2,85.6,90.1,90.1,88.1,92.3,83.2,84.6,84.6,82.4,105.6,98.9,,,,86.3,93.8,,78.1,79.0,58.9,82.4,77.7,71.8,78.4,76.6,81.4,,91.9,88.5,115.5,115.5,78.3,90.1,66.4,53.5,53.5,71.5,75.1,64.1,146.4,271.1,430.8,625.3,345.5,,162.3,777.7,376.6,657.7,,209.1,296.5,419.9,194.3,166.5,103.3,113.6,99.1,101.7,133.3,91.1,158.1,142.7,128.2,137.3,110.6,165.3,124.2,107.2,128.5,96.2,74.0,70.9,73.6,,80.7,,98.1,103.8,96.4,,78.9,113.4,112.9,99.4,76.8,,,133.5,133.8,157.8,120.0,162.9,138.5,185.4,112.5,128.2,,92.7,98.8,147.0,,,80.0,78.9,78.9,73.8,71.9,,98.0,98.0
199006,86.1,85.7,,83.4,,83.9,,,86.0,78.4,73.5,83.4,85.6,,93.5,,71.2,,106.1,,,,,104.0,99.0,85.3,115.9,,106.1,111.1,103.2,,106.0,,113.4,90.4,112.5,104.6,85.7,,,102.0,102.3,75.2,103.9,,143.9,133.6,100.3,,,86.4,86.9,75.3,78.0,,82.0,,80.6,81.9,82.5,81.0,,90.3,,86.4,88.9,,86.7,167.1,84.7,,,83.4,86.3,79.4,78.8,78.8,80.2,85.5,85.9,90.4,90.4,88.3,92.5,83.4,84.9,84.9,82.8,105.6,98.7,,,,86.6,94.1,,78.5,79.2,60.0,82.5,78.0,72.1,78.4,76.6,81.8,,92.1,88.6,115.5,115.5,78.6,90.1,67.2,53.6,53.6,71.6,75.2,64.1,146.2,269.2,429.5,615.3,343.7,,162.8,776.1,376.6,655.8,,208.6,289.5,403.6,194.3,166.5,104.0,114.1,100.2,101.5,133.4,91.3,158.1,142.9,128.2,137.9,112.1,165.9,123.8,107.5,129.0,96.4,74.3,71.3,73.8,,80.9,,98.2,103.8,96.3,,79.4,113.5,113.0,99.3,76.9,,,133.6,134.9,157.8,121.8,163.4,138.0,186.4,111.7,127.8,,92.2,99.2,145.1,,,80.1,79.0,79.0,73.9,71.9,,98.0,98.0
199007,86.1,85.8,,83.4,,83.7,,,85.9,77.0,73.8,83.9,85.8,,93.6,,71.1,,106.3,,,,,104.1,99.3,85.5,116.6,,106.3,111.6,103.0,,105.9,,113.6,90.4,112.5,103.1,85.7,,,102.0,102.3,75.2,104.0,,143.9,133.6,101.4,,,86.6,87.1,75.4,78.0,,82.1,,80.7,82.2,82.7,81.1,,91.0,,86.5,89.3,,86.8,168.3,84.8,,,83.5,86.6,79.4,78.8,78.8,80.2,85.7,86.1,90.7,90.7,88.3,92.6,83.5,85.1,85.1,83.1,105.7,98.8,,,,87.2,93.4,,78.8,79.2,60.2,83.1,78.1,72.6,78.5,76.8,82.0,,92.2,88.7,115.5,115.5,79.0,90.1,67.8,53.6,53.6,71.6,75.2,64.1,145.9,267.9,429.0,621.5,344.4,,160.8,775.3,374.7,654.5,,208.2,284.6,392.6,194.3,166.5,104.3,113.7,100.8,102.5,133.4,91.4,158.3,142.5,128.5,137.7,112.2,165.6,123.8,107.4,128.4,96.5,74.5,71.5,74.0,,81.4,,98.2,103.7,96.3,,79.8,113.7,113.0,99.6,77.0,,,133.6,134.4,157.0,121.4,164.5,138.2,188.6,111.2,126.2,,91.4,99.6,145.4,,,80.2,79.3,79.3,73.9,71.9,,98.0,98.0
199008,86.9,86.0,,83.8,,83.9,,,86.9,77.9,73.8,84.7,86.0,,95.2,,71.6,,111.4,,,,,104.2,99.6,85.8,117.0,,106.4,111.7,103.2,,106.0,,113.6,90.6,112.5,103.3,85.7,,,102.0,102.3,75.2,104.0,,143.9,133.6,102.3,,,86.8,87.3,75.5,78.1,,82.2,,80.9,82.2,82.8,81.2,,91.1,,86.7,89.5,,87.0,168.5,84.8,,,83.7,86.7,79.4,78.8,78.8,80.2,85.8,86.3,90.8,90.8,88.4,92.7,83.6,85.3,85.3,83.1,105.8,99.0,,,,87.5,93.4,,78.9,79.2,60.2,83.4,78.2,72.6,78.6,76.9,82.1,,92.4,88.8,115.5,115.5,79.3,90.1,68.2,53.8,53.8,71.6,75.2,64.1,145.8,267.1,428.2,623.4,344.1,,159.5,774.5,372.1,650.5,,207.8,282.5,387.7,194.3,166.5,104.3,113.4,101.0,102.8,132.9,91.9,158.1,142.5,127.2,136.9,111.9,163.9,124.0,107.7,128.1,96.8,74.9,71.8,74.6,,81.7,,98.4,104.4,96.5,,80.1,113.5,112.8,99.0,77.0,,,133.7,134.7,157.9,121.2,164.7,139.1,188.4,111.2,127.7,,91.3,100.2,144.0,,,80.2,79.3,79.3,73.9,71.9,,98.2,98.2
199009,87.3,86.3,,84.0,,84.0,,,87.4,77.8,74.4,84.5,85.9,,97.7,,72.6,,113.9,,,,,104.3,99.7,85.9,116.6,,106.6,111.6,103.6,,106.1,,113.6,90.8,112.6,103.8,85.7,,,102.0,102.3,75.2,104.0,,143.9,133.6,106.6,,,86.9,87.4,75.6,78.3,,82.5,,81.1,82.2,82.9,81.2,,91.5,,87.0,89.6,,87.3,168.5,84.9,,,83.8,86.8,79.4,78.8,78.8,80.3,85.9,86.3,90.9,90.9,88.6,92.9,83.7,85.3,85.3,83.3,105.8,99.0,,,,87.5,93.4,,79.0,79.2,60.5,83.7,78.4,72.6,78.6,77.3,82.5,,92.5,89.1,115.5,115.5,79.4,90.1,68.7,55.5,55.5,71.6,75.2,64.1,146.2,267.3,428.2,620.9,342.4,,160.2,779.2,371.0,650.5,,207.4,282.8,387.7,194.3,166.5,104.7,114.0,101.2,102.7,133.7,91.5,158.1,143.9,128.2,138.4,112.1,165.4,130.7,107.7,127.2,96.9,75.2,72.0,74.9,,81.8,,98.5,104.8,96.4,,80.7,113.5,112.8,99.1,76.7,,,134.3,135.7,158.9,122.5,165.0,138.7,189.0,111.6,127.4,,92.0,99.7,145.1,,,80.3,79.4,79.4,74.0,72.1,,98.2,98.2
199010,88.1,87.1,,84.7,,85.1,,,88.2,78.0,74.7,84.7,86.1,,98.7,,76.3,,116.3,,,,,104.3,99.8,86.0,116.9,,106.8,110.7,105.4,,106.1,,113.6,91.0,112.6,104.5,85.7,,,102.0,102.3,75.2,104.0,,143.9,133.6,108.1,,,87.1,87.6,76.0,78.7,,82.8,,81.2,82.6,83.4,81.5,,91.4,,87.4,89.7,,87.5,168.5,85.1,,,83.9,87.0,79.4,78.8,78.8,80.3,86.2,86.5,91.0,91.0,89.1,93.3,84.1,85.5,85.5,83.6,105.8,99.0,,,,87.5,93.4,,79.4,79.4,61.0,83.8,79.3,72.9,78.7,77.8,82.5,,92.7,90.8,115.5,115.5,79.9,90.1,69.6,69.9,69.9,71.6,75.2,64.1,146.1,266.2,428.6,618.4,341.0,,160.0,783.9,369.5,647.9,,208.2,277.0,378.7,195.1,153.9,105.2,114.9,101.7,103.1,134.2,91.7,158.4,144.6,128.7,138.7,113.4,165.1,132.6,108.1,126.3,97.1,75.4,72.1,75.3,,82.2,,98.9,105.0,97.0,,81.5,113.8,112.8,99.3,77.3,,,134.1,135.3,158.9,121.8,165.0,139.8,188.4,111.4,127.4,,92.4,99.0,143.9,,,80.4,79.4,79.4,74.2,72.2,,98.2,98.2
199011,88.5,87.6,,85.0,,86.5,,,88.5,76.9,75.2,85.1,86.2,,99.4,,79.0,,116.1,,,,,104.7,99.9,86.2,116.1,,108.4,111.5,108.2,,106.1,,113.8,90.3,112.5,104.6,85.7,,,102.1,102.3,75.2,104.0,,143.9,133.6,109.6,,,87.2,87.8,76.2,78.9,,82.9,,81.5,82.8,83.5,81.7,,91.5,,87.5,89.7,,87.6,168.5,85.2,,,84.1,87.2,79.4,78.8,78.8,80.3,86.6,86.9,91.2,91.2,89.2,93.5,84.3,86.0,86.0,84.1,106.0,99.0,,,,87.8,94.4,,79.9,79.6,61.7,84.4,79.9,73.6,78.8,78.4,83.1,,92.9,92.0,115.5,115.5,81.6,90.1,72.8,75.8,75.8,71.6,75.2,64.1,146.2,266.0,427.7,634.6,338.2,,159.9,780.0,369.1,642.0,,208.2,276.1,375.5,196.8,151.9,105.5,115.3,102.2,103.8,134.5,92.2,158.3,144.9,129.5,138.6,112.4,164.8,132.6,108.1,127.3,97.5,76.0,72.7,76.0,,82.4,,98.7,104.2,97.1,,82.5,114.2,112.8,99.8,77.4,,,134.4,135.7,158.9,122.3,165.7,139.8,189.6,111.4,127.0,,92.4,99.5,144.0,,,80.6,79.4,79.4,74.5,72.5,,98.2,98.2
199012,89.4,87.9,,85.4,,87.4,,,89.7,80.6,75.7,85.4,86.7,,99.4,,80.5,,116.7,,,,,104.7,100.4,86.3,119.0,,108.1,111.2,108.1,,106.0,,113.8,90.0,112.6,103.8,85.7,,,102.1,102.3,75.2,104.0,,143.9,133.6,110.2,,,87.6,88.1,76.9,79.3,,83.1,,81.8,83.2,83.8,82.0,,91.5,,87.9,90.2,,88.0,168.5,85.5,,,84.5,87.4,79.4,78.8,78.8,80.3,86.8,87.2,91.5,91.5,89.4,93.7,84.5,86.2,86.2,84.5,106.2,99.0,,,,87.9,96.0,,80.4,79.8,61.7,85.6,82.4,74.1,78.9,79.3,83.3,,93.1,92.4,115.5,115.5,82.5,90.1,74.9,75.9,75.9,72.0,75.6,64.1,146.4,265.4,426.5,639.0,337.2,,157.6,773.8,368.4,641.4,,208.0,274.4,372.6,195.3,152.4,106.2,116.1,102.9,104.0,134.6,92.4,158.4,144.7,129.4,138.0,112.8,163.8,131.7,108.3,127.2,98.1,76.7,73.5,76.7,,83.1,,99.0,104.2,97.5,,83.2,114.5,112.8,100.2,77.6,,,134.4,135.9,158.9,122.4,165.8,139.8,189.9,111.3,128.3,,91.9,100.0,143.3,,,80.7,79.4,79.4,74.6,72.7,,98.2,98.2
199101,89.8,88.6,,85.9,,88.4,,,89.9,80.6,76.0,85.8,86.6,,99.6,,80.8,,117.2,,,,,104.8,100.3,86.2,117.3,,108.4,111.0,108.8,,106.3,,113.8,90.6,112.6,104.6,85.7,,,102.1,102.4,75.2,104.0,,143.9,133.6,110.8,,,87.8,88.3,77.6,79.7,,83.5,,81.9,83.5,84.1,82.4,,91.8,,88.1,90.6,,88.1,168.6,86.0,,,84.8,87.5,79.4,78.8,78.8,80.3,87.0,87.3,91.6,91.6,89.7,94.0,84.7,86.3,86.3,85.0,106.5,99.0,,,,88.1,97.7,,80.8,79.9,62.5,86.1,83.0,74.4,79.0,79.4,83.9,,93.3,92.2,115.5,115.5,82.7,90.1,75.1,73.2,73.2,72.0,75.6,64.2,146.4,264.9,424.7,638.4,336.2,,160.0,766.7,366.9,633.5,,208.0,272.6,372.6,192.3,147.0,106.8,119.0,103.0,104.3,134.9,93.0,158.1,144.9,130.0,137.6,112.8,163.1,130.2,108.3,127.3,98.6,77.3,74.3,77.0,,83.9,,99.4,103.6,98.5,,83.7,114.9,112.9,100.3,78.0,,,134.8,136.8,159.7,123.5,166.2,140.1,190.3,111.0,127.2,,91.9,100.7,143.3,,,80.7,79.4,79.4,74.6,72.7,,98.2,98.2
199102,89.7,89.3,,86.6,,89.0,,,89.5,77.1,76.6,86.4,87.1,,99.2,,80.6,,117.5,,,,,105.1,100.5,86.3,118.9,,109.4,112.1,109.8,,106.5,,113.9,90.3,112.3,104.0,86.2,,,102.9,105.2,75.5,104.0,,143.9,133.6,111.6,,,88.0,88.6,78.0,80.1,,84.6,,82.2,83.8,84.4,82.6,,92.1,,88.4,90.7,,88.6,169.1,86.2,,,85.0,87.7,79.4,78.8,78.8,80.3,87.1,87.4,91.7,91.7,89.8,94.1,84.8,86.4,86.4,85.3,106.3,98.5,,,,88.5,98.8,,81.3,80.3,62.7,86.4,83.4,75.2,79.2,79.8,84.6,,93.6,91.9,115.5,115.5,82.7,90.1,75.1,70.1,70.1,72.0,75.6,64.2,146.5,264.1,423.0,634.6,333.8,,160.7,763.6,365.8,629.6,,207.4,269.7,366.5,190.8,147.2,107.4,119.2,103.3,104.9,135.0,93.4,158.4,143.7,131.2,137.5,112.6,163.6,127.8,108.3,126.7,99.2,78.2,74.9,78.1,,85.2,,100.3,103.5,100.1,,84.0,115.2,113.1,100.3,79.1,,,135.3,137.9,160.6,124.8,167.0,140.7,191.4,111.0,126.7,,91.9,101.0,143.8,,,80.7,79.4,79.4,74.6,72.7,,98.2,98.2
199103,89.9,89.6,,87.0,,88.9,,,89.6,76.1,77.3,86.6,87.0,,100.2,,80.4,,117.6,,,,,105.3,100.3,86.4,117.0,,109.5,112.2,110.1,,106.7,,113.8,91.2,112.5,104.1,86.4,,,103.4,106.7,76.4,104.0,,143.9,133.6,112.3,,,88.2,88.8,78.6,80.4,,84.6,,82.4,84.1,84.8,82.8,,92.1,,88.5,90.7,,88.8,169.3,86.2,,,85.4,87.8,79.4,78.8,78.8,80.3,87.2,87.5,91.9,91.9,89.8,94.2,84.9,86.4,86.4,85.5,106.4,98.5,,,,88.4,99.6,,81.5,80.3,62.8,86.8,84.0,75.4,79.4,80.0,84.8,,93.9,91.5,115.5,115.5,82.7,90.1,75.1,66.8,66.8,72.0,75.6,64.2,146.7,263.8,421.3,632.1,330.3,,161.8,758.9,364.3,625.0,,207.0,268.9,365.3,190.2,147.2,107.9,120.6,103.5,105.2,134.9,93.2,158.4,143.0,131.5,137.6,112.4,164.1,127.1,108.4,127.5,99.8,78.7,75.5,78.9,,85.4,,101.3,104.1,101.5,,84.3,115.4,112.9,100.5,79.4,,,135.5,138.3,160.8,125.4,167.0,140.5,191.4,111.0,126.7,,92.2,101.5,143.2,,,80.8,79.4,79.4,74.7,72.7,,98.2,98.2
199104,90.1,89.8,,87.1,,89.7,,,89.8,76.4,77.5,87.0,87.0,,100.7,,81.2,,118.2,,,,,106.1,100.5,86.5,117.8,,110.1,113.0,110.3,,107.6,,113.8,90.3,112.5,104.7,91.9,,,103.7,107.3,78.3,104.0,,143.9,133.6,112.7,,,88.5,89.1,79.3,80.9,,84.9,,82.6,84.4,84.9,83.4,,92.4,,88.6,90.8,,88.8,169.3,86.5,,,85.9,88.1,80.6,80.3,80.3,81.1,87.5,87.7,92.1,92.1,89.3,93.6,84.4,86.7,86.7,86.1,106.7,98.6,,,,88.4,99.7,,82.2,80.7,63.3,90.5,84.8,76.2,79.9,80.6,85.9,,94.2,91.1,115.5,115.5,82.6,90.1,74.9,64.2,64.2,72.1,75.6,64.6,147.0,264.1,420.9,649.0,329.3,,161.3,753.5,364.6,621.7,,207.0,268.9,362.0,193.3,150.0,108.6,121.5,105.4,106.2,134.6,92.9,158.4,142.3,131.4,137.5,113.2,163.5,126.8,108.9,127.1,100.4,79.4,76.0,79.6,,86.1,,101.8,103.7,102.3,,84.8,115.6,112.9,100.6,80.0,,,135.6,138.2,160.5,125.2,167.1,141.2,191.2,111.5,126.3,,92.9,102.2,143.9,,,81.3,81.8,81.8,75.0,73.0,,98.2,98.2
199105,90.5,90.3,,87.6,,90.1,,,90.2,75.8,78.3,87.5,87.5,,100.8,,82.5,,117.8,,,,,106.2,100.7,86.9,116.6,,110.2,113.0,110.5,,107.7,,113.8,91.0,112.3,103.5,92.2,,,103.8,107.5,78.8,104.0,,143.9,133.6,112.9,,,88.8,89.3,79.6,81.2,,85.0,,82.8,84.6,85.2,83.6,,92.5,,89.0,91.0,,89.1,169.5,86.7,,,86.1,88.2,81.1,80.8,80.8,81.6,87.8,88.1,92.5,92.5,89.5,93.8,84.5,87.0,87.0,86.5,107.2,99.4,,,,88.4,99.8,,82.6,80.8,63.9,91.1,85.8,76.4,80.4,80.8,86.4,,94.4,91.1,115.5,115.5,82.4,90.1,74.4,63.9,63.9,72.1,75.6,64.6,147.4,263.8,420.9,650.2,329.3,,161.3,752.7,362.4,628.9,,207.2,268.3,360.0,193.3,150.0,108.7,121.5,104.4,106.4,135.0,93.6,158.4,143.2,131.4,137.6,114.0,163.5,127.4,108.4,127.3,100.9,80.1,76.8,80.0,,87.1,,102.3,103.5,103.0,,85.5,116.2,113.1,101.6,80.2,,,136.1,139.1,160.3,126.9,167.3,141.1,191.8,111.8,126.8,,93.6,102.7,143.9,,,81.4,82.8,82.8,75.1,73.2,,98.2,98.2
199106,91.4,90.4,,87.7,,90.3,,,91.5,80.3,78.9,88.0,87.7,,101.7,,82.5,,118.4,,,,,106.2,101.0,86.9,118.0,,110.2,112.5,111.2,,107.6,,113.8,90.1,112.5,103.7,92.3,,,103.9,107.6,79.0,104.0,,143.9,133.6,113.1,,,89.0,89.6,79.9,81.4,,85.4,,82.8,84.7,85.4,83.8,,92.9,,89.5,91.4,,89.3,169.6,86.8,,,86.3,88.5,81.3,80.9,81.0,81.6,88.2,88.5,93.0,93.0,89.5,93.8,84.5,87.5,87.5,87.0,107.6,99.7,,,,88.6,100.8,,83.0,81.1,64.4,91.3,86.0,76.7,80.6,80.8,86.9,,94.5,91.1,115.5,115.5,82.3,90.1,74.4,63.6,63.6,72.1,75.6,64.7,147.6,263.8,420.9,640.2,326.9,,167.0,751.9,364.6,628.3,,207.0,267.4,357.5,193.3,150.0,108.9,121.5,104.6,106.8,134.9,93.5,158.3,142.3,131.9,137.9,113.8,163.9,127.3,108.9,127.6,101.4,80.6,77.5,80.6,,87.4,,102.8,103.6,103.4,,86.9,116.2,113.1,101.6,80.6,,,136.7,139.5,160.3,127.6,167.8,141.4,192.6,112.4,128.3,,94.4,104.1,143.3,,,81.5,82.9,82.9,75.1,73.2,,98.2,98.2
199107,91.5,90.5,,87.7,,90.4,,,91.6,79.1,79.0,88.0,88.9,,102.6,,82.9,,118.0,,,,,106.3,101.2,87.3,116.2,,109.5,112.6,109.5,,107.9,,113.8,90.9,112.5,103.6,93.1,,,103.9,107.7,79.1,104.0,,143.9,133.6,113.3,,,89.1,89.7,80.1,81.5,,85.5,,82.9,84.9,85.5,83.8,,93.3,,89.7,91.5,,89.4,169.6,86.8,,,86.5,88.6,81.3,81.0,81.0,81.6,88.6,88.7,93.3,93.3,89.5,93.8,84.5,87.8,87.8,87.5,108.3,100.8,,,,88.9,100.7,,83.4,81.2,65.3,92.2,86.2,77.0,81.0,81.2,87.3,,94.8,91.1,115.5,115.5,82.3,90.1,74.3,63.5,63.5,72.1,75.6,64.7,147.6,264.1,420.0,632.1,324.1,,167.8,750.3,363.9,633.5,,206.6,268.3,360.0,193.3,150.0,109.2,122.0,105.0,107.4,134.6,93.9,158.1,141.7,131.3,137.3,113.5,162.6,127.1,108.9,127.5,101.7,81.1,77.8,80.8,,88.2,,102.9,104.1,103.4,,87.0,116.6,113.4,101.7,80.8,,,136.8,139.9,160.6,128.2,167.5,140.8,192.2,112.5,128.1,,94.4,105.5,143.8,,,81.6,82.9,82.9,75.3,73.3,,98.2,98.2
199108,91.9,90.5,,87.7,,90.3,,,92.3,80.6,79.5,89.0,89.1,,102.4,,83.1,,117.8,,,,,106.6,102.0,88.2,116.5,,110.6,113.2,111.3,,107.9,,113.8,90.2,112.3,103.1,93.5,,,103.9,107.7,79.2,104.0,,143.9,133.6,114.1,,,89.3,89.8,80.2,81.7,,85.8,,83.1,85.0,85.5,84.0,,93.4,,89.8,91.7,,89.7,169.6,86.8,,,86.6,88.7,81.3,81.0,81.0,81.6,88.7,88.8,93.5,93.5,89.6,93.9,84.6,87.9,87.9,87.7,108.3,101.0,,,,88.9,99.4,,83.7,81.4,65.6,92.9,86.2,77.3,81.2,81.4,87.3,,95.1,91.1,115.5,115.5,82.4,90.1,74.4,63.4,63.4,72.1,75.6,64.7,147.4,263.5,419.1,625.9,322.7,,167.8,751.1,363.9,640.7,,206.8,267.4,358.8,193.3,150.0,109.3,121.8,104.8,107.2,134.6,93.9,157.8,142.2,131.3,137.0,114.2,162.1,126.9,109.1,127.0,101.7,81.4,78.2,81.1,,88.9,,102.7,103.4,103.3,,87.5,116.6,113.4,101.5,81.4,,,136.4,139.8,160.0,128.2,167.5,140.5,192.4,112.0,127.0,,93.7,105.6,143.9,,,81.6,83.1,83.1,75.3,73.3,,98.2,98.2
199109,92.0,90.5,,87.7,,90.5,,,92.4,80.2,79.7,89.0,89.5,,102.0,,83.3,,117.6,,,,,106.7,102.0,88.3,116.2,,110.7,113.2,111.4,,108.0,,113.8,90.9,112.7,103.5,93.5,,,103.9,107.7,79.2,104.0,,143.9,133.6,114.5,,,89.4,89.9,80.3,81.8,,86.1,,83.5,85.1,85.6,84.1,,93.4,,89.9,91.7,,89.7,169.6,87.2,,,86.9,88.7,81.4,81.2,81.2,81.8,88.8,88.9,93.6,93.6,89.7,94.0,84.7,88.0,88.0,88.0,108.8,101.4,,,,89.0,99.9,,84.0,82.0,65.9,93.1,86.3,77.5,81.4,81.6,87.5,,95.4,91.1,115.5,115.5,82.4,90.1,74.4,63.4,63.4,72.1,75.6,64.8,147.8,264.1,420.4,625.3,320.7,,169.7,757.4,363.1,644.6,,205.9,267.4,358.3,193.3,150.0,109.6,122.3,105.4,108.3,135.0,93.7,157.6,142.6,131.9,138.8,114.5,163.6,134.1,109.2,127.5,101.7,81.4,77.8,81.2,,88.8,,102.6,102.4,103.1,,88.2,117.0,113.4,102.1,81.7,,,136.4,139.9,160.9,127.7,166.8,140.5,191.2,112.2,126.5,,93.9,104.8,144.3,,,81.7,83.3,83.3,75.3,73.4,,98.2,98.2
199110,91.7,90.6,,87.7,,91.0,,,91.8,76.7,79.9,89.7,89.5,,102.3,,82.9,,118.2,,,,,106.7,102.4,88.4,118.5,,109.7,111.5,111.4,,108.3,,113.8,90.8,112.6,103.7,94.5,,,104.0,107.7,79.4,104.0,,143.9,133.8,114.7,,,89.5,90.1,80.6,82.0,,86.1,,83.7,85.5,85.6,84.3,,93.5,,89.9,91.9,,89.9,169.6,87.3,,,87.0,88.7,81.4,81.2,81.2,81.8,89.0,89.1,93.7,93.7,89.8,94.2,84.9,88.1,88.1,88.2,109.0,101.6,,,,89.0,100.2,,84.3,83.0,66.0,93.3,86.5,77.7,81.6,81.6,88.2,,95.6,91.1,115.5,115.5,82.4,90.1,74.4,63.5,63.5,72.1,75.6,64.8,148.1,264.9,420.0,617.8,320.0,,170.7,756.6,362.4,649.2,,205.7,270.0,357.5,196.8,151.9,109.7,122.3,106.0,108.9,135.4,93.8,157.9,143.3,132.1,139.0,113.8,163.1,137.7,109.2,127.9,102.0,81.7,78.5,81.2,,89.1,,102.8,103.0,102.8,,89.0,117.0,113.6,101.9,82.3,,,136.5,140.0,160.9,128.1,167.0,140.4,191.6,112.4,127.9,,94.6,104.3,143.2,,,81.7,83.3,83.3,75.3,73.4,,98.2,98.2
199111,91.8,90.7,,87.8,,91.0,,,91.9,77.2,80.3,89.6,89.4,,104.0,,82.9,,117.4,,,,,106.6,102.1,88.4,115.5,,110.2,113.3,110.2,,108.0,,113.8,89.3,112.6,103.7,94.5,,,104.0,107.7,79.4,104.0,,143.9,133.5,115.1,,,89.6,90.2,80.7,82.0,,86.2,,83.9,85.5,85.8,84.4,,93.6,,90.2,92.0,,90.3,169.6,87.5,,,87.3,88.9,81.4,81.2,81.2,81.8,89.1,89.2,93.7,93.7,89.8,94.2,84.9,88.2,88.2,88.4,109.1,101.6,,,,89.0,100.3,,84.5,84.1,66.3,93.4,87.2,77.8,81.7,81.7,88.2,,95.7,91.1,115.5,115.5,82.4,90.1,74.4,64.5,64.5,72.3,75.7,64.9,148.4,264.6,419.6,610.3,320.7,,172.8,755.0,362.0,647.3,,205.5,269.2,357.9,193.9,152.2,109.7,122.7,105.6,108.9,136.2,93.9,158.1,144.3,133.0,139.4,114.9,163.5,137.8,109.5,128.9,102.3,82.1,78.8,81.6,,89.7,,102.9,102.6,102.9,,90.8,117.4,113.6,102.5,82.3,,,136.9,140.6,161.3,128.9,166.8,140.3,191.4,112.9,128.7,,95.0,105.0,143.9,,,81.7,83.3,83.3,75.3,73.4,,98.2,98.2
199112,92.1,91.0,,88.2,,91.0,,,92.3,77.4,80.7,90.0,89.5,,104.5,,83.2,,117.0,,,,,107.0,102.2,88.2,117.7,,110.9,113.3,112.0,,108.4,,113.8,90.4,112.3,103.4,95.6,,,104.0,107.5,79.4,104.0,,143.9,133.4,115.9,,,89.8,90.4,81.0,82.2,,86.6,,84.2,85.8,85.9,84.6,,93.6,,90.6,92.2,,90.5,169.6,88.0,,,87.4,89.0,81.4,81.2,81.2,81.8,89.3,89.3,93.8,93.8,90.0,94.3,85.0,88.3,88.3,88.9,109.6,102.1,,,,89.2,101.1,,85.0,84.8,67.1,93.7,87.5,78.3,82.0,81.9,88.8,,95.9,91.2,115.5,115.5,82.4,90.1,74.5,64.8,64.8,72.3,75.7,64.9,148.3,263.5,418.7,605.3,319.0,,172.8,754.2,361.3,646.0,,204.9,266.6,352.6,191.4,153.0,109.9,122.9,106.1,109.2,136.4,94.1,157.8,144.6,132.8,139.4,116.2,163.0,136.8,110.2,129.3,102.6,82.9,79.4,82.6,,90.0,,102.9,102.6,103.3,,91.0,117.4,113.6,102.3,82.7,,,136.7,140.3,160.3,128.8,166.5,139.7,191.2,112.9,127.0,,95.1,106.1,145.1,,,81.7,83.3,83.3,75.3,73.4,,98.2,98.2
199201,92.3,91.1,,88.2,,91.3,,,92.4,76.9,81.0,90.3,90.0,,104.4,,83.3,,117.5,,,,,107.0,102.1,88.3,115.8,,110.7,113.0,111.9,,108.6,,113.8,90.3,112.3,104.5,95.9,,,104.0,107.5,79.4,104.0,,143.9,133.8,116.3,,,90.2,90.7,81.2,82.5,,86.9,,84.6,86.0,86.3,84.9,,93.9,,91.3,92.8,,91.0,169.6,88.6,,,87.7,89.1,81.4,81.2,81.2,81.8,89.4,89.4,94.0,94.0,90.4,94.7,85.4,88.5,88.5,89.4,110.1,102.6,,,,89.5,101.1,,85.4,85.2,67.3,93.7,87.9,79.0,82.4,82.0,89.5,,96.1,91.2,115.5,115.5,82.4,90.1,74.6,64.7,64.7,72.3,75.8,65.1,148.1,263.3,417.4,600.3,317.2,,172.6,751.1,361.6,643.3,,204.7,265.4,355.5,186.5,151.7,110.4,123.3,107.0,110.1,136.6,95.3,158.9,144.7,132.6,138.4,116.4,161.1,133.2,110.9,129.8,102.9,83.1,79.7,82.7,,90.5,,103.0,102.7,103.4,,92.1,117.7,113.6,102.6,83.3,,,136.7,140.7,160.2,129.7,166.0,139.3,190.5,112.8,128.6,,95.0,106.7,143.3,,,81.7,83.3,83.3,75.3,73.4,,98.2,98.2
199202,92.4,91.2,,88.2,,91.8,,,92.5,77.5,81.4,90.5,90.2,,104.6,,83.0,,116.6,,,,,107.1,102.6,88.6,118.0,,110.3,112.1,112.1,,108.6,,113.8,90.7,112.3,105.0,96.0,,,104.0,107.5,79.4,104.0,,143.9,133.8,116.4,,,90.2,90.9,81.4,82.9,,87.0,,84.8,86.2,86.3,85.1,,94.2,,91.8,92.8,,91.1,169.6,88.6,,,88.0,89.1,81.4,81.2,81.2,81.8,89.6,89.6,94.1,94.1,90.5,94.8,85.5,88.7,88.7,89.4,110.0,102.5,,,,89.2,101.1,,85.5,86.1,67.3,94.2,87.9,79.2,82.6,82.2,89.8,,96.3,91.1,115.5,115.5,82.4,90.1,74.7,63.3,63.3,72.5,75.9,65.1,148.3,262.5,416.1,599.0,316.5,,173.3,744.1,361.3,644.0,,204.5,263.9,353.5,185.7,150.4,110.4,123.6,107.3,110.7,138.0,95.5,158.7,145.2,135.8,138.3,116.3,161.5,131.7,111.0,129.1,103.3,83.4,80.3,82.5,,91.6,,103.1,102.3,103.4,,92.1,118.5,113.5,102.8,87.1,,,136.7,140.4,160.5,128.8,166.2,139.6,190.9,113.1,127.2,,95.1,107.3,145.2,,,81.7,83.3,83.3,75.3,73.4,,98.2,98.2
199203,92.6,91.4,,88.5,,91.7,,,92.7,76.8,82.0,91.1,89.4,,105.1,,83.5,,117.0,,,,,107.7,102.8,89.0,116.9,,110.3,113.3,110.3,,109.7,,115.4,89.8,116.5,106.6,96.0,,,104.0,107.5,79.5,104.0,,143.9,133.8,116.5,,,90.4,91.0,81.8,83.2,,87.3,,84.9,86.4,86.7,85.4,,94.4,,92.0,93.0,,91.6,169.6,88.8,,,88.1,89.2,81.4,81.2,81.2,81.8,89.8,89.7,94.2,94.2,90.5,94.8,85.5,88.8,88.8,89.8,110.3,102.6,,,,89.2,101.1,,85.9,87.3,67.4,95.1,88.5,79.6,82.7,82.5,90.1,,96.5,91.1,115.5,115.5,82.5,90.1,74.7,62.9,62.9,72.5,76.0,65.1,148.3,262.5,415.7,597.8,315.2,,173.9,744.1,362.0,641.4,,205.5,262.8,351.4,184.8,150.0,110.7,125.1,107.1,110.5,138.1,95.5,158.9,146.2,135.0,137.6,117.4,160.0,129.6,111.1,129.9,103.6,83.9,80.6,83.0,,92.4,,103.0,102.1,103.2,,92.7,118.6,113.4,102.7,87.8,,,136.5,140.3,160.2,128.8,166.2,139.4,190.9,112.7,127.4,,95.5,106.9,143.5,,,81.7,83.3,83.3,75.3,73.4,,98.2,98.2
199204,92.8,92.0,,89.2,,91.9,,,92.8,76.8,82.3,91.1,89.7,,105.9,,82.9,,117.2,,,,,110.6,103.1,89.0,118.7,,110.1,111.8,111.8,,114.3,,121.2,97.2,121.6,110.0,96.5,,,103.8,109.8,79.9,104.0,,143.9,133.8,116.8,,,90.9,91.3,82.3,83.6,,88.3,,85.0,86.7,87.1,85.7,,94.4,,92.2,93.2,,91.8,169.6,89.0,,,88.4,89.5,84.1,84.1,84.1,83.9,90.3,90.2,94.8,94.8,91.8,96.2,86.7,89.2,89.2,90.9,110.8,103.2,,,,89.2,101.1,,87.0,89.3,69.1,96.1,89.5,81.6,83.1,83.0,91.6,,96.6,91.2,115.5,115.5,82.6,90.1,74.9,62.3,62.3,73.2,76.6,66.2,148.9,262.7,415.3,598.4,312.8,,174.7,744.1,361.3,636.8,,205.9,263.9,349.4,189.8,151.6,111.1,125.3,107.2,110.5,139.2,95.6,162.2,146.2,135.5,137.9,117.7,160.5,128.0,111.4,130.3,103.9,84.3,81.2,83.1,,92.7,,103.1,102.0,103.7,,92.7,118.8,114.0,103.0,87.3,,,136.4,139.1,159.8,127.0,165.8,139.4,190.1,113.6,128.3,,96.2,105.9,144.9,,,83.8,86.2,86.2,78.0,76.0,,98.2,98.2
199205,93.2,92.2,,89.5,,92.2,,,93.2,77.5,82.8,91.7,90.0,,106.5,,83.0,,116.7,,,,,111.5,103.3,89.4,117.0,,111.1,113.6,112.0,,115.4,,122.3,99.6,122.1,110.7,96.5,,,103.8,109.8,79.9,104.0,,143.9,133.9,116.6,,,91.1,91.6,82.7,84.0,,88.5,,85.3,87.0,87.7,85.9,,94.7,,92.5,93.4,,92.1,169.6,89.0,,,88.5,89.8,84.3,84.5,84.4,84.1,90.7,90.6,95.4,95.4,92.2,96.6,87.1,89.7,89.7,91.1,110.8,103.1,,,,89.2,101.3,,87.3,90.4,69.3,96.6,89.9,82.0,83.2,83.3,91.8,,96.8,91.2,115.5,115.5,82.6,90.1,74.9,62.1,62.1,73.3,76.7,66.3,149.2,263.5,414.8,597.8,312.1,,174.2,744.9,358.6,637.4,,205.9,266.3,351.4,189.8,151.6,111.3,125.1,107.2,110.0,139.6,95.5,163.8,146.6,135.5,137.7,119.6,159.8,127.4,111.5,130.2,104.2,84.9,81.7,84.1,,93.0,,103.2,101.6,103.8,,92.7,118.9,114.1,102.9,87.5,,,136.1,139.1,158.6,127.8,166.0,139.4,190.3,112.7,126.5,,95.9,106.3,143.3,,,84.2,86.6,86.6,78.4,76.4,,98.2,98.2
199206,93.3,92.3,,89.6,,92.1,,,93.4,77.5,82.9,92.2,90.0,,106.8,,82.3,,117.5,,,,,111.9,103.8,89.7,118.3,,111.0,113.0,112.6,,115.9,,123.2,100.2,122.2,110.8,96.5,,,103.8,109.8,79.9,104.0,,143.9,133.9,116.1,,,91.3,91.7,82.8,84.0,,88.7,,85.3,87.2,87.8,85.9,,94.6,,92.8,93.5,,92.4,169.6,89.4,,,89.0,89.9,84.4,84.5,84.5,84.1,91.1,91.0,95.8,95.8,92.3,96.7,87.2,89.9,89.9,91.5,110.8,103.2,,,,89.2,101.2,,87.8,91.2,70.3,96.6,90.3,82.1,83.2,83.3,92.2,,97.0,91.3,115.5,115.5,82.5,90.1,74.9,62.1,62.1,73.5,76.8,66.6,149.2,263.3,414.8,596.6,312.1,,175.2,741.8,357.9,633.5,,206.3,267.1,353.9,189.8,151.6,110.8,124.9,106.7,109.9,140.0,95.8,164.1,147.4,135.7,137.9,119.6,160.2,127.5,111.3,130.2,104.3,85.2,81.9,84.4,,93.0,,103.1,101.3,103.8,,92.9,118.9,113.9,103.0,87.2,,,136.1,138.8,158.6,127.5,165.7,139.3,189.9,113.3,126.8,,96.2,106.4,144.9,,,84.2,86.7,86.7,78.4,76.4,,98.2,98.2
199207,93.4,92.4,,89.7,,91.6,,,93.5,77.8,83.2,92.1,90.2,,106.7,,83.1,,116.1,,,,,112.0,103.6,89.9,115.1,,110.1,111.7,112.1,,116.3,,123.5,100.8,122.7,112.0,96.5,,,103.9,109.8,80.2,104.0,,143.9,133.9,116.0,,,91.5,92.0,83.0,84.2,,88.9,,85.7,87.4,88.0,86.1,,94.7,,93.1,94.0,,92.8,169.6,89.6,,,89.2,90.0,84.4,84.5,84.5,84.1,91.3,91.2,96.0,96.0,92.3,96.7,87.2,90.2,90.2,91.9,110.8,103.2,,,,89.4,101.2,,88.3,91.4,71.1,96.7,90.4,82.9,83.4,83.5,92.6,,97.3,91.3,115.5,115.5,82.7,90.3,74.9,62.1,62.1,73.5,76.8,66.6,149.2,263.3,413.1,593.4,309.0,,174.4,739.4,358.3,628.3,,205.7,268.6,357.9,189.8,151.6,110.8,125.0,107.2,109.6,139.7,95.9,164.3,147.4,134.9,137.6,118.7,159.7,127.4,111.3,130.2,104.4,85.5,82.2,85.0,,93.4,,103.1,101.1,103.7,,93.0,118.9,114.1,102.7,87.6,,,135.9,138.8,157.9,127.6,165.3,139.0,189.6,112.9,127.4,,95.1,107.3,144.5,,,84.3,86.9,86.9,78.6,76.5,,98.2,98.2
199208,93.9,92.7,,90.0,,92.1,,,94.0,78.0,83.3,92.3,90.6,,107.7,,84.8,,117.6,,,,,112.0,103.5,89.9,115.5,,110.7,112.4,112.7,,116.1,,123.5,100.0,122.5,111.2,96.5,,,103.9,109.8,80.4,104.0,,143.9,133.9,116.1,,,91.5,92.1,83.3,84.2,,89.5,,85.7,87.5,88.0,86.5,,95.2,,93.3,94.0,,93.0,169.6,89.8,,,89.2,90.0,84.4,84.5,84.5,84.1,91.4,91.2,96.1,96.1,92.5,96.9,87.4,90.2,90.2,92.1,111.0,103.4,,,,89.4,101.2,,88.4,91.4,71.2,97.5,90.4,83.2,83.5,83.8,92.7,,97.5,91.3,115.5,115.5,82.7,90.3,74.9,62.1,62.1,73.5,76.8,66.6,149.3,263.8,411.4,590.3,294.5,,175.2,749.6,356.0,626.3,,207.2,272.4,367.7,189.8,151.6,110.4,125.0,106.0,108.4,140.1,95.6,164.7,147.6,135.4,137.5,119.7,159.0,127.1,111.5,130.4,104.4,85.7,82.6,84.9,,93.4,,102.9,101.1,103.6,,92.7,118.9,114.3,102.6,87.7,,,135.5,138.0,156.5,127.2,165.2,138.9,189.2,112.6,127.8,,94.7,107.8,143.6,,,84.3,86.9,86.9,78.6,76.5,,98.2,98.2
199209,94.1,92.9,,90.3,,91.9,,,94.3,78.9,83.7,92.5,90.7,,108.0,,84.4,,116.3,,,,,112.1,103.8,90.0,116.1,,110.2,113.3,110.2,,116.3,,123.7,100.6,122.9,112.3,96.5,,,103.9,109.8,80.4,104.0,,143.9,133.9,115.6,,,91.7,92.2,83.3,84.4,,89.5,,85.8,87.6,88.1,86.7,,95.3,,93.4,94.4,,93.0,169.6,90.1,,,89.4,90.1,84.5,84.5,84.5,84.3,91.5,91.3,96.2,96.2,92.6,97.0,87.5,90.3,90.3,92.3,111.0,103.4,,,,89.3,101.5,,88.7,91.6,71.6,97.5,90.0,83.5,83.6,83.9,93.4,,97.7,91.4,115.5,115.5,82.7,90.3,75.1,62.7,62.7,73.5,77.0,66.6,149.6,264.4,412.7,593.4,293.5,,177.0,753.5,356.8,630.9,,208.2,272.9,368.1,189.8,151.6,110.6,124.9,105.9,108.9,140.4,96.0,164.7,147.7,136.2,139.2,119.6,160.8,134.1,111.5,130.9,104.5,85.8,82.7,85.1,,93.6,,103.1,101.0,103.8,,92.7,118.8,113.8,102.5,87.7,,,135.5,138.7,156.8,128.2,164.8,137.9,189.4,112.5,126.7,,95.2,107.1,143.3,,,84.4,86.9,86.9,78.7,76.7,,98.2,98.2
199210,94.2,93.0,,90.3,,92.0,,,94.3,78.9,83.5,92.5,90.7,,107.8,,85.4,,116.8,,,,,112.2,104.2,90.5,116.1,,110.4,112.6,111.3,,116.4,,123.7,100.7,122.9,112.9,96.5,,,103.9,109.8,80.3,104.0,,143.9,133.9,115.3,,,90.7,91.1,83.3,84.4,,89.6,,85.8,87.6,88.1,86.7,,95.4,,93.6,94.7,,93.2,138.4,90.1,,,89.5,90.1,84.5,84.5,84.5,84.3,91.7,91.5,96.4,96.4,93.1,97.6,88.0,90.5,90.5,92.6,111.4,103.9,,,,89.3,101.5,,89.0,91.8,72.0,97.7,90.1,83.6,83.6,83.9,93.7,,97.9,91.7,115.5,115.5,82.8,90.3,75.1,63.4,63.4,74.0,77.4,67.1,149.9,265.2,412.7,594.7,291.8,,177.8,752.7,354.5,630.2,,208.4,275.6,366.1,200.3,154.0,110.8,125.3,106.4,109.3,140.4,96.0,164.4,147.6,136.3,139.7,119.6,160.5,137.9,111.9,131.8,104.5,85.9,82.8,85.2,,93.2,,103.0,100.6,103.7,,92.5,118.9,113.8,102.7,87.6,,,135.5,138.3,156.4,127.7,164.7,137.6,189.2,112.9,126.2,,96.3,106.0,144.0,,,84.4,86.9,86.9,78.7,76.7,,98.2,98.2
199211,94.3,93.3,,90.6,,92.5,,,94.3,78.2,83.7,92.6,90.8,,108.8,,85.0,,117.0,,,,,112.2,104.4,90.4,116.9,,109.6,112.4,110.1,,116.6,,123.8,101.2,123.0,113.7,96.5,,,103.9,109.8,80.3,104.0,,143.9,133.9,115.4,,,91.9,92.3,83.6,84.5,,89.6,,85.8,87.7,88.5,86.8,,95.4,,93.6,94.6,,93.3,169.6,90.1,,,89.6,90.3,84.5,84.5,84.5,84.3,91.8,91.7,96.5,96.5,93.3,97.8,88.1,90.6,90.6,92.9,111.4,103.8,,,,89.5,101.6,,89.4,92.0,72.9,97.7,90.1,83.9,83.6,84.3,94.0,,98.0,91.8,115.5,115.5,82.8,90.3,75.2,64.0,64.0,74.0,77.4,67.1,149.9,265.2,411.4,587.2,292.5,,177.5,755.0,354.5,627.6,,208.4,276.4,366.9,202.2,153.4,110.7,125.1,106.4,109.2,140.1,96.0,164.9,146.3,136.4,139.7,119.7,160.0,137.8,112.4,132.1,104.5,86.1,83.1,85.3,,93.9,,102.7,100.4,103.9,,92.7,119.2,114.0,102.9,87.8,,,135.7,138.2,155.9,127.8,164.3,137.6,188.6,114.1,128.4,,97.2,107.0,144.8,,,84.6,86.9,86.9,79.0,76.9,,98.2,98.2
199212,94.3,93.3,,90.7,,92.2,,,94.3,79.0,83.7,92.7,90.6,,108.3,,84.9,,116.5,,,,,112.1,104.4,90.3,117.7,,108.9,109.8,112.0,,116.6,,123.8,100.7,123.1,114.1,96.5,,,103.8,109.8,80.4,104.0,,143.9,133.9,113.7,,,92.1,92.6,83.8,84.9,,90.0,,86.1,87.9,88.9,87.0,,95.7,,93.8,94.7,,93.7,169.6,90.7,,,89.8,90.6,84.5,84.5,84.5,84.3,92.1,91.8,96.6,96.6,93.5,97.9,88.3,90.8,90.8,93.3,111.4,103.8,,,,89.7,102.0,,89.9,92.1,73.9,98.2,90.1,84.6,83.7,84.8,94.4,,98.1,91.8,115.5,115.5,82.9,90.3,75.3,64.3,64.3,74.1,77.5,67.2,149.6,264.1,409.7,589.1,292.1,,178.1,751.1,349.7,617.2,,208.0,275.0,364.1,201.5,154.3,110.5,124.3,106.3,108.7,140.6,96.3,164.7,147.0,137.2,139.4,119.1,160.3,136.4,112.3,132.3,104.6,86.5,83.6,85.5,,94.1,,102.6,100.4,103.5,,93.1,119.1,114.0,103.0,87.4,,,135.2,137.2,155.1,126.8,163.9,136.4,188.4,113.6,127.3,,97.4,106.8,143.9,,,84.6,86.9,86.9,79.0,76.9,,98.2,98.2
199301,94.1,93.4,,90.7,,92.2,,,94.1,77.7,83.7,92.9,90.7,,108.6,,84.5,,116.0,,,,,112.6,104.2,90.5,114.9,,111.8,114.3,112.6,,116.6,,123.8,101.2,123.1,113.0,96.5,,,103.8,109.8,80.4,104.0,,143.9,133.9,113.8,,,92.1,92.7,83.9,85.1,,90.1,,86.4,88.1,89.0,87.2,,95.8,,93.9,94.7,,93.8,169.6,90.7,,,89.9,90.6,84.5,84.5,84.5,84.3,92.2,91.9,96.8,96.8,93.6,98.0,88.4,90.9,90.9,93.7,111.7,103.9,,,,90.4,102.0,,90.2,92.1,74.3,98.3,90.3,85.3,83.9,85.1,94.8,,98.3,91.8,115.5,115.5,82.9,90.3,75.3,64.5,64.5,74.1,77.5,67.2,149.6,264.4,409.7,584.1,294.5,,177.6,751.1,347.8,617.8,,208.0,275.6,367.3,199.9,153.7,110.7,124.3,106.4,108.8,140.5,96.2,165.2,146.3,137.2,139.0,119.4,160.0,133.2,112.5,132.7,104.9,86.6,83.7,85.6,,94.1,,102.9,99.6,103.8,,93.4,119.3,114.0,103.3,87.7,,,134.9,137.3,154.6,127.4,162.9,136.6,186.6,113.7,127.7,,97.6,107.9,143.5,,,84.6,86.9,86.9,79.0,77.0,,98.2,98.2
199302,94.5,93.4,,90.8,,92.2,,,94.5,78.4,83.9,93.1,90.6,,109.6,,84.7,,116.4,,,,,112.4,104.7,90.6,117.3,,109.9,111.3,112.2,,116.6,,123.8,101.3,123.0,114.5,96.5,,,103.8,109.8,80.4,104.0,,143.9,133.9,114.0,,,92.2,92.8,84.0,85.2,,90.1,,86.4,88.1,89.2,87.2,,96.0,,94.0,94.7,,94.0,169.6,90.8,,,89.9,90.6,84.5,84.5,84.5,84.3,92.3,92.0,96.8,96.8,93.6,98.1,88.5,90.9,90.9,93.9,112.3,104.2,,,,90.5,102.0,,90.4,92.5,74.3,98.9,90.7,85.4,83.9,85.6,95.3,,98.5,91.8,115.5,115.5,82.9,90.3,75.3,64.4,64.4,74.1,77.5,67.2,149.6,263.8,409.2,585.3,292.5,,178.8,749.6,345.2,615.9,,207.6,273.2,364.9,197.2,152.1,110.8,124.8,107.0,108.8,140.5,96.1,164.7,147.2,136.8,138.8,121.3,159.8,129.8,112.6,132.5,104.8,86.7,83.8,85.6,,94.4,,103.0,99.3,103.4,,93.5,119.3,113.9,103.0,88.1,,,135.1,137.2,154.8,126.9,163.7,136.8,187.7,113.6,127.4,,97.9,106.7,143.2,,,84.6,86.9,86.9,79.0,77.0,,98.2,98.2
199303,94.6,93.5,,90.9,,92.2,,,94.7,78.9,84.2,93.8,90.6,,109.3,,84.5,,116.3,,,,,112.5,104.6,90.6,115.8,,110.3,113.1,110.7,,116.8,,123.8,103.0,123.0,113.6,96.5,,,103.8,109.7,80.4,104.0,,143.9,134.0,114.2,,,92.3,92.9,84.1,85.4,,90.2,,86.5,88.3,89.5,87.2,,96.1,,94.1,94.8,,94.2,169.6,90.9,,,89.9,90.6,84.5,84.5,84.5,84.3,92.5,92.2,97.1,97.1,93.7,98.2,88.5,91.2,91.2,94.2,112.6,104.2,,,,91.4,102.0,,90.7,92.6,75.1,98.9,90.7,85.4,84.0,86.0,95.3,,98.7,91.8,115.5,115.5,82.9,90.3,75.4,64.3,64.3,74.1,77.5,67.2,149.5,263.3,408.8,586.6,293.2,,175.5,746.4,348.5,612.6,,208.2,271.8,362.4,196.0,151.6,110.9,124.6,107.1,108.7,141.0,98.6,164.7,146.7,137.7,138.3,121.0,158.8,128.8,112.2,133.7,105.0,86.8,83.9,85.9,,94.4,,103.1,99.1,103.7,,93.5,119.3,114.0,103.0,88.3,,,134.9,137.2,154.5,127.0,163.2,137.2,186.7,113.5,125.8,,97.8,107.0,143.9,,,84.6,86.9,86.9,79.0,77.0,,98.2,98.2
199304,94.7,93.7,,91.0,,92.5,,,94.8,79.1,84.1,94.1,90.4,,109.2,,85.1,,115.9,,,,,112.5,104.8,90.8,116.5,,109.9,111.6,111.8,,116.8,,123.9,101.7,122.9,115.6,96.5,,,103.8,109.8,80.4,104.0,,143.9,134.0,114.6,,,92.7,93.2,84.7,85.7,,90.4,,86.9,88.6,89.9,87.4,,96.2,,94.7,95.9,,94.4,169.0,91.2,,,90.5,90.7,85.2,85.2,85.2,85.1,92.8,92.4,97.3,97.3,94.3,98.9,89.1,91.4,91.4,94.7,113.1,104.3,,,,92.3,102.0,,91.1,93.2,75.5,100.3,90.8,86.0,84.3,86.3,96.1,,98.8,92.2,115.5,115.5,82.9,90.3,75.4,64.1,64.1,75.9,79.2,69.3,149.3,262.7,407.9,576.6,294.5,,176.0,747.2,350.8,604.7,,208.8,270.0,354.7,199.5,153.2,111.2,124.6,108.1,109.0,140.1,98.7,164.9,143.0,137.8,138.0,121.0,158.3,128.7,112.5,133.6,104.9,87.0,84.1,85.9,,94.5,,103.0,98.6,103.6,,93.5,119.2,114.0,103.3,87.3,,,134.8,137.3,154.3,127.5,162.7,136.6,186.4,113.5,125.5,,98.0,106.3,143.9,,,85.8,89.1,89.1,80.4,78.3,,98.2,98.2
199305,94.6,93.7,,91.1,,92.4,,,94.6,79.0,84.0,94.4,90.2,,108.4,,85.1,,114.3,,,,,112.5,104.7,90.7,115.2,,109.5,113.0,108.9,,116.9,,124.0,102.3,123.0,115.4,96.5,,,103.8,109.7,80.4,104.0,,143.9,134.0,113.5,,,92.8,93.3,84.7,85.8,,90.6,,86.9,88.7,89.9,87.4,,96.4,,94.8,96.5,,94.6,168.8,91.2,,,90.5,90.8,85.3,85.3,85.2,85.1,93.1,92.8,97.5,97.5,95.1,99.6,89.8,91.7,91.7,94.9,113.2,104.2,,,,93.2,102.1,,91.4,93.3,76.0,100.6,90.8,86.2,84.4,86.2,96.8,,98.9,92.2,115.5,115.5,83.0,90.3,75.5,63.9,63.9,76.0,79.2,69.5,148.9,261.1,406.2,576.0,294.9,,173.4,741.8,349.7,600.1,,209.1,266.8,347.7,199.5,153.2,111.1,124.4,108.8,108.3,140.0,98.9,164.9,142.3,137.6,138.1,121.3,158.7,128.2,112.3,133.9,105.1,87.1,84.3,86.2,,94.3,,103.1,98.8,103.8,,93.7,119.5,114.0,103.7,87.6,,,133.9,135.7,153.2,125.5,162.0,136.4,185.2,112.7,125.8,,96.7,107.0,142.9,,,85.8,89.2,89.2,80.4,78.3,,98.2,98.2
199306,94.6,93.7,,91.1,,92.7,,,94.6,78.2,83.9,94.3,90.1,,107.2,,86.1,,116.3,,,,,112.2,104.6,90.5,115.5,,109.3,110.5,111.9,,116.6,,123.9,100.9,122.7,114.0,96.5,,,103.8,109.8,80.4,104.0,,143.9,134.0,113.5,,,92.8,93.4,84.9,85.8,,90.6,,87.1,88.8,89.7,87.6,,96.5,,94.8,96.5,,94.6,168.8,91.3,,,90.6,91.0,85.4,85.4,85.4,85.1,93.3,93.0,97.9,97.9,95.3,99.9,90.0,91.9,91.9,95.2,113.2,104.1,,,,93.6,102.1,,91.7,93.5,76.3,100.6,91.2,86.4,84.6,86.4,96.9,,99.1,92.4,115.5,115.5,83.0,90.3,75.5,63.8,63.8,76.5,79.8,69.9,148.7,260.3,403.6,569.1,293.8,,171.2,730.8,353.0,600.1,,208.8,266.3,346.9,199.5,153.2,111.2,123.9,108.5,108.3,140.2,99.6,164.9,142.9,137.8,137.3,119.2,157.7,127.6,112.5,133.0,105.1,87.3,84.6,86.5,,94.5,,102.8,97.8,104.0,,93.5,119.5,114.0,103.8,87.5,,,134.0,135.7,152.2,125.9,162.0,136.0,185.2,113.3,125.8,,97.4,106.6,144.0,,,86.0,89.5,89.5,80.6,78.6,,98.2,98.2
199307,94.8,93.9,,91.3,,92.2,,,94.9,78.6,84.2,94.6,90.2,,106.4,,86.1,,116.0,,,,,112.6,105.1,91.2,114.5,,110.0,112.7,110.3,,116.9,,124.0,102.7,122.8,114.5,96.5,,,103.8,109.7,80.4,104.0,,143.9,133.9,113.4,,,92.9,93.4,84.9,86.0,,90.6,,87.2,89.0,89.7,87.7,,96.5,,94.9,95.6,,94.6,168.8,91.3,,,90.6,91.1,85.4,85.4,85.4,85.1,93.5,93.2,98.1,98.1,95.3,99.9,90.0,92.1,92.1,95.3,113.5,104.1,,,,95.1,102.5,,91.8,93.6,76.5,100.9,91.5,86.6,84.6,86.4,97.4,,99.1,92.4,115.5,115.5,83.0,90.3,75.5,63.7,63.7,76.6,79.9,70.0,148.4,260.0,400.6,566.0,292.5,,172.1,719.9,353.4,596.2,,208.2,268.3,351.8,199.5,153.2,110.9,124.1,108.6,107.6,139.3,99.8,164.6,142.3,136.2,136.5,117.1,156.8,127.3,112.5,131.9,105.3,87.7,85.1,86.9,,94.8,,102.7,97.2,104.1,,93.2,119.4,113.9,103.7,87.5,,,133.6,135.1,151.6,125.2,161.6,135.5,184.7,113.2,125.9,,97.4,107.6,143.3,,,86.0,89.5,89.5,80.6,78.6,,98.2,98.2
199308,94.9,93.9,,91.3,,92.3,,,95.0,79.2,84.5,94.9,90.2,,106.2,,86.1,,115.3,,,,,112.3,105.7,91.8,115.6,,109.1,110.6,111.2,,116.5,,123.8,101.5,122.8,112.7,96.5,,,103.8,109.7,80.4,104.0,,143.9,133.9,113.4,,,93.0,93.6,85.0,86.1,,91.0,,87.3,89.0,89.8,87.8,,96.6,,94.9,95.9,,94.9,168.8,91.7,,,90.7,91.2,85.4,85.4,85.4,85.1,93.6,93.3,98.2,98.2,95.3,99.9,90.0,92.2,92.2,95.5,113.4,104.1,,,,95.4,102.0,,92.0,94.0,76.6,101.7,91.5,86.9,84.6,86.4,97.5,,99.2,92.4,115.5,115.5,83.0,90.3,75.5,63.5,63.5,76.6,79.9,70.0,148.3,260.0,399.8,561.6,292.5,,172.3,717.5,354.2,593.6,,208.0,268.6,353.9,199.5,153.2,111.1,124.6,108.7,107.1,139.2,99.9,164.3,142.9,135.5,135.8,118.3,155.0,126.6,112.3,132.1,105.3,87.6,84.8,87.0,,94.7,,102.6,97.0,103.8,,93.3,119.9,113.9,104.4,87.5,,,133.3,134.8,151.0,125.1,161.4,135.4,184.5,112.7,125.0,,96.8,106.6,143.6,,,86.1,89.5,89.5,80.7,78.6,,98.2,98.2
199309,95.0,94.0,,91.4,,92.6,,,95.0,79.6,84.9,95.2,89.9,,105.8,,85.8,,116.1,,,,,112.7,105.6,91.9,114.8,,109.6,112.7,109.6,,117.2,,124.1,102.5,123.3,115.6,96.5,,,103.8,109.7,80.4,104.0,,143.9,133.9,112.5,,,93.1,93.6,85.1,86.2,,91.1,,87.4,89.1,89.8,87.9,,96.6,,95.2,96.1,,94.9,168.8,91.8,,,90.7,91.3,85.4,85.5,85.4,85.2,93.8,93.5,98.3,98.3,95.4,100.0,90.1,92.4,92.4,95.7,113.6,104.3,,,,95.8,102.1,,92.3,94.1,77.4,101.8,91.4,87.0,84.7,86.7,97.7,,99.3,92.4,115.5,115.5,83.0,90.3,75.5,63.2,63.2,76.8,80.1,70.0,148.4,259.8,399.8,566.0,290.4,,171.3,716.0,355.6,594.3,,208.0,268.0,351.4,199.5,153.2,110.8,124.4,107.9,106.3,139.8,99.9,164.3,142.9,137.5,136.8,118.3,155.5,131.1,112.3,132.8,105.5,88.1,85.5,87.5,,95.3,,102.3,96.7,103.8,,93.2,120.0,114.1,104.7,87.2,,,132.9,134.5,150.5,124.9,161.1,135.8,183.7,112.2,125.4,,97.1,105.6,141.1,,,86.1,89.8,89.8,80.7,78.6,,98.2,98.2
199310,95.3,93.8,,91.2,,92.5,,,95.6,80.4,84.9,95.8,89.8,,107.1,,87.1,,115.7,,,,,112.6,105.5,91.9,113.5,,109.4,111.8,110.5,,116.8,,124.1,101.5,123.0,114.3,96.5,,,103.7,109.7,80.4,104.0,,143.9,133.9,110.8,,,93.1,93.7,85.2,86.4,,91.2,,87.4,89.2,90.1,88.0,,95.9,,95.3,96.0,,94.5,168.8,91.9,,,90.7,91.3,85.4,85.5,85.4,85.2,94.0,93.7,98.4,98.4,95.8,100.3,90.5,92.6,92.6,95.9,113.6,104.3,,,,96.2,102.0,,92.5,94.3,78.0,101.8,91.4,87.1,84.7,87.0,97.7,,99.4,92.3,115.4,115.4,83.0,90.3,75.5,62.9,62.9,76.8,80.1,70.0,148.3,258.7,398.9,561.6,290.1,,172.0,716.0,355.3,591.0,,208.2,265.7,349.0,196.0,153.5,110.7,123.7,108.2,106.0,140.0,99.9,164.3,143.0,137.7,137.3,118.4,156.2,133.1,112.4,132.8,105.7,88.2,85.3,87.6,,95.6,,102.3,96.2,104.0,,93.1,120.3,114.1,104.7,87.8,,,132.7,134.0,149.9,124.5,160.7,134.8,183.7,112.4,124.6,,98.1,104.4,141.3,,,86.1,89.8,89.8,80.7,78.6,,98.2,98.2
199311,95.1,93.8,,91.2,,92.0,,,95.2,80.3,84.8,95.7,89.5,,106.9,,86.3,,115.9,,,,,112.6,105.6,91.8,115.0,,108.7,112.5,107.5,,117.2,,124.2,102.6,123.3,115.7,96.5,,,103.7,109.7,80.4,104.0,,143.9,133.9,109.2,,,93.3,93.8,85.5,86.4,,91.1,,87.7,89.5,90.8,88.2,,96.1,,95.3,96.2,,94.6,168.8,91.9,,,90.7,91.4,85.4,85.5,85.4,85.2,94.1,93.7,98.5,98.5,96.6,101.3,91.3,92.6,92.6,96.2,113.6,104.4,,,,96.5,102.1,,92.8,94.6,78.4,101.8,91.5,87.3,84.7,87.8,98.1,,99.5,91.4,113.7,113.7,82.4,89.3,75.3,62.2,62.2,77.0,80.4,70.4,148.0,257.6,396.8,566.6,287.3,,171.0,707.4,356.4,585.1,,207.8,263.6,344.5,195.8,153.7,110.8,123.4,109.1,105.9,140.0,99.8,164.1,143.0,137.7,136.9,118.8,155.4,131.5,112.3,133.6,105.6,88.3,85.5,87.7,,95.4,,102.2,96.2,104.3,,92.8,120.3,114.3,104.6,87.5,,,132.4,133.2,148.8,123.8,159.9,134.1,182.8,112.7,124.5,,98.5,106.4,141.6,,,86.2,89.8,89.8,80.7,78.6,,98.2,98.2
199312,95.3,94.4,,91.9,,91.9,,,95.3,79.6,84.6,95.6,89.7,,107.5,,86.7,,116.1,,,,,112.6,105.9,92.2,114.3,,109.1,111.6,109.9,,116.9,,124.2,102.4,123.1,113.4,96.5,,,103.6,109.7,80.4,104.0,,143.9,133.9,109.0,,,93.3,93.8,85.7,86.4,,91.3,,87.9,89.8,90.9,88.5,,96.0,,95.2,95.6,,94.7,168.8,91.6,,,90.9,91.4,85.4,85.5,85.4,85.2,94.3,93.9,98.6,98.6,96.6,101.3,91.3,92.8,92.8,96.3,113.4,104.2,,,,97.1,101.9,,93.0,95.0,78.6,101.4,91.6,87.5,84.9,88.3,98.4,,99.6,91.4,113.7,113.7,82.1,89.2,75.0,62.0,62.0,77.0,80.4,70.4,147.4,255.7,393.7,559.1,286.3,,169.1,698.8,355.3,586.4,,207.8,260.5,337.1,196.8,152.4,110.5,123.2,108.4,106.2,139.6,99.8,164.3,142.7,136.6,135.8,118.6,152.6,131.2,112.3,135.3,105.5,88.2,85.6,87.6,,95.0,,102.1,96.0,104.1,,92.7,120.0,114.0,104.1,87.3,,,132.1,132.6,147.2,123.8,159.3,132.8,182.4,113.1,124.2,,98.8,107.1,142.6,,,86.2,89.8,89.8,80.7,78.6,,98.2,98.2
199401,95.2,94.6,,92.1,,91.9,,,95.2,78.9,85.0,96.0,89.7,,108.4,,86.5,,115.5,,,,,112.9,105.9,92.2,113.8,,110.5,114.7,108.8,,117.1,,124.3,102.3,123.1,113.8,96.5,,,103.6,109.7,80.4,104.0,,143.9,133.9,108.5,,,93.5,94.1,86.1,86.6,,91.7,,88.4,90.1,91.1,88.8,,96.2,,95.5,96.1,,94.6,168.6,91.8,,,91.1,91.6,85.4,85.5,85.4,85.2,94.4,94.1,98.7,98.7,96.8,101.5,91.5,93.0,93.0,96.5,113.6,104.5,,,,97.2,101.7,,93.1,95.1,78.7,101.5,91.8,87.6,85.0,88.5,98.8,,99.7,91.3,113.7,113.7,82.1,89.1,75.0,61.9,61.9,77.1,80.4,70.5,147.1,254.4,391.6,559.7,283.9,,167.9,690.2,353.4,587.1,,207.8,258.1,332.7,195.4,152.7,110.4,123.2,108.4,105.7,139.8,99.8,164.3,143.0,136.8,135.1,119.6,151.6,128.3,112.2,135.0,105.5,88.4,85.8,87.7,,95.2,,101.9,95.8,104.2,,92.3,120.1,114.0,104.3,87.6,,,132.0,132.8,147.5,124.0,158.9,132.9,181.9,112.9,124.2,,99.0,107.5,141.7,,,86.2,89.8,89.8,80.8,78.7,,98.2,98.2
199402,95.3,94.4,,92.0,,91.8,,,95.3,79.8,85.2,95.9,89.6,,107.1,,87.2,,115.2,,,,,113.0,106.3,92.2,116.6,,109.6,112.4,110.0,,117.3,,124.3,103.2,122.6,115.7,96.5,,,103.6,109.7,80.4,104.0,,143.9,133.9,108.3,,,93.6,94.2,86.0,86.6,,91.7,,88.7,90.2,91.1,88.9,,96.2,,95.5,95.9,,94.5,168.6,91.7,,,91.1,91.7,85.4,85.5,85.4,85.2,94.7,94.3,98.9,98.9,96.8,101.5,91.5,93.2,93.2,96.5,113.5,104.5,,,,97.1,101.8,,93.2,95.6,78.8,101.6,91.8,87.6,85.0,88.5,98.8,,99.8,91.3,113.7,113.7,82.1,89.1,75.0,61.7,61.7,77.1,80.4,70.5,146.4,252.5,388.6,551.0,282.8,,166.7,683.2,351.2,576.6,,207.0,256.1,330.2,193.7,150.0,109.9,122.9,107.8,105.3,139.2,99.5,163.8,143.0,135.1,133.7,119.4,150.1,125.0,112.1,132.5,105.6,88.6,85.9,88.2,,95.5,,101.8,95.7,104.1,,92.2,120.2,114.1,104.1,87.9,,,131.5,131.3,146.1,122.2,158.4,133.0,180.9,113.3,125.9,,98.7,107.6,142.0,,,86.2,89.8,89.8,80.8,78.7,,98.2,98.2
199403,95.4,94.6,,92.3,,91.9,,,95.4,80.4,85.2,95.8,89.7,,108.0,,85.6,,115.1,,,,,112.8,106.3,92.5,114.8,,108.5,113.0,106.2,,117.3,,124.5,103.6,123.0,113.5,96.5,,,103.6,109.7,80.4,104.0,,143.9,133.9,107.4,,,93.7,94.3,86.1,86.7,,91.9,,89.1,90.4,91.1,89.1,,96.1,,95.6,96.0,,94.3,168.6,91.8,,,91.1,91.8,85.4,85.5,85.4,85.2,94.7,94.4,99.0,99.0,96.9,101.5,91.5,93.4,93.4,96.6,113.5,104.4,,,,97.2,101.5,,93.4,96.0,78.9,101.8,92.1,87.9,85.0,88.7,99.2,,99.8,91.3,113.7,113.7,82.1,89.1,75.0,61.6,61.6,77.3,80.6,70.5,146.1,251.4,387.3,557.2,281.8,,165.7,680.1,349.3,570.0,,207.0,253.5,326.1,191.6,150.0,109.9,122.3,108.1,105.3,139.4,99.5,163.3,143.6,135.8,133.3,119.2,149.9,123.1,112.3,132.2,105.7,88.7,86.0,88.3,,95.2,,101.9,95.6,104.0,,92.2,120.0,114.0,103.9,88.1,,,130.9,130.6,145.3,121.7,157.6,132.3,179.6,112.9,124.1,,98.7,107.0,142.1,,,86.2,89.8,89.8,80.8,78.7,,98.2,98.2
199404,95.5,95.3,,93.1,,91.8,,,95.2,79.3,85.2,96.0,89.6,,107.3,,85.9,,114.8,,,,,112.9,106.1,92.2,115.8,,110.1,112.3,111.3,,117.1,,124.3,101.6,122.9,115.2,96.5,,,103.7,110.0,80.6,103.9,,143.9,133.9,106.5,,,93.9,94.3,86.3,86.9,,92.8,,89.4,90.4,91.2,89.3,,96.2,,95.7,95.8,,94.6,168.6,92.2,,,91.4,91.9,86.2,86.3,86.3,85.9,94.9,94.5,99.2,99.2,97.6,102.3,92.2,93.5,93.5,97.1,113.5,104.4,,,,97.3,101.5,,93.9,96.4,79.6,102.4,93.0,88.8,85.3,88.9,99.9,,99.9,91.6,113.7,113.7,82.1,89.1,75.0,61.4,61.4,78.2,81.6,71.0,145.9,250.6,385.6,555.4,281.5,,165.5,673.8,348.9,564.1,,206.6,251.7,318.4,194.9,152.1,110.2,121.6,108.6,106.0,139.4,99.5,163.3,143.6,135.8,133.5,119.6,150.2,122.7,112.3,131.7,105.6,88.8,86.1,88.4,,95.2,,101.5,95.4,103.5,,91.9,120.2,114.0,104.1,88.5,,,130.5,129.8,143.4,121.4,157.1,131.6,179.4,112.9,124.6,,98.6,106.3,142.1,,,87.1,90.7,90.7,82.0,79.8,,98.2,98.2
199405,95.6,95.7,,93.4,,91.6,,,95.2,80.7,85.1,95.7,89.2,,107.5,,85.8,,114.3,,,,,113.0,106.1,92.4,113.4,,109.3,111.5,110.4,,117.5,,124.6,104.2,123.0,114.3,96.5,,,106.7,114.6,84.0,107.1,,143.9,133.9,104.2,,,94.0,94.5,86.4,87.0,,92.8,,89.6,90.6,91.2,89.3,,96.3,,95.8,95.4,,94.6,168.6,92.2,,,91.6,92.3,86.3,86.4,86.4,86.1,95.2,94.8,99.4,99.4,98.1,102.8,92.7,93.7,93.7,97.3,113.6,104.6,,,,97.4,101.5,,94.1,96.5,79.6,103.0,93.4,89.2,85.3,89.3,100.3,,100.0,91.6,113.7,113.7,82.1,89.1,75.0,61.3,61.3,78.5,82.0,71.1,145.9,250.3,384.3,553.5,281.1,,164.9,669.1,348.2,560.9,,207.0,252.0,321.2,194.9,152.1,110.0,121.6,108.3,106.0,139.4,99.3,163.6,143.3,135.5,132.8,119.0,148.9,121.2,112.4,132.1,105.8,89.1,86.2,89.3,,95.2,,101.6,95.3,103.3,,92.2,120.3,113.9,104.2,89.0,,,130.5,130.1,143.7,121.7,157.3,131.6,179.4,112.5,124.9,,98.0,106.6,141.0,,,87.1,90.6,90.6,82.0,79.8,,98.2,98.2
199406,95.6,95.8,,93.6,,91.2,,,95.1,80.2,85.5,95.7,89.4,,108.0,,84.9,,114.8,,,,,113.0,106.6,92.6,115.9,,109.3,111.8,109.9,,117.3,,124.6,103.2,123.0,113.9,96.5,,,106.8,114.8,84.8,107.1,,143.9,133.9,104.2,,,94.1,94.7,86.4,87.1,,93.0,,89.6,90.7,91.3,89.4,,96.2,,95.9,95.4,,94.7,168.6,92.2,,,91.7,92.7,86.3,86.4,86.4,86.1,95.4,95.0,99.7,99.7,98.4,103.1,93.0,93.9,93.9,97.6,113.6,104.6,,,,97.7,101.5,,94.4,96.5,79.9,104.1,93.9,89.5,85.4,89.4,100.6,,100.1,92.0,113.7,113.7,82.1,89.1,75.0,61.3,61.3,79.7,83.1,73.3,145.7,249.8,381.7,555.4,280.1,,165.2,659.8,348.9,549.7,,207.4,252.0,322.1,194.9,152.1,110.2,121.3,108.5,105.8,139.3,99.3,163.0,143.7,134.8,132.5,118.7,148.9,121.2,111.9,130.8,105.8,89.0,86.3,89.0,,95.0,,101.8,95.5,103.9,,92.1,119.9,113.8,104.2,86.7,,,130.3,129.4,143.2,120.9,157.3,132.2,179.2,112.3,125.1,,97.3,107.6,140.8,,,87.3,90.6,90.6,82.4,80.3,,98.2,98.2
199407,95.4,95.8,,93.8,,91.3,,,95.0,80.5,85.6,95.8,89.1,,107.9,,83.4,,113.0,,,,,113.1,106.4,92.8,112.4,,109.7,113.4,108.8,,117.4,,124.6,104.4,123.0,112.0,96.5,,,106.9,115.0,84.8,107.1,,143.9,133.9,104.6,,,94.1,94.7,86.4,87.2,,92.8,,89.9,90.8,91.5,89.5,,96.6,,96.0,94.9,,94.8,168.8,92.2,,,91.7,92.7,86.3,86.4,86.4,86.1,95.5,95.1,99.8,99.8,98.5,103.2,93.0,94.0,94.0,97.8,113.6,104.6,,,,98.2,101.6,,94.7,96.4,80.2,104.2,94.4,89.8,85.4,89.5,101.3,,100.2,92.0,113.7,113.7,82.1,89.1,75.0,61.2,61.2,79.8,83.2,73.3,145.2,249.0,380.0,556.0,279.0,,162.8,657.4,347.0,547.8,,207.2,252.0,321.7,194.9,152.1,109.7,121.9,104.6,105.7,138.9,99.3,162.2,144.0,134.0,131.8,117.1,149.1,120.8,111.3,127.6,105.8,89.1,86.3,89.1,,94.9,,101.6,95.6,103.6,,92.1,120.0,113.7,104.5,86.7,,,129.3,128.9,141.7,120.8,156.1,131.2,177.9,111.3,123.5,,97.3,106.8,138.6,,,87.4,90.6,90.6,82.5,80.3,,98.2,98.2
199408,95.6,95.9,,93.8,,91.2,,,95.0,80.4,85.4,95.7,89.0,,108.7,,83.9,,114.0,,,,,112.9,106.6,92.7,115.8,,109.1,112.0,109.4,,117.2,,124.5,102.4,123.0,113.9,96.5,,,106.9,115.0,84.9,107.1,,143.9,133.9,104.1,,,94.2,94.7,86.5,87.1,,92.8,,89.9,90.8,91.5,89.6,,96.1,,96.0,94.9,,94.9,168.8,92.2,,,91.7,92.8,86.3,86.4,86.4,86.1,95.6,95.2,99.9,99.9,98.5,103.2,93.0,94.1,94.1,97.9,113.6,104.6,,,,98.2,101.6,,94.9,96.4,80.6,104.0,94.9,89.9,85.4,89.5,101.3,,100.2,92.0,113.7,113.7,82.1,89.1,75.0,61.2,61.2,80.3,83.7,73.3,145.1,249.0,379.1,551.6,276.3,,164.6,655.9,345.5,555.0,,207.0,253.8,325.7,194.9,152.1,109.5,121.8,104.8,105.6,138.4,99.4,161.9,143.7,133.1,131.4,118.4,147.6,121.8,111.4,126.1,105.6,89.1,86.3,89.1,,95.0,,101.6,95.4,103.4,,92.2,119.7,113.9,103.9,86.4,,,128.5,127.4,140.5,119.0,155.6,131.2,176.8,110.7,123.9,,96.0,107.3,138.4,,,87.4,90.6,90.6,82.5,80.3,,98.2,98.2
199409,95.5,95.9,,93.9,,91.1,,,95.0,80.7,85.5,95.4,89.4,,108.1,,82.9,,114.5,,,,,112.8,106.3,92.6,113.4,,108.6,110.8,109.7,,117.2,,124.5,102.7,123.0,113.6,96.5,,,106.9,115.1,84.9,107.1,,143.9,133.8,103.9,,,92.9,93.4,86.6,87.2,,93.0,,90.0,90.9,91.5,89.6,,96.2,,96.0,94.9,,94.8,129.5,92.4,,,91.7,92.9,86.3,86.4,86.4,86.1,95.9,95.5,100.0,100.0,98.7,103.4,93.2,94.5,94.5,98.0,113.5,104.6,,,,98.1,101.5,,95.0,96.5,80.6,104.1,94.9,90.1,85.5,89.7,101.4,,100.2,92.0,113.7,113.7,82.1,89.1,75.0,61.1,61.1,80.3,83.7,73.3,145.2,249.0,378.7,553.5,274.9,,166.5,654.3,343.3,558.3,,206.8,254.1,326.1,194.9,152.1,109.7,121.6,106.7,105.5,138.5,99.6,161.9,143.0,134.0,132.4,117.0,148.4,127.0,111.5,128.0,105.8,89.1,86.5,89.2,,95.1,,101.6,95.4,103.5,,92.4,120.3,114.3,104.7,87.0,,,128.3,126.6,139.9,118.0,155.8,131.1,177.2,110.8,122.8,,96.1,105.4,139.8,,,87.4,90.6,90.6,82.5,80.3,,98.2,98.2
199410,95.9,96.0,,93.9,,91.3,,,95.6,82.3,85.1,95.6,89.4,,109.2,,84.2,,115.5,,,,,112.8,106.6,93.1,112.0,,109.1,113.0,107.8,,117.1,,124.5,101.8,122.7,113.7,96.5,,,106.8,115.3,84.9,107.1,,143.9,133.8,104.1,,,94.2,94.8,86.7,87.5,,93.0,,90.0,90.9,91.5,89.7,,96.2,,96.0,94.9,,94.9,168.6,92.4,,,91.9,92.9,86.3,86.4,86.4,86.1,96.0,95.7,100.2,100.2,98.9,103.7,93.5,94.7,94.7,98.1,113.6,104.8,,,,98.0,101.5,,95.0,96.5,80.7,104.1,95.0,90.1,85.6,89.7,101.4,,100.3,92.0,113.5,113.5,82.2,89.2,75.0,61.0,61.0,80.4,83.9,73.5,145.1,248.2,377.8,545.4,274.9,,166.5,650.4,342.5,568.7,,207.6,251.2,322.1,192.3,150.8,109.7,121.7,106.2,105.4,139.0,99.6,162.2,144.4,134.5,133.0,117.8,149.1,128.8,111.9,128.0,105.8,89.2,86.4,89.3,,95.2,,101.5,95.3,103.3,,92.4,120.2,114.1,104.5,86.7,,,127.9,125.9,139.4,117.3,154.8,131.2,175.3,111.0,122.7,,97.0,105.3,139.4,,,87.4,90.7,90.7,82.5,80.3,,98.2,98.2
199411,95.9,95.9,,93.8,,91.2,,,95.5,82.7,84.9,95.6,89.0,,108.2,,84.5,,114.3,,,,,113.3,106.7,93.0,114.7,,110.5,113.3,110.8,,117.4,,124.3,103.5,122.7,115.1,96.5,,,106.9,115.3,84.9,107.1,,143.9,133.8,103.7,,,94.3,94.9,86.7,87.4,,93.1,,90.0,90.9,91.5,89.8,,96.3,,96.0,94.7,,94.9,168.6,92.5,,,92.0,93.0,86.3,86.4,86.4,86.1,96.3,96.0,100.3,100.3,99.0,103.8,93.5,94.9,94.9,98.1,113.6,104.7,,,,98.0,101.4,,95.1,96.5,80.8,104.1,95.2,90.2,85.7,89.7,101.7,,100.3,92.0,113.5,113.5,82.2,89.2,75.0,60.6,60.6,80.4,83.9,73.5,144.9,247.9,377.4,544.1,274.9,,165.7,652.7,341.0,564.1,,207.0,251.5,319.2,196.8,150.8,109.6,121.1,106.0,106.0,139.4,99.5,162.1,144.9,135.0,132.8,117.4,148.9,128.3,111.8,127.1,105.7,89.0,86.5,88.8,,95.2,,101.5,95.1,103.2,,92.1,120.3,114.1,104.6,86.8,,,127.5,125.1,138.0,116.6,154.7,131.2,174.9,111.0,123.9,,96.9,106.2,138.4,,,87.4,90.7,90.7,82.5,80.3,,98.2,98.2
199412,95.8,96.3,,94.1,,91.7,,,95.1,80.8,84.4,95.6,89.3,,107.8,,86.0,,116.0,,,,,113.3,107.1,93.6,112.8,,110.3,113.0,110.9,,117.4,,124.3,104.4,122.7,113.1,96.6,,,106.8,115.1,85.0,107.1,,143.9,133.8,103.6,,,94.1,94.7,86.9,87.3,,93.1,,90.1,91.0,91.6,89.8,,96.4,,96.0,94.7,,94.9,163.8,92.5,,,92.1,93.1,86.3,86.4,86.4,86.1,96.4,96.0,100.4,100.4,99.1,103.9,93.6,94.9,94.9,98.2,113.5,104.7,,,,97.9,101.1,,95.3,96.7,81.1,104.0,95.3,90.3,85.7,90.0,101.9,,100.4,92.0,113.5,113.5,82.2,89.2,75.0,59.8,59.8,80.4,83.9,73.5,144.5,247.1,375.7,542.3,273.2,,165.8,649.6,337.7,560.9,,207.0,249.4,316.4,194.7,150.6,109.6,121.7,104.9,105.8,138.6,99.0,161.4,144.7,133.6,132.1,117.7,147.6,127.3,111.5,127.1,105.8,89.4,87.1,88.9,,95.5,,101.4,94.9,103.4,,92.1,120.2,114.0,104.4,86.6,,,126.8,124.3,137.1,115.9,152.9,130.3,172.3,111.3,122.3,,96.7,105.9,140.7,,,87.4,90.7,90.7,82.5,80.3,,98.2,98.2
199501,95.6,96.2,,94.0,,91.5,,,95.0,82.1,84.5,95.6,89.2,,107.6,,84.3,,114.5,137.6,,,,113.8,107.4,93.7,110.4,136.4,109.9,113.0,109.8,,118.2,113.3,124.1,104.7,122.2,110.9,96.6,,123.7,106.7,115.3,85.0,107.0,,143.8,133.9,102.1,,,94.6,95.3,86.9,87.4,,93.2,,90.3,91.0,91.6,89.8,,96.5,,96.0,94.7,,95.0,169.2,92.9,100.0,,92.4,93.1,86.5,86.5,86.6,86.3,96.5,96.2,100.7,100.7,99.5,104.3,94.0,95.0,95.0,98.3,114.2,105.5,,,,99.0,101.4,,95.4,96.7,81.5,104.8,92.4,90.4,85.7,90.1,102.4,,100.4,92.0,113.5,113.5,82.2,89.2,75.1,59.7,59.7,80.7,84.3,73.6,144.6,246.8,376.7,532.7,271.8,,168.3,654.4,340.1,565.2,,207.8,248.5,316.7,190.9,150.2,109.3,121.6,105.1,105.4,138.8,99.0,162.2,145.9,132.7,131.9,116.2,147.5,126.1,111.7,127.5,106.7,89.6,86.9,89.0,88.2,96.0,93.4,101.3,94.3,103.3,,92.3,122.2,114.0,104.4,86.6,183.7,,125.6,122.9,134.0,115.4,152.1,128.9,171.5,110.3,121.7,,96.9,106.9,139.3,99.9,,87.7,90.9,90.9,82.7,80.5,,98.2,98.2
199502,95.4,96.2,,94.0,,91.6,,,94.7,80.8,84.3,95.9,88.8,,106.2,,82.9,,116.1,139.7,,,,114.0,107.4,93.6,115.4,135.6,112.5,115.2,113.0,,117.8,111.0,124.1,103.6,122.4,114.3,96.6,,124.1,106.7,115.1,85.0,107.0,,143.8,133.9,102.8,,,94.6,95.3,86.9,87.5,,93.0,,90.3,91.0,91.6,89.7,,96.5,,95.9,94.7,,95.4,169.1,92.9,99.9,,92.3,93.0,86.5,86.5,86.6,86.3,96.7,96.2,100.8,100.8,99.5,104.3,94.0,95.1,95.1,99.5,114.1,105.5,,,,99.3,100.7,,96.6,96.7,81.5,104.8,93.1,90.4,85.7,90.2,102.5,,106.6,92.0,113.5,113.5,82.2,89.2,75.2,59.3,59.3,80.7,84.3,73.6,144.2,245.1,375.6,548.1,271.5,,167.0,653.1,336.9,557.3,,207.2,244.1,311.1,187.3,148.4,109.3,121.6,104.7,105.6,138.4,99.0,162.1,144.2,132.8,130.7,116.8,145.9,123.0,111.4,127.0,106.4,89.7,86.9,89.2,88.2,96.2,93.3,101.2,94.3,103.4,,91.8,121.5,113.9,104.5,86.9,180.3,,125.9,122.7,133.5,115.4,152.3,129.3,171.3,110.8,121.8,,97.0,107.0,138.6,102.8,,87.7,90.8,90.8,82.7,80.5,,98.2,98.2
199503,95.2,96.2,,93.8,,92.4,,,94.4,82.2,84.5,95.7,87.9,,105.5,,82.3,,115.9,137.2,,,,114.7,107.7,93.8,114.3,136.4,116.7,120.4,116.1,,117.5,110.3,124.1,104.4,122.2,113.1,96.6,,123.1,106.7,115.1,85.1,106.9,,143.9,133.7,102.0,,,94.6,95.3,87.0,87.8,,92.9,,90.4,91.1,91.7,89.8,,96.5,,95.8,94.6,,95.4,168.2,92.9,99.9,,92.2,93.0,86.5,86.5,86.6,86.3,96.7,96.2,100.8,100.8,99.7,104.5,94.2,95.1,95.1,99.6,114.2,105.5,,,,99.3,100.5,,96.7,96.8,81.8,104.9,93.1,90.4,85.7,90.4,102.7,,106.6,92.0,113.5,113.5,82.3,89.2,75.3,59.1,59.1,80.8,84.4,73.6,143.6,244.1,374.1,549.2,269.4,,165.5,651.9,335.2,554.0,,207.2,243.1,309.5,186.4,146.8,109.2,120.8,104.6,105.4,138.4,98.9,161.6,144.0,133.4,129.3,119.0,143.9,120.4,110.8,123.9,106.0,89.6,87.0,88.5,88.1,96.6,93.3,101.1,94.4,103.1,,92.0,120.7,114.0,104.3,87.2,177.4,,125.6,122.0,132.3,115.0,151.9,128.7,171.2,111.0,121.6,,97.1,105.4,139.3,102.9,,87.7,90.9,90.9,82.7,80.5,,98.2,98.2
199504,95.6,96.2,,93.8,,92.5,,,95.0,81.5,84.2,95.7,88.9,,106.1,,83.7,,116.5,140.4,,,,115.4,107.8,93.7,115.0,136.8,120.3,125.9,117.1,,117.6,110.3,124.3,104.3,121.9,115.0,96.7,,122.7,106.8,115.1,85.1,107.0,,143.9,133.9,103.0,,,94.1,94.7,87.0,87.8,,93.0,,90.4,91.1,91.6,89.8,,96.4,,95.8,94.2,,94.7,155.1,93.1,99.8,,92.4,93.1,86.9,87.0,87.1,86.5,96.9,96.3,100.8,100.8,101.3,106.2,95.7,95.2,95.2,100.1,114.0,105.5,,,,98.6,100.0,,97.3,96.9,81.4,105.8,94.8,91.2,85.9,90.5,103.6,,106.6,92.0,113.5,113.5,82.4,89.2,75.4,58.9,58.9,81.0,84.5,74.0,143.6,243.7,371.5,552.4,268.9,,162.4,644.3,332.6,548.4,,207.2,245.1,309.8,191.7,149.7,108.6,120.2,102.9,104.4,138.2,98.8,161.4,143.6,133.5,128.7,118.9,143.5,118.9,111.1,121.9,106.2,89.5,86.8,88.2,88.2,96.6,93.8,101.0,94.3,103.2,,92.1,121.3,113.9,104.8,87.8,178.9,,125.1,121.6,132.1,114.7,150.7,127.5,169.8,110.6,120.5,,97.3,106.1,139.0,102.3,,88.3,91.3,91.3,83.8,81.6,,98.2,98.2
199505,95.1,95.5,,93.1,,91.9,,,94.7,82.5,84.4,95.9,89.0,,106.4,,83.4,,113.0,137.1,,,,115.3,107.8,94.3,111.8,136.4,120.9,126.5,117.7,,117.3,109.5,124.1,104.6,121.5,113.9,96.8,,122.2,106.7,115.1,85.2,107.0,,143.9,133.9,100.4,,,93.4,94.0,87.0,87.9,,93.1,,90.5,91.2,91.7,90.0,,96.4,,95.8,94.5,,94.9,139.5,92.5,99.9,,92.4,93.3,86.9,87.0,87.1,86.5,97.1,96.6,101.2,101.2,101.3,106.2,95.7,95.4,95.4,100.1,113.8,105.4,,,,98.6,99.3,,97.4,96.9,81.5,105.9,94.8,91.4,85.9,90.6,103.7,,106.6,92.0,113.5,113.5,82.4,89.2,75.5,58.7,58.7,81.0,84.5,74.0,143.3,242.9,370.1,550.3,269.7,,161.9,638.0,330.6,547.3,,207.4,243.9,308.6,191.7,149.7,108.6,120.1,103.4,104.0,138.1,99.5,161.9,143.3,132.6,129.2,116.9,144.2,125.2,110.8,119.5,106.3,89.7,87.0,88.4,88.2,96.7,93.8,101.0,94.2,103.3,,91.9,121.1,113.8,104.7,87.7,178.8,,124.8,120.8,131.1,113.9,150.7,128.1,169.5,110.4,120.8,,97.3,106.8,138.9,100.8,,88.4,91.3,91.3,83.8,81.6,,98.2,98.2
199506,95.1,95.5,,93.1,,91.8,,,94.7,82.6,84.4,96.0,88.7,,107.5,,83.2,,113.7,137.8,,,,114.6,107.6,94.2,110.1,136.0,119.1,122.8,118.5,,116.7,108.2,123.8,102.9,121.8,113.5,96.7,,122.1,106.7,115.1,85.2,107.0,,143.8,133.9,100.5,,,93.4,94.0,87.1,87.9,,93.1,,90.5,91.2,91.6,90.0,,96.3,,95.8,94.6,,94.9,139.4,92.5,99.9,,92.4,93.3,86.9,87.0,87.1,86.5,97.3,96.8,101.2,101.2,101.4,106.3,95.8,95.7,95.7,100.2,113.8,105.4,,,,98.7,98.9,,97.5,97.0,81.7,106.1,94.9,91.6,86.0,90.6,103.8,,106.6,92.0,113.5,113.5,82.4,89.2,75.5,58.6,58.6,81.0,84.5,74.2,143.0,242.2,367.1,541.8,268.3,,156.2,632.3,328.6,545.6,,207.0,244.8,310.5,191.7,149.7,108.2,120.0,103.2,103.8,138.2,99.4,161.6,143.6,132.8,128.8,117.5,142.3,125.2,111.0,121.0,106.0,89.8,87.1,88.8,88.2,96.6,93.8,101.0,93.6,103.6,,92.0,120.3,113.8,104.9,87.6,175.2,,124.4,121.4,132.7,113.7,149.3,126.5,168.2,110.2,121.2,,96.8,108.2,137.6,101.4,,88.4,91.3,91.3,83.8,81.7,,98.2,98.2
199507,95.1,95.4,,93.1,,91.6,,,94.5,82.4,84.1,95.6,88.4,,107.2,,83.2,,114.5,137.5,,,,114.4,107.5,94.4,111.9,134.9,118.2,121.5,118.0,,116.6,107.6,123.8,104.4,121.1,113.5,96.8,,122.1,106.6,115.1,85.1,106.9,,143.8,133.9,97.6,,,93.4,94.0,87.1,88.0,,93.6,,90.5,91.2,91.6,90.1,,96.2,,95.8,94.8,,95.3,138.5,92.5,99.9,,92.6,93.3,86.9,87.0,87.1,86.5,97.5,97.0,101.4,101.4,101.3,106.2,95.7,95.9,95.9,100.5,113.5,105.1,,,,98.7,98.8,,97.9,97.1,82.0,106.1,95.6,91.9,86.1,90.6,104.8,,106.6,92.0,113.3,113.3,82.4,89.2,75.5,58.4,58.4,81.1,84.6,74.2,142.6,241.7,366.8,529.5,268.6,,156.0,629.1,326.3,554.0,,206.6,244.1,309.2,191.7,149.7,108.0,119.8,102.2,104.2,137.1,99.9,161.4,142.3,131.2,128.1,116.5,141.7,125.2,110.5,120.0,105.6,89.9,87.8,88.8,88.0,96.9,93.8,101.0,93.8,103.5,,91.8,119.2,113.8,104.7,87.6,170.8,,124.1,122.1,133.9,114.2,148.0,126.3,166.2,110.0,120.9,,96.8,108.7,137.5,101.3,,88.5,91.3,91.3,84.0,81.8,,98.2,98.2
199508,95.3,95.4,,93.1,,91.1,,,95.0,84.4,84.1,95.7,88.4,,106.2,,82.9,,114.0,140.3,,,,114.8,107.8,94.3,115.2,135.7,121.6,125.9,120.0,,116.2,107.1,123.5,101.8,121.7,112.0,96.8,,122.0,106.6,115.1,85.1,106.9,,143.8,133.7,98.9,,,93.4,94.0,87.1,88.0,,93.6,,90.6,91.2,91.6,90.1,,96.3,,95.8,94.8,,95.3,138.5,92.5,99.6,,92.6,93.3,86.9,87.0,87.1,86.5,97.6,97.1,101.5,101.5,101.4,106.3,95.8,96.0,96.0,100.9,113.5,105.1,,,,98.6,98.6,,98.3,97.1,82.0,106.5,97.1,92.3,86.1,90.7,105.1,,106.6,92.0,113.3,113.3,82.4,89.2,75.5,58.3,58.3,81.1,84.6,74.2,142.4,241.0,364.9,525.3,265.9,,155.7,625.3,324.7,562.4,,206.1,243.6,308.3,191.7,149.7,107.9,119.4,102.0,104.2,136.8,99.9,161.1,142.4,130.6,127.4,116.5,140.2,125.2,110.1,119.7,105.8,90.2,88.2,89.9,87.8,96.9,93.8,101.0,93.6,103.4,,91.9,119.4,113.7,104.8,87.6,171.7,,124.3,122.6,134.4,114.7,147.4,125.9,165.2,110.3,120.7,,96.8,108.3,136.7,103.3,,88.6,91.4,91.4,84.0,81.8,,98.2,98.2
199509,95.0,95.2,,93.0,,91.3,,,94.5,82.7,84.7,95.2,88.7,,104.7,,81.7,,114.4,138.4,,,,114.7,107.4,94.2,114.5,134.4,120.9,125.9,118.5,,116.5,107.0,123.8,103.4,121.5,113.4,96.8,,122.3,106.5,115.1,85.2,106.8,,143.8,133.2,98.7,,,93.4,94.0,87.1,88.0,,93.6,,90.7,91.3,91.6,90.1,,96.2,,95.8,94.8,,95.3,137.7,92.5,99.4,,92.6,93.3,86.9,87.0,87.1,86.5,97.7,97.2,101.5,101.5,101.4,106.3,95.8,96.1,96.1,100.8,112.5,103.6,,,,98.7,98.7,,98.4,97.2,82.3,106.6,97.2,92.4,86.3,90.8,105.1,,106.5,92.0,113.3,113.3,82.4,89.2,75.5,58.2,58.2,81.1,84.6,74.2,142.6,240.8,363.8,518.9,265.4,,154.9,618.4,323.1,576.9,,206.1,244.1,309.2,191.7,149.7,107.8,119.5,101.7,104.3,138.1,99.0,160.9,142.7,134.2,128.1,114.3,141.6,127.0,110.4,120.4,105.9,90.2,88.3,90.1,87.8,96.3,93.8,100.9,93.6,103.4,,91.7,119.8,113.7,105.7,88.1,171.9,,124.3,122.7,135.1,114.3,146.7,125.8,163.8,110.7,121.7,,96.8,107.3,137.9,103.1,,88.6,91.4,91.4,84.1,81.9,,98.2,98.2
199510,95.2,95.2,,93.0,,90.9,,,94.9,83.5,84.6,95.2,88.7,,105.4,,82.5,,115.3,139.6,,,,114.5,107.3,94.7,109.4,134.4,119.6,123.5,118.6,,116.4,107.2,123.8,101.2,121.7,114.1,96.8,,121.5,106.5,115.1,85.2,106.8,,143.6,128.9,98.4,,,93.4,94.0,87.1,88.0,,93.6,,90.6,91.3,91.6,90.1,,96.2,,95.7,94.8,,95.3,137.6,92.7,99.3,,92.7,93.3,86.9,87.0,87.1,86.5,97.9,97.4,101.7,101.7,101.7,106.6,96.1,96.3,96.3,100.8,112.4,103.6,,,,98.7,98.2,,98.4,97.2,82.4,106.6,97.2,92.5,86.3,90.8,105.2,,106.5,92.0,113.3,113.3,82.4,89.3,75.5,58.0,58.0,81.3,84.8,74.2,142.4,239.5,362.7,514.1,263.5,,154.4,618.4,321.4,578.0,,206.1,241.7,308.9,189.2,144.1,107.5,118.7,101.8,103.9,138.0,98.9,160.0,141.7,135.1,129.2,116.4,143.2,127.5,109.8,121.2,106.2,90.2,87.9,90.3,87.9,96.8,93.8,100.9,93.3,103.1,,91.9,120.5,113.7,105.9,88.0,174.9,,123.5,122.3,134.9,113.6,145.2,124.9,162.0,110.3,121.2,,97.2,107.3,136.1,103.2,,88.6,91.4,91.4,84.1,81.9,,98.2,98.2
199511,95.2,95.6,,93.4,,91.1,,,94.7,83.5,84.4,95.3,88.8,,103.6,,82.8,,115.1,139.1,,,,114.6,107.3,94.8,105.8,135.1,120.6,125.7,117.9,,116.4,107.1,123.6,102.3,121.8,113.1,96.8,,122.6,106.4,115.1,85.1,106.8,,143.6,122.0,97.4,,,93.4,94.0,87.1,88.0,,93.7,,90.6,91.3,91.6,90.1,,96.2,,95.7,94.7,,95.3,137.6,92.7,99.4,,92.6,93.3,86.9,87.0,87.1,86.5,97.9,97.4,101.7,101.7,102.1,107.0,96.5,96.3,96.3,100.9,112.3,103.6,,,,98.7,98.2,,98.6,97.2,82.9,106.7,97.2,92.6,86.4,90.8,105.4,,106.5,92.0,113.3,113.3,82.4,89.3,75.5,58.0,58.0,81.3,84.8,74.2,142.2,238.3,359.8,509.9,261.7,,156.4,611.4,320.8,564.0,,206.1,240.9,308.6,184.1,150.3,107.3,117.8,101.6,103.9,137.7,99.2,160.6,141.3,134.2,129.4,116.1,144.0,126.2,109.7,122.3,106.1,90.4,88.2,90.8,88.0,96.9,93.9,100.8,93.3,103.1,,91.7,120.3,113.7,106.0,87.6,173.8,,123.3,122.4,134.7,113.9,144.6,124.9,160.8,110.0,121.1,,97.6,107.4,136.1,101.7,,88.6,91.4,91.4,84.2,82.0,,98.2,98.2
199512,95.1,95.8,,93.6,,90.9,,,94.3,82.6,84.4,95.4,88.7,,101.9,,83.2,,114.0,140.3,,,,114.3,107.1,94.4,104.4,135.1,119.0,122.9,118.2,,116.2,107.3,123.5,101.5,121.7,112.7,96.8,,122.6,106.3,115.0,85.1,106.8,,143.6,120.2,97.1,,,93.4,94.0,87.0,88.0,,93.7,,90.7,91.5,91.6,90.2,,96.2,,95.7,94.7,,95.4,137.6,92.8,99.3,,92.7,93.3,86.9,87.0,87.1,86.5,97.9,97.4,101.8,101.8,102.6,107.5,96.9,96.3,96.3,100.9,111.5,102.3,,,,98.7,98.4,,98.7,97.3,83.4,106.9,97.1,92.6,86.4,90.9,105.5,,106.5,91.9,113.3,113.3,82.4,89.3,75.5,57.6,57.6,81.3,84.8,74.2,141.7,237.1,357.2,507.7,259.3,,156.2,603.2,319.5,561.2,,206.1,239.7,307.4,182.8,149.6,107.3,117.7,102.4,103.9,137.5,98.8,160.6,141.2,134.0,128.0,116.1,141.9,125.5,109.7,119.5,106.1,90.5,88.4,90.9,88.0,96.7,93.9,100.8,93.4,103.0,,91.6,120.2,113.6,105.6,87.7,173.7,,123.1,122.1,134.5,113.8,144.3,124.6,160.5,110.0,119.6,,97.7,108.7,136.3,102.5,,88.7,91.4,91.4,84.3,82.1,,98.2,98.2
199601,95.2,95.8,,93.6,,90.9,,,94.7,83.1,84.7,95.7,89.0,,104.6,,83.2,,113.8,137.2,,,,114.5,107.1,95.1,102.1,134.4,119.7,124.6,117.2,,116.5,107.4,123.8,103.6,121.8,113.1,96.6,,122.5,106.4,115.1,85.1,106.8,,143.6,119.3,97.0,,,92.7,93.1,87.1,88.1,,93.7,,90.7,91.5,91.6,90.3,,96.1,,95.8,94.7,,95.5,118.3,92.9,99.5,,92.8,93.3,86.9,87.0,87.1,86.5,98.0,97.4,101.8,101.8,103.0,107.9,97.3,96.3,96.3,101.7,112.1,103.0,,,,98.7,98.3,,99.5,97.4,84.7,107.8,98.1,92.7,86.5,91.0,107.2,,106.6,90.6,109.2,109.2,82.4,89.2,75.6,57.4,57.4,82.3,85.8,75.0,141.4,236.4,355.4,506.7,259.0,,156.7,596.9,318.1,555.6,,205.7,238.3,305.8,181.3,147.9,107.5,118.0,103.6,103.7,137.0,99.0,160.5,140.7,133.1,127.4,113.4,141.4,123.7,109.9,120.6,106.1,90.8,89.3,91.0,88.0,97.1,94.0,100.7,93.0,103.0,,91.9,119.9,113.7,105.3,88.0,173.0,,122.8,122.5,134.0,114.7,141.5,124.0,155.8,110.7,120.6,,97.8,109.4,137.5,103.0,,88.9,91.4,91.4,84.6,82.4,,98.2,98.2
199602,95.5,96.2,,94.2,,91.1,,,94.8,83.2,85.2,95.7,88.9,,102.9,,84.7,,114.5,137.3,,,,114.5,107.3,95.4,101.4,134.7,118.9,122.9,117.7,,116.7,108.0,123.8,103.6,122.2,113.6,96.7,,122.5,106.3,115.1,85.1,106.8,,143.6,117.7,97.0,,,93.5,94.1,87.2,88.2,,93.8,,90.8,91.5,91.6,90.3,,96.2,,95.8,94.7,,95.5,137.4,92.8,99.4,,92.9,93.4,86.9,87.0,87.1,86.5,98.2,97.6,101.9,101.9,103.0,107.9,97.3,96.5,96.5,101.7,112.0,103.0,,,,98.2,98.4,,99.6,97.5,84.6,107.8,98.0,92.9,86.5,91.0,107.5,,106.6,90.7,109.2,109.2,82.4,89.2,75.6,58.0,58.0,82.3,85.8,75.0,140.9,234.5,352.8,501.4,256.1,,156.5,592.5,315.2,548.9,,205.3,234.6,300.2,179.4,145.9,107.3,117.4,103.5,103.3,136.8,99.0,160.5,140.9,132.7,127.8,113.4,143.0,122.7,110.1,119.7,106.0,90.8,89.3,91.0,88.0,96.8,94.0,100.7,92.9,103.0,,92.4,119.8,113.6,105.4,87.8,172.6,,122.4,122.3,134.1,114.3,140.6,123.5,154.7,110.6,120.3,,97.9,109.2,137.4,102.8,,89.0,91.4,91.4,84.7,82.5,,98.2,98.2
199603,95.5,96.2,,94.1,,90.9,,,94.9,83.8,85.1,95.6,89.1,,103.6,,83.5,,115.1,137.8,,,,114.3,107.5,95.9,99.9,134.9,117.0,119.9,117.5,,116.7,108.3,123.8,103.5,122.3,112.6,96.7,,122.3,106.3,115.1,85.2,106.8,,143.6,117.5,96.6,,,93.6,94.1,87.3,88.3,,93.9,,90.8,91.5,91.6,90.3,,96.6,,95.8,94.8,,95.4,137.4,92.9,99.4,,92.8,93.6,86.9,87.0,87.1,86.5,98.2,97.6,102.0,102.0,103.2,108.1,97.5,96.5,96.5,101.7,112.0,103.0,,,,98.1,98.4,,99.6,97.5,84.9,107.8,97.9,93.0,86.5,91.3,107.3,,106.6,90.8,109.2,109.2,82.5,89.4,75.6,58.4,58.4,82.3,85.8,75.1,140.7,233.7,352.1,509.9,254.5,,156.7,591.2,312.9,551.7,,205.7,233.1,298.1,178.8,144.7,107.3,117.2,103.5,103.4,137.0,99.1,161.1,140.3,133.2,127.0,113.8,141.4,121.2,110.1,119.8,106.1,90.9,89.3,91.5,87.8,97.4,94.0,100.5,92.7,102.8,,92.0,119.9,113.7,105.5,89.1,172.3,,122.3,122.5,134.0,114.9,140.4,124.1,153.7,110.3,120.7,,98.2,107.0,135.7,102.6,,89.0,91.4,91.4,84.7,82.5,,98.2,98.2
199604,95.4,96.2,,94.1,,90.9,,,94.6,83.3,85.2,95.3,89.6,,103.2,,83.2,,115.2,139.3,,,,114.0,107.5,96.0,98.9,134.8,115.8,116.9,118.7,,116.6,107.4,123.9,103.1,122.3,113.6,96.8,,123.1,106.3,115.0,85.1,106.8,,143.6,117.1,96.0,,,93.6,94.2,87.3,88.4,,93.8,,90.9,91.5,91.6,90.3,,96.6,,96.0,94.8,,95.5,137.4,92.6,99.3,,92.9,93.6,87.1,87.2,87.3,86.8,98.4,97.8,102.1,102.1,103.5,108.4,97.7,96.8,96.8,101.9,112.0,102.9,,,,98.2,98.3,,99.9,97.6,85.6,108.6,98.1,93.2,86.6,91.5,107.6,,106.6,91.3,109.2,109.2,82.8,90.0,75.6,60.0,60.0,83.6,86.9,77.1,140.9,233.7,352.1,506.7,254.5,,156.5,595.0,308.0,551.2,,205.1,234.1,296.8,182.6,147.1,107.1,117.4,103.6,103.2,137.4,99.2,161.1,140.2,133.2,126.3,114.5,140.3,120.6,110.5,118.7,106.2,91.1,89.6,91.8,88.0,97.0,94.0,100.6,92.6,102.6,,92.0,120.1,113.6,106.2,89.2,171.9,,122.0,122.7,133.6,115.4,140.0,123.7,153.3,109.9,120.0,,98.0,106.7,135.4,102.6,,90.1,91.8,91.8,86.4,84.1,,98.2,98.2
199605,95.7,96.2,,94.1,,90.7,,,95.2,85.1,85.0,95.6,89.6,,103.8,,84.0,,114.0,139.7,,,,114.3,108.6,97.3,101.5,134.9,115.3,116.6,118.0,,116.7,107.5,123.8,103.7,122.3,113.9,96.8,,123.1,106.2,115.0,85.2,106.7,,143.6,116.9,95.9,,,93.7,94.2,87.5,88.4,,93.7,,91.0,91.6,91.6,90.3,,96.7,,96.0,94.8,,95.3,137.4,92.7,99.3,,93.0,93.6,87.2,87.2,87.3,86.9,98.6,98.0,102.2,102.2,103.7,108.6,97.9,96.8,96.8,102.0,112.0,102.9,,,,98.4,98.1,,99.9,97.6,85.3,108.7,98.1,93.7,86.6,91.5,107.8,,106.6,91.5,109.2,109.2,82.8,90.0,75.6,60.6,60.6,84.0,87.2,77.7,140.7,234.0,352.1,502.9,252.3,,154.8,602.0,305.3,548.9,,204.9,234.4,298.7,182.6,147.1,107.1,117.5,103.7,102.7,137.0,98.1,159.6,140.4,132.3,126.0,114.1,137.9,124.3,110.7,119.0,106.2,91.4,90.2,92.0,87.9,97.2,93.9,100.6,92.7,102.8,,91.6,119.8,113.6,106.1,89.8,170.5,,121.8,122.3,132.9,115.2,139.2,123.1,152.5,110.0,120.2,,98.2,107.6,136.0,102.0,,90.2,91.8,91.8,86.8,84.5,,98.2,98.2
199606,95.8,96.2,,94.1,,90.5,,,95.3,85.9,85.1,95.7,89.7,,103.4,,82.9,,114.4,140.0,,,,114.0,108.6,97.7,100.2,134.7,115.2,116.2,118.2,,116.4,106.4,124.0,101.6,122.3,113.3,96.8,,123.2,106.2,115.0,85.2,106.7,,143.6,116.9,96.5,,,93.6,94.2,87.3,88.4,,93.7,,90.9,91.6,91.6,90.4,,96.7,,96.0,94.8,,95.3,137.4,92.7,99.3,,93.0,93.4,87.2,87.2,87.3,86.9,98.8,98.2,102.2,102.2,103.8,108.7,98.0,97.1,97.1,102.0,111.8,102.9,,,,98.4,98.1,,100.0,97.6,85.4,108.8,98.1,93.9,86.7,91.5,107.8,,106.6,91.5,109.2,109.2,82.8,90.0,75.6,60.8,60.8,84.1,87.3,77.8,140.4,233.3,348.8,496.6,244.6,,154.4,599.4,304.7,545.6,,205.5,234.8,299.3,182.6,147.1,107.3,117.0,104.6,102.7,136.8,99.2,159.5,139.6,133.0,125.8,114.1,137.3,124.3,110.6,119.5,106.0,91.5,90.3,92.0,87.9,97.3,94.0,100.5,93.0,102.9,,91.7,119.2,113.5,106.1,89.5,168.6,,121.5,121.9,132.5,114.9,138.9,121.7,153.0,109.8,119.9,,97.2,108.0,136.5,102.0,,90.3,91.8,91.8,86.8,84.5,,98.2,98.2
199607,95.6,96.2,,94.1,,90.5,,,95.1,85.6,84.6,95.8,90.0,,102.4,,83.6,,112.7,139.3,,,,113.9,108.6,97.7,99.3,134.7,114.1,113.7,119.4,,116.4,106.9,124.0,102.0,121.8,113.1,96.8,,122.2,106.2,114.9,85.2,106.6,,143.6,117.1,96.5,,,93.6,94.2,87.4,88.5,,93.7,,90.9,91.6,91.8,90.4,,96.7,,96.0,94.8,,95.4,137.3,92.7,99.3,,93.0,93.4,87.2,87.2,87.3,86.9,98.8,98.3,102.3,102.3,103.8,108.7,98.0,97.2,97.2,101.9,112.0,103.0,,,,98.1,98.1,,99.8,97.6,85.4,109.1,97.2,93.9,86.7,91.5,107.9,,106.6,92.2,110.7,110.7,83.2,90.6,75.6,60.9,60.9,84.4,87.4,78.7,140.2,232.3,346.2,488.1,240.0,,154.9,596.9,303.0,540.5,,205.3,233.6,297.1,182.6,147.1,107.3,116.9,104.3,102.8,136.3,99.8,159.5,138.7,132.2,125.3,114.0,136.6,124.3,110.5,118.6,106.0,91.6,90.6,92.2,87.9,97.6,94.0,100.4,92.4,103.1,,91.8,119.2,113.5,105.8,88.1,170.0,,121.3,121.4,132.1,114.2,137.9,121.3,151.5,110.2,121.1,,96.6,109.2,136.8,102.4,,90.6,91.8,91.8,87.2,84.9,,98.2,98.2
199608,95.9,96.2,,94.1,,90.9,,,95.4,86.7,84.6,95.8,89.3,,103.2,,83.7,,114.1,139.6,,,,114.3,108.6,97.7,97.9,134.8,115.7,116.6,119.1,,116.5,107.5,123.8,103.7,121.4,112.5,96.8,,122.0,106.2,114.9,85.2,106.6,,143.6,117.1,96.0,,,93.6,94.2,87.4,88.6,,93.8,,90.9,91.6,91.8,90.4,,96.7,,96.0,95.0,,95.4,137.1,92.8,99.4,,93.0,93.4,87.2,87.2,87.3,86.9,99.0,98.4,102.4,102.4,103.9,108.8,98.1,97.3,97.3,101.9,112.3,103.9,,,,98.2,97.2,,99.8,97.7,85.3,109.1,97.1,94.0,86.7,91.5,107.8,,106.6,92.2,110.7,110.7,83.2,90.7,75.6,60.8,60.8,84.4,87.4,78.8,139.7,230.8,342.9,484.9,237.6,,154.3,586.8,301.1,536.1,,204.5,231.9,294.7,182.6,147.1,107.4,117.4,104.3,102.7,136.2,99.9,159.5,138.7,131.9,125.2,114.7,136.0,124.3,110.7,118.3,106.2,91.8,91.2,92.6,87.6,97.6,94.0,100.2,92.2,102.9,,92.2,119.8,113.4,106.0,88.0,172.1,,120.4,121.0,131.3,114.2,136.5,121.2,149.2,109.3,120.3,,95.9,107.9,134.9,102.2,,90.6,91.8,91.8,87.2,84.9,,98.2,98.2
199609,95.8,96.2,,94.2,,90.4,,,95.4,87.2,85.3,95.8,89.7,,104.8,,83.0,,114.4,135.1,,,,114.3,109.0,97.8,100.6,135.2,115.1,116.0,118.4,,116.6,107.4,124.1,103.7,121.8,112.5,96.8,,122.1,106.2,114.9,85.0,106.6,,143.6,116.8,96.9,,,93.7,94.2,87.5,88.7,,93.8,,90.9,91.6,91.8,90.4,,96.7,,96.0,95.0,,95.4,137.1,92.8,99.4,,93.0,93.4,87.3,87.3,87.4,87.0,99.1,98.6,102.5,102.5,103.9,108.8,98.1,97.5,97.5,101.9,112.4,103.9,,,,98.2,97.2,,99.8,97.8,85.2,109.3,97.0,94.0,86.7,91.6,107.7,,106.6,92.2,110.7,110.7,83.2,90.7,75.6,61.0,61.0,84.5,87.4,78.9,139.7,229.9,339.9,481.7,232.8,,155.1,578.6,299.1,533.3,,204.7,231.7,293.7,182.6,147.1,107.4,117.2,104.4,102.4,136.6,99.4,159.5,139.0,133.1,126.7,114.8,136.7,131.9,110.8,118.8,106.1,92.0,91.5,92.7,87.6,97.7,93.9,100.1,91.6,102.9,,92.1,119.4,113.1,106.2,88.0,170.5,,120.7,120.5,130.8,113.7,136.8,122.0,149.0,109.9,120.5,,96.8,107.0,136.9,102.1,,90.6,91.8,91.8,87.2,84.9,,98.2,98.2
199610,96.0,96.2,,94.2,,90.5,,,95.5,87.5,84.9,96.1,89.6,,104.1,,83.8,,114.5,139.1,,,,114.0,108.3,97.8,97.1,134.0,114.3,115.3,117.2,,116.6,108.0,123.9,101.2,122.0,113.4,96.8,,122.8,106.1,114.9,85.1,106.6,,143.6,116.4,96.3,,,93.7,94.2,87.5,88.7,,93.7,,90.9,91.7,91.8,90.4,,96.7,,95.9,95.0,,95.5,137.1,92.8,99.4,,93.0,93.4,87.3,87.3,87.4,87.0,99.2,98.7,102.6,102.6,104.1,109.1,98.3,97.6,97.6,102.0,112.6,104.1,,,,98.4,97.2,,99.8,98.0,85.3,109.3,97.0,94.0,86.8,91.6,107.7,,106.7,92.6,111.2,111.2,83.5,91.3,75.6,61.1,61.1,84.7,87.5,78.9,139.3,228.4,338.5,470.5,231.8,,154.9,577.3,299.1,529.3,,204.7,228.8,291.6,179.6,141.7,107.1,117.0,103.1,102.4,136.2,98.8,158.5,138.7,133.1,127.1,114.2,138.2,131.2,111.1,119.0,106.1,92.1,91.9,92.6,87.5,98.1,93.9,100.0,91.8,102.8,,91.9,119.2,113.1,106.5,88.3,169.3,,119.9,119.9,129.6,113.5,135.7,120.8,147.7,109.4,120.5,,97.7,105.8,134.3,101.9,,90.6,91.8,91.8,87.2,84.9,,98.2,98.2
199611,96.0,96.2,,94.2,,90.5,,,95.5,87.7,85.2,96.5,89.5,,105.4,,84.0,,113.7,136.8,,,,114.0,108.8,98.2,97.6,134.5,113.0,113.6,116.6,,116.8,107.8,124.1,103.0,122.4,113.4,96.8,,122.8,106.2,114.9,85.1,106.7,,143.6,116.4,96.2,,,93.7,94.3,87.6,88.7,,93.8,,91.0,91.6,92.0,90.4,,96.7,,95.9,95.0,,95.5,136.7,92.9,99.3,,93.1,93.5,87.3,87.3,87.4,87.0,99.2,98.8,102.6,102.6,104.0,108.9,98.2,97.7,97.7,102.0,112.5,104.1,,,,98.3,97.0,,99.9,98.1,85.4,109.3,97.0,94.1,86.8,91.6,107.7,,106.7,92.8,111.2,111.2,83.5,91.4,75.7,63.0,63.0,84.9,87.8,78.9,139.2,227.7,336.6,466.8,230.7,,156.5,571.0,297.5,528.2,,204.3,227.0,289.1,178.6,142.3,107.5,117.1,104.1,103.5,136.2,99.0,158.7,138.4,133.2,126.9,114.2,138.2,129.1,111.1,119.3,106.1,92.2,91.9,92.8,87.5,98.0,93.9,100.1,92.1,103.1,,91.9,119.3,113.0,106.6,89.5,168.9,,119.5,119.3,129.3,112.7,134.9,120.2,147.0,109.4,120.3,,97.8,104.7,134.2,101.7,,90.6,91.8,91.8,87.2,84.9,,98.2,98.2
199612,96.2,96.6,,94.6,,90.7,,,95.5,87.6,85.2,96.4,89.6,,103.9,,83.0,,114.0,138.9,,,,113.9,108.6,98.1,98.3,133.6,112.8,113.3,116.7,,116.8,108.6,124.1,101.2,122.2,113.2,96.8,,122.8,106.1,114.9,85.1,106.6,,143.6,116.3,96.4,,,92.9,93.3,87.6,88.7,,93.9,,91.0,91.8,92.1,90.5,,96.7,,96.0,95.1,,95.5,117.3,92.9,99.2,,93.1,93.6,87.3,87.3,87.4,87.0,99.3,98.8,102.7,102.7,104.1,109.1,98.3,97.8,97.8,101.9,111.5,102.4,,,,98.6,96.9,,99.9,98.3,86.0,109.6,97.0,94.2,86.8,91.7,107.7,,106.7,93.0,111.2,111.2,83.8,91.4,76.0,64.4,64.4,84.9,87.8,78.9,138.6,226.2,334.4,464.1,229.4,,156.2,563.4,296.8,526.6,,204.3,225.1,285.0,178.8,140.8,107.3,116.0,103.9,103.5,135.7,99.2,158.5,137.4,132.7,126.2,114.8,137.0,127.6,111.1,119.0,106.1,92.3,92.3,92.9,87.4,98.0,93.9,100.1,92.5,102.9,,92.0,119.3,112.8,106.6,90.0,168.6,,119.0,119.0,128.0,113.0,134.2,119.4,146.2,109.0,119.9,,98.1,106.3,133.6,101.1,,90.6,91.8,91.8,87.2,84.9,,98.2,98.2
199701,96.3,96.7,,94.7,,90.8,,,95.6,87.3,85.2,96.4,89.6,,104.2,,84.0,,112.2,140.1,,,,113.9,108.8,98.3,98.2,134.0,112.4,112.5,116.5,,116.8,108.4,123.9,103.7,121.8,113.3,96.9,,122.6,106.1,114.9,85.1,106.6,,143.6,116.4,96.4,,,93.8,94.3,87.7,89.0,,93.9,,91.1,91.8,92.0,90.6,,97.0,,96.1,95.1,,95.6,136.4,92.9,99.2,,93.2,93.6,87.3,87.3,87.4,87.0,99.3,98.9,102.8,102.8,103.9,108.8,98.1,97.9,97.9,102.2,112.3,103.6,,,,98.6,96.9,,100.1,98.5,86.2,109.8,97.5,94.2,86.9,91.7,107.7,,106.7,93.5,111.4,111.4,84.8,91.7,77.9,64.6,64.6,84.9,87.8,79.0,138.0,225.0,332.6,467.9,227.0,,156.5,559.0,295.8,524.3,,204.3,222.9,282.6,175.4,140.6,107.4,116.0,104.3,103.9,135.3,99.3,158.5,137.3,131.5,125.1,114.2,136.4,123.4,110.9,117.6,105.5,92.3,92.3,92.6,87.4,98.2,93.9,100.1,92.8,102.8,,92.6,117.5,112.1,106.3,89.6,162.9,,119.0,119.1,128.9,112.6,133.3,118.7,145.2,109.4,120.0,,97.7,105.8,135.3,101.1,,90.6,91.9,91.9,87.2,84.9,,98.2,98.2
199702,96.3,96.7,,94.7,,90.9,,,95.7,89.0,85.2,96.5,89.5,,104.6,,82.7,,112.8,140.4,,,,114.0,108.7,98.4,96.2,134.0,113.4,113.9,117.3,,116.8,108.0,123.8,103.8,121.7,114.0,96.9,,123.2,106.1,114.9,85.0,106.5,,143.6,116.1,95.8,,,93.8,94.3,87.7,89.0,,94.0,,91.1,91.8,92.0,90.6,,97.0,,96.0,95.1,,95.6,136.7,92.9,99.2,,93.2,93.6,87.3,87.3,87.4,87.0,99.4,99.0,102.8,102.8,104.0,108.9,98.2,98.0,98.0,102.3,112.3,103.7,,,,98.4,96.9,,100.3,98.5,86.3,109.8,97.8,94.2,86.9,91.9,107.9,,106.8,93.7,111.4,111.4,85.5,91.7,79.2,65.0,65.0,84.9,87.9,79.0,137.6,224.3,330.0,463.6,222.1,,154.6,554.0,295.8,521.0,,203.9,222.4,284.4,171.6,138.3,107.8,116.0,106.4,104.1,134.9,99.1,158.5,137.3,130.4,124.7,114.4,135.9,122.0,110.9,117.5,105.1,92.2,92.3,92.5,87.4,98.3,93.4,100.0,92.7,102.5,,92.9,117.0,112.3,106.5,89.0,160.8,,118.5,118.6,128.5,111.9,132.5,117.9,144.3,109.2,119.3,,97.7,105.6,134.7,101.3,,90.6,91.9,91.9,87.2,84.9,,98.2,98.2
199703,95.7,95.7,,93.5,,90.7,,,95.5,88.9,85.2,96.5,89.6,,104.3,,83.1,,111.8,136.6,,,,114.0,108.9,98.4,97.1,134.4,113.0,112.6,117.8,,116.8,108.5,123.9,102.1,121.7,112.8,97.0,,123.3,106.1,114.9,85.0,106.6,,143.6,115.8,95.1,,,93.8,94.3,87.9,89.1,,93.3,,91.2,91.8,92.0,90.6,,97.0,,96.0,95.1,,95.8,136.4,91.9,99.5,,93.2,93.6,87.3,87.3,87.4,87.0,99.5,99.1,102.8,102.8,104.0,108.9,98.2,98.0,98.0,102.4,112.3,103.8,,,,98.1,96.8,,100.4,98.5,86.5,109.9,97.9,94.3,86.9,92.1,108.1,,106.8,93.8,111.4,111.4,85.6,91.7,79.5,65.0,65.0,84.9,87.9,79.0,137.6,224.5,331.1,467.9,220.8,,153.6,555.9,295.5,531.6,,203.7,221.7,283.2,171.4,139.0,107.9,116.6,106.4,103.8,134.4,99.1,157.9,136.6,129.8,124.1,114.1,135.3,120.5,111.5,117.8,105.5,93.0,92.3,92.6,92.1,98.1,93.4,99.8,92.3,102.4,,92.3,117.2,112.3,106.9,89.4,160.5,,118.4,117.7,127.2,111.4,132.2,118.3,143.5,109.4,119.6,,97.8,104.5,134.6,102.1,,90.6,91.9,91.9,87.3,85.0,,98.2,98.2
199704,98.4,98.1,,96.0,,92.9,,,98.3,92.6,87.4,99.0,91.6,,107.2,,85.2,,115.1,141.9,,,,116.0,110.7,100.4,98.3,136.0,115.9,115.8,120.6,,118.6,111.3,124.5,103.8,122.0,114.2,99.7,,125.0,107.7,116.9,86.4,108.1,,146.1,115.2,96.6,,,96.4,97.0,91.6,91.7,,96.1,,93.8,94.2,95.0,93.1,,99.9,,99.1,97.7,,98.0,139.8,95.0,101.7,,95.9,95.8,89.3,89.3,89.4,89.2,99.9,99.3,103.0,103.0,104.2,109.2,98.4,98.3,98.3,104.3,114.3,105.4,,,,100.0,98.8,,102.2,100.5,88.8,113.3,100.0,96.9,89.6,94.7,110.1,,106.8,95.6,113.6,113.6,87.1,93.9,80.3,65.8,65.8,87.0,90.6,79.9,140.4,229.9,338.8,484.3,222.7,,158.0,579.2,298.1,538.3,,207.2,227.8,292.2,175.8,140.5,110.2,118.7,109.6,106.1,137.0,100.2,160.6,139.7,132.3,126.2,115.9,137.9,120.5,113.8,120.1,107.6,95.2,94.5,94.3,95.9,100.0,95.3,101.9,95.2,104.0,,94.6,119.1,114.5,109.6,91.5,161.2,,120.5,120.2,130.3,113.4,134.5,120.6,145.7,111.3,121.4,,99.8,105.1,136.8,104.0,,93.2,92.6,92.6,90.5,88.1,,100.0,100.0
199705,98.4,97.9,,95.7,,92.6,,,98.3,91.7,87.8,99.1,92.3,,106.5,,85.1,,115.9,142.3,,,,116.2,111.4,100.7,99.8,137.0,116.7,117.4,120.5,,118.4,111.0,124.4,103.4,121.7,115.3,99.7,,123.9,107.7,116.9,86.4,108.2,,146.2,115.1,96.3,,,96.5,97.1,91.8,92.3,,96.1,,94.0,94.7,95.1,93.5,,100.1,,99.3,98.0,,97.9,138.2,95.2,101.9,,96.1,96.0,89.6,89.5,89.6,89.5,100.2,99.4,103.2,103.2,104.3,109.3,98.5,98.5,98.5,104.5,114.3,105.3,,,,100.1,98.5,,102.5,100.7,89.3,113.4,100.3,97.0,89.7,94.9,110.4,,106.9,96.5,114.7,114.7,88.0,94.8,81.2,65.7,65.7,87.8,91.3,80.6,140.3,229.6,338.8,476.9,220.3,,157.5,584.9,296.5,540.5,,206.8,227.3,290.9,175.8,140.5,110.0,118.6,108.6,106.3,136.4,100.2,160.3,138.7,131.2,127.1,116.9,137.4,125.7,113.6,120.6,107.4,95.9,95.4,95.3,96.2,100.6,95.3,102.2,95.8,104.3,,94.6,118.0,114.7,109.6,91.1,156.8,,119.9,119.9,129.6,113.5,133.3,119.9,144.2,110.8,121.6,,100.0,105.0,136.0,102.8,,93.2,92.5,92.5,90.5,88.2,,100.0,100.0
199706,98.8,98.3,,96.1,,92.7,,,98.7,92.5,87.8,98.9,92.5,,107.4,,84.7,,117.3,143.7,,,,116.0,110.9,100.6,97.6,136.4,116.9,116.6,121.9,,118.1,110.5,124.4,102.8,121.1,115.4,99.7,,123.7,107.8,117.0,86.5,108.3,,146.2,115.0,97.6,,,96.6,97.2,92.1,92.5,,96.2,,94.0,94.9,95.1,93.7,,99.9,,99.4,98.1,,97.9,138.2,95.2,102.0,,96.2,96.1,89.6,89.6,89.6,89.5,100.4,99.7,103.3,103.3,104.3,109.3,98.5,98.8,98.8,104.6,114.2,105.3,,,,100.1,98.4,,102.6,100.8,89.7,113.3,100.3,97.0,89.7,94.9,110.5,,107.0,96.8,114.7,114.7,88.1,94.8,81.4,65.4,65.4,89.2,92.7,82.4,140.0,228.7,334.8,458.8,220.0,,157.8,578.0,293.8,525.4,,205.7,228.3,293.1,175.8,140.5,109.9,118.8,108.7,105.5,136.7,99.9,159.6,139.7,131.4,126.7,117.2,136.4,125.7,113.2,121.2,106.8,95.9,95.3,95.3,96.5,100.5,95.3,102.2,96.2,104.3,,94.3,116.7,114.6,109.8,90.2,152.0,,119.5,119.3,129.1,112.8,133.7,120.1,144.7,110.0,121.3,,99.0,105.3,134.3,102.4,,93.6,92.5,92.5,91.1,88.8,,100.0,100.0
199707,98.8,98.7,,96.7,,92.9,,,98.4,91.7,88.2,99.3,92.3,,106.1,,85.3,,114.8,140.4,,,,116.5,111.2,100.9,99.0,136.1,119.6,119.5,124.2,,118.2,110.0,124.1,102.8,120.8,120.5,100.0,,124.3,107.8,117.0,86.5,108.3,,146.2,115.0,97.7,,,96.7,97.3,92.2,92.6,,96.2,,94.0,95.0,95.2,93.9,,99.9,,99.4,98.2,,97.9,138.2,95.0,102.0,,96.4,96.1,89.6,89.6,89.6,89.5,100.4,99.7,103.3,103.3,104.3,109.3,98.5,98.8,98.8,104.6,113.7,104.5,,,,100.1,98.4,,102.6,100.9,89.7,113.4,100.3,97.2,89.9,95.0,110.5,,107.2,97.2,115.2,115.2,88.8,96.0,81.4,65.3,65.3,89.3,92.7,82.6,139.7,228.2,333.0,442.3,219.5,,157.0,573.5,294.2,523.2,,205.9,228.0,292.8,175.8,140.5,109.9,118.7,108.6,105.6,136.0,100.1,159.5,139.4,130.4,126.3,114.9,136.3,125.7,113.3,120.9,107.2,96.0,95.5,95.7,96.3,100.4,95.3,102.4,96.9,104.9,,94.0,117.2,114.5,109.8,90.5,153.8,,119.4,118.8,127.8,112.7,133.1,121.0,142.8,110.4,121.7,,98.9,106.9,134.5,103.5,,93.7,92.5,92.5,91.2,88.8,,100.0,100.0
199708,99.1,99.1,,97.0,,93.5,,,98.7,91.9,88.7,98.9,92.7,,106.5,,85.2,,115.0,143.7,,,,117.0,111.2,101.0,99.3,135.9,122.0,123.3,124.8,,118.2,110.3,123.9,102.8,121.5,117.6,100.0,,124.3,107.8,117.0,86.5,108.2,,146.2,114.0,98.9,,,96.7,97.3,92.3,92.7,,96.2,,94.1,95.1,95.4,93.9,,99.9,,99.4,98.2,,98.0,138.2,95.0,102.1,,96.4,96.2,89.6,89.6,89.6,89.5,100.5,99.8,103.3,103.3,104.3,109.3,98.5,98.9,98.9,104.8,114.3,105.3,,,,100.3,98.5,,102.7,100.9,89.7,113.3,100.4,97.2,90.0,95.3,110.6,,107.5,97.2,115.2,115.2,88.8,96.0,81.4,65.2,65.2,89.3,92.7,82.7,139.0,225.8,328.9,442.9,216.8,,156.8,560.9,292.2,515.9,,205.7,224.9,287.2,175.8,140.5,109.7,118.3,107.9,105.5,135.5,99.7,159.0,139.3,130.0,126.7,115.0,137.4,125.7,113.1,120.9,107.1,96.0,95.6,95.4,96.4,100.6,94.8,102.4,97.2,105.2,,94.0,116.9,114.6,109.7,88.1,154.1,,118.3,117.4,126.2,111.5,131.3,119.2,141.0,109.9,120.9,,98.0,107.4,134.5,102.9,,93.7,92.5,92.5,91.2,88.8,,100.0,100.0
199709,98.9,99.1,,97.0,,93.4,,,98.4,91.7,88.4,99.2,92.9,,106.9,,84.7,,114.0,140.8,,,,116.8,111.5,101.2,98.8,136.3,120.1,120.8,123.6,,118.2,110.8,124.1,101.7,120.8,119.9,100.0,,123.4,107.7,117.0,86.5,108.1,,146.1,113.3,98.9,,,96.2,96.8,92.6,92.9,,96.3,,94.2,95.3,95.5,94.1,,99.9,,99.6,98.4,,98.0,125.4,95.1,102.1,,96.5,96.2,89.7,89.7,89.8,89.6,100.5,99.8,103.3,103.3,104.3,109.3,98.5,99.0,99.0,104.8,114.3,105.4,,,,100.2,98.6,,102.8,100.9,89.8,113.4,100.4,97.4,90.1,95.4,110.7,,107.6,97.2,115.2,115.2,88.8,96.0,81.4,65.1,65.1,89.3,92.7,82.7,139.2,225.3,326.7,421.6,215.7,,156.8,556.5,289.6,510.3,,206.6,225.8,288.8,175.8,140.5,109.4,118.8,107.9,105.1,136.0,99.6,158.8,139.4,131.4,127.8,115.5,137.4,131.7,113.3,121.0,107.2,96.2,95.9,96.2,96.8,100.7,94.8,102.3,96.7,104.9,,94.1,116.9,114.3,110.0,89.0,153.6,,118.4,117.1,125.7,111.4,131.3,119.3,141.0,110.5,121.4,,98.9,105.0,134.9,103.5,,93.6,92.5,92.5,91.2,88.8,,100.0,100.0
199710,98.7,99.0,,97.0,,93.2,,,98.1,90.4,88.9,99.1,92.7,,106.5,,85.7,,112.8,138.9,,,,117.5,111.4,101.1,96.1,136.7,123.8,126.4,124.9,,118.5,110.3,124.0,103.2,121.8,121.2,100.0,,124.2,106.8,116.9,91.6,108.1,,120.2,112.7,98.0,,,96.9,97.5,92.5,93.0,,96.5,,94.3,95.3,95.3,94.1,,99.8,,99.6,98.5,,97.9,138.2,95.1,102.1,,96.6,96.2,89.7,89.7,89.8,89.6,100.6,99.9,103.3,103.3,104.6,109.6,98.8,99.0,99.0,104.9,114.0,105.0,,,,99.9,98.2,,103.0,101.0,89.8,114.8,100.4,97.3,90.1,95.4,110.7,,107.9,97.1,115.0,115.0,88.9,96.2,81.4,64.4,64.4,89.4,92.8,82.7,138.7,223.8,324.5,409.9,216.0,,158.3,550.2,288.6,502.5,,207.6,222.9,287.8,168.8,130.2,109.2,118.6,108.0,105.5,136.0,99.7,159.0,139.9,131.1,127.0,115.5,136.0,131.1,113.7,120.6,107.3,96.3,96.0,96.3,96.7,100.7,94.8,102.3,96.8,105.1,,94.1,117.4,114.3,110.1,91.2,154.1,,117.9,116.4,124.4,111.1,130.5,119.3,139.2,110.4,121.3,,99.8,106.6,134.3,102.7,,93.7,92.6,92.6,91.2,88.8,,100.0,100.0
199711,98.5,98.8,,96.7,,93.3,,,97.9,90.8,89.0,98.8,93.0,,104.6,,84.7,,113.7,138.0,,,,117.3,111.6,101.2,98.1,136.8,122.7,123.9,125.6,,118.5,111.1,123.8,102.8,121.5,120.5,100.0,,124.4,106.8,116.9,91.8,108.1,,119.8,112.6,96.6,,,96.9,97.5,92.6,93.1,,96.5,,94.2,95.3,95.3,94.2,,99.8,,99.7,98.9,,98.0,138.2,95.1,102.0,,96.6,96.3,89.7,89.7,89.8,89.6,100.6,99.9,103.3,103.3,104.5,109.5,98.7,99.0,99.0,104.9,113.8,104.8,,,,99.9,98.2,,103.0,101.1,89.8,114.8,100.4,97.3,90.1,95.4,110.7,,108.1,97.0,115.0,115.0,88.8,96.2,81.4,63.4,63.4,89.4,92.8,82.7,138.4,222.9,322.3,404.6,216.0,,157.5,544.5,286.3,496.3,,207.0,222.2,286.0,168.2,131.6,109.4,118.3,109.4,105.7,136.0,99.7,158.8,139.6,131.4,126.3,113.8,135.6,129.2,113.7,121.0,107.1,96.3,96.1,96.6,96.8,100.7,94.8,102.2,96.8,105.1,,94.0,116.7,114.0,110.1,91.3,151.5,,117.5,116.0,124.0,110.7,130.6,119.3,139.5,109.6,120.0,,99.7,108.6,131.7,103.2,,93.7,92.6,92.6,91.2,88.8,,100.0,100.0
199712,98.9,98.9,,96.7,,93.7,,,98.5,90.5,88.9,99.6,92.4,,105.8,,85.7,,114.9,141.6,,,,117.3,111.4,101.3,97.5,136.1,123.6,125.7,125.3,,118.2,110.1,123.9,102.5,121.5,118.4,100.0,,124.7,106.8,116.9,91.8,108.1,,119.8,112.7,99.3,,,96.3,96.9,92.6,93.1,,96.6,,94.3,95.4,95.5,94.3,,100.0,,99.7,99.0,,98.0,125.4,95.0,102.1,,96.6,96.4,89.7,89.7,89.8,89.6,100.7,100.0,103.3,103.3,104.6,109.6,98.8,99.1,99.1,104.9,113.2,104.0,,,,99.9,98.2,,103.1,101.0,90.0,114.8,100.4,97.5,90.1,95.5,110.7,,108.3,96.9,115.0,115.0,88.9,96.2,81.4,62.7,62.7,89.4,92.8,82.7,137.9,221.4,320.5,396.6,219.7,,158.1,538.2,283.0,485.1,,206.1,219.5,282.9,166.0,129.3,109.2,118.2,108.8,105.4,135.7,99.7,159.0,139.0,131.1,126.0,113.1,135.3,127.7,113.6,121.0,106.6,96.1,95.8,96.7,96.4,100.2,94.9,102.2,97.1,104.8,,94.5,116.0,113.5,109.8,91.3,149.4,,117.2,114.8,121.8,110.3,129.1,119.6,136.5,110.4,120.2,,100.2,109.1,134.2,103.3,,93.7,92.6,92.6,91.2,88.8,,100.0,100.0
199801,98.8,99.0,,96.8,,93.8,,,98.3,90.5,89.3,99.5,92.7,,106.2,,86.2,,112.7,141.6,,,,117.5,111.5,101.6,95.7,136.3,123.5,125.3,125.7,,118.4,110.3,124.1,102.9,121.1,120.1,100.0,,124.3,106.8,116.9,91.8,108.1,,119.8,112.2,97.8,,,96.4,97.0,92.7,93.3,,96.6,,94.6,95.4,95.1,94.7,,100.0,,99.6,99.0,,98.0,125.4,95.1,102.1,,96.6,96.5,89.7,89.7,89.8,89.6,100.8,100.2,103.4,103.4,104.6,109.6,98.8,99.3,99.3,104.9,113.2,104.0,,,,99.9,98.2,,103.1,101.1,90.1,114.6,100.4,97.6,90.2,95.5,110.4,,108.5,96.4,114.1,114.1,88.4,95.2,81.4,62.2,62.2,89.4,92.8,82.7,137.4,219.9,318.6,381.2,219.2,,157.5,538.8,281.4,477.3,,205.9,216.8,279.5,163.5,127.4,108.9,118.3,109.3,105.0,135.2,99.9,159.0,139.0,129.4,124.9,113.8,134.0,124.2,113.6,120.8,106.8,96.5,96.2,97.0,96.6,100.9,94.5,102.1,97.1,104.9,,94.3,116.1,113.6,110.2,91.4,149.2,,116.9,114.7,122.0,109.9,128.5,118.9,136.0,110.2,120.2,,100.2,109.0,133.4,103.3,,93.8,92.6,92.6,91.5,89.1,,100.0,100.0
199802,98.8,98.9,,96.8,,93.7,,,98.3,90.8,89.5,99.7,92.5,,106.2,,85.6,,113.1,142.2,,,,117.5,111.7,101.5,98.3,136.6,123.3,125.3,125.1,,118.4,109.7,124.3,104.3,121.4,120.2,100.0,,124.5,106.8,116.9,91.8,108.1,,119.9,112.1,99.2,,,96.5,97.0,92.8,93.4,,96.7,,94.6,95.6,95.5,94.8,,100.2,,99.6,99.3,,98.0,125.4,95.0,102.1,,96.7,96.4,89.7,89.7,89.8,89.6,100.9,100.2,103.5,103.5,104.6,109.6,98.8,99.3,99.3,105.0,113.2,104.0,,,,99.9,98.2,,103.2,101.1,90.1,114.6,100.5,97.7,90.2,95.5,110.6,,108.7,94.6,109.3,109.3,88.4,95.2,81.5,61.7,61.7,89.4,92.8,82.7,137.2,218.7,316.0,384.4,218.4,,156.5,530.0,279.7,467.2,,204.9,215.1,277.3,162.0,125.7,108.9,118.2,109.1,105.1,135.2,99.9,158.8,139.0,129.4,123.9,113.5,133.3,120.1,112.9,121.2,106.8,96.5,96.2,96.6,96.7,101.0,94.7,102.0,97.1,104.9,,93.8,116.2,113.2,110.0,91.8,149.7,,117.3,114.4,121.3,110.1,129.4,119.1,137.7,110.5,119.9,,100.2,109.7,134.3,103.8,,93.8,92.6,92.6,91.5,89.1,,100.0,100.0
199803,98.9,98.9,,96.7,,93.8,,,98.5,89.4,90.0,100.1,92.5,,106.9,,86.3,,115.0,141.6,,,,117.5,111.6,101.4,97.3,136.6,124.4,127.1,125.4,,118.0,109.5,123.8,102.4,121.5,120.2,100.0,,124.1,106.7,116.8,91.7,108.0,,119.9,110.2,97.2,,,96.1,96.7,92.8,93.5,,96.9,,94.8,95.6,95.5,94.8,,100.1,,99.7,99.4,,97.9,117.3,95.3,102.1,,96.7,96.5,89.7,89.7,89.8,89.6,100.9,100.3,103.6,103.6,104.6,109.6,98.8,99.4,99.4,105.0,113.1,104.0,,,,99.8,97.2,,103.2,101.2,90.1,114.7,100.5,97.7,90.3,95.5,110.7,,108.9,94.4,109.3,109.3,88.4,95.2,81.5,60.5,60.5,89.4,92.8,82.7,137.0,218.3,316.0,390.2,219.7,,157.0,530.6,278.7,466.1,,203.2,213.4,275.4,159.7,124.9,109.0,117.8,108.9,105.7,134.8,99.6,158.2,138.4,129.4,123.6,113.3,133.1,118.1,113.2,121.6,107.2,97.3,96.4,96.8,101.2,100.9,94.8,101.9,97.1,104.7,,93.5,116.4,113.5,109.9,92.3,150.3,,117.2,114.4,121.0,110.3,129.0,119.1,136.7,110.7,119.7,,100.2,107.1,135.3,103.9,,93.9,92.6,92.6,91.5,89.2,,100.0,100.0
199804,99.0,99.0,,96.8,,94.1,,,98.6,89.1,89.9,99.7,92.9,,108.9,,86.0,,115.0,140.8,,,,118.0,111.9,101.8,96.9,136.8,123.4,125.7,124.9,,119.3,109.6,126.0,104.2,124.1,120.9,100.0,,124.8,106.8,116.6,91.8,108.0,,119.8,112.3,97.2,,,96.7,97.1,92.9,93.6,,96.9,,94.8,95.8,95.8,94.9,,100.1,,99.7,99.3,,97.9,125.4,95.1,102.1,,96.7,96.5,91.1,91.2,91.2,90.9,100.7,100.0,103.6,103.6,100.1,104.9,94.6,99.2,99.2,105.0,112.8,103.7,,,,99.8,97.2,,103.3,101.0,90.0,114.7,100.4,98.0,90.3,95.9,110.5,,109.0,94.5,109.3,109.3,88.1,94.8,81.4,59.8,59.8,90.4,93.7,84.0,137.0,217.8,314.9,392.4,219.7,,158.3,525.5,282.7,456.0,,201.8,213.6,272.3,164.6,128.1,108.9,117.5,108.9,105.2,134.9,99.8,157.6,138.0,129.9,123.0,113.8,131.6,117.5,113.0,122.0,107.3,97.6,96.5,96.6,102.3,100.9,94.8,101.9,97.5,104.6,,93.6,116.3,113.4,110.3,91.2,150.1,,116.9,114.3,121.0,110.1,128.2,119.1,135.5,110.6,120.3,,100.0,108.5,134.9,103.4,,95.3,93.4,93.4,93.6,91.2,,100.0,100.0
199805,98.8,98.9,,96.7,,93.8,,,98.4,89.0,90.4,99.8,93.2,,109.0,,85.3,,113.8,142.3,,,,118.4,112.2,102.3,96.2,137.1,124.6,127.6,125.3,,119.5,108.5,127.2,104.5,125.9,119.8,100.0,,124.5,106.7,116.6,96.0,108.0,,111.7,112.5,96.7,,,96.7,97.2,93.0,93.7,,96.9,,94.9,95.7,95.8,94.9,,100.1,,99.8,99.1,,97.9,125.4,95.1,102.1,,97.0,96.5,91.1,91.2,91.3,90.9,100.8,100.1,103.6,103.6,99.4,104.2,93.9,99.3,99.3,104.9,112.0,102.4,,,,99.3,97.5,,103.3,101.0,90.1,114.4,100.4,98.2,90.4,95.9,110.5,,109.2,94.5,109.3,109.3,88.1,94.8,81.4,59.6,59.6,90.4,93.7,84.0,137.2,218.3,316.0,398.2,218.9,,159.5,530.0,285.0,457.7,,200.6,213.4,272.0,164.6,128.1,108.9,117.5,109.2,104.8,134.4,99.6,155.5,137.0,130.0,124.0,113.7,131.3,125.0,113.0,121.9,107.4,97.9,96.9,96.5,103.3,100.5,94.6,102.0,97.7,104.6,,93.8,116.3,113.2,110.5,91.7,149.9,,116.8,114.8,121.4,110.4,128.4,118.4,136.3,109.9,119.6,,99.1,108.3,133.4,104.0,,95.3,93.4,93.4,93.6,91.2,,100.0,100.0
199806,98.9,99.3,,97.2,,93.9,,,98.2,87.9,90.4,100.1,92.5,,107.2,,86.3,,114.8,141.8,,,,118.9,112.6,102.1,97.1,138.9,124.6,127.7,125.0,,120.2,109.6,128.3,103.7,127.3,119.6,100.1,,125.3,106.7,116.6,96.3,107.9,,111.4,112.7,96.5,,,96.8,97.2,93.0,93.8,,96.9,,95.0,95.7,95.8,94.9,,100.0,,99.8,99.1,,98.1,125.4,95.1,102.1,,97.0,96.5,91.2,91.2,91.3,90.9,100.8,100.2,103.7,103.7,99.3,104.1,93.8,99.4,99.4,104.3,111.8,102.1,,,,99.3,97.5,,102.6,101.0,90.1,114.4,100.4,98.2,90.4,95.9,110.4,,105.8,94.6,109.3,109.3,88.0,94.8,81.3,59.4,59.4,90.8,93.7,85.3,136.9,217.8,314.9,394.5,217.9,,159.9,527.4,287.6,451.0,,200.1,213.9,273.3,164.6,128.1,108.5,117.4,108.2,104.5,134.2,100.4,154.0,137.0,129.9,124.3,113.0,132.4,125.0,113.2,121.5,107.1,97.9,96.9,96.3,103.7,100.6,94.6,101.8,98.0,104.5,,93.2,115.7,113.1,110.5,91.7,147.4,,116.3,114.4,121.4,109.8,127.5,118.0,134.8,109.5,119.3,,98.9,109.8,132.0,103.8,,95.3,93.4,93.4,93.6,91.2,,100.0,100.0
199807,98.7,99.5,,97.4,,94.2,,,97.9,85.2,90.2,99.9,92.7,,107.9,,86.5,,113.7,143.7,,,,119.3,113.3,102.2,98.2,141.0,125.5,128.2,126.7,,120.2,109.2,128.1,105.6,127.4,119.6,100.1,,125.2,106.7,116.6,96.3,108.0,,111.6,112.1,97.6,,,96.3,96.8,93.1,93.8,,96.9,,95.0,95.7,95.7,94.9,,100.0,,99.8,99.1,,98.1,116.5,95.1,102.1,,97.0,96.5,91.2,91.2,91.3,90.9,100.8,100.2,103.7,103.7,99.0,103.8,93.5,99.4,99.4,104.3,111.5,101.7,,,,98.8,97.5,,102.7,101.2,90.9,113.8,100.3,98.3,90.5,95.9,110.4,,105.8,94.6,109.3,109.3,88.1,94.9,81.2,59.4,59.4,91.0,93.7,85.6,136.6,216.6,312.7,384.9,215.5,,159.2,523.6,287.9,444.9,,197.3,212.4,270.2,164.6,128.1,108.5,117.1,108.8,104.2,133.4,100.1,153.2,136.6,128.7,124.3,112.0,132.6,125.0,113.1,121.6,106.9,97.9,97.2,96.1,103.6,100.6,94.4,101.6,97.9,104.6,,93.3,115.5,112.9,110.6,91.7,146.7,,116.5,114.8,122.4,109.9,127.5,118.2,134.7,109.9,119.7,,99.1,109.4,133.6,103.1,,95.4,93.4,93.4,93.8,91.4,,100.0,100.0
199808,98.8,99.6,,97.4,,94.0,,,98.0,85.8,90.0,100.4,93.0,,108.4,,86.9,,113.0,141.4,,,,119.1,113.4,102.0,98.0,141.6,124.3,127.1,125.0,,120.1,108.3,128.5,105.8,127.6,119.5,100.0,,125.4,106.6,116.6,96.3,107.8,,111.4,112.2,97.8,,,96.8,97.2,93.1,93.8,,97.0,,95.0,95.7,95.7,95.0,,100.1,,99.9,99.1,,98.1,125.4,95.3,102.1,,97.1,96.5,91.2,91.2,91.3,90.9,100.8,100.2,103.7,103.7,99.0,103.8,93.5,99.5,99.5,104.3,111.4,101.7,,,,98.8,97.4,,102.6,101.2,90.9,113.7,100.4,98.4,90.5,95.9,110.3,,105.8,94.6,109.3,109.3,88.1,94.9,81.2,59.3,59.3,91.1,93.8,85.6,136.6,216.3,311.3,383.9,213.6,,159.7,523.6,286.6,442.6,,196.6,213.2,272.0,164.6,128.1,108.2,117.1,108.6,103.9,133.7,99.9,153.2,137.4,129.4,124.1,112.2,132.6,125.0,113.0,121.5,106.9,97.9,96.8,96.2,103.6,100.4,95.3,101.6,98.2,104.4,,93.5,115.5,113.0,110.9,91.7,146.6,,116.2,115.2,122.9,110.2,126.7,118.2,133.5,109.3,119.5,,99.4,109.2,131.0,103.4,,95.4,93.4,93.4,93.8,91.4,,100.0,100.0
199809,98.7,99.5,,97.4,,93.9,,,98.0,85.9,90.1,100.4,94.2,,107.7,,86.3,,112.9,140.3,,,,119.4,113.8,102.0,98.5,143.1,124.2,126.0,126.6,,120.5,108.3,128.8,107.1,128.4,119.9,100.0,,125.5,106.7,116.6,96.4,107.9,,111.3,111.3,98.7,,,96.8,97.2,93.1,93.8,,97.0,,95.0,95.7,95.7,95.0,,100.2,,99.9,99.1,,98.2,125.4,95.3,102.0,,97.2,96.5,91.4,91.5,91.6,91.1,100.7,100.2,103.6,103.6,98.9,103.6,93.4,99.5,99.5,104.3,111.3,101.6,,,,98.9,97.2,,102.6,101.2,90.9,113.5,100.3,98.5,90.4,95.9,110.4,,105.8,94.7,109.3,109.3,88.1,94.9,81.2,59.3,59.3,91.3,94.2,85.7,136.6,216.1,310.5,378.0,214.1,,162.6,519.9,283.7,443.7,,196.4,213.2,271.7,164.6,128.1,108.2,116.4,108.9,104.4,133.8,99.7,153.2,137.4,130.0,125.6,112.2,134.4,129.0,112.6,121.7,107.1,98.1,97.2,96.4,104.4,100.1,95.3,101.7,98.9,104.4,,93.6,115.5,112.7,110.7,91.3,147.1,,116.0,116.0,124.1,110.9,126.7,117.8,133.7,108.7,119.9,,99.0,109.9,129.9,102.1,,95.4,93.4,93.4,93.8,91.4,,100.0,100.0
199810,98.9,99.5,,97.4,,93.8,,,98.2,86.0,90.6,99.7,94.3,,108.4,,86.0,,114.1,141.8,,,,119.3,113.9,101.7,101.6,143.3,123.1,125.7,124.2,,120.7,108.1,129.3,107.3,128.7,120.1,100.0,,125.4,106.8,116.6,97.2,107.9,,111.1,111.0,98.5,,,96.8,97.3,93.1,93.8,,97.0,,95.0,95.8,95.7,95.1,,100.2,,99.9,99.1,,98.2,125.4,95.3,102.0,,97.2,96.5,91.4,91.5,91.6,91.1,100.7,100.2,103.6,103.6,98.7,103.4,93.3,99.5,99.5,104.2,111.2,101.5,,,,98.1,97.2,,102.6,101.2,90.9,113.5,100.4,98.5,90.5,95.9,110.3,,105.8,94.1,108.5,108.5,87.4,93.5,81.1,58.1,58.1,91.3,94.2,85.7,136.4,215.3,309.4,375.9,216.0,,161.1,518.0,283.0,435.3,,196.6,211.9,268.6,166.1,129.2,108.0,115.7,109.2,104.2,133.8,99.4,152.7,136.7,130.8,125.6,112.2,134.6,128.1,112.7,122.1,106.9,98.2,97.4,96.1,104.2,100.8,95.3,101.6,99.1,104.7,,93.9,115.2,112.4,110.4,93.1,145.5,,116.2,115.8,123.7,110.6,126.1,117.7,132.7,109.4,119.9,,99.9,109.1,130.9,103.0,,95.4,93.5,93.5,93.8,91.4,,100.0,100.0
199811,98.8,99.3,,97.1,,93.9,,,98.1,86.7,90.4,99.5,94.3,,108.1,,85.4,,114.5,141.1,,,,119.6,114.3,101.8,100.4,144.4,123.3,125.5,124.9,,121.0,108.8,129.8,108.5,128.5,120.0,100.0,,125.5,106.7,116.6,97.2,107.9,,111.3,111.2,97.5,,,96.8,97.2,93.1,93.8,,97.2,,95.0,95.8,95.8,95.1,,100.2,,99.3,99.2,,98.2,125.4,95.3,102.1,,97.2,96.5,91.4,91.5,91.6,91.1,100.7,100.1,103.5,103.5,98.8,103.5,93.3,99.4,99.4,104.2,111.2,101.5,,,,98.4,97.2,,102.6,101.2,90.9,113.5,100.4,98.7,90.5,96.0,110.1,,105.7,94.0,108.5,108.5,87.4,93.5,81.1,56.9,56.9,91.3,94.2,85.7,136.3,214.6,308.0,374.3,214.9,,160.5,516.1,280.1,433.1,,195.8,210.7,267.1,166.5,127.4,108.4,115.2,108.9,105.2,133.3,99.7,152.6,136.4,129.5,126.0,112.1,135.1,128.6,112.7,122.6,106.9,98.5,98.0,96.5,103.9,101.3,95.4,101.6,99.0,104.6,,94.1,115.1,112.4,110.5,92.2,145.5,,115.9,115.7,123.0,110.6,125.7,116.9,132.3,109.3,119.4,,100.1,110.5,131.0,102.4,,95.4,93.5,93.5,93.8,91.4,,100.0,100.0
199812,98.7,99.1,,97.0,,93.9,,,98.1,85.3,90.9,99.6,94.5,,108.7,,86.2,,113.7,143.0,,,,120.0,114.6,101.9,101.7,145.1,124.9,128.1,125.3,,121.0,107.3,130.3,109.7,129.5,118.7,100.0,,126.1,106.8,116.6,97.2,107.9,,111.1,111.2,98.0,,,96.2,96.6,93.1,93.8,,97.3,,95.0,95.8,95.9,95.1,,100.3,,99.3,99.1,,98.3,112.3,95.2,101.9,,97.3,96.5,91.4,91.5,91.6,91.1,100.6,100.0,103.5,103.5,98.6,103.3,93.2,99.4,99.4,104.1,110.7,101.4,,,,97.8,96.2,,102.6,101.3,91.0,113.5,100.3,98.7,90.5,95.8,110.1,,105.7,93.8,108.5,108.5,87.4,93.5,81.1,55.9,55.9,91.3,94.2,85.7,136.2,214.6,306.5,369.5,216.8,,160.8,508.5,277.8,425.8,,196.0,212.2,270.8,166.0,125.3,108.1,114.7,109.3,105.8,133.5,100.1,151.7,136.2,130.6,125.3,111.6,134.6,127.1,112.2,122.7,107.1,98.7,97.8,97.5,104.3,101.8,95.4,101.4,98.9,104.2,,93.8,115.2,111.9,110.6,92.0,146.6,,115.5,115.3,123.0,110.2,124.2,116.1,130.5,109.6,119.1,,100.2,108.8,131.7,103.4,,95.4,93.5,93.5,93.8,91.4,,100.0,100.0
199901,98.7,99.6,,97.4,,94.3,,,97.9,84.5,91.1,99.4,94.6,,108.4,,86.3,,113.5,142.3,,,,119.8,114.6,101.8,101.2,145.5,122.9,125.6,123.9,,121.2,107.8,130.3,109.1,129.5,120.3,100.0,,126.1,106.8,116.6,97.3,107.9,,111.0,111.0,98.2,,,96.7,97.2,93.1,93.8,,97.3,,95.0,95.9,95.9,95.1,,100.3,,99.3,99.1,,98.3,123.9,95.2,101.7,,97.3,96.5,91.4,91.5,91.6,91.1,100.6,100.0,103.4,103.4,98.7,103.4,93.3,99.3,99.3,104.2,110.6,101.3,,,,98.0,96.0,,102.6,101.3,91.0,113.5,100.3,98.9,90.5,95.8,110.2,,105.7,93.7,108.3,108.3,87.2,93.3,81.1,55.3,55.3,91.3,94.2,85.7,136.0,214.1,303.2,378.0,216.8,,160.7,494.6,277.1,419.1,,195.8,213.4,273.6,166.7,121.3,108.2,115.1,109.4,105.9,133.5,99.8,151.3,136.6,130.6,124.3,111.4,133.6,122.7,112.6,122.6,106.9,98.7,97.7,97.6,104.3,101.9,94.8,101.0,98.6,103.4,,93.9,115.2,112.2,110.4,92.0,146.4,,115.7,115.0,122.2,110.4,124.7,116.9,130.7,109.6,118.6,,100.2,109.0,132.1,103.3,,95.4,93.5,93.5,93.9,91.4,,100.0,100.0
199902,98.9,99.6,,97.4,,94.4,,,98.1,83.5,91.5,99.7,94.6,,109.1,,86.5,,115.1,142.5,,,,120.2,114.3,101.7,101.8,144.4,125.0,128.3,125.3,,121.5,108.0,130.7,109.1,130.1,121.5,100.0,,126.5,106.7,116.5,97.3,107.8,,111.1,111.3,98.0,,,96.7,97.2,93.2,93.8,,97.2,,95.0,95.9,95.9,95.3,,100.3,,99.3,98.9,,98.3,124.1,95.3,101.7,,97.0,96.5,91.4,91.5,91.6,91.1,100.5,99.9,103.3,103.3,98.6,103.3,93.2,99.2,99.2,104.1,110.7,101.3,,,,98.0,96.3,,102.6,101.3,91.1,113.5,100.3,99.0,90.6,95.8,110.2,,105.6,93.5,108.3,108.3,86.9,92.5,81.1,55.1,55.1,91.3,94.2,85.7,135.6,212.9,301.0,372.7,215.2,,160.5,485.7,276.4,420.2,,196.2,211.9,274.5,161.2,119.5,108.2,115.3,109.3,105.7,133.3,99.8,151.3,136.6,129.6,123.9,111.4,133.9,119.0,112.5,123.3,106.8,98.5,97.5,97.7,104.3,101.3,94.9,100.9,98.3,103.5,,94.2,115.1,112.0,110.4,92.0,146.0,,115.7,115.0,122.1,110.4,124.7,116.4,131.0,109.5,119.1,,100.4,110.2,132.1,102.3,,95.4,93.5,93.5,93.9,91.4,,100.0,100.0
199903,98.8,99.7,,97.4,,94.8,,,98.0,83.6,91.4,100.2,94.5,,108.9,,85.5,,114.9,142.5,,,,119.9,114.7,101.8,104.0,145.1,123.7,125.9,125.6,,121.0,107.3,130.7,108.7,129.9,119.0,100.0,,125.8,106.7,116.5,97.4,107.8,,110.9,110.6,98.1,,,96.8,97.2,93.2,93.8,,97.3,,95.0,95.9,95.9,95.3,,100.3,,99.3,98.9,,98.6,123.9,95.3,101.7,,97.1,96.5,91.4,91.5,91.6,91.1,100.6,100.0,103.4,103.4,98.4,103.1,93.0,99.4,99.4,104.0,110.6,101.3,,,,97.8,96.1,,102.5,101.3,91.1,113.1,100.0,99.1,90.6,95.8,110.0,,105.6,93.5,108.3,108.3,86.9,92.5,81.1,54.7,54.7,91.3,94.2,85.7,135.3,212.4,299.1,370.6,210.4,,160.7,480.7,276.1,421.9,,196.2,212.4,276.7,159.7,117.9,107.9,115.1,108.9,105.6,133.1,99.6,151.1,137.2,129.1,123.0,111.6,132.4,115.3,112.6,124.7,106.4,97.2,97.8,97.8,96.1,101.1,94.9,101.1,99.0,103.9,,94.0,115.1,112.1,110.7,92.4,145.3,,115.7,115.2,122.5,110.3,124.7,116.6,130.7,109.7,119.4,,100.1,109.3,132.8,102.7,,95.4,93.5,93.5,93.9,91.4,,100.0,100.0
199904,98.8,99.6,,97.4,,94.7,,,98.0,84.1,91.3,99.6,94.5,,109.2,,86.2,,115.0,141.2,,,,120.2,114.9,102.4,103.5,144.8,124.6,127.0,126.0,,121.4,107.5,130.8,108.7,130.2,121.3,100.0,,126.3,106.7,116.5,97.4,107.8,,111.0,110.6,98.5,,,96.9,97.2,93.3,93.9,,97.4,,94.9,96.0,96.0,95.5,,100.4,,99.3,99.1,,98.6,123.9,95.3,101.1,,97.1,96.5,93.0,93.2,93.2,92.4,100.6,100.1,103.4,103.4,99.5,104.3,94.0,99.4,99.4,103.8,110.6,101.2,,,,97.7,96.6,,102.2,101.3,91.3,111.6,100.1,99.3,90.5,95.8,109.0,,105.6,93.0,107.2,107.2,86.3,91.3,81.1,54.5,54.5,91.7,94.6,86.2,135.3,212.7,297.7,372.7,207.7,,158.6,476.9,275.8,423.0,,195.8,214.4,276.4,164.3,123.4,108.1,115.4,110.2,105.8,133.1,99.6,151.4,137.2,129.1,122.7,112.4,132.4,114.0,112.6,123.9,106.2,97.0,98.1,98.5,94.2,100.9,94.9,101.2,98.8,103.5,,94.4,114.6,111.9,111.3,91.9,143.2,,115.3,114.3,121.3,109.8,124.5,116.8,130.3,109.4,118.6,,99.4,110.3,132.8,102.4,,95.8,94.2,94.2,94.3,91.9,,100.0,100.0
199905,98.8,99.5,,97.3,,94.8,,,98.1,84.1,90.9,99.4,94.5,,109.0,,86.6,,114.2,141.6,,,,120.0,114.7,102.2,104.8,144.1,123.8,126.5,125.0,,121.3,107.3,130.3,110.2,129.9,121.3,100.0,,126.3,106.7,116.5,97.4,107.8,,111.0,110.6,98.7,,,96.9,97.2,93.4,93.9,,97.6,,95.0,96.0,96.0,95.6,,100.4,,99.3,99.1,,98.5,123.9,95.5,101.1,,97.1,96.5,93.1,93.2,93.3,92.5,100.6,100.1,103.4,103.4,99.6,104.4,94.1,99.4,99.4,103.8,110.9,101.7,,,,97.7,96.6,,102.1,101.3,91.2,111.2,100.1,99.4,90.6,95.9,108.9,,105.6,93.0,107.2,107.2,86.2,91.3,81.0,54.6,54.6,91.8,94.7,86.2,135.7,214.4,295.8,370.0,204.3,,155.9,475.0,273.2,423.6,,195.4,220.0,286.3,164.3,123.4,108.7,115.2,109.6,108.3,133.3,99.6,151.4,137.3,128.6,124.1,112.4,132.3,123.0,112.5,124.0,106.2,97.1,98.1,99.4,93.6,100.8,94.9,101.2,99.4,103.7,,94.4,114.6,111.6,111.6,91.6,143.2,,115.5,114.3,121.4,109.6,124.8,116.6,131.2,109.7,119.1,,99.2,107.9,133.2,103.3,,95.8,94.2,94.2,94.3,91.9,,100.0,100.0
199906,98.8,99.6,,97.4,,94.8,,,98.0,84.9,90.8,99.2,95.2,,107.8,,85.5,,113.3,143.0,,,,120.4,114.8,102.5,102.8,144.1,126.1,129.8,125.9,,121.4,107.4,130.7,108.7,130.7,121.0,100.0,,126.3,106.7,116.6,97.4,107.7,,111.1,110.8,98.7,,,97.0,97.3,93.4,94.1,,97.6,,95.0,96.0,96.0,95.6,,100.4,,99.4,99.1,,98.5,123.9,95.5,101.1,,97.1,96.5,93.1,93.2,93.3,92.5,100.8,100.3,103.6,103.6,100.5,105.3,95.0,99.6,99.6,103.6,110.7,101.4,,,,97.6,96.7,,101.9,101.3,91.1,111.2,99.2,99.4,90.6,95.9,108.9,,105.6,93.1,107.2,107.2,86.3,91.3,81.1,54.8,54.8,91.8,94.7,86.2,135.6,214.1,295.5,364.7,202.7,,156.2,477.5,270.2,426.4,,195.2,220.2,286.9,164.3,123.4,108.6,114.8,109.9,107.4,133.1,99.9,151.4,137.4,128.0,123.8,111.4,131.8,123.0,111.9,124.5,106.1,97.2,98.2,99.5,93.4,100.9,94.9,101.2,99.7,103.6,,94.4,114.3,111.4,111.5,91.9,141.8,,115.4,114.3,121.4,109.6,124.5,116.5,130.5,109.6,118.9,,98.9,108.8,132.8,104.0,,95.8,94.2,94.2,94.3,91.9,,100.0,100.0
199907,98.8,99.6,,97.4,,94.7,,,98.0,83.2,90.9,99.1,95.0,,109.2,,86.1,,112.8,144.1,,,,120.3,114.8,102.5,104.9,143.9,124.4,126.7,125.9,,121.6,108.3,131.0,110.2,130.7,120.0,100.0,,125.9,106.7,116.5,97.4,107.8,,111.0,110.6,100.3,,,97.0,97.3,93.4,94.1,,97.5,,95.0,96.0,96.0,95.6,,100.4,,99.4,99.1,,98.6,123.9,95.5,101.1,,97.1,96.5,93.1,93.2,93.3,92.5,100.8,100.3,103.5,103.5,100.4,105.2,94.9,99.6,99.6,103.5,110.6,101.3,,,,97.4,96.6,,101.9,101.2,91.1,111.1,99.2,99.4,90.6,95.9,108.8,,105.6,92.7,106.5,106.5,86.1,91.0,81.1,54.9,54.9,91.8,94.7,86.2,135.3,213.2,292.5,353.0,200.8,,155.6,474.4,268.6,416.3,,194.2,219.3,285.4,164.3,123.4,108.8,115.0,109.9,107.6,132.7,99.3,150.6,137.4,127.6,123.8,111.4,132.1,123.0,112.0,123.9,106.0,97.0,98.2,99.3,93.0,100.7,94.5,100.9,99.7,103.5,,94.9,114.3,111.2,111.2,92.3,142.3,,115.2,114.4,121.4,109.8,124.4,116.5,130.3,108.9,118.4,,98.9,108.0,131.4,103.1,,96.0,94.2,94.2,94.6,92.2,,100.0,100.0
199908,99.1,99.6,,97.4,,94.5,,,98.4,84.6,90.9,99.3,95.3,,108.8,,85.6,,114.3,143.3,,,,120.8,114.9,102.6,102.6,144.4,126.6,129.7,127.0,,121.7,108.7,131.2,108.7,130.7,119.5,100.0,,126.3,106.7,116.5,97.4,107.8,,111.1,110.8,100.3,,,97.0,97.3,93.4,94.1,,97.5,,95.0,96.0,96.0,95.8,,100.4,,99.4,99.3,,98.7,123.9,95.6,101.1,,97.1,96.5,93.1,93.2,93.3,92.5,100.8,100.4,103.5,103.5,100.3,105.1,94.8,99.7,99.7,103.5,110.3,100.8,,,,97.5,96.3,,101.9,101.2,91.1,111.0,99.2,99.4,90.6,95.7,108.8,,105.6,92.8,106.5,106.5,86.1,91.0,81.1,55.0,55.0,91.8,94.7,86.2,135.0,212.0,290.7,346.1,199.2,,155.1,469.3,267.6,415.2,,193.1,217.3,281.9,164.3,123.4,108.7,115.1,109.8,107.4,132.3,99.3,150.5,136.6,127.6,123.6,111.2,132.0,123.0,112.1,123.2,105.9,97.0,98.2,98.8,92.9,100.5,95.1,101.1,100.0,103.3,,94.8,114.1,111.2,111.3,92.0,142.0,,115.2,114.3,121.3,109.8,123.9,116.5,129.5,109.3,118.2,,98.9,107.8,132.8,103.1,,96.0,94.2,94.2,94.6,92.2,,100.0,100.0
199909,98.5,99.7,,97.5,,94.1,,,97.4,81.8,90.9,99.4,95.1,,108.8,,85.3,,112.0,141.5,,,,120.2,114.6,102.5,103.8,143.6,124.2,127.7,124.1,,121.7,108.5,131.2,110.0,130.7,119.4,100.0,,126.0,106.7,116.6,97.3,107.8,,110.9,110.6,100.4,,,97.0,97.3,93.4,94.1,,97.5,,95.0,96.0,96.0,95.8,,100.4,,99.4,99.2,,98.7,123.9,95.6,101.2,,97.2,96.5,93.1,93.2,93.3,92.5,100.8,100.3,103.5,103.5,100.3,105.1,94.8,99.6,99.6,103.5,110.5,100.8,,,,97.7,97.3,,101.9,101.2,91.1,111.0,99.3,99.4,90.6,95.7,108.8,,105.6,92.8,106.5,106.5,86.1,91.0,81.1,55.7,55.7,91.9,94.8,86.2,134.9,210.8,289.6,340.8,198.4,,156.4,467.4,266.6,413.0,,191.9,215.8,278.5,164.3,123.4,107.9,114.6,109.2,105.1,133.3,99.8,150.5,138.0,129.2,124.8,111.3,132.3,129.0,112.9,123.4,105.9,96.9,98.3,98.8,92.4,100.7,95.1,101.1,100.6,103.1,,95.1,114.1,111.0,111.7,92.1,141.6,,114.7,113.9,120.9,109.5,123.5,115.9,129.2,108.9,119.1,,98.6,106.5,132.1,102.0,,96.0,94.2,94.2,94.6,92.2,,100.0,100.0
199910,98.5,99.7,,97.5,,93.8,,,97.4,82.4,90.7,99.5,95.1,,108.0,,84.2,,113.8,140.5,,,,120.8,114.7,102.4,102.9,144.3,126.3,130.2,125.6,,122.0,109.0,131.2,111.2,130.8,120.1,100.0,,126.3,106.7,116.6,97.2,107.8,,110.9,110.9,99.6,,,97.0,97.3,93.5,94.1,,97.5,,94.8,96.1,96.0,95.8,,100.4,,99.4,99.3,,98.7,123.9,95.4,101.2,,97.2,96.4,93.1,93.2,93.3,92.5,100.8,100.3,103.5,103.5,100.1,104.9,94.6,99.7,99.7,103.5,110.7,101.0,,,,97.6,97.6,,101.9,101.2,91.1,111.0,99.3,99.4,90.6,95.7,108.8,,105.6,93.2,107.4,107.4,86.3,91.3,81.2,56.2,56.2,91.9,94.8,86.3,134.6,209.1,287.8,333.3,196.2,,156.2,464.3,265.0,414.1,,190.8,212.7,276.7,159.9,120.4,107.6,114.6,107.7,104.8,133.4,100.0,149.8,138.3,129.8,125.1,110.6,131.7,129.8,113.3,125.6,105.7,96.9,98.2,98.7,92.4,101.0,95.1,100.6,100.6,103.0,,95.1,114.0,110.4,111.5,92.3,141.6,,114.8,114.1,121.0,109.6,123.5,115.0,129.8,108.9,118.6,,98.4,109.2,131.6,103.1,,96.0,94.1,94.1,94.6,92.2,,100.0,100.0
199911,98.4,99.6,,97.4,,93.9,,,97.3,80.6,90.9,99.6,94.9,,107.9,,85.0,,114.1,142.3,,,,120.1,114.9,102.5,103.7,144.4,123.5,125.4,125.5,,121.5,108.1,131.0,110.3,130.1,118.2,100.0,,125.9,106.5,116.4,97.2,107.5,,110.9,111.2,99.2,,,97.0,97.3,93.5,94.1,,97.5,,94.8,96.1,96.0,95.8,,100.3,,99.4,99.1,,98.7,123.9,95.6,100.9,,97.2,96.4,93.1,93.2,93.3,92.5,100.8,100.3,103.5,103.5,99.1,103.9,93.6,99.6,99.6,103.5,110.3,100.6,,,,97.5,97.3,,101.8,101.5,91.1,111.0,99.2,99.4,90.5,95.7,108.8,,105.6,93.4,107.4,107.4,86.6,91.3,81.6,57.1,57.1,91.9,94.8,86.3,134.4,209.1,287.0,330.7,192.2,,157.3,468.1,264.0,414.6,,190.4,213.2,276.1,163.3,121.9,107.6,113.4,108.3,105.0,133.0,100.0,148.8,138.2,128.8,125.3,110.3,132.3,129.1,113.9,127.0,105.6,97.0,98.6,99.0,92.1,101.3,95.1,100.3,100.4,103.2,,94.9,113.7,110.2,111.3,90.7,141.5,,114.7,114.1,120.9,109.7,123.0,115.4,128.8,109.0,119.1,,99.0,109.5,131.2,102.9,,96.0,94.1,94.1,94.6,92.2,,100.0,100.0
199912,98.4,99.6,,97.4,,93.8,,,97.4,79.9,91.0,99.6,95.1,,108.7,,86.2,,113.0,141.9,,,,120.3,114.9,102.3,102.8,145.1,124.9,127.0,126.9,,121.5,108.2,130.5,110.1,130.6,118.4,100.1,,127.0,106.3,116.4,97.2,107.2,,110.7,110.1,101.9,,,97.0,97.3,93.5,94.4,,97.5,,94.9,96.1,96.0,95.8,,100.3,,99.4,99.2,,98.7,123.9,95.5,100.9,,97.2,96.4,93.1,93.2,93.3,92.5,100.8,100.3,103.5,103.5,98.6,103.3,93.2,99.7,99.7,103.4,110.1,100.6,,,,97.3,96.8,,101.8,101.5,91.2,110.8,99.0,99.4,90.7,95.3,108.8,,105.6,93.4,107.4,107.4,86.4,90.9,81.8,57.9,57.9,91.9,94.8,86.3,133.7,206.9,284.4,328.6,188.8,,155.9,463.6,262.7,409.0,,190.0,208.5,268.3,162.0,120.1,107.4,112.6,108.0,105.2,132.3,99.4,148.4,137.3,128.2,124.3,110.0,131.0,127.3,114.1,125.9,105.5,96.9,98.3,98.2,92.2,101.2,95.1,100.1,100.1,103.0,,95.4,113.7,109.9,111.5,90.7,141.1,,114.7,113.6,120.4,109.1,122.7,114.9,128.7,109.4,118.8,,99.0,109.8,132.0,103.8,,96.0,94.1,94.1,94.6,92.2,,100.0,100.0
200001,97.9,99.4,,97.1,107.2,94.6,108.2,,96.9,79.2,91.0,99.4,95.4,98.6,107.6,,85.2,,112.5,141.4,93.9,,,120.3,114.8,102.1,102.9,145.1,124.6,127.0,127.3,120.3,121.6,108.8,130.9,110.1,130.2,119.0,100.1,160.3,126.9,106.3,116.4,97.2,107.0,105.2,110.8,110.7,97.8,,,97.0,97.2,93.6,94.5,,97.5,,95.0,96.2,96.0,95.7,101.7,100.2,,99.4,99.1,,98.6,125.0,95.8,101.1,,97.2,96.4,93.1,93.3,93.4,92.6,100.7,100.3,103.5,103.5,98.5,104.3,91.9,99.6,99.6,103.1,110.7,100.6,173.5,98.8,,97.1,97.1,,101.4,101.1,91.3,109.3,98.5,99.4,91.1,95.0,107.9,113.6,105.6,94.1,108.2,108.2,86.8,91.8,81.9,58.1,58.1,92.3,95.0,87.0,133.5,205.6,285.4,335.1,187.6,156.8,158.4,463.7,261.7,406.9,,187.0,202.5,261.2,155.5,121.1,107.0,111.9,107.6,105.1,132.2,99.3,147.6,137.8,127.8,123.1,109.1,130.6,122.1,114.1,123.9,105.0,96.8,97.9,98.5,92.0,101.2,95.0,99.5,99.7,102.7,,95.7,112.9,109.5,111.7,91.9,137.6,,114.8,113.7,119.4,110.0,122.0,114.7,127.4,109.8,119.1,,99.6,110.8,132.6,103.9,,96.2,93.6,93.6,95.1,92.5,111.7,100.0,100.0
200002,98.1,99.4,,97.1,106.9,94.1,108.9,,97.2,78.9,91.5,99.7,95.7,99.1,107.5,,85.6,,113.4,141.6,94.4,,,120.7,115.1,102.8,103.3,145.0,125.4,129.3,126.5,120.6,121.8,108.4,131.1,110.6,129.9,120.9,100.1,160.1,126.8,106.4,116.5,97.2,107.2,105.3,110.8,110.7,98.0,,,96.9,97.2,93.6,94.5,,97.1,,95.0,96.2,96.0,95.7,101.7,100.1,,99.4,99.0,,98.6,124.8,95.9,101.0,,97.2,96.3,93.1,93.3,93.4,92.6,100.8,100.5,103.5,103.5,98.5,104.3,91.9,99.8,99.8,103.0,110.5,100.8,170.1,98.8,,96.8,97.2,,101.3,101.0,91.3,109.0,98.5,99.5,91.4,95.0,107.7,113.6,105.6,94.0,108.2,108.2,86.7,91.5,81.9,57.9,57.9,92.5,95.0,87.5,133.0,203.6,282.1,330.0,185.6,152.7,155.7,457.2,259.6,403.1,,185.8,200.2,258.8,152.4,119.9,106.8,111.8,107.3,104.3,131.6,99.3,147.2,136.6,127.7,122.9,109.5,130.8,120.3,113.9,123.7,104.9,96.9,98.3,98.3,92.0,101.6,95.0,99.7,100.4,103.0,,96.2,112.6,108.4,111.5,92.8,137.2,,114.6,113.1,118.6,109.6,122.0,114.3,127.7,109.7,119.3,,99.5,109.6,132.1,103.7,,96.2,93.6,93.6,95.1,92.5,111.7,100.0,100.0
200003,98.2,99.5,,97.3,107.0,94.2,108.5,,97.3,79.6,91.9,99.0,95.8,99.0,107.0,,86.1,,112.5,141.6,94.6,,,120.5,115.1,102.3,103.7,145.6,124.6,126.7,127.1,120.5,121.5,108.3,131.0,109.9,130.4,118.7,100.1,161.6,126.0,106.3,116.4,97.2,107.2,105.3,110.8,110.7,97.4,,,95.9,95.9,93.6,94.5,,97.2,,95.2,96.2,96.2,95.7,101.6,100.2,,99.5,99.0,,98.6,97.2,95.6,101.0,,97.3,96.3,93.1,93.3,93.4,92.6,100.8,100.4,103.4,103.4,98.5,104.2,92.0,99.8,99.8,102.9,110.2,100.7,169.3,98.8,,96.5,97.0,,101.2,101.0,91.3,108.9,98.2,99.5,91.6,94.9,107.7,113.4,105.5,94.1,108.2,108.2,86.7,91.5,81.9,58.3,58.3,92.5,95.0,87.5,132.2,201.4,279.1,328.7,184.7,151.5,155.2,450.7,254.8,398.8,,185.8,196.3,252.3,150.5,119.5,106.5,111.7,106.9,104.0,131.0,98.9,146.9,136.7,126.0,122.9,112.2,130.8,117.3,113.3,123.6,104.7,96.8,98.4,97.5,91.9,101.6,95.0,99.6,100.2,102.7,,96.7,112.3,108.7,110.9,91.5,137.0,,114.2,112.3,117.7,108.9,121.5,114.8,126.6,109.8,118.9,,100.1,109.2,132.2,103.7,,96.2,93.6,93.6,95.1,92.5,111.7,100.0,100.0
200004,98.2,99.5,,97.1,107.2,94.9,108.2,,97.3,79.2,91.1,99.1,96.0,99.4,107.0,,86.4,,114.3,140.5,94.2,,,120.5,114.8,102.7,101.8,144.4,125.6,128.8,127.4,121.0,121.4,108.0,130.7,110.6,130.3,118.0,100.1,161.1,125.9,106.2,116.5,97.2,107.2,105.3,110.7,110.4,95.4,,,95.7,95.8,93.6,94.5,,97.2,,95.1,96.2,96.2,95.8,101.6,100.1,,99.5,99.0,,98.6,92.3,95.7,101.3,,97.3,96.3,94.0,94.2,94.3,93.4,100.6,100.3,103.3,103.3,98.9,104.7,92.2,99.6,99.6,102.9,109.9,100.3,168.4,98.9,,96.5,96.9,,101.3,101.0,91.3,108.5,99.4,99.7,91.8,94.9,107.2,112.2,105.5,94.7,108.8,108.8,87.4,93.0,81.9,58.8,58.8,93.4,95.5,89.1,132.2,201.4,279.1,330.3,184.0,151.4,153.9,451.5,257.4,395.8,,187.0,196.7,248.4,157.1,120.8,106.6,111.5,107.7,104.3,131.3,99.6,147.6,136.7,126.5,121.8,110.9,129.2,115.7,113.3,123.2,104.3,96.4,98.8,97.7,89.6,101.6,95.0,99.3,100.3,102.2,,96.4,111.7,108.9,110.9,91.3,135.1,,114.5,112.2,117.5,108.9,122.4,115.0,127.8,109.9,119.1,,100.2,109.0,133.4,103.1,,96.5,94.7,94.7,95.4,92.9,111.7,100.0,100.0
200005,98.0,99.3,,97.0,106.8,94.8,107.1,,97.2,79.6,90.9,99.0,95.7,98.8,106.8,,85.4,,113.7,141.9,94.7,,,120.2,114.9,102.5,103.4,144.6,124.1,125.5,127.3,120.3,121.5,107.8,129.9,111.2,130.3,119.4,100.1,163.0,126.4,106.2,116.4,97.2,107.2,105.2,110.6,110.7,95.0,,,95.7,95.7,93.6,94.5,,97.2,,95.1,96.2,96.2,95.8,101.6,100.1,,99.2,98.8,,98.5,90.9,96.0,101.3,,97.1,96.4,94.0,94.3,94.3,93.4,101.0,100.7,103.3,103.3,100.0,104.7,94.8,100.1,100.1,102.8,109.8,99.9,169.5,98.7,,96.7,96.5,,101.2,100.9,91.7,108.4,99.4,99.7,91.8,94.9,106.8,110.9,105.5,94.8,108.8,108.8,87.5,93.0,82.0,59.0,59.0,93.5,95.6,89.3,131.9,199.9,276.7,331.9,182.2,150.1,153.4,444.6,256.6,391.9,,187.1,194.4,243.4,157.1,120.8,106.6,111.5,108.1,104.0,131.3,99.6,147.0,137.0,126.2,122.2,111.1,127.8,124.0,113.3,123.8,104.4,96.6,99.2,97.8,89.6,101.4,95.0,99.3,100.3,101.9,,96.7,111.8,108.9,110.9,90.7,135.5,,114.3,112.4,118.1,108.9,121.8,115.0,126.7,109.7,118.3,,100.7,109.2,132.9,102.9,,96.5,94.7,94.7,95.4,92.9,111.7,100.0,100.0
200006,98.1,99.4,,97.0,107.1,94.6,108.2,,97.2,78.9,91.1,99.1,95.6,98.9,106.2,,86.2,,113.6,142.6,95.2,,,120.3,114.9,102.9,102.4,144.4,124.6,126.9,126.8,120.6,121.5,107.7,130.6,110.6,130.6,119.1,100.1,161.7,126.8,106.2,116.4,97.2,107.2,105.1,110.8,110.7,95.1,,,95.9,96.0,93.7,94.5,,97.3,,95.1,96.2,96.2,95.8,101.6,100.1,,99.1,98.8,,98.5,98.0,96.0,101.2,,97.1,96.4,94.1,94.3,94.4,93.4,101.0,100.7,103.3,103.3,100.1,104.7,94.8,100.2,100.2,102.8,109.9,100.0,170.5,98.5,,96.7,96.7,,101.2,100.9,91.7,108.4,99.4,99.7,91.9,94.9,106.7,110.2,105.5,94.8,108.8,108.8,87.5,93.0,82.0,59.2,59.2,93.6,95.6,89.6,131.5,198.5,274.8,325.2,180.6,150.9,151.1,441.1,258.6,386.9,,188.6,192.3,239.0,157.1,120.8,106.3,111.0,108.6,103.7,131.3,99.5,147.0,137.0,126.2,122.8,110.4,129.0,124.0,113.2,125.0,104.2,96.6,99.4,97.7,89.6,101.2,95.0,99.4,100.6,101.9,,96.9,111.3,109.1,111.0,90.8,133.2,,114.2,112.3,118.1,108.6,121.9,114.3,127.4,109.6,118.0,,100.4,108.7,132.2,103.3,,96.8,95.3,95.3,95.6,93.2,111.7,100.0,100.0
200007,98.1,99.5,,97.2,107.0,94.7,108.7,,97.1,79.5,90.9,99.1,95.1,98.7,106.4,,86.2,,112.6,142.1,94.5,,,119.7,115.3,102.9,103.2,145.1,122.7,124.2,124.5,119.5,120.9,107.8,129.9,110.4,130.1,114.6,100.1,160.0,125.4,106.1,116.3,97.1,106.9,105.0,110.7,109.7,95.6,,,95.8,95.9,93.7,94.5,,97.1,,95.1,96.3,96.2,95.8,101.6,100.1,,99.1,98.8,,98.4,93.3,96.0,101.2,,97.1,96.4,94.1,94.3,94.4,93.4,101.0,100.7,103.3,103.3,100.0,104.5,94.9,100.1,100.1,102.8,109.8,100.0,169.6,98.5,,96.7,96.1,,101.1,100.9,91.6,108.3,99.3,99.8,91.9,94.8,106.7,110.1,105.5,95.4,109.8,109.8,88.1,94.1,82.0,59.2,59.2,93.6,95.6,89.6,130.9,196.9,271.2,319.7,178.1,150.3,150.8,433.7,257.1,380.0,,188.6,191.3,236.8,157.1,120.8,106.3,110.9,107.7,104.2,130.7,98.8,147.9,136.7,124.8,122.3,112.9,127.8,124.0,112.4,123.4,104.0,96.5,99.3,97.5,89.5,100.8,95.0,99.1,100.0,101.7,,96.8,111.1,109.1,110.7,90.6,133.1,,113.4,111.9,117.8,108.1,120.9,114.3,125.8,108.6,117.6,,98.7,107.0,132.1,102.9,,96.8,95.3,95.3,95.7,93.2,111.7,100.0,100.0
200008,98.0,99.5,,97.2,106.8,94.9,107.0,,97.0,77.6,91.0,98.7,95.3,98.4,105.8,,86.9,,113.6,143.4,95.4,,,119.9,114.5,102.3,101.9,144.0,124.8,129.6,124.8,119.9,120.7,107.3,130.1,110.6,130.3,114.2,100.1,157.4,125.8,105.9,116.3,97.2,106.6,105.0,110.6,109.7,94.7,,,95.9,96.0,93.7,94.6,,97.1,,95.1,96.2,96.2,95.8,101.6,100.1,,99.1,98.9,,98.4,99.4,96.0,101.2,,97.0,96.4,94.1,94.3,94.4,93.4,100.9,100.7,103.2,103.2,100.0,104.5,94.9,100.1,100.1,102.7,109.6,100.1,167.8,98.5,,96.4,95.9,,101.1,100.9,91.6,108.3,99.3,99.8,92.0,94.8,106.7,110.0,105.4,95.4,109.8,109.8,88.1,94.1,82.0,59.3,59.3,93.6,95.7,89.6,130.5,195.7,269.0,314.0,175.4,149.8,150.8,431.1,254.6,375.0,,187.9,190.3,234.9,157.1,120.8,106.2,111.3,107.8,104.2,130.3,98.7,147.8,136.2,124.4,121.7,112.8,126.4,124.0,112.6,123.3,103.8,96.4,99.2,97.4,89.5,100.6,95.0,99.0,100.1,101.8,,96.3,110.7,108.7,110.5,90.5,132.2,,113.0,111.3,117.4,107.4,120.6,114.6,124.9,108.1,117.2,,97.2,107.6,131.5,103.8,,96.8,95.3,95.3,95.7,93.2,111.7,100.0,100.0
200009,97.7,99.6,,97.4,106.4,95.0,108.2,,96.4,78.5,91.7,98.9,94.9,97.9,106.9,,85.3,,113.4,135.7,95.1,,,119.5,114.7,102.4,103.7,143.7,122.2,124.2,123.4,119.1,120.9,107.2,130.1,111.3,130.4,115.6,100.1,158.7,125.9,105.9,116.2,97.1,106.8,105.0,110.2,109.4,93.2,,,95.7,95.8,93.7,94.5,,97.1,,95.1,96.2,96.3,95.8,101.6,100.1,,99.1,98.9,,98.2,91.8,96.1,100.9,,97.0,96.4,94.1,94.3,94.4,93.4,100.9,100.7,103.2,103.2,100.1,104.3,95.2,100.1,100.1,102.7,109.4,100.1,165.4,98.7,,96.4,95.9,,101.2,100.9,91.7,108.3,99.4,99.7,92.0,94.8,106.8,110.2,105.4,95.5,109.8,109.8,88.1,94.1,82.0,59.5,59.5,93.6,95.7,89.6,130.0,194.1,265.8,310.8,172.7,149.8,150.2,424.1,249.0,371.2,,188.6,189.2,232.5,157.1,120.8,106.2,110.7,107.8,103.8,130.3,98.7,145.9,135.6,125.7,121.4,111.8,125.0,127.7,112.7,123.7,103.7,96.4,99.2,97.1,89.4,101.3,95.0,99.2,100.6,101.2,,96.7,110.4,108.6,110.6,90.5,131.1,,112.8,111.6,117.1,108.1,120.0,113.9,124.5,108.0,117.1,,98.1,106.4,130.4,102.1,,96.8,95.4,95.4,95.7,93.2,111.7,100.0,100.0
200010,97.6,99.7,,97.4,106.3,95.4,108.3,,96.3,78.1,91.9,99.3,95.7,97.4,105.9,,86.0,,114.5,131.7,94.6,,,119.7,114.7,102.5,102.4,144.1,123.6,127.0,123.6,119.8,120.8,106.4,130.2,110.7,130.3,117.0,100.1,158.7,125.6,105.9,116.1,98.0,106.7,105.0,110.5,109.2,93.8,,,95.7,95.7,93.7,94.5,,97.2,,95.1,96.2,96.3,95.8,100.4,99.8,,99.1,98.8,,98.3,91.3,96.0,101.0,,97.0,96.5,94.1,94.3,94.4,93.4,101.0,100.7,103.3,103.3,100.3,104.4,95.5,100.1,100.1,102.7,109.5,100.0,165.7,99.0,,96.8,95.7,,101.1,100.8,91.5,108.3,99.3,99.8,92.0,94.8,106.8,110.2,105.4,94.1,105.5,105.5,88.7,95.1,82.2,61.2,61.2,93.7,95.7,89.6,129.7,192.9,263.6,310.5,174.7,150.8,149.2,415.4,245.0,369.3,,189.0,187.5,232.0,160.6,114.1,106.2,110.8,108.3,103.8,130.4,98.7,145.1,136.7,125.8,121.2,111.6,124.8,127.4,112.7,124.2,103.7,96.6,99.4,97.5,89.3,101.7,95.0,99.2,100.7,101.3,,96.7,110.3,108.5,110.7,90.5,130.7,,112.5,111.0,116.4,107.6,119.3,113.5,123.8,108.4,116.6,,98.9,105.4,131.1,103.7,,96.8,95.4,95.4,95.7,93.2,111.7,100.0,100.0
200011,97.3,99.7,,97.4,106.7,95.6,107.5,,95.8,76.7,91.6,99.1,96.1,97.9,105.8,,84.5,,114.4,131.2,94.2,,,119.4,114.5,102.4,103.6,142.7,122.5,123.4,124.3,119.9,120.7,107.0,129.8,110.2,130.3,115.3,100.1,158.5,125.5,106.0,116.1,98.1,106.8,105.0,110.2,109.9,93.7,,,95.7,95.7,93.7,94.5,,97.3,,95.1,96.2,96.3,95.9,100.4,100.0,,99.1,98.9,,98.0,91.6,96.3,100.4,,96.9,96.5,94.1,94.3,94.4,93.4,101.1,100.8,103.3,103.3,100.2,104.2,95.6,100.3,100.3,102.6,109.4,100.0,166.8,98.6,,96.4,95.4,,101.1,100.7,91.4,108.3,99.3,99.8,92.1,95.1,106.7,110.0,105.3,94.2,105.5,105.5,88.8,95.1,82.3,63.3,63.3,93.7,95.7,89.6,129.4,192.0,261.7,304.4,175.6,152.6,147.8,411.4,241.2,363.9,,188.3,185.9,231.5,158.3,112.1,106.4,111.8,107.1,103.9,130.4,98.6,144.8,136.6,126.0,121.4,112.2,125.0,126.7,112.9,123.9,103.9,96.6,99.4,97.5,89.3,101.9,95.0,99.3,101.2,101.1,,97.1,110.6,108.6,110.7,90.2,132.0,,112.4,110.9,116.3,107.4,118.6,113.4,122.5,108.6,117.2,,99.2,107.3,131.1,103.0,,96.8,95.4,95.4,95.7,93.2,111.7,100.0,100.0
200012,97.3,99.6,,97.4,106.0,95.5,106.8,,95.8,77.6,91.1,98.8,97.0,97.9,105.6,,85.7,,112.2,129.3,94.2,,,119.1,114.2,102.7,101.4,142.7,122.7,125.2,121.7,120.3,120.3,106.8,129.4,109.8,130.6,115.1,100.1,156.6,125.3,105.9,115.8,98.1,106.6,104.9,110.1,109.7,94.0,,,95.7,95.8,93.7,94.5,,97.3,,95.2,96.2,96.3,96.0,100.4,100.0,,99.0,98.8,,98.1,91.2,96.4,100.5,,97.0,96.5,94.1,94.3,94.4,93.4,101.0,100.7,103.2,103.2,100.1,104.1,95.6,100.1,100.1,102.6,109.0,99.8,165.1,98.4,,96.3,95.3,,101.1,100.7,91.4,108.2,99.3,99.8,92.1,95.1,106.6,110.0,105.3,94.4,105.5,105.5,88.8,95.1,82.4,64.3,64.3,93.7,95.8,89.6,128.9,190.0,259.8,300.5,175.0,153.3,146.4,405.8,238.1,363.1,,184.3,183.2,228.6,154.1,111.6,105.8,110.3,106.4,103.9,130.1,98.3,144.1,136.9,125.4,121.1,110.8,125.0,126.1,112.9,123.9,103.8,96.6,99.4,97.7,89.2,101.2,95.0,98.9,100.6,100.4,,96.8,110.7,108.7,110.9,90.2,132.2,,112.0,109.9,114.7,106.7,118.6,112.9,122.9,108.3,116.5,,99.0,108.4,130.8,102.9,,96.8,95.4,95.4,95.7,93.2,111.7,100.0,100.0
200101,97.1,99.5,,97.3,105.2,95.0,108.4,,95.5,76.3,91.6,99.1,96.4,98.6,106.3,,84.6,,114.4,126.1,93.5,,,118.7,113.6,103.0,103.0,138.9,121.9,123.6,122.1,119.3,120.1,106.4,129.2,109.1,129.1,115.0,100.2,157.4,126.1,105.6,115.8,98.2,106.5,104.7,110.4,108.9,93.4,,,95.7,95.7,93.7,94.5,,97.6,,95.2,96.2,96.0,96.0,100.4,100.1,,99.0,98.9,,98.2,91.2,96.7,100.7,,96.8,96.4,94.1,94.3,94.4,93.4,100.9,100.6,103.2,103.2,100.2,104.0,95.8,100.0,100.0,102.5,108.1,99.3,159.8,97.5,,96.5,95.0,,101.2,100.7,92.5,108.2,99.2,99.9,92.3,95.2,106.5,109.6,105.2,94.7,106.0,106.0,89.1,95.5,82.7,64.5,64.5,93.7,95.8,89.6,128.7,189.2,257.9,300.2,174.3,155.3,148.4,399.7,238.6,359.3,,182.1,182.3,228.6,151.9,110.4,105.9,110.3,107.1,103.4,130.1,98.9,144.4,137.0,124.6,120.5,110.7,125.4,121.1,112.7,122.8,103.8,96.4,99.1,97.8,89.2,100.7,95.0,99.0,100.8,100.2,,97.1,110.7,108.7,110.7,90.4,131.9,,111.7,109.3,114.0,106.3,118.6,113.0,122.9,108.0,115.9,,98.6,107.9,130.1,103.6,,96.8,95.4,95.4,95.7,93.3,111.7,100.0,100.0
200102,97.1,99.4,,97.3,104.8,95.2,106.2,,95.6,77.3,91.7,99.1,95.8,98.8,104.7,,85.0,,113.9,125.8,93.6,,,118.7,113.2,102.9,100.6,138.2,122.1,124.8,121.4,119.4,120.2,106.2,129.2,110.2,128.4,115.7,100.2,158.5,125.8,105.6,115.8,98.2,106.5,104.8,110.0,109.0,92.6,,,95.7,95.8,93.8,94.5,,97.6,,95.2,96.2,96.1,96.0,100.2,100.3,,99.0,98.9,,98.2,91.2,96.7,100.7,,96.8,96.4,94.1,94.3,94.4,93.4,100.9,100.6,103.2,103.2,100.1,103.9,95.8,100.1,100.1,102.4,107.9,99.3,158.5,97.7,,96.5,95.3,,101.1,100.5,92.3,108.1,99.2,100.1,92.4,95.0,106.4,109.5,105.2,94.6,106.0,106.0,88.8,94.8,82.8,64.3,64.3,93.7,95.8,89.6,128.1,187.2,255.2,300.9,172.9,156.2,147.6,393.6,238.1,348.5,,180.4,179.8,226.4,147.4,109.5,105.3,110.0,106.7,102.8,130.4,98.7,144.2,138.1,124.6,119.2,110.8,123.9,116.7,112.0,122.2,104.0,96.4,99.1,97.8,89.2,100.6,95.1,99.1,101.1,99.9,,97.3,111.0,108.9,110.5,90.4,133.4,,111.7,109.2,113.3,106.7,118.4,113.1,122.4,108.2,116.7,,99.0,107.9,128.4,103.2,,96.8,95.4,95.4,95.7,93.3,111.7,100.0,100.0
200103,97.0,99.5,,97.3,105.6,95.2,108.0,,95.3,74.6,92.1,99.1,96.8,98.3,106.2,,84.4,,115.2,127.6,92.9,,,118.8,113.4,102.7,104.2,137.9,123.0,124.8,124.1,119.9,120.1,105.8,128.6,110.3,129.3,115.0,100.2,159.3,125.9,105.6,115.7,98.2,106.3,104.8,110.1,109.2,94.1,,,95.7,95.7,93.9,94.5,,97.6,,95.2,96.3,96.1,96.1,97.4,100.3,,99.0,99.0,,98.2,91.0,96.9,100.6,,96.7,96.6,94.1,94.3,94.4,93.4,100.9,100.7,103.2,103.2,100.1,103.8,95.9,100.1,100.1,102.2,107.1,97.7,157.8,97.8,,96.1,95.4,,101.1,100.5,92.3,108.1,98.9,100.1,92.4,95.0,106.5,109.5,105.2,94.6,106.0,106.0,88.9,94.8,82.9,64.3,64.3,93.7,95.8,89.6,127.6,185.8,253.5,298.3,172.5,155.0,147.5,389.2,238.6,346.2,,177.8,177.3,223.1,145.2,108.5,105.2,109.9,107.0,103.3,129.9,97.3,142.2,138.9,124.0,118.2,110.7,122.8,112.6,111.4,122.3,103.8,96.3,99.3,97.5,88.7,100.4,95.1,98.9,101.0,99.4,,97.4,110.8,108.6,110.4,89.9,133.2,,111.2,108.5,112.6,106.0,117.4,113.1,120.6,108.2,116.9,,99.0,106.9,128.6,103.1,,96.8,95.4,95.4,95.7,93.3,111.7,100.0,100.0
200104,96.9,99.4,,97.2,105.2,95.4,107.3,,95.3,75.2,91.7,99.0,96.2,97.6,105.3,,87.0,,114.5,126.0,91.2,,,118.5,112.5,102.7,101.8,135.6,123.0,124.3,124.6,119.9,120.1,105.4,129.3,109.6,128.6,115.7,100.2,159.7,125.4,105.5,115.7,98.2,106.4,104.7,110.1,108.3,93.7,,,95.5,95.6,93.9,94.5,,97.6,,95.0,96.3,96.1,96.0,97.1,100.2,,98.9,98.9,,98.0,88.5,97.0,100.1,,96.7,96.6,94.3,94.5,94.6,93.8,101.1,101.0,103.1,103.1,100.6,104.5,96.1,100.5,100.5,102.1,106.1,96.4,155.1,97.8,,95.8,95.4,,101.1,100.5,92.5,107.9,99.2,100.2,92.5,94.9,106.6,109.2,105.1,95.3,106.8,106.8,89.4,95.5,83.1,64.2,64.2,94.6,96.6,90.8,127.5,186.0,252.2,302.8,171.2,154.7,147.0,387.5,235.1,344.3,,176.6,179.9,222.8,153.0,111.0,104.8,110.0,104.3,103.7,130.0,97.0,141.5,140.1,123.8,117.3,110.6,121.7,110.0,110.7,122.2,103.6,96.2,99.2,97.3,88.6,100.4,95.1,98.6,99.8,99.4,,97.2,110.7,108.4,109.7,90.2,133.6,,110.7,107.4,110.9,105.3,117.4,113.1,120.6,108.0,116.4,,98.4,105.5,130.7,103.0,,97.1,95.5,95.5,96.0,93.6,111.3,100.0,100.0
200105,96.8,99.4,,97.3,104.1,95.3,108.6,,95.2,74.0,91.4,98.9,95.9,97.9,105.7,,85.9,,117.2,124.6,93.1,,,117.9,113.0,102.8,103.9,136.5,121.4,122.3,121.1,119.8,119.2,104.7,128.5,107.8,127.8,115.7,100.2,156.3,124.8,105.4,115.3,98.1,106.2,104.7,110.0,108.6,93.2,,,95.5,95.5,93.9,94.5,,97.6,,95.0,96.3,96.1,96.1,96.4,100.2,,98.9,98.9,,97.9,88.5,97.0,100.1,,96.7,96.6,94.3,94.5,94.6,93.8,101.1,101.0,103.0,103.0,100.3,104.5,95.4,100.5,100.5,102.0,106.0,96.4,155.1,97.8,,95.8,95.6,,101.0,100.4,92.3,107.8,99.0,100.1,92.5,94.9,106.5,107.9,105.1,95.3,106.8,106.8,89.4,95.5,83.2,64.1,64.1,94.9,96.8,91.0,127.3,185.6,251.1,303.1,171.2,155.3,147.0,382.7,232.8,344.7,,177.0,179.8,222.1,153.0,111.0,105.0,110.4,104.6,103.7,129.6,97.2,141.2,140.0,122.5,118.4,110.2,121.6,121.0,110.5,122.8,103.5,95.9,98.8,96.9,88.6,99.8,95.1,98.7,100.1,99.4,,97.4,110.6,108.0,109.5,91.5,133.2,,110.4,107.1,110.4,105.0,116.7,112.7,119.6,108.0,116.5,,98.1,106.9,131.3,102.7,,97.1,95.6,95.6,96.0,93.6,111.4,100.0,100.0
200106,96.7,99.3,,97.2,103.7,95.3,108.2,,94.9,72.2,92.0,99.1,95.6,97.5,104.9,,86.4,,114.1,127.5,94.2,,,118.4,113.3,103.3,103.1,136.8,123.0,125.8,121.9,120.3,119.5,105.4,129.0,109.2,127.2,115.7,100.2,156.1,124.3,105.2,115.1,97.7,106.0,104.7,109.9,109.2,93.2,,,95.5,95.5,93.9,94.5,,97.7,,95.0,96.3,96.1,96.1,96.6,99.6,,98.9,98.7,,97.9,88.4,97.0,100.1,,96.8,96.6,94.4,94.5,94.6,93.8,101.1,101.0,103.0,103.0,100.0,104.0,95.4,100.6,100.6,101.9,105.9,96.3,154.1,97.8,,95.8,95.7,,101.0,100.5,92.3,107.8,99.1,100.1,92.5,94.9,106.4,107.7,105.0,95.4,106.8,106.8,89.4,95.4,83.2,64.1,64.1,95.1,96.9,91.8,127.0,184.0,247.5,299.6,170.3,156.2,147.6,374.0,228.0,335.1,,175.2,179.4,221.6,153.0,111.0,104.7,110.0,103.6,103.0,130.3,97.7,141.2,141.5,122.9,118.4,108.6,121.8,121.0,110.4,124.1,103.2,95.8,98.9,97.0,88.6,99.3,94.6,98.6,100.0,99.5,,97.9,110.1,107.6,109.4,91.4,132.2,,109.9,106.7,111.0,104.2,116.2,111.9,119.3,107.4,116.4,,97.4,105.4,130.4,102.2,,97.0,95.1,95.1,96.0,93.6,111.4,100.0,100.0
200107,96.6,99.3,,97.3,103.8,95.2,107.1,,94.8,72.6,92.0,99.5,95.5,97.6,104.8,,85.8,,115.4,124.5,93.3,,,117.8,112.3,103.3,103.6,132.6,122.0,123.2,121.5,120.5,119.1,105.7,128.2,107.4,127.6,114.8,100.2,155.8,124.0,105.2,115.1,97.8,106.0,104.7,109.6,109.2,93.0,,,95.5,95.5,93.9,94.5,,97.5,,95.0,96.3,96.1,96.1,97.5,99.5,,98.8,98.5,,98.2,88.0,96.9,100.0,,96.8,96.6,94.3,94.5,94.6,93.8,101.2,101.1,103.0,103.0,99.8,103.7,95.5,100.7,100.7,101.9,106.1,96.3,154.0,98.7,,95.8,95.7,,100.9,100.5,92.3,107.7,99.0,99.9,92.5,94.9,106.4,107.0,105.0,95.4,106.5,106.5,89.6,96.0,83.2,63.9,63.9,95.2,96.9,92.1,126.3,182.5,244.0,290.9,167.8,155.3,146.7,368.3,226.3,325.5,,173.8,179.0,220.6,153.0,111.0,104.2,109.4,103.8,102.7,129.2,97.2,140.9,141.2,120.5,117.4,107.7,120.7,121.0,110.1,122.8,103.1,95.4,98.1,96.7,88.2,99.5,95.1,98.6,100.1,99.3,,98.1,110.3,107.6,109.3,88.4,134.3,,109.4,106.9,110.7,104.7,115.0,109.2,119.1,106.8,116.0,,96.4,105.5,127.6,102.6,,97.1,95.1,95.1,96.1,93.7,111.4,100.0,100.0
200108,96.7,99.3,,97.3,103.8,95.2,107.6,,95.0,72.8,91.9,99.8,95.7,98.1,104.4,,86.9,,113.4,126.0,93.3,,,117.6,112.4,103.5,102.0,133.5,122.0,125.5,118.4,120.4,118.6,104.6,128.0,108.1,127.3,114.2,100.2,153.6,123.4,105.1,115.1,97.7,105.9,104.5,109.8,109.4,93.0,,,95.3,95.3,94.0,94.5,,97.5,,95.0,96.3,96.1,96.1,88.1,99.5,,98.8,98.4,,97.8,88.0,96.9,99.8,,96.8,96.6,94.3,94.5,94.6,93.8,101.2,101.1,103.0,103.0,99.8,103.5,95.6,100.7,100.7,101.8,105.7,96.1,152.9,98.8,,95.7,95.6,,100.8,100.5,92.3,107.6,99.0,99.9,92.5,95.0,106.4,106.5,104.8,95.4,106.5,106.5,89.6,96.1,83.2,63.9,63.9,95.2,96.9,92.1,125.6,180.7,239.9,286.1,165.3,153.9,146.1,358.3,222.2,319.0,,171.4,177.6,217.7,153.0,111.0,104.3,109.5,103.7,103.0,129.2,97.5,139.8,141.0,121.2,116.3,105.9,118.9,121.0,110.2,122.8,103.1,95.3,98.0,96.3,88.4,99.2,95.1,98.5,99.8,99.2,,97.9,110.3,107.1,109.2,89.2,134.3,,109.0,106.3,109.7,104.2,114.8,110.1,118.1,106.4,115.7,,95.0,106.5,127.8,104.4,,97.1,95.3,95.3,96.1,93.7,111.4,100.0,100.0
200109,96.7,99.2,,97.3,103.8,94.6,107.0,,95.1,73.8,91.9,100.6,96.1,97.9,105.4,,85.4,,113.8,124.0,94.0,,,117.5,112.7,103.1,106.2,133.6,120.5,121.7,118.4,120.0,118.7,105.9,126.6,108.0,127.1,116.1,100.2,156.8,123.2,105.0,115.1,97.8,105.8,104.5,109.7,108.3,91.3,,,95.3,95.3,94.0,94.5,,97.5,,94.9,96.3,96.1,96.0,87.9,99.5,,98.8,98.4,,97.8,88.0,96.9,99.8,,96.7,96.7,94.3,94.5,94.6,93.8,101.2,101.1,103.0,103.0,99.8,103.2,95.7,100.7,100.7,101.7,105.6,96.1,151.4,98.7,,95.7,95.6,,100.8,100.5,92.3,107.6,99.0,99.9,92.4,94.9,106.4,106.6,104.7,95.4,106.5,106.5,89.6,96.1,83.2,63.7,63.7,95.5,97.4,92.1,125.2,179.1,236.9,281.7,163.2,151.8,146.1,350.0,219.2,317.8,,170.7,176.9,216.3,153.0,111.0,103.9,108.7,102.7,102.8,129.1,97.9,139.7,141.9,120.0,116.5,105.6,118.5,124.6,110.0,122.1,103.0,95.5,98.3,96.7,88.4,99.4,95.0,98.5,100.2,98.9,,97.7,109.9,107.0,108.8,89.2,133.5,,109.0,105.5,108.3,103.9,114.8,110.4,117.9,107.0,115.7,,97.2,102.7,127.2,103.9,,97.1,95.4,95.4,96.1,93.7,111.4,100.0,100.0
200110,96.7,99.0,,97.2,103.2,94.1,106.7,,95.2,74.4,92.2,100.2,96.5,97.8,104.5,,85.2,,114.5,125.0,93.8,,,117.5,112.3,102.9,105.4,132.9,121.4,124.6,119.1,119.2,118.5,106.1,126.6,107.5,126.5,116.2,100.2,154.5,123.1,105.1,115.1,97.7,105.9,104.6,109.8,108.0,92.7,,,95.2,95.3,94.0,94.5,,97.6,,94.9,96.3,96.1,96.0,87.5,99.5,,98.8,98.4,,97.8,88.0,96.9,99.8,,96.7,96.7,94.3,94.5,94.6,93.8,101.2,101.2,103.0,103.0,99.7,103.1,95.8,100.8,100.8,101.7,105.5,96.1,150.8,98.7,,95.8,95.4,,100.8,100.5,92.4,107.6,99.0,99.9,92.4,94.9,106.4,106.9,104.6,95.7,107.1,107.1,89.7,96.1,83.3,63.7,63.7,95.8,97.5,92.6,125.0,178.1,236.1,281.3,162.6,152.3,145.8,350.0,215.4,317.5,,169.9,173.8,212.9,148.2,110.1,104.0,108.7,102.9,103.9,128.7,99.2,139.7,141.7,118.8,116.7,106.5,119.3,123.7,110.1,121.2,102.8,95.7,98.6,96.8,88.5,99.4,94.7,98.1,99.5,98.5,,97.8,109.6,106.7,108.5,88.9,133.1,,108.7,104.8,106.6,103.9,114.6,110.5,117.6,106.8,115.4,,96.7,97.7,128.2,105.2,,97.2,95.4,95.4,96.3,93.7,113.6,100.0,100.0
200111,96.6,98.9,,97.1,102.4,93.9,106.8,,95.1,73.5,92.3,100.4,96.3,97.7,105.4,,85.1,,115.1,124.7,93.9,,,117.3,112.5,103.1,105.6,133.5,119.6,121.0,116.9,119.4,118.9,105.6,126.8,109.2,126.8,115.4,100.2,157.4,123.5,105.1,115.3,97.8,105.9,104.6,109.5,108.1,93.0,,,95.2,95.2,94.0,94.5,,97.6,,94.9,96.3,96.1,96.1,87.2,99.1,,98.8,98.4,,98.2,87.9,96.9,99.5,,96.7,96.7,94.3,94.5,94.6,93.8,101.2,101.1,103.0,103.0,99.6,103.0,95.9,100.7,100.7,101.6,105.5,96.1,151.4,98.6,,95.8,94.7,,100.7,100.5,92.4,107.4,98.9,99.9,92.3,94.8,106.2,105.7,104.6,95.6,107.1,107.1,89.7,96.1,83.3,62.8,62.8,95.8,97.5,92.6,124.6,176.9,235.6,277.2,161.9,150.9,145.7,350.9,212.1,319.4,,167.1,171.7,210.5,146.8,108.3,103.5,108.3,101.9,104.1,128.6,99.3,138.7,141.7,118.8,116.0,106.4,118.0,123.6,109.7,120.5,102.7,95.5,98.3,96.4,88.6,99.3,95.1,98.2,99.8,98.2,,98.0,109.5,106.6,108.4,88.9,133.1,,108.6,105.4,107.6,104.2,114.3,109.6,117.8,106.2,114.3,,96.8,97.7,127.4,104.7,,97.2,95.4,95.4,96.3,93.7,113.6,100.0,100.0
200112,96.7,99.0,,97.2,103.0,94.2,106.0,,95.2,74.9,92.0,100.3,96.2,97.8,104.2,,86.1,,112.8,124.6,93.3,,,117.1,112.2,102.9,104.9,132.5,120.6,123.3,117.9,119.1,118.2,105.2,125.8,109.1,126.0,114.1,100.2,155.5,123.2,104.9,115.3,97.7,105.6,104.4,109.2,108.8,92.8,,,95.2,95.3,94.0,94.5,,97.6,,94.9,96.3,96.1,96.1,87.3,99.2,,98.8,98.5,,98.2,87.9,96.7,99.4,,96.6,96.8,94.3,94.5,94.6,93.8,101.3,101.2,103.0,103.0,99.7,103.0,95.9,100.8,100.8,101.6,105.6,96.1,151.9,98.6,,95.8,95.0,,100.6,100.4,92.5,107.2,98.8,99.9,92.3,94.8,106.1,105.6,104.5,95.5,107.1,107.1,89.7,96.1,83.3,61.1,61.1,95.8,97.5,92.6,124.3,176.1,235.0,276.8,161.4,150.9,145.7,353.5,209.1,315.2,,164.1,169.2,208.3,142.7,106.6,103.7,107.8,102.1,104.8,128.3,98.9,138.7,141.0,119.0,116.0,107.6,118.1,121.6,109.4,120.7,102.5,95.2,98.0,96.3,88.3,98.9,94.6,97.8,99.3,98.0,,97.7,109.5,106.6,108.7,88.8,132.6,,108.2,104.7,106.2,103.9,114.0,109.2,117.5,106.2,114.7,,96.8,97.8,126.4,104.0,,97.2,95.4,95.4,96.3,93.7,113.6,100.0,100.0
200201,96.8,99.1,,97.3,103.5,94.2,105.5,,95.3,72.9,91.6,100.3,95.7,99.1,104.3,,86.4,,114.3,127.6,93.2,,,117.1,111.6,102.3,104.9,131.7,120.4,120.5,117.7,121.0,118.7,105.8,127.5,108.7,126.4,112.6,100.2,155.5,122.7,104.9,115.1,97.7,105.7,104.4,109.2,108.0,93.0,,,95.2,95.2,94.0,94.5,,97.7,,94.9,96.3,96.1,96.1,87.3,99.2,,98.9,97.8,,98.2,88.0,96.8,99.3,,96.6,96.7,94.3,94.5,94.6,93.8,101.2,101.2,103.0,103.0,99.7,102.9,96.1,100.8,100.8,101.6,105.5,96.0,151.9,98.6,,94.8,95.0,,100.6,100.4,92.5,106.8,98.8,99.9,92.3,94.8,106.0,106.9,104.4,95.3,107.0,107.0,89.5,95.9,83.3,60.3,60.3,95.8,97.5,92.6,123.8,175.0,233.9,274.9,161.0,149.4,146.4,350.9,207.3,312.1,,162.2,166.9,207.1,136.8,105.9,103.6,107.8,101.8,104.2,127.9,99.6,138.7,140.4,118.0,115.2,107.5,117.6,116.0,109.8,120.6,102.3,95.1,97.8,96.1,88.3,99.3,94.6,97.8,99.4,97.5,,97.6,108.9,105.9,108.7,89.2,131.4,,107.9,104.6,106.3,103.7,113.7,109.0,117.0,105.7,114.0,,96.6,96.9,126.2,102.9,,97.2,95.4,95.4,96.3,93.7,113.6,100.0,100.0
200202,96.1,99.0,,97.2,103.2,94.2,105.8,,94.3,72.1,92.0,99.9,95.8,98.3,103.6,,84.3,,111.4,123.6,93.6,,,117.2,111.7,102.4,104.9,132.0,121.0,123.1,118.6,119.7,118.6,104.4,127.2,110.7,125.8,114.2,100.1,155.7,123.1,105.0,115.3,97.7,105.7,104.6,109.7,108.5,93.4,,,95.9,95.9,94.0,94.5,,97.7,,94.9,96.3,96.1,96.1,87.3,98.9,,98.9,97.8,,98.2,105.6,96.9,99.4,,96.6,96.7,94.3,94.5,94.6,93.8,101.2,101.2,103.0,103.0,99.7,102.8,96.1,100.8,100.8,101.5,105.1,96.1,151.1,97.5,,94.0,94.8,,100.6,100.3,92.4,106.6,98.9,99.9,92.3,94.8,106.0,106.7,104.4,95.3,107.0,107.0,89.6,95.9,83.3,59.6,59.6,95.8,97.5,92.6,123.1,172.8,231.2,275.2,159.2,147.9,145.5,346.5,202.2,307.1,,160.5,163.4,207.1,129.1,100.9,103.5,107.4,101.9,103.8,127.2,99.6,137.4,140.7,116.8,114.4,107.4,117.6,109.2,109.8,120.5,102.3,95.3,97.7,96.5,88.4,100.0,94.7,98.1,100.3,97.4,,97.9,108.9,106.7,108.4,89.0,130.7,,107.8,104.7,105.7,104.3,113.1,108.4,116.5,105.8,113.9,,96.5,95.4,125.3,105.2,,97.3,95.4,95.4,96.4,93.9,113.6,100.0,100.0
200203,96.6,98.9,,97.2,102.9,94.3,103.9,,95.1,73.6,92.4,100.1,96.2,98.4,104.3,,85.3,,113.4,125.7,93.6,,,117.1,111.4,102.3,105.6,130.3,120.7,121.7,117.7,121.1,118.6,105.5,126.6,109.1,126.7,114.1,100.1,157.4,122.6,104.8,115.4,97.7,105.4,103.7,109.5,108.2,92.6,,,95.9,95.9,93.9,94.5,,97.5,,94.8,96.2,96.1,96.0,87.3,99.0,,98.9,97.8,,98.0,107.1,96.7,99.3,,96.6,96.7,94.3,94.5,94.6,93.8,101.2,101.2,102.9,102.9,99.6,102.7,96.2,100.8,100.8,101.4,105.0,96.1,149.7,97.5,,94.0,94.8,,100.5,100.1,92.3,106.6,98.7,100.1,92.3,94.7,105.7,106.1,104.3,95.1,107.0,107.0,89.3,95.2,83.3,59.3,59.3,95.8,97.5,92.6,122.6,171.4,229.0,274.0,158.7,147.3,145.1,340.4,199.5,302.5,,158.9,161.7,204.7,127.9,99.9,103.4,107.2,102.3,103.7,126.5,99.2,137.1,139.7,115.7,113.4,107.4,116.6,106.2,110.0,119.3,102.1,95.3,97.7,96.7,88.3,99.7,94.7,98.1,100.3,97.4,,97.8,108.3,106.2,108.6,89.0,128.5,,107.5,104.3,105.3,103.7,113.4,109.1,116.6,105.3,114.4,,96.7,95.4,123.4,101.8,,97.3,95.4,95.4,96.4,93.9,113.6,100.0,100.0
200204,96.4,98.9,,97.1,102.8,94.4,105.8,,94.8,72.6,92.3,100.2,96.7,98.5,102.9,,85.6,,112.1,124.9,93.6,,,117.0,111.4,101.8,105.7,131.9,120.9,123.6,117.2,119.9,118.4,105.6,126.6,109.8,125.2,112.8,100.1,154.2,123.4,104.8,115.3,97.7,105.3,103.7,109.7,108.7,94.1,,,95.4,95.5,93.7,94.6,,97.6,,94.8,96.2,96.1,96.0,87.1,98.8,,98.5,97.7,,98.4,94.6,96.9,99.1,,96.7,96.8,94.4,94.5,94.6,94.0,101.1,101.1,102.9,102.9,99.9,102.9,96.5,100.8,100.8,101.2,104.5,95.4,149.6,97.5,,93.9,94.7,,100.4,100.0,92.6,106.2,98.7,100.2,92.3,94.6,105.5,105.3,104.1,94.1,104.4,104.4,88.9,94.4,83.3,59.2,59.2,96.5,98.0,93.4,122.6,172.2,227.4,273.3,157.9,145.9,143.8,336.5,197.7,300.6,,158.3,166.7,206.1,138.6,105.3,102.9,106.7,102.2,102.5,126.5,99.6,136.6,139.6,115.8,112.4,107.2,115.3,104.5,110.1,117.9,102.0,95.2,97.4,96.6,88.4,100.1,94.7,98.0,100.1,97.3,,97.9,108.3,106.0,108.7,89.1,128.7,,107.4,103.8,105.7,102.8,113.3,109.3,116.1,105.4,113.8,,97.3,92.8,124.5,102.5,,97.8,95.4,95.4,97.1,94.6,113.6,100.0,100.0
200205,96.6,98.8,,97.1,102.1,93.9,105.1,,95.2,74.7,92.8,100.3,96.0,98.7,102.1,,85.4,,111.9,128.1,93.0,,,116.9,111.6,101.8,106.0,132.6,120.0,121.7,116.2,120.0,118.4,105.5,126.2,109.2,125.8,113.5,100.1,155.2,123.0,104.8,115.3,97.7,105.2,104.2,109.4,108.0,94.8,,,95.9,95.9,93.7,94.6,,97.6,,94.7,96.2,96.1,96.0,87.4,99.2,,98.5,97.5,,98.8,107.1,96.9,98.9,,96.7,96.8,94.4,94.6,94.6,94.0,100.9,100.9,102.8,102.8,99.5,102.7,95.9,100.5,100.5,101.1,104.2,94.9,149.2,97.5,,93.9,94.7,,100.3,100.0,92.2,105.9,98.6,100.1,92.3,94.8,105.5,105.0,104.1,94.1,104.4,104.4,88.9,94.4,83.3,59.4,59.4,96.5,98.0,93.5,122.4,171.0,224.7,265.6,157.8,145.8,144.6,328.2,195.2,297.1,,157.7,165.3,203.2,138.6,105.3,103.0,106.6,102.1,103.0,126.3,99.2,135.7,140.1,115.6,113.5,107.1,115.0,116.2,110.1,117.6,101.8,95.1,97.1,96.8,88.4,100.1,94.6,97.9,100.0,97.2,,97.9,107.9,105.9,107.9,89.2,128.3,,107.4,103.9,105.2,103.3,113.1,108.8,116.2,105.4,113.7,,95.8,90.2,125.1,106.3,,97.8,95.4,95.4,97.1,94.6,113.6,100.0,100.0
200206,96.2,98.8,,97.1,101.7,93.9,105.9,,94.6,71.7,93.3,100.2,96.8,97.8,101.6,,84.7,,111.9,128.7,93.3,,,116.1,111.4,101.7,105.3,132.2,119.6,123.7,112.3,119.7,117.3,103.9,124.1,109.3,124.7,114.3,100.1,153.1,122.5,104.6,115.1,97.6,105.0,103.9,109.2,108.2,94.6,,,95.9,95.9,93.7,94.5,,97.7,,94.8,96.2,96.2,96.0,87.5,99.1,,98.5,97.5,,98.8,107.1,96.9,98.7,,96.7,96.8,94.4,94.6,94.6,94.0,100.9,101.0,102.8,102.8,99.4,102.5,96.0,100.6,100.6,101.0,104.1,94.9,147.0,97.5,,94.3,94.7,,100.2,100.0,92.1,105.8,98.5,100.1,92.3,94.8,105.5,105.5,104.0,94.1,104.4,104.4,88.8,94.4,83.1,59.6,59.6,96.5,98.0,93.6,122.0,169.4,221.1,260.2,156.0,144.2,145.1,320.3,192.1,289.8,,157.2,164.9,202.8,138.6,105.3,103.0,106.6,102.1,102.8,126.5,99.2,135.2,140.0,116.6,113.5,106.8,115.2,116.2,110.3,116.9,101.6,94.9,96.9,96.6,88.5,99.6,94.6,97.9,100.5,96.7,,97.8,107.6,105.9,108.0,89.2,126.9,,106.6,102.9,104.3,102.3,111.9,107.4,115.1,105.2,113.9,,95.0,93.7,124.6,105.9,,97.8,95.4,95.4,97.2,94.7,113.6,100.0,100.0
200207,96.3,98.7,,97.1,101.5,93.8,104.9,,94.8,73.3,93.5,100.0,95.8,97.8,99.8,,85.9,,113.2,126.3,93.3,,,115.4,110.2,101.5,104.8,128.3,118.6,121.2,111.2,119.9,117.0,103.8,125.6,105.7,123.8,112.6,100.1,154.2,121.4,104.0,115.1,97.6,105.0,97.3,109.2,107.9,92.6,,,95.9,95.9,93.7,94.5,,97.7,,94.8,96.1,96.2,96.0,87.5,99.1,,98.5,97.7,,98.1,107.1,96.9,98.8,,96.7,96.9,94.4,94.6,94.6,94.0,101.0,101.0,102.8,102.8,99.4,102.3,96.1,100.6,100.6,101.0,104.0,94.8,147.0,97.5,,94.1,94.4,,100.2,100.0,92.1,105.8,98.5,100.1,92.3,94.7,105.5,105.7,103.9,94.0,104.0,104.0,88.6,94.1,82.9,59.7,59.7,96.5,98.0,93.7,121.4,168.2,217.9,259.2,154.9,143.5,142.8,312.9,190.4,283.3,,155.3,164.4,201.3,138.6,105.3,102.8,106.1,102.0,103.1,125.8,99.1,135.0,139.7,115.1,113.8,108.1,115.6,116.2,109.1,116.7,101.5,94.9,97.1,96.7,88.5,98.7,94.6,98.1,101.2,97.0,,97.9,107.3,105.4,107.7,89.2,126.5,,106.1,103.0,104.4,102.3,111.3,106.8,114.5,104.1,112.3,,94.1,96.4,122.4,105.5,,97.8,95.4,95.4,97.2,94.7,113.6,100.0,100.0
200208,96.1,98.5,,97.1,101.1,93.8,103.1,,94.5,72.4,93.1,99.5,96.6,97.3,99.2,,86.2,,111.7,126.9,92.4,,,115.2,110.0,102.0,103.4,126.8,118.9,122.6,110.8,119.8,116.4,104.2,124.3,104.9,123.4,112.1,100.1,152.3,121.7,103.9,115.1,97.6,104.8,97.0,109.4,107.8,92.5,,,95.5,95.6,93.7,94.5,,97.7,,94.8,96.1,96.2,96.0,87.5,99.1,,98.3,97.6,,98.2,97.0,96.9,98.8,,96.7,96.9,94.4,94.6,94.6,94.0,100.9,101.0,102.8,102.8,99.3,102.1,96.3,100.6,100.6,100.9,103.9,94.8,146.5,97.4,,93.9,94.3,,100.2,100.0,92.1,105.7,98.4,100.1,92.3,94.7,105.5,106.0,103.9,93.9,104.0,104.0,88.6,94.1,82.9,59.5,59.5,96.5,98.0,93.7,121.0,166.6,214.9,254.4,152.9,143.3,143.4,304.2,188.8,279.5,,154.9,163.2,198.9,138.6,105.3,102.7,106.0,101.5,103.2,125.4,98.9,134.0,139.7,114.6,113.4,107.3,115.2,116.2,108.9,116.7,101.4,95.0,97.4,96.8,88.4,98.3,94.6,98.1,101.4,96.8,,98.2,106.9,104.7,107.5,89.2,126.1,,106.1,102.8,104.5,102.0,111.7,107.6,114.7,104.0,112.6,,93.8,94.8,123.9,104.4,,97.8,95.4,95.4,97.2,94.7,113.6,100.0,100.0
200209,96.2,98.8,,97.2,101.4,94.1,104.8,,94.6,72.8,93.4,99.1,96.4,97.3,100.4,,86.8,,112.7,126.0,92.0,,,115.3,110.8,101.9,103.7,130.1,117.8,121.4,109.7,118.7,116.7,104.5,124.5,104.0,125.1,112.5,100.1,152.0,121.7,104.0,114.9,97.4,105.1,97.2,109.1,107.7,93.7,,,95.5,95.6,93.7,94.5,,97.8,,94.9,96.1,96.2,95.9,87.6,99.1,,98.3,97.6,,98.2,97.0,96.9,98.8,,96.7,96.9,94.4,94.6,94.6,94.0,100.9,101.0,102.8,102.8,99.3,101.9,96.5,100.6,100.6,100.8,103.3,93.6,148.6,96.5,,94.0,94.6,,100.1,100.0,91.9,105.6,98.5,100.2,92.4,94.7,105.3,105.3,103.8,93.7,103.3,103.3,88.6,94.0,82.9,59.4,59.4,96.5,98.0,93.7,120.9,165.3,211.9,246.4,150.6,141.2,143.2,296.4,187.1,280.6,,151.7,162.4,197.4,138.6,105.3,102.4,105.7,101.6,102.2,125.3,99.5,133.4,138.9,115.1,114.1,107.7,115.4,122.5,108.4,116.5,101.4,95.0,97.3,97.2,87.7,98.9,94.5,98.0,101.2,96.9,,98.2,107.0,104.5,107.7,89.1,126.7,,106.5,103.3,104.9,102.4,112.1,108.6,114.6,104.7,113.0,,95.1,90.7,123.9,105.5,,97.8,95.4,95.4,97.2,94.7,113.6,100.0,100.0
200210,96.3,98.8,,97.2,101.6,94.1,105.1,,94.7,73.7,93.7,99.0,96.9,97.6,99.0,,86.0,,111.1,127.6,92.9,,,115.1,110.3,101.9,103.2,128.7,117.0,122.8,108.6,116.3,116.8,105.0,125.9,102.0,123.9,113.3,100.1,152.6,121.7,103.9,115.0,97.4,104.9,97.5,109.4,105.8,93.8,,,95.5,95.6,93.7,94.5,,97.6,,94.9,96.1,96.2,96.0,87.6,99.1,,98.2,97.7,,98.2,97.0,96.9,98.8,,96.5,96.9,94.4,94.6,94.6,94.0,100.9,100.9,102.7,102.7,99.4,101.9,96.5,100.6,100.6,100.7,103.1,93.5,147.9,96.4,,93.8,94.7,,100.0,99.9,91.9,105.4,98.5,100.2,92.5,94.7,105.1,105.3,103.7,92.9,101.7,101.7,88.3,93.5,82.9,59.5,59.5,96.5,98.0,93.7,120.8,165.1,210.0,234.3,150.0,140.9,141.4,292.9,186.8,281.4,,146.7,164.2,196.2,146.4,107.2,102.4,104.8,102.1,102.6,125.2,99.5,132.5,139.3,115.1,114.3,107.6,115.4,122.7,108.7,116.3,101.0,95.0,97.4,97.0,87.6,99.1,94.4,97.9,100.8,96.9,,98.6,106.2,104.3,107.4,89.2,124.3,,106.5,103.6,105.8,102.3,112.3,109.2,114.5,104.1,112.7,,95.7,85.2,123.9,102.2,,97.8,95.4,95.4,97.2,94.7,113.6,100.0,100.0
200211,96.5,98.9,,97.2,102.1,94.6,105.4,,94.9,73.9,94.0,99.4,97.1,97.7,99.8,,87.3,,109.4,126.7,93.0,,,115.2,111.0,102.0,103.4,131.0,117.3,122.6,108.8,116.9,116.6,104.6,124.5,103.9,123.4,113.7,100.1,153.4,120.7,103.9,114.9,97.5,104.9,98.0,108.8,105.7,93.9,,,95.5,95.6,93.7,94.5,,97.6,,94.8,96.1,96.2,96.0,87.6,99.1,,98.2,97.7,,98.1,97.0,96.9,98.6,,96.5,96.9,94.4,94.6,94.6,94.0,100.8,100.9,102.7,102.7,99.3,101.7,96.6,100.5,100.5,100.6,103.0,93.5,147.2,96.4,,93.7,94.1,,100.0,99.9,92.0,105.1,98.4,100.1,92.5,94.7,105.0,105.1,103.6,93.0,101.7,101.7,88.3,93.4,82.9,60.1,60.1,96.5,98.0,93.7,120.5,164.1,208.9,232.4,150.0,139.1,141.4,289.0,186.3,283.3,,145.7,162.4,193.6,144.6,107.6,102.0,104.4,102.2,102.1,125.4,99.9,131.9,139.7,115.8,113.3,107.5,114.2,121.0,108.7,115.0,101.1,95.0,97.7,96.8,87.6,98.4,94.4,98.0,101.1,97.2,,98.4,106.4,104.3,107.6,89.2,124.5,,106.6,104.7,108.9,102.1,110.9,107.7,113.1,104.7,112.3,,96.9,93.2,123.7,102.8,,97.8,95.4,95.4,97.2,94.7,113.6,100.0,100.0
200212,96.6,98.7,,97.1,102.2,94.2,102.7,,95.3,74.6,94.6,99.7,96.9,97.3,99.9,,86.8,,112.1,128.5,93.3,,,114.7,109.5,101.8,101.3,127.1,116.8,120.3,111.0,116.3,116.4,105.6,124.7,102.7,123.1,113.3,100.1,151.7,121.0,104.0,115.0,97.5,104.9,97.7,109.0,105.6,95.8,,,95.5,95.6,93.8,94.6,,97.6,,94.8,96.2,96.2,96.0,87.8,99.1,,98.0,97.7,,98.2,97.0,97.0,98.7,,96.5,96.9,94.4,94.6,94.6,94.0,100.9,101.0,102.7,102.7,99.3,101.6,96.7,100.7,100.7,100.6,102.9,93.3,147.4,96.4,,93.4,94.2,,99.9,99.9,92.0,105.1,98.2,100.1,92.5,94.9,104.9,105.1,103.6,93.0,101.7,101.7,88.2,93.4,82.9,60.6,60.6,96.5,98.0,93.7,120.0,162.1,206.1,230.8,150.2,137.7,138.7,287.7,183.3,270.6,,144.6,159.5,191.4,140.2,105.0,102.0,104.2,103.2,101.3,125.3,99.9,131.3,139.7,115.6,113.3,108.7,114.7,118.1,108.8,114.3,101.0,94.9,97.3,97.0,87.5,97.9,94.6,97.8,100.7,96.9,,98.2,106.4,104.2,107.5,89.2,124.7,,106.4,105.4,111.3,101.5,110.0,106.1,112.9,104.4,111.3,,97.1,94.0,121.4,103.0,,97.8,95.4,95.4,97.2,94.7,113.6,100.0,100.0
200301,96.3,98.5,,97.1,100.7,93.8,103.2,,94.7,73.2,93.0,99.5,97.1,97.7,99.7,,86.0,,111.9,129.2,91.8,,,114.7,110.1,101.8,101.2,129.1,117.3,119.4,111.0,118.2,116.2,105.4,124.1,104.4,120.9,112.3,100.1,151.2,120.9,104.0,115.0,97.5,105.0,97.9,109.0,105.2,94.0,,,95.5,95.6,93.8,94.6,,97.6,,94.8,96.2,96.2,96.0,87.8,98.9,,98.0,97.4,,98.2,97.0,96.8,98.7,,96.7,96.9,94.4,94.6,94.6,94.0,100.9,101.0,102.6,102.6,99.3,101.6,96.7,100.7,100.7,100.4,102.7,93.3,145.5,96.2,,93.4,94.2,,99.9,99.7,92.0,104.9,98.2,100.1,92.5,94.9,104.8,105.1,103.5,93.1,101.6,101.6,88.2,93.3,83.0,61.6,61.6,96.5,98.0,93.7,119.5,159.9,203.7,229.2,149.7,135.9,138.7,282.0,181.0,264.1,,145.0,155.5,188.3,132.9,101.9,101.9,104.1,102.8,101.2,124.5,100.1,131.0,138.5,114.6,112.2,108.8,113.8,111.8,108.5,114.6,101.0,95.1,97.5,97.5,87.6,98.2,94.6,97.7,100.3,96.8,,98.6,106.1,103.4,107.7,89.3,124.5,,106.5,106.2,113.1,101.7,109.9,106.9,112.2,104.2,111.0,,97.2,93.8,121.4,103.4,,97.8,95.5,95.5,97.2,94.8,113.6,100.0,100.0
200302,96.1,98.6,,97.2,101.0,93.7,103.3,,94.5,74.1,93.8,99.7,96.6,97.8,98.1,,85.4,,111.3,129.0,90.1,,,114.5,110.0,101.7,101.8,128.8,117.4,123.1,109.3,116.5,115.7,105.0,123.8,101.8,121.3,112.5,100.1,150.2,121.0,104.0,115.1,97.5,104.9,97.9,109.0,105.2,94.0,,,95.5,95.6,93.8,94.6,,97.2,,94.8,96.2,96.2,96.2,87.6,98.5,,98.0,97.4,,98.7,97.0,96.9,98.7,,96.7,96.9,94.4,94.6,94.6,94.0,100.9,101.0,102.6,102.6,99.0,101.5,96.3,100.7,100.7,100.2,102.1,93.1,143.7,95.6,,92.3,94.2,,99.9,99.6,92.1,104.9,98.2,100.1,92.5,95.3,104.5,105.0,103.4,93.2,101.6,101.6,88.2,93.3,83.0,62.1,62.1,96.5,98.0,93.7,119.2,158.9,202.1,231.1,148.8,135.3,137.3,278.9,178.2,260.6,,140.7,154.2,188.3,131.1,99.3,101.8,104.4,103.1,100.7,123.8,99.7,130.6,137.0,114.4,111.2,108.7,113.1,106.7,107.9,114.3,101.0,94.9,97.1,97.4,87.5,98.6,94.6,97.7,101.0,96.7,,98.6,106.2,104.3,107.3,89.1,124.7,,107.1,107.4,114.5,102.9,110.0,107.3,112.1,104.7,111.4,,97.4,96.8,121.4,104.4,,97.8,95.5,95.5,97.2,94.8,113.6,100.0,100.0
200303,96.1,98.7,,97.2,101.0,93.6,105.8,,94.5,72.9,93.1,99.3,96.4,97.8,99.1,,86.2,,111.1,126.7,91.7,,,113.9,109.5,101.5,100.9,128.1,116.0,118.6,106.3,118.6,115.2,104.5,122.4,101.1,121.1,111.7,100.1,153.1,120.3,103.7,115.0,97.5,104.5,97.8,108.7,103.9,94.0,,,95.6,95.6,93.8,94.6,,97.2,,95.0,96.2,96.2,96.2,87.6,98.5,,98.0,97.4,,98.6,97.0,96.9,98.7,,96.7,97.0,94.4,94.6,94.6,94.0,100.9,101.0,102.6,102.6,99.0,101.4,96.4,100.7,100.7,100.2,101.9,92.9,142.2,95.9,,92.1,94.1,,99.8,99.6,92.1,104.8,97.9,100.1,92.6,95.3,104.5,104.9,103.4,93.2,101.6,101.6,88.2,93.2,83.1,62.9,62.9,96.6,98.1,93.7,118.8,158.1,199.9,229.2,147.7,136.2,136.2,275.0,176.2,255.3,,140.5,154.3,190.0,129.7,98.6,101.6,103.9,103.0,100.6,122.8,99.9,128.7,135.8,113.7,110.9,108.2,113.1,104.0,108.0,113.9,100.6,94.9,97.2,97.3,87.4,98.8,94.3,97.6,101.2,96.3,,98.2,105.7,104.0,107.5,89.2,122.2,,107.2,108.7,114.8,104.9,109.3,106.5,111.5,104.5,111.2,,97.2,96.2,120.9,104.4,,97.8,95.5,95.5,97.2,94.8,113.6,100.0,100.0
200304,96.1,98.4,,96.9,100.8,93.9,103.4,,94.5,73.3,93.0,99.2,96.1,97.5,98.7,,85.5,,112.4,128.5,92.1,,,114.0,109.1,101.8,100.5,125.7,115.8,119.3,106.8,117.4,115.8,105.0,122.8,103.9,122.1,114.2,100.2,149.7,120.3,103.6,114.8,97.5,104.4,97.4,108.6,105.3,94.4,,,95.3,95.4,93.8,94.7,,97.3,,95.1,96.2,96.1,96.2,87.4,98.4,,98.0,97.6,,98.7,90.9,96.9,98.7,,96.8,97.1,94.6,94.7,94.8,94.2,100.9,101.1,102.6,102.6,98.9,100.9,96.6,100.8,100.8,100.2,102.0,92.9,142.8,95.9,,92.1,94.1,,99.9,99.5,93.0,104.9,97.9,100.1,92.6,95.0,104.3,104.3,103.3,93.8,102.0,102.0,88.9,94.4,83.3,63.6,63.6,96.9,98.3,94.2,119.1,158.9,199.1,230.1,147.7,135.1,136.4,271.1,177.0,253.7,,138.6,158.4,191.2,137.5,103.3,101.5,104.1,102.1,100.5,122.7,99.8,128.8,135.9,113.1,110.7,108.2,113.8,102.5,106.8,113.5,100.6,95.2,97.4,97.9,88.2,98.2,94.3,97.8,101.5,96.6,,98.6,105.5,103.9,107.5,89.2,121.6,,107.4,109.9,115.3,106.5,109.4,106.4,111.6,104.2,110.4,,97.4,97.7,121.7,103.3,,98.0,96.0,96.0,97.6,95.0,113.6,100.0,100.0
200305,96.1,98.1,,96.5,101.0,93.3,104.5,,94.5,73.7,93.4,99.6,96.0,97.5,100.4,,84.7,,111.9,128.2,92.2,,,113.3,109.1,101.6,98.8,126.8,115.2,116.1,108.1,117.7,114.7,104.8,120.7,103.4,120.5,112.2,100.2,149.0,118.6,103.9,114.4,97.4,104.2,103.7,108.1,105.8,94.6,,,95.4,95.4,93.8,94.7,,97.2,,95.1,96.2,96.1,96.2,87.5,98.3,,98.3,97.8,,98.9,90.9,97.1,98.6,,96.8,97.1,94.6,94.7,94.8,94.2,100.9,101.1,102.6,102.6,99.3,100.8,97.5,100.8,100.8,100.2,102.1,93.1,143.7,95.9,,92.1,93.8,,99.8,99.5,92.9,104.7,97.7,100.1,92.6,95.0,104.2,104.0,103.3,93.8,102.0,102.0,88.9,94.4,83.4,63.6,63.6,96.9,98.3,94.3,118.8,158.1,196.9,222.4,146.3,134.5,134.7,267.2,177.2,249.5,,136.9,158.4,191.4,137.5,103.3,101.3,104.2,101.5,100.2,122.8,99.8,128.6,136.0,113.2,111.3,107.8,112.5,113.6,107.2,113.4,100.5,95.1,97.3,97.6,88.2,98.5,93.9,97.6,101.3,96.1,,98.2,105.4,103.7,107.4,89.0,121.7,,107.2,110.8,116.4,107.3,108.4,105.0,110.8,104.0,111.0,,95.7,100.0,121.4,104.1,,98.0,96.0,96.0,97.6,95.0,113.6,100.0,100.0
200306,95.9,98.1,,96.5,101.4,92.9,103.9,,94.3,72.5,93.6,99.4,96.6,97.1,100.6,,83.8,,112.1,128.5,92.3,,,113.0,108.7,101.7,97.9,125.5,115.4,118.1,107.8,116.6,114.5,105.0,120.3,104.4,119.5,110.6,100.2,148.0,118.0,103.7,114.4,97.3,103.9,103.7,107.9,106.3,93.5,,,95.4,95.4,93.8,94.7,,97.2,,95.1,96.2,96.1,96.2,87.4,98.8,,98.2,97.9,,99.0,90.9,97.1,98.7,,96.9,97.1,94.6,94.7,94.8,94.2,101.0,101.2,102.6,102.6,99.1,100.5,97.6,100.9,100.9,100.1,102.1,93.2,143.5,95.9,,91.7,93.7,,99.7,99.4,92.9,104.8,97.7,100.0,92.6,95.0,104.2,103.9,103.2,93.7,102.0,102.0,88.9,94.4,83.4,63.3,63.3,96.9,98.3,94.3,118.4,157.2,195.0,221.2,145.6,133.3,134.0,262.4,176.5,246.8,,135.1,157.8,190.0,137.5,103.3,101.0,103.9,100.8,100.0,121.8,100.0,128.6,134.4,111.9,111.1,107.5,112.4,113.6,106.9,112.4,100.3,95.1,97.4,97.9,88.0,98.6,93.7,97.4,101.4,95.8,,97.6,104.9,103.3,107.3,88.7,120.9,,107.1,111.4,116.5,108.2,108.5,104.9,111.0,103.2,110.5,,94.6,104.8,120.4,101.8,,98.0,96.0,96.0,97.6,95.0,113.6,100.0,100.0
200307,95.7,98.0,,96.4,101.3,93.1,103.0,,94.1,73.9,93.2,99.9,97.1,96.7,98.5,,83.8,,109.3,125.6,92.3,,,112.7,108.4,101.6,97.7,124.9,116.2,120.0,105.7,118.3,113.5,104.6,120.2,101.7,117.5,110.3,100.2,145.9,117.2,103.5,113.9,97.2,103.8,103.5,107.7,104.9,92.4,,,95.7,95.7,93.8,94.7,,97.0,,95.1,96.2,96.0,96.2,87.4,98.8,,98.2,97.9,,99.2,98.1,97.1,98.9,,96.8,97.1,94.6,94.7,94.8,94.2,101.0,101.2,102.6,102.6,99.2,100.5,97.7,100.9,100.9,100.1,102.2,93.2,144.0,95.8,,92.6,93.7,,99.7,99.3,92.8,104.8,97.6,100.0,92.5,95.0,104.1,103.6,103.2,93.8,102.3,102.3,89.1,94.7,83.4,63.0,63.0,97.0,98.3,94.3,118.4,156.4,193.3,221.2,145.2,134.7,133.5,259.3,174.9,240.3,,133.9,156.7,187.8,137.5,103.3,101.0,103.5,100.6,100.8,121.4,100.0,128.4,134.8,110.5,110.7,106.9,112.1,113.6,106.4,112.0,100.0,95.0,97.4,97.9,87.7,98.0,93.7,97.5,101.4,95.9,,97.7,104.4,103.1,106.8,88.5,119.4,,108.4,115.8,128.8,107.3,108.5,104.5,111.3,103.6,111.0,,93.4,115.3,120.4,103.7,,98.0,96.0,96.0,97.6,95.0,113.6,100.0,100.0
200308,95.7,98.0,,96.4,101.2,93.3,102.1,,94.2,72.6,94.6,100.1,97.7,96.5,97.2,,84.6,,109.6,128.5,91.6,,,112.1,107.7,101.7,98.4,121.9,114.9,117.1,107.1,116.8,113.3,104.9,119.1,102.8,116.5,109.2,100.2,145.3,116.8,103.3,112.9,97.2,103.6,103.5,107.9,106.0,93.4,,,95.7,95.7,93.8,94.7,,97.0,,95.1,96.2,96.1,96.2,87.4,98.8,,98.3,97.9,,99.4,98.1,97.0,98.6,,96.8,97.1,94.6,94.7,94.8,94.2,101.0,101.1,102.5,102.5,98.9,100.2,97.6,100.9,100.9,99.9,101.5,92.7,140.5,95.5,,92.5,93.2,,99.6,99.4,92.8,104.8,97.5,100.0,92.5,95.0,103.9,103.2,103.2,93.8,102.3,102.3,89.1,94.7,83.4,63.0,63.0,97.0,98.3,94.3,117.9,155.0,190.6,217.3,143.4,132.4,133.7,254.1,173.2,235.3,,133.2,156.1,186.3,137.5,103.3,100.8,103.9,100.2,99.7,120.4,99.8,127.7,134.0,109.0,110.6,106.8,112.1,113.6,106.8,110.7,99.8,95.0,97.3,97.8,87.9,98.1,93.7,97.5,101.4,96.0,,98.1,103.8,102.9,106.6,88.4,118.0,,108.0,115.3,128.7,106.6,108.1,104.5,110.7,103.2,110.5,,92.8,116.1,120.6,102.7,,98.0,96.0,96.0,97.6,95.0,113.6,100.0,100.0
200309,95.6,98.2,,96.6,101.5,93.1,103.4,,93.9,73.3,94.3,99.3,98.1,96.4,96.6,,83.6,,110.7,125.0,91.9,,,111.9,107.2,101.6,97.5,120.3,115.2,119.1,102.9,118.2,113.2,104.8,119.8,100.2,117.5,111.0,100.2,143.5,116.2,103.3,112.6,97.1,103.7,103.6,107.9,104.9,93.8,,,95.7,95.8,93.8,94.7,,97.0,,95.1,96.2,96.1,96.1,87.4,98.9,,98.3,98.0,,99.4,98.1,97.0,98.9,,96.8,97.1,94.6,94.7,94.8,94.2,100.9,101.1,102.5,102.5,98.9,100.0,97.7,100.8,100.8,99.8,101.0,92.5,138.3,95.5,,92.7,92.3,,99.6,99.3,92.8,104.8,97.5,99.8,92.5,95.2,103.9,102.9,103.2,93.8,102.3,102.3,89.1,94.7,83.4,63.0,63.0,97.0,98.3,94.3,117.8,154.2,188.7,217.3,140.5,133.6,132.4,250.2,173.2,233.0,,132.6,155.9,186.1,137.5,103.3,100.1,103.8,99.1,98.9,120.7,100.1,126.9,132.5,111.7,111.5,106.8,112.2,119.3,106.8,111.5,99.6,95.0,97.0,98.0,88.1,98.5,93.7,97.4,101.5,95.7,,98.0,103.6,102.2,106.6,88.3,118.0,,108.3,115.6,128.8,106.8,108.8,106.5,110.6,103.0,110.5,,93.8,110.3,120.1,101.6,,98.0,96.0,96.0,97.6,95.0,113.6,100.0,100.0
200310,95.6,98.0,,96.5,100.9,93.0,103.4,,93.9,70.0,94.5,99.7,98.6,96.8,97.4,,83.7,,111.8,127.8,92.0,,,112.3,108.3,101.9,97.4,124.2,115.4,120.4,104.2,116.8,113.3,104.4,119.3,101.1,118.5,112.6,100.2,143.8,116.3,103.2,112.1,97.2,103.6,103.5,107.7,105.5,93.3,,,95.7,95.7,93.8,94.7,,97.0,,95.1,96.2,96.1,96.2,87.4,98.9,,98.3,97.7,,99.2,98.1,96.6,98.6,,96.9,97.1,94.6,94.7,94.8,94.2,100.8,101.0,102.5,102.5,99.1,100.1,98.1,100.7,100.7,99.8,100.9,92.3,137.3,96.2,,92.5,91.9,,99.6,99.3,92.8,104.8,97.5,100.0,92.5,95.2,103.9,102.4,103.1,93.7,102.0,102.0,89.0,94.6,83.4,62.6,62.6,97.0,98.3,94.5,117.2,151.8,187.4,210.9,141.6,133.9,132.1,243.6,172.4,232.6,,133.6,150.1,182.7,124.9,101.5,100.3,103.7,99.6,99.3,120.0,100.0,126.5,131.5,110.9,111.3,106.8,112.4,118.4,106.7,111.7,99.5,94.9,97.2,98.0,87.4,98.5,93.4,97.1,100.8,95.6,,97.9,103.5,101.7,107.3,88.3,117.0,,108.4,115.6,128.3,107.2,107.9,104.9,110.1,104.1,111.2,,95.5,108.6,121.7,102.5,,98.0,96.0,96.0,97.6,95.0,113.6,100.0,100.0
200311,95.6,98.2,,96.7,101.0,92.5,104.9,,93.9,71.5,94.3,99.3,98.1,96.7,98.0,,83.7,,110.3,127.6,92.2,,,112.1,107.4,101.6,97.8,121.3,114.8,119.4,101.3,118.0,113.4,104.4,118.7,102.0,119.5,112.9,100.2,144.0,115.2,103.2,112.2,97.1,103.5,103.6,107.5,104.7,93.1,,,95.7,95.7,93.8,94.7,,97.0,,95.1,96.2,96.1,96.1,87.4,98.9,,98.3,97.7,,99.2,98.1,96.6,98.5,,96.9,97.1,94.6,94.7,94.8,94.2,100.8,101.0,102.5,102.5,99.1,100.0,98.1,100.7,100.7,99.7,100.7,92.5,133.7,96.5,,92.5,92.0,,99.6,99.3,92.8,104.8,97.5,100.0,92.5,95.2,103.9,102.3,103.1,93.7,102.0,102.0,89.0,94.6,83.4,62.3,62.3,97.0,98.3,94.5,117.0,150.6,186.3,209.0,141.4,132.7,132.0,239.3,172.9,232.6,,132.3,147.8,181.7,121.1,98.1,100.3,103.5,99.3,99.7,120.0,100.4,126.5,131.7,110.7,111.5,106.8,113.0,116.8,106.6,112.0,99.4,95.0,97.3,98.3,87.3,98.4,93.3,96.8,100.3,95.3,,97.2,103.5,101.7,107.0,87.9,117.7,,108.6,115.1,128.5,106.4,108.0,104.6,110.5,104.8,111.7,,96.4,111.7,121.0,102.9,,98.0,96.0,96.0,97.6,95.0,113.6,100.0,100.0
200312,95.5,98.2,,96.7,101.4,92.7,102.5,,93.7,71.3,93.5,99.9,97.9,96.7,98.5,,83.1,,110.5,125.6,92.3,,,112.1,107.7,102.3,96.6,120.9,114.8,116.9,106.5,117.1,113.3,104.4,118.2,105.0,118.2,109.6,100.2,144.2,115.3,103.0,111.4,96.9,103.4,102.9,107.6,106.1,93.4,,,95.7,95.8,93.8,94.8,,97.0,,95.1,96.2,96.1,96.1,87.5,98.9,,98.3,97.8,,99.2,98.1,96.5,98.5,,96.9,97.1,94.6,94.7,94.8,94.2,100.8,101.0,102.5,102.5,99.0,99.8,98.2,100.7,100.7,99.7,100.6,92.5,133.1,96.3,,92.3,91.8,,99.6,99.3,92.9,104.8,97.5,100.0,92.5,95.1,103.9,102.3,103.1,93.7,102.0,102.0,89.0,94.6,83.4,61.8,61.8,97.1,98.4,94.5,116.5,149.1,184.1,203.6,140.0,130.3,130.8,236.2,171.1,228.8,,131.7,144.9,180.0,114.7,97.2,100.1,102.8,98.5,100.1,119.8,100.3,125.8,132.5,109.6,111.5,107.2,113.4,114.4,106.7,111.9,99.2,94.9,97.0,97.7,87.8,97.7,93.4,96.7,100.1,94.9,,97.7,103.2,101.6,106.8,87.8,117.0,,107.8,114.3,126.8,106.1,106.9,104.0,109.1,104.1,110.6,,96.8,114.3,119.9,100.9,,98.0,96.0,96.0,97.6,95.0,113.6,100.0,100.0
200401,95.5,98.4,,96.9,101.7,93.0,102.8,,93.6,71.9,94.2,99.1,97.6,96.7,96.4,,82.5,,110.8,126.4,91.9,,,111.9,107.6,101.7,98.4,121.2,115.2,118.9,105.8,116.6,113.0,104.9,117.9,103.2,118.2,110.7,100.2,142.2,114.9,103.0,112.0,96.8,103.4,103.2,107.0,105.3,93.0,,,95.7,95.8,93.8,94.9,,97.0,,95.2,96.2,96.1,96.1,87.8,98.7,,98.3,97.8,,99.2,98.1,96.5,98.5,,96.9,97.2,94.6,94.7,94.8,94.2,100.7,100.9,102.3,102.3,99.0,99.7,98.2,100.6,100.6,99.7,100.5,92.4,132.9,96.3,,92.3,92.0,,99.5,99.2,92.9,104.5,97.5,99.9,92.5,95.1,103.6,102.3,103.1,93.5,101.9,101.9,88.9,94.3,83.4,61.4,61.4,97.1,98.4,94.5,115.8,147.5,183.5,202.0,140.7,132.3,130.8,235.4,168.1,228.4,,131.7,140.3,176.7,107.1,93.3,100.1,103.0,98.6,100.0,119.3,100.2,125.3,132.5,108.5,109.8,107.2,112.2,104.7,106.4,111.1,99.2,94.9,97.1,98.0,87.7,97.7,93.7,96.8,100.2,94.7,,97.5,102.9,101.2,106.6,87.8,116.9,,107.6,114.4,127.1,106.2,106.3,104.2,108.0,104.0,109.4,,97.0,115.1,120.1,101.9,,98.0,96.0,96.0,97.6,95.0,113.6,100.0,100.0
200402,95.5,98.7,,97.2,101.9,93.0,104.5,,93.4,71.5,94.8,99.4,98.0,96.8,96.1,,82.0,,111.3,124.6,91.3,,,111.8,107.9,101.8,99.3,121.9,113.8,116.9,105.9,115.1,113.0,105.2,118.1,104.1,117.3,110.6,100.3,142.1,115.2,102.9,112.0,96.8,103.4,103.1,107.4,105.6,92.3,,,96.0,96.1,93.8,94.9,,97.0,,95.2,96.4,96.4,96.2,104.8,98.7,,98.3,97.9,,99.2,98.0,96.6,98.5,,97.1,97.2,94.6,94.7,94.8,94.2,100.8,101.0,102.3,102.3,98.7,99.5,97.9,100.8,100.8,99.6,100.3,92.4,130.9,96.3,,92.6,91.7,,99.5,99.2,92.8,104.4,97.5,99.9,92.5,95.1,103.5,102.2,103.1,93.5,101.9,101.9,88.8,94.3,83.4,61.2,61.2,97.1,98.4,94.5,115.3,145.7,182.2,205.8,139.3,131.0,129.0,233.6,165.8,224.6,,130.0,136.8,173.5,102.9,89.8,100.1,103.0,99.3,99.8,118.6,99.8,124.7,130.6,109.0,109.4,106.6,112.6,100.6,106.4,111.2,99.2,94.9,97.0,97.9,87.7,97.5,93.5,96.8,100.1,94.9,,97.7,103.0,101.1,106.3,88.0,117.6,,107.3,114.0,126.7,105.6,106.4,104.5,107.8,103.7,109.1,,97.0,114.3,118.0,102.4,,98.0,96.0,96.0,97.6,95.0,113.6,100.0,100.0
200403,95.8,98.7,,97.2,102.4,93.0,103.0,,93.8,72.1,94.1,99.7,98.4,97.5,96.2,,82.0,,110.9,127.9,91.4,,,111.2,107.6,101.9,98.9,120.5,113.2,112.2,107.6,116.8,112.3,104.9,117.0,101.9,116.8,109.3,100.3,142.1,113.7,102.8,111.5,96.7,103.3,102.7,107.0,104.8,93.1,,,96.2,96.3,93.8,94.9,,97.0,,95.1,96.4,96.8,96.2,113.5,98.9,,98.3,98.5,,99.3,98.0,96.7,98.5,,96.9,97.3,94.6,94.7,94.8,94.2,100.8,101.0,102.2,102.2,98.7,99.4,98.0,100.8,100.8,99.5,100.1,92.4,130.5,95.7,,92.0,91.8,,99.4,99.1,92.8,104.1,97.5,100.0,92.5,95.1,103.4,102.2,103.1,93.5,101.9,101.9,88.8,94.3,83.4,61.2,61.2,97.1,98.4,94.5,115.1,144.7,180.3,203.6,137.8,130.0,129.1,231.4,165.3,218.0,,129.1,135.3,171.3,103.3,87.4,100.2,102.9,99.3,100.2,118.5,99.7,124.2,129.3,109.9,108.7,107.1,111.7,95.9,106.8,111.9,99.6,96.3,97.6,97.7,93.0,97.9,94.1,96.7,100.1,94.7,,97.6,103.1,100.8,105.9,88.0,118.4,,107.2,113.5,126.4,105.1,106.1,104.1,107.5,103.9,109.1,,97.3,110.3,119.1,103.7,,98.0,96.0,96.0,97.6,95.0,113.6,100.0,100.0
200404,95.6,98.9,,97.4,103.6,92.5,103.2,,93.4,72.0,94.1,98.8,97.8,97.7,96.0,,79.8,,110.8,128.3,91.9,,,111.2,107.3,101.6,99.0,120.5,113.2,111.1,108.0,117.5,112.4,105.5,116.5,102.0,118.3,108.8,99.8,143.0,114.3,102.8,111.5,96.8,103.2,102.8,107.0,106.5,93.3,,,96.6,96.7,94.7,95.6,,97.3,,95.5,96.8,97.1,96.7,115.3,98.7,,98.4,99.5,,100.1,98.0,96.8,98.7,,96.9,97.5,94.9,95.0,95.0,94.4,100.8,101.0,102.2,102.2,98.8,99.2,98.3,100.8,100.8,99.6,100.1,92.5,129.5,96.3,,92.8,91.1,,99.5,99.1,93.1,103.9,97.5,100.2,92.6,95.3,103.5,101.2,103.1,93.3,101.5,101.5,88.5,93.3,83.4,61.5,61.5,97.4,98.5,95.3,114.9,144.5,177.8,199.7,137.3,128.3,128.0,226.2,166.6,209.2,,128.9,138.4,168.9,112.4,94.6,99.5,102.1,97.3,100.0,118.2,99.9,123.9,129.3,109.5,107.6,105.6,110.3,94.6,106.2,112.5,99.4,97.6,97.8,98.2,98.2,97.9,92.9,96.6,99.6,94.5,,97.7,102.0,99.9,105.8,87.2,115.8,,107.2,113.5,125.8,105.5,105.7,104.3,106.7,104.1,110.1,,97.3,107.7,117.5,104.5,,98.5,96.3,96.3,98.3,95.9,113.6,100.0,100.0
200405,95.6,99.0,,97.5,103.6,92.5,103.5,,93.3,72.0,94.3,99.9,98.2,97.0,94.5,,80.5,,110.0,127.9,91.4,,,110.0,106.9,101.3,98.4,119.3,111.3,108.3,106.1,116.4,111.2,105.4,114.0,100.9,116.4,107.1,99.8,141.8,113.3,102.7,111.5,96.8,103.1,102.3,106.8,105.4,92.0,,,96.6,96.6,94.8,95.7,,97.3,,95.5,96.7,96.8,96.9,112.5,98.8,,98.4,99.2,,99.8,98.0,96.9,98.7,,96.8,97.5,94.9,95.0,95.0,94.5,100.7,100.9,102.1,102.1,98.7,98.9,98.6,100.6,100.6,99.6,99.9,92.4,129.0,95.8,,92.8,91.1,,99.5,99.1,93.3,104.0,97.5,100.2,92.6,95.8,103.4,101.0,103.1,93.3,101.5,101.5,88.4,93.3,83.4,61.6,61.6,97.4,98.5,95.4,114.6,143.5,175.9,198.8,136.9,128.6,128.8,221.8,167.4,201.5,,127.9,137.8,167.7,112.4,94.6,99.1,102.1,97.1,100.0,117.6,99.8,123.3,128.0,109.0,109.1,105.0,110.8,108.1,106.0,112.2,99.3,97.7,97.8,97.9,99.1,98.0,92.9,96.9,100.6,94.7,,97.6,101.5,98.5,105.7,86.9,115.6,,106.6,113.2,126.5,104.3,105.5,105.0,105.7,103.4,108.7,,96.1,107.9,118.9,103.6,,98.6,96.3,96.3,98.3,96.0,113.6,100.0,100.0
200406,95.9,99.0,,97.5,103.2,93.0,103.3,,93.8,73.3,94.9,99.8,98.8,98.0,95.5,,80.2,,110.9,126.3,91.5,,,110.3,107.3,101.5,99.4,120.3,111.3,112.4,101.7,115.4,111.2,104.2,115.5,102.1,113.4,109.3,99.8,142.9,112.3,102.7,111.8,96.8,103.1,101.8,106.8,106.0,93.0,,,96.6,96.6,94.8,95.8,,97.5,,95.5,96.8,96.8,96.9,113.0,98.8,,98.5,99.2,,99.5,98.0,96.7,98.6,,96.9,97.5,94.9,95.0,95.0,94.5,100.7,100.9,102.1,102.1,98.5,98.4,98.6,100.7,100.7,99.5,99.5,92.4,127.7,94.2,,92.8,91.1,,99.5,99.0,93.2,103.9,97.5,100.2,92.7,95.7,103.4,100.4,103.1,93.5,101.5,101.5,88.4,93.3,83.4,63.3,63.3,97.5,98.5,95.5,114.2,142.7,174.6,197.2,136.6,128.8,129.6,218.4,166.9,197.3,,127.9,137.4,167.0,112.4,94.6,98.9,101.8,96.4,100.1,116.9,100.0,123.0,126.6,108.4,109.4,106.3,110.7,108.1,106.0,112.3,98.9,97.8,97.9,97.8,99.4,97.6,92.9,96.4,100.3,94.7,,97.3,101.0,98.2,105.4,86.9,114.2,,106.3,112.8,126.0,104.0,104.5,103.4,105.1,103.5,109.2,,95.2,111.0,119.2,104.6,,98.6,96.3,96.3,98.4,96.0,113.6,100.0,100.0
200407,96.0,98.9,,97.4,103.7,92.6,103.2,,94.0,74.1,94.7,99.9,98.8,98.0,94.4,,80.8,,110.9,127.5,91.6,,,110.1,106.5,101.5,98.8,117.6,111.7,110.8,105.1,115.7,111.3,104.2,115.1,103.2,114.9,109.3,99.8,141.6,111.2,102.7,111.3,96.8,103.1,101.7,106.5,106.6,93.3,,,96.6,96.7,94.8,95.8,,97.5,,95.6,96.8,96.8,97.0,116.5,98.9,,98.4,99.3,,99.7,98.0,96.7,98.7,,96.9,97.4,94.9,95.0,95.0,94.5,100.7,100.9,102.1,102.1,98.5,98.4,98.7,100.6,100.6,99.4,99.6,92.4,127.3,94.2,,93.6,91.0,,99.4,99.0,93.3,103.9,97.5,100.1,92.7,95.7,103.0,100.1,103.1,93.6,101.7,101.7,88.4,93.3,83.4,63.7,63.7,97.6,98.6,95.7,113.8,141.9,172.4,191.7,134.6,127.7,129.6,213.6,167.4,194.2,,127.6,136.8,165.8,112.4,94.6,99.1,102.0,96.1,100.1,116.5,99.9,123.1,126.3,107.9,109.1,106.2,110.7,108.1,105.3,111.7,98.8,97.9,98.1,98.4,99.1,98.3,92.3,96.6,100.3,94.4,,97.4,100.6,97.5,105.4,86.7,113.4,,105.5,112.7,125.4,104.2,104.0,103.7,104.2,101.8,109.1,,93.1,109.6,113.8,103.3,,98.6,96.3,96.3,98.4,96.0,113.6,100.0,100.0
200408,95.9,99.0,,97.4,104.8,92.8,103.0,,93.8,74.0,94.5,99.9,98.8,97.3,94.7,,81.7,,109.4,125.4,91.2,,,109.4,106.6,101.6,98.8,117.7,110.1,109.9,101.3,114.8,110.4,105.7,112.2,102.7,113.0,108.5,99.8,141.3,110.5,102.5,111.4,96.8,102.8,101.4,106.6,106.7,93.4,,,96.6,96.7,94.8,95.8,,97.7,,95.6,96.9,96.9,97.0,116.5,98.9,,98.4,99.3,,99.7,98.0,97.0,98.7,,96.8,97.4,94.9,95.0,95.0,94.5,100.6,100.8,102.0,102.0,98.4,98.2,98.7,100.5,100.5,99.4,99.5,92.4,126.7,94.2,,93.6,90.9,,99.4,99.0,93.3,103.8,97.7,100.1,92.6,95.6,103.0,99.9,103.1,93.7,101.7,101.7,88.4,93.3,83.4,63.9,63.9,97.6,98.6,95.7,113.6,141.0,170.7,187.2,132.6,126.8,127.4,209.6,165.8,196.9,,125.1,136.3,164.6,112.4,94.6,98.6,101.6,95.0,99.7,116.6,99.8,123.0,126.9,107.6,108.5,105.9,109.6,108.1,104.8,111.4,98.7,97.9,98.2,98.3,99.3,98.3,92.3,96.5,100.2,94.3,,97.2,100.2,97.2,104.9,86.8,113.3,,105.4,112.5,124.6,104.7,104.0,103.8,104.1,101.7,108.6,,92.3,110.0,114.6,105.2,,98.6,96.3,96.3,98.4,96.0,113.6,100.0,100.0
200409,95.8,99.0,,97.5,105.2,92.7,102.4,,93.7,74.6,95.0,100.0,99.0,97.3,94.6,,81.5,,107.1,124.5,91.4,,,109.8,106.2,101.6,95.1,117.9,110.4,107.5,104.2,115.9,111.3,105.8,115.0,103.9,113.4,108.0,99.8,140.5,111.5,102.4,110.6,96.7,102.8,101.5,106.7,106.5,91.0,,,96.6,96.7,94.8,95.8,,97.6,,95.7,96.9,96.8,97.0,114.3,98.9,,98.4,99.4,,99.4,98.0,97.0,98.7,,96.8,97.5,94.9,95.0,95.0,94.5,100.5,100.8,102.0,102.0,98.3,98.0,98.8,100.5,100.5,99.3,99.3,92.4,124.6,94.2,,93.1,91.1,,99.3,99.0,93.1,103.6,97.4,100.0,92.6,95.6,102.9,99.7,103.1,94.1,101.7,101.7,88.4,93.3,83.4,67.7,67.7,97.8,98.7,95.9,113.6,140.6,169.9,188.8,130.5,126.9,128.8,205.7,163.8,201.1,,124.6,136.1,163.9,112.4,94.6,98.7,102.0,95.4,99.6,116.3,99.7,122.5,125.1,108.5,109.5,105.4,110.2,115.8,105.0,110.6,98.9,98.2,98.7,98.4,99.6,98.2,92.3,96.6,100.3,95.0,,96.7,100.5,97.1,105.2,87.0,113.8,,105.4,111.8,123.5,104.0,104.6,104.9,104.3,101.8,108.7,,93.4,104.2,113.7,104.6,,98.6,96.1,96.1,98.4,96.0,113.6,100.0,100.0
200410,96.0,99.0,,97.3,105.6,92.5,103.5,,93.9,75.0,95.4,100.0,98.7,97.4,95.1,,81.2,,111.0,122.2,91.4,,,109.5,106.8,101.5,97.4,119.2,108.7,108.8,97.4,114.7,111.3,105.0,114.8,102.4,114.9,110.2,99.8,139.8,112.0,102.4,110.6,96.6,102.9,101.8,106.7,105.9,90.7,,,96.4,96.4,94.8,95.8,,97.6,,95.7,96.9,96.8,97.1,105.8,98.9,,98.4,98.9,,99.2,96.8,97.0,98.7,,96.7,97.5,94.9,95.0,95.0,94.5,100.6,100.8,102.0,102.0,98.4,98.2,98.7,100.6,100.6,99.2,99.0,92.4,122.8,94.2,,93.0,90.9,,99.2,99.0,93.2,103.5,97.2,99.9,92.8,95.7,102.9,99.7,103.0,93.9,100.8,100.8,88.6,93.6,83.4,69.1,69.1,97.8,98.7,95.9,113.7,141.0,169.1,192.7,129.9,125.9,128.8,202.7,163.6,200.8,,125.5,138.0,162.6,115.1,100.9,98.9,101.8,95.7,100.4,115.9,99.7,122.0,123.7,109.1,110.0,105.7,110.8,116.6,105.0,111.3,99.0,98.4,98.5,98.5,100.0,98.7,93.6,96.5,100.0,95.0,,96.8,100.6,97.1,105.3,87.1,113.9,,105.5,111.9,124.1,103.7,104.2,103.5,104.7,102.4,109.0,,94.2,104.2,115.2,104.9,,98.6,96.1,96.1,98.4,96.0,113.6,100.0,100.0
200411,95.8,99.0,,97.3,105.8,92.5,104.0,,93.7,74.5,95.4,100.0,100.3,97.3,94.4,,79.7,,109.5,123.5,91.6,,,109.2,106.2,101.6,97.0,116.9,109.3,106.8,103.7,114.2,110.6,104.3,114.2,99.4,114.2,109.9,99.8,139.7,112.8,102.4,110.4,96.6,102.8,101.7,106.0,105.9,92.2,,,96.4,96.5,94.8,95.8,,97.5,,95.7,96.9,96.8,97.0,105.9,98.8,,98.3,99.2,,99.1,96.8,97.0,98.6,,96.8,97.5,94.9,95.0,95.0,94.5,100.6,100.8,102.0,102.0,98.3,98.0,98.8,100.6,100.6,99.2,98.9,92.4,121.8,94.2,,93.0,91.1,,99.2,99.0,93.2,103.4,97.2,99.9,92.9,95.7,102.9,99.7,103.0,94.2,100.8,100.8,88.8,93.6,83.8,72.2,72.2,97.8,98.7,95.9,113.4,140.8,169.1,197.5,131.2,125.1,128.0,202.2,162.0,198.8,,125.1,137.0,161.0,115.2,100.3,99.1,101.8,96.5,100.0,116.1,99.8,121.5,125.1,108.9,109.8,106.5,110.3,116.3,104.8,111.1,98.8,98.3,98.3,98.2,100.0,99.4,93.4,96.3,100.2,94.5,,96.6,100.2,96.3,104.8,87.0,114.1,,104.9,111.1,122.2,103.7,103.4,103.3,103.3,102.2,107.4,,95.1,106.5,114.4,104.9,,98.6,96.1,96.1,98.4,96.0,113.6,100.0,100.0
200412,95.9,98.9,,97.2,105.8,92.5,102.2,,93.9,73.6,95.5,100.0,100.1,98.1,96.0,,81.1,,110.1,123.6,91.2,,,109.7,106.3,101.4,99.4,116.6,109.6,107.4,101.4,115.7,111.3,105.9,114.8,101.5,114.7,109.4,99.8,140.8,111.9,102.2,110.0,96.6,102.6,101.7,105.8,105.5,95.0,,,96.4,96.5,94.8,95.8,,97.5,,95.7,96.9,96.8,97.0,105.9,98.8,,98.1,99.3,,99.1,96.8,97.1,98.6,,96.7,97.5,94.9,95.0,95.0,94.5,100.6,100.8,102.0,102.0,98.3,97.9,98.8,100.6,100.6,99.1,98.7,92.2,120.9,94.2,,92.9,91.1,,99.3,99.0,93.3,103.4,97.2,99.9,93.0,95.8,102.8,100.1,103.0,94.3,100.8,100.8,89.0,93.6,84.3,73.0,73.0,97.8,98.7,95.9,112.9,139.8,168.6,199.7,131.7,124.8,127.6,202.2,159.3,196.2,,124.9,134.1,158.3,111.5,98.1,99.1,101.6,96.1,100.4,115.5,99.6,120.9,123.5,108.6,108.9,106.7,109.4,112.8,104.8,110.3,98.5,97.8,97.5,97.7,100.1,98.3,93.6,95.8,99.4,94.2,,96.9,100.2,96.7,104.9,86.9,113.8,,104.2,109.9,120.7,102.8,102.4,102.4,102.4,102.0,107.3,,94.8,110.3,114.2,104.2,,98.6,96.1,96.1,98.4,96.0,113.6,100.0,100.0
200501,96.1,99.5,100.6,97.6,105.6,93.3,103.1,102.3,94.0,75.7,95.4,100.4,100.5,96.9,96.3,,80.4,88.1,107.5,120.1,90.6,,,109.4,106.5,101.8,99.4,115.1,109.5,106.9,101.5,115.6,110.9,106.3,113.8,100.1,115.1,107.1,99.8,138.8,111.5,102.7,111.1,96.6,103.0,101.7,105.9,104.8,97.4,100.4,,96.5,96.5,94.9,95.9,,97.7,89.1,95.7,96.9,97.0,97.0,105.6,99.0,,98.3,99.3,95.1,99.1,96.9,97.1,98.6,89.1,96.7,97.6,95.0,95.0,95.0,94.6,100.6,100.9,101.9,101.9,98.2,97.6,98.9,100.8,100.8,99.1,99.2,92.0,121.9,94.3,100.2,92.5,91.3,94.7,99.0,99.1,93.3,102.9,97.2,99.9,93.1,95.7,102.5,99.4,103.0,93.9,99.8,99.8,89.1,93.4,84.4,72.2,72.2,97.6,98.5,96.2,113.1,140.9,171.0,207.6,132.2,125.5,128.5,207.2,158.5,193.8,,124.2,133.9,158.1,108.8,97.3,98.8,101.4,96.1,101.5,114.9,99.2,121.0,121.2,109.3,107.7,106.4,108.9,104.7,105.1,109.7,98.1,98.2,97.8,97.9,100.5,98.5,93.6,95.5,99.6,94.5,,96.9,99.8,96.5,104.4,87.2,112.6,,104.1,109.3,120.2,102.1,102.1,102.1,102.1,102.6,107.7,91.1,95.6,113.6,113.4,105.3,105.4,98.7,96.1,96.1,98.5,96.1,113.6,100.0,100.0
200502,96.0,99.2,100.2,97.6,104.7,92.9,101.9,104.5,93.8,75.4,95.7,100.0,100.5,97.4,95.6,,80.2,88.2,110.0,113.0,91.4,,,109.3,105.3,101.3,98.5,112.8,109.1,106.2,103.4,114.1,111.6,105.7,115.2,102.8,114.8,110.2,99.8,139.5,111.9,102.9,110.7,96.5,103.5,102.5,106.3,103.7,96.8,100.5,,96.5,96.5,94.9,96.0,,97.7,88.8,95.7,96.9,97.0,97.0,105.7,98.9,,98.3,99.2,95.0,99.6,97.1,97.1,98.6,89.1,96.7,97.7,95.0,95.0,95.0,94.6,100.6,100.9,101.9,101.9,98.1,97.6,98.7,100.8,100.8,99.0,98.8,91.7,120.1,94.4,100.0,92.6,91.3,94.7,99.1,99.1,93.3,103.1,97.1,99.9,93.1,95.7,102.6,100.7,103.0,93.9,99.8,99.8,89.0,93.4,84.4,72.2,72.2,97.6,98.5,96.2,112.6,139.3,169.0,208.2,131.1,124.1,128.4,206.8,155.0,187.2,,124.2,132.2,156.6,107.7,93.1,98.3,100.9,95.5,101.5,114.2,99.7,120.7,120.2,108.4,107.2,106.9,108.8,99.5,104.7,108.9,98.2,98.2,97.8,98.4,99.9,98.9,93.9,96.1,99.8,95.5,,97.0,99.6,96.5,104.5,87.6,110.9,,104.0,109.4,119.5,102.8,102.6,102.6,102.7,101.9,106.8,91.5,95.8,110.9,112.5,104.2,103.5,98.7,96.1,96.1,98.5,96.1,113.6,100.0,100.0
200503,96.1,99.4,100.4,97.7,106.0,92.5,102.8,104.3,93.9,76.1,95.2,99.9,99.3,97.0,95.8,,81.9,87.9,108.6,117.2,91.0,,,109.0,105.5,101.2,99.4,113.1,109.0,107.6,97.3,115.4,110.9,106.2,113.4,101.1,116.1,107.2,99.8,139.5,110.4,102.9,111.0,96.4,103.6,102.2,105.7,105.9,96.0,100.3,,96.5,96.5,94.9,95.9,,97.7,88.8,95.7,96.9,97.0,97.0,105.6,98.9,,98.2,99.2,95.0,99.7,97.1,97.1,98.8,89.2,96.8,97.7,95.0,95.0,95.0,94.6,100.6,100.9,101.8,101.8,98.1,97.6,98.7,100.8,100.8,99.0,98.9,91.2,120.8,94.8,100.0,92.7,91.1,94.7,99.1,99.2,93.3,102.9,97.0,99.9,93.2,95.7,102.5,100.6,103.0,93.9,99.8,99.8,89.0,93.4,84.4,72.3,72.3,97.6,98.5,96.2,112.3,138.6,168.7,203.0,132.0,124.5,127.9,207.0,155.5,185.1,,124.4,130.3,154.0,105.6,93.7,98.5,101.3,95.7,101.4,115.0,99.8,120.8,122.3,108.3,106.4,106.6,108.3,95.0,104.9,109.4,98.2,98.1,97.8,98.0,99.7,98.9,94.7,96.3,100.0,96.0,,96.4,99.4,95.8,104.6,86.8,111.8,,103.5,108.0,118.4,101.3,102.2,102.4,102.1,101.8,107.7,91.3,95.8,107.2,111.9,103.5,105.3,98.7,96.1,96.1,98.5,96.1,113.6,100.0,100.0
200504,95.7,99.3,100.0,97.8,105.8,92.0,100.9,106.9,93.4,75.9,95.5,99.6,99.5,96.7,94.9,,81.7,86.7,109.0,113.0,90.1,,,109.1,105.6,101.3,99.8,113.2,109.1,106.3,101.9,114.9,110.9,104.6,114.6,102.5,114.8,108.7,99.8,137.2,111.8,102.8,110.6,96.5,103.3,102.3,106.4,106.0,96.7,99.9,,96.4,96.4,95.0,96.1,,97.8,87.3,95.7,96.9,97.0,97.1,101.5,98.7,,98.2,99.3,95.2,99.9,97.1,97.3,98.6,89.2,96.9,97.7,95.1,95.1,95.2,95.1,100.6,100.9,101.8,101.8,98.6,98.4,98.8,100.8,100.8,99.0,98.9,91.6,120.4,95.2,100.0,92.5,90.8,94.7,99.1,99.2,93.1,102.8,97.1,99.8,93.3,95.8,102.4,101.2,102.9,94.0,98.4,98.4,89.4,94.0,84.4,77.9,77.9,97.8,98.5,96.6,112.5,139.3,167.9,197.1,132.6,125.0,126.8,205.3,157.8,183.3,,125.6,132.8,154.5,111.0,97.6,99.3,101.5,97.4,100.6,114.0,100.2,120.5,121.2,106.8,107.7,106.7,108.4,106.5,104.7,109.6,98.3,98.3,97.7,98.2,100.4,98.5,94.2,96.6,100.2,96.2,,96.6,99.5,95.4,105.0,87.0,112.2,,103.3,107.7,118.2,100.7,102.4,103.0,101.9,101.5,106.8,91.5,96.0,105.6,112.0,104.6,104.2,98.9,96.7,96.7,98.8,96.4,113.6,100.0,100.0
200505,96.2,99.7,100.6,97.9,106.0,92.3,104.4,105.0,93.8,75.2,95.9,99.7,99.4,97.4,94.4,,84.3,87.4,108.6,115.5,90.4,,,109.2,105.3,101.5,100.7,111.9,110.1,107.7,103.3,115.1,111.0,105.5,114.0,101.4,115.4,108.4,99.8,138.7,111.2,102.7,110.5,96.5,103.2,102.1,105.8,105.8,96.8,99.7,,96.5,96.5,95.0,96.1,,97.8,87.4,96.1,96.9,96.9,97.0,105.6,98.7,,98.1,99.3,95.8,100.0,95.0,97.3,98.6,89.2,96.9,97.8,95.2,95.2,95.3,95.1,100.6,100.9,101.7,101.7,98.9,98.9,98.8,100.8,100.8,99.1,99.2,93.1,120.7,94.6,100.0,92.6,90.8,94.9,99.1,99.3,93.1,102.8,97.1,99.7,93.4,95.8,102.4,101.4,102.9,94.1,98.4,98.4,89.4,94.0,84.4,79.0,79.0,97.8,98.6,96.6,112.4,139.0,167.4,195.4,132.2,125.0,126.8,204.3,159.4,181.7,,125.8,133.0,154.9,111.0,97.6,98.9,100.9,97.6,99.1,114.0,100.3,120.4,120.9,107.0,107.3,106.7,107.9,106.5,103.8,109.0,98.3,97.9,97.6,97.8,99.8,98.9,93.5,96.6,98.5,96.5,,96.6,99.7,95.4,105.1,87.0,113.6,,103.4,107.2,118.1,100.0,102.5,103.3,102.0,101.8,108.1,91.6,95.2,106.3,113.3,104.2,104.8,98.9,96.7,96.7,98.8,96.4,113.6,100.0,100.0
200506,96.2,99.7,100.6,97.9,105.7,92.7,103.5,107.4,93.9,76.7,96.5,99.4,99.1,97.6,92.8,,83.3,87.7,110.4,114.7,90.6,,,108.6,105.3,101.3,98.5,112.8,108.7,105.9,102.3,114.1,110.3,104.6,112.8,102.1,114.8,109.0,99.8,137.0,110.2,102.6,110.5,96.3,103.2,102.0,105.8,105.7,95.8,99.9,,96.5,96.5,95.0,96.1,,97.8,87.4,96.1,96.9,96.8,97.0,104.9,98.7,,98.0,99.2,95.9,100.1,94.1,97.3,98.6,89.2,96.9,97.8,95.2,95.2,95.3,95.2,100.6,100.8,101.6,101.6,98.8,98.7,98.9,100.7,100.7,99.0,98.9,93.1,120.0,94.6,99.0,92.6,90.5,94.9,99.1,99.2,93.1,102.8,97.1,99.6,93.5,95.6,102.4,101.1,102.9,94.1,98.4,98.4,89.4,94.0,84.5,78.9,78.9,97.9,98.6,96.7,111.6,136.8,163.8,188.2,130.4,126.0,124.3,198.4,160.2,174.5,,125.2,131.7,152.5,111.0,97.6,98.0,101.2,95.7,99.0,113.8,100.1,120.0,120.2,107.4,107.0,106.7,107.3,106.5,103.5,109.2,98.0,98.0,97.6,97.6,100.1,98.6,94.1,96.6,99.0,96.4,,96.6,99.0,94.7,104.9,86.6,111.3,,102.8,106.7,117.8,99.5,101.6,101.0,102.1,101.5,107.1,92.0,93.7,108.6,112.1,105.0,103.2,99.0,96.7,96.7,98.9,96.5,113.6,100.0,100.0
200507,96.2,99.4,100.1,97.9,105.5,92.9,103.7,103.4,94.1,77.0,96.2,99.4,99.6,97.6,93.0,,84.0,86.8,109.6,116.6,90.4,,,108.1,105.2,101.6,100.6,111.4,108.2,105.1,101.1,114.3,109.7,104.7,113.2,99.9,113.0,106.5,99.8,134.3,110.1,102.6,110.5,96.2,103.2,102.0,105.6,104.2,95.8,99.4,,96.5,96.5,95.0,96.2,,97.8,87.4,96.1,96.9,96.8,96.9,104.9,99.0,,97.7,99.1,95.9,100.6,94.1,97.3,98.8,89.2,96.9,97.9,95.2,95.2,95.3,95.2,100.5,100.8,101.6,101.6,98.7,98.6,98.9,100.7,100.7,99.0,98.8,93.1,119.8,94.9,98.7,92.4,90.0,94.9,99.1,99.2,92.8,102.8,97.0,99.6,93.5,95.8,102.3,102.2,102.9,94.1,98.3,98.3,89.0,93.3,84.5,80.0,80.0,97.9,98.7,96.8,111.0,135.3,161.0,183.3,127.0,124.5,124.4,194.7,158.6,171.7,,124.0,130.9,151.0,111.0,97.6,97.7,100.5,95.6,98.8,113.3,99.9,120.1,118.8,107.4,106.2,106.2,106.2,106.5,103.4,108.3,97.9,97.9,98.1,97.6,99.6,98.8,93.7,96.7,99.7,96.5,,96.3,98.7,94.4,104.6,87.4,110.0,,102.6,107.0,117.4,100.2,101.4,102.8,100.5,100.9,106.7,92.4,91.6,109.6,110.7,103.0,104.5,99.0,96.7,96.7,98.9,96.5,113.6,100.0,100.0
200508,96.2,99.4,100.3,97.9,105.2,93.9,100.5,105.5,94.2,80.0,95.7,99.2,99.1,96.6,92.0,,83.9,87.9,110.6,116.2,90.1,,,108.0,105.4,101.5,97.1,113.0,108.5,105.0,103.5,113.8,109.4,104.2,112.3,102.6,113.1,105.7,99.8,132.6,108.9,102.3,109.9,96.2,102.9,101.9,105.5,103.9,95.0,98.4,,96.5,96.5,95.1,96.1,,97.8,87.4,96.1,96.9,96.9,96.9,105.4,99.0,,98.0,99.1,95.9,100.6,94.5,97.3,98.8,89.2,97.0,97.9,95.2,95.2,95.3,95.2,100.5,100.8,101.6,101.6,98.6,98.3,98.9,100.7,100.7,99.0,98.7,93.1,119.9,94.6,98.7,92.4,90.0,94.4,99.1,99.2,92.8,102.8,97.0,99.6,93.6,95.8,102.3,102.1,102.9,94.2,98.3,98.3,89.0,93.3,84.5,82.2,82.2,97.9,98.7,96.8,110.7,135.0,161.5,180.2,126.2,121.8,123.3,190.4,156.1,185.5,,122.7,129.5,148.4,111.0,97.6,97.5,100.3,95.4,98.3,112.6,99.9,119.4,118.0,107.0,106.0,106.4,106.1,106.5,102.9,106.8,97.7,97.7,97.7,97.5,99.5,98.9,93.0,96.8,99.6,96.5,,96.5,98.3,94.3,104.1,87.2,108.8,,102.3,106.1,116.0,99.5,101.0,102.5,100.0,101.1,106.7,91.8,91.6,110.1,111.5,104.8,104.0,99.0,96.8,96.8,98.9,96.5,113.6,100.0,100.0
200509,96.5,99.8,100.6,97.9,105.5,94.8,102.4,105.0,94.4,82.4,95.8,99.4,99.3,96.9,92.2,,82.7,87.7,109.2,120.6,89.7,,,108.0,104.5,101.0,100.0,110.9,108.8,106.6,103.1,113.1,109.5,104.8,113.3,100.2,113.0,107.0,99.8,133.8,108.6,102.2,109.8,96.1,102.9,101.7,105.2,105.4,94.6,99.7,,96.6,96.6,95.1,96.1,,97.8,87.4,96.1,96.9,96.9,97.0,102.4,99.0,,98.0,99.2,96.8,100.2,94.5,97.3,98.8,89.1,97.0,98.0,95.2,95.2,95.3,95.2,100.6,100.9,101.7,101.7,98.5,98.2,98.9,100.8,100.8,99.0,98.5,93.1,119.5,94.3,98.7,91.1,89.8,94.4,99.1,99.2,92.8,102.7,97.1,99.6,93.5,96.0,102.6,102.1,102.9,94.4,98.3,98.3,89.0,93.3,84.5,84.8,84.8,97.9,98.7,96.8,110.9,135.0,161.6,182.1,126.0,119.8,124.0,188.3,156.0,189.5,,121.6,129.0,147.5,111.0,97.6,98.0,101.1,96.1,97.9,113.0,100.0,119.0,118.7,107.3,106.6,106.8,107.1,106.5,103.0,107.7,98.0,97.7,98.0,97.6,99.3,99.0,92.8,97.1,100.0,96.7,,96.5,98.7,94.2,104.5,87.8,110.1,,102.3,105.7,115.6,99.0,101.5,103.1,100.4,100.9,107.2,91.6,92.5,104.2,112.3,105.6,103.5,99.0,96.8,96.8,98.9,96.5,113.6,100.0,100.0
200510,96.5,99.5,100.1,98.2,105.4,92.8,102.1,107.1,94.6,83.4,95.8,99.3,98.7,97.3,93.9,,83.6,86.9,109.5,116.3,90.2,,,107.4,104.4,101.0,98.1,111.0,106.9,103.9,103.1,111.4,109.1,104.4,110.8,102.3,112.9,107.4,99.8,133.9,108.4,102.3,109.8,96.1,103.0,101.7,105.3,105.5,94.6,99.5,,96.5,96.5,95.0,96.2,,97.9,87.4,95.8,96.9,96.9,97.0,102.6,99.0,,98.1,99.1,96.3,100.4,94.5,97.4,98.8,89.3,97.1,97.9,95.2,95.2,95.3,95.2,100.6,100.9,101.6,101.6,98.5,98.1,99.0,100.8,100.8,98.9,98.4,93.1,119.5,94.0,98.7,91.3,89.8,94.4,99.1,99.2,92.7,102.7,97.1,99.6,93.5,96.0,102.6,102.3,102.8,95.4,99.6,99.6,89.5,94.1,84.7,86.8,86.8,98.2,99.0,96.8,111.0,135.2,160.3,180.6,127.4,120.4,123.4,184.7,156.0,186.8,,120.2,131.1,146.7,114.0,109.4,98.1,101.1,96.5,97.4,113.5,99.9,118.6,119.6,108.3,107.7,106.5,107.1,116.3,103.2,108.1,97.8,97.7,98.2,97.3,99.5,98.8,93.1,97.1,99.7,96.6,,97.0,98.4,93.7,104.5,87.9,109.3,,102.4,105.1,114.6,98.8,101.9,102.4,101.6,101.1,106.3,91.8,93.9,104.0,113.7,104.2,104.6,99.0,96.8,96.8,99.0,96.6,113.6,100.0,100.0
200511,96.6,99.6,100.6,98.3,105.3,91.5,102.0,107.0,94.7,82.6,96.1,99.6,99.4,96.7,94.3,,84.6,87.6,110.2,115.6,90.1,,,107.2,104.5,101.7,100.1,109.6,106.9,103.1,103.8,111.8,108.7,105.8,110.8,99.4,112.8,106.1,99.8,131.9,108.0,102.0,109.6,96.2,102.9,101.4,105.0,104.3,93.5,99.3,,96.5,96.5,95.0,96.2,,97.9,87.4,95.8,96.8,96.9,97.0,102.8,99.0,,98.1,99.2,96.3,100.7,94.5,97.5,98.8,89.3,97.0,98.0,95.2,95.2,95.3,95.2,100.6,101.0,101.6,101.6,98.6,98.2,99.1,100.9,100.9,98.9,98.2,93.2,118.6,93.8,98.7,90.9,89.8,94.3,99.2,99.3,92.7,102.6,97.2,99.6,93.6,95.8,102.6,102.3,102.8,95.6,99.6,99.6,89.9,94.0,85.4,88.1,88.1,98.2,99.0,96.8,110.7,133.9,158.2,177.0,126.7,120.4,122.8,179.8,155.3,184.8,,117.5,129.6,145.5,112.3,108.3,98.3,100.2,97.4,97.5,113.7,100.1,118.2,119.8,108.2,107.9,106.6,107.8,115.4,102.9,107.9,97.8,97.6,98.4,97.2,99.1,99.0,93.1,97.0,99.2,96.7,,96.5,98.5,93.6,104.5,87.8,110.0,,102.4,104.9,114.4,98.6,101.6,101.7,101.5,101.6,106.1,91.3,95.3,105.8,116.9,104.0,103.1,99.0,96.8,96.8,98.9,96.6,113.6,100.0,100.0
200512,96.8,99.6,100.6,98.3,105.1,91.7,101.1,107.6,95.0,83.0,95.8,99.3,99.6,97.2,93.6,,85.3,89.0,109.8,118.0,90.3,,,106.7,104.6,101.5,98.2,110.7,105.3,101.4,99.1,111.6,108.4,104.8,110.2,99.8,112.5,107.0,99.8,131.1,107.6,101.8,109.3,96.1,102.8,101.4,104.5,105.7,93.8,98.2,,96.5,96.5,95.0,96.3,,98.0,87.4,95.9,96.8,96.9,97.0,102.9,99.0,,98.1,99.2,96.3,100.6,94.5,97.5,98.8,89.3,96.8,98.0,95.2,95.2,95.3,95.2,100.7,101.1,101.7,101.7,98.6,98.2,99.2,101.0,101.0,98.8,97.9,92.7,116.3,94.6,98.9,91.2,89.9,94.3,99.2,99.3,92.9,102.6,97.2,99.6,93.6,95.8,102.6,102.3,102.8,95.8,99.6,99.6,90.5,94.0,86.9,88.6,88.6,98.2,99.0,96.9,110.3,133.4,157.2,180.2,126.7,120.7,121.8,181.2,152.7,178.0,,117.2,128.6,145.4,109.6,106.7,99.3,100.4,99.3,97.4,113.3,99.7,118.4,119.4,107.7,107.0,104.3,107.4,112.0,102.8,108.3,97.7,97.5,98.0,97.0,99.2,98.7,92.7,96.9,98.9,96.7,,96.3,98.4,93.7,104.3,87.7,109.9,,101.7,103.8,113.2,97.6,100.6,101.4,100.0,101.4,104.7,91.2,95.5,108.5,115.5,103.1,103.6,99.0,96.8,96.8,98.9,96.6,113.6,100.0,100.0
200601,96.6,99.5,100.5,98.3,104.9,91.1,102.6,106.9,94.8,82.9,96.2,99.3,99.6,97.4,92.7,,85.1,88.5,110.0,115.5,90.1,,,106.9,104.6,101.6,98.9,110.3,106.6,102.4,100.1,113.4,108.1,104.1,110.4,98.8,111.4,107.2,99.8,132.6,107.6,102.0,109.2,96.2,102.8,101.4,105.1,105.1,95.9,98.4,,96.7,96.7,95.1,96.3,,97.9,89.2,95.9,96.8,96.9,97.0,102.9,99.0,,98.3,99.3,96.3,100.4,94.5,97.7,98.8,89.3,96.9,98.0,95.2,95.2,95.3,95.2,100.7,101.1,101.6,101.6,98.6,98.2,99.2,101.0,101.0,98.9,98.0,92.8,116.6,94.6,98.8,90.9,89.9,94.3,99.3,99.2,92.9,102.6,97.3,101.0,93.6,95.8,102.7,102.3,102.8,97.4,101.2,101.2,91.7,95.7,87.4,94.9,94.9,98.3,99.2,96.7,110.2,133.2,157.9,178.1,127.5,121.7,122.7,185.5,151.1,176.0,,118.3,127.4,145.4,107.0,105.2,99.1,99.6,99.4,97.6,112.2,99.8,118.7,117.6,106.3,106.6,105.2,108.0,104.7,102.4,108.1,97.8,98.0,98.5,97.4,99.7,98.7,94.3,97.0,100.2,96.6,,96.3,98.2,93.5,104.1,87.4,109.9,,101.6,103.4,112.9,97.2,100.5,102.0,99.4,101.6,105.4,91.5,95.7,109.4,115.4,102.1,103.6,98.9,96.8,96.8,98.8,96.4,113.6,100.0,100.0
200602,96.5,99.4,100.1,98.3,104.6,91.9,102.8,106.8,94.6,83.2,96.1,99.3,99.5,97.4,93.6,,84.8,88.2,108.8,111.4,90.4,,,106.7,104.5,101.5,98.4,110.4,106.2,103.8,100.7,110.8,108.0,104.8,110.2,99.3,111.4,107.0,99.8,130.8,107.1,101.9,109.4,96.1,102.7,101.1,105.2,104.7,96.5,98.0,,96.6,96.6,95.2,96.3,,98.1,87.4,96.2,96.8,96.7,97.0,102.6,99.0,,98.3,99.3,96.1,100.4,94.5,97.7,98.8,89.3,96.9,98.0,95.2,95.2,95.3,95.2,100.8,101.1,101.6,101.6,98.5,98.2,98.9,101.1,101.1,98.9,98.0,92.8,116.2,94.7,98.8,91.4,89.7,94.4,99.3,99.3,92.8,102.6,97.3,101.0,93.6,95.9,102.9,102.3,102.9,97.9,101.2,101.2,92.2,95.7,88.5,99.4,99.4,98.3,99.2,96.7,109.6,131.6,156.2,174.7,127.9,120.8,122.7,184.5,147.2,171.4,,117.3,124.4,143.7,101.5,102.7,99.2,100.1,99.4,97.6,111.4,100.1,117.5,116.2,106.3,105.8,105.0,107.8,98.0,103.0,108.0,97.6,97.8,98.1,97.2,98.9,98.3,96.0,97.2,100.9,96.6,,96.6,97.9,93.0,104.2,87.2,109.2,,101.9,103.1,112.3,97.0,101.1,101.7,100.6,102.0,106.1,92.3,95.8,108.2,116.6,104.2,102.3,98.9,96.8,96.8,98.8,96.4,113.6,100.0,100.0
200603,96.5,99.0,99.0,98.4,104.7,91.8,102.0,106.4,94.9,83.3,96.6,99.4,99.6,97.4,92.7,,85.1,87.8,110.8,115.1,90.5,,,106.6,104.4,101.6,98.0,110.2,105.9,101.7,102.1,111.4,108.0,105.2,110.0,98.2,111.9,105.3,99.8,132.3,106.8,101.9,109.0,96.1,102.7,101.1,105.1,105.5,96.9,98.2,,96.7,96.7,95.2,96.3,,98.2,88.2,96.2,96.8,96.8,97.1,102.6,98.9,,98.4,99.2,96.7,101.4,94.5,97.7,98.8,89.3,96.9,98.0,95.2,95.2,95.3,95.2,100.6,100.9,101.5,101.5,98.4,98.1,98.9,100.9,100.9,98.9,97.8,92.8,115.3,94.1,98.8,91.8,90.6,94.4,99.3,99.3,92.8,102.6,97.3,101.0,93.6,95.8,102.9,102.3,102.9,97.9,101.2,101.2,92.5,95.4,89.5,98.6,98.6,98.3,99.2,96.7,109.5,131.1,155.2,172.2,127.0,120.6,122.0,185.1,145.6,169.0,,117.5,123.9,143.7,100.6,100.5,99.1,99.9,99.5,97.0,111.9,100.1,117.7,117.3,106.7,105.5,105.1,107.4,95.9,103.1,108.3,97.9,97.9,98.6,96.8,99.0,99.0,96.4,97.4,101.1,96.9,,97.2,98.2,92.7,104.5,87.6,110.2,,101.6,103.2,112.2,97.3,100.6,102.0,99.5,101.6,106.6,94.4,95.8,101.7,114.7,102.7,103.1,98.9,96.8,96.8,98.8,96.4,113.6,100.0,100.0
200604,96.4,99.0,98.9,98.5,105.0,91.7,101.5,106.3,94.7,82.2,96.6,99.3,98.9,97.9,93.1,,83.1,87.6,111.8,117.0,89.9,,,106.2,104.3,101.8,97.6,109.5,106.1,102.5,101.0,111.5,107.3,103.7,109.0,97.3,111.1,106.8,99.8,130.9,106.4,101.9,108.9,96.1,102.6,101.0,105.1,105.9,98.7,98.2,,96.7,96.7,95.3,96.3,,98.2,88.3,96.2,96.9,96.8,97.1,102.7,98.9,,98.1,99.1,96.5,101.4,94.5,97.7,98.8,89.3,97.1,98.2,95.3,95.3,95.4,95.3,100.6,100.9,101.5,101.5,99.0,99.1,98.9,100.9,100.9,98.9,97.8,92.8,115.3,94.5,98.8,91.2,90.6,94.4,99.3,99.3,92.9,102.6,97.2,100.7,93.6,95.8,102.9,102.2,102.9,97.6,99.6,99.6,93.7,97.4,89.8,97.9,97.9,98.7,99.6,97.1,109.8,131.6,154.4,169.0,126.9,121.9,121.4,183.2,146.7,167.0,,118.2,127.4,144.8,107.5,105.5,98.5,100.0,98.2,97.0,111.8,99.4,117.1,117.8,106.4,106.7,105.1,107.5,107.1,103.2,108.5,97.8,98.0,98.5,97.4,98.7,99.1,96.4,97.4,101.0,97.1,,96.4,98.0,92.4,104.5,87.9,109.5,,101.7,103.7,112.7,97.7,101.2,102.7,100.1,101.2,106.0,92.9,95.0,101.5,115.7,104.2,102.2,99.2,97.2,97.2,99.2,96.9,113.6,100.0,100.0
200605,96.3,99.3,99.0,98.9,104.9,92.6,101.9,105.9,94.4,81.4,96.8,99.2,99.7,97.5,91.6,,84.7,87.5,110.3,114.1,90.3,,,105.9,103.9,102.0,98.0,108.2,106.0,102.2,102.5,111.0,106.7,104.9,108.9,96.3,109.2,105.4,99.8,128.8,105.3,101.6,108.3,96.1,102.6,100.9,104.9,106.4,95.8,98.0,,97.0,97.0,95.3,96.3,,98.2,90.1,96.2,96.9,96.8,97.1,102.7,98.9,,98.2,99.1,96.6,101.5,100.0,97.7,98.8,89.3,97.1,98.2,95.4,95.3,95.4,95.3,100.7,101.0,101.6,101.6,99.6,99.8,99.3,100.9,100.9,98.9,97.9,92.8,115.0,94.5,98.8,92.1,91.1,94.4,99.3,99.3,92.8,102.5,97.2,100.7,93.7,95.9,102.9,101.7,103.0,97.9,99.6,99.6,93.8,97.4,90.2,100.1,100.1,98.7,99.6,97.1,109.5,131.2,153.1,168.6,126.5,121.4,122.0,179.5,146.4,165.0,,117.2,127.5,145.2,107.5,105.5,98.9,101.1,98.4,97.1,111.3,99.4,117.1,116.4,105.9,106.1,102.7,107.2,107.1,103.5,108.3,97.9,98.2,98.6,97.8,98.6,98.9,97.7,97.5,100.5,97.1,,96.9,98.0,92.7,104.7,87.8,108.5,,101.3,103.3,111.3,98.0,100.8,101.5,100.2,100.6,105.1,91.5,93.6,102.8,115.5,103.2,103.2,99.2,97.2,97.2,99.2,96.9,113.6,100.0,100.0
200606,96.7,99.2,99.1,98.9,105.0,92.1,101.0,105.7,95.1,83.3,96.6,98.7,99.6,97.2,93.0,,85.7,88.5,109.8,119.1,90.4,,,106.2,104.0,102.2,97.7,108.1,106.6,103.8,103.8,110.6,107.2,104.1,109.0,100.0,109.7,105.7,99.8,128.8,105.3,101.4,108.2,96.1,102.1,100.8,104.0,106.4,96.7,98.0,,97.1,97.1,95.3,96.3,,98.2,90.5,96.3,96.9,96.8,97.1,102.7,99.2,,98.3,99.1,96.6,101.7,101.0,97.7,98.8,88.9,97.1,98.2,95.4,95.3,95.4,95.3,100.7,101.0,101.5,101.5,99.6,99.7,99.4,100.9,100.9,99.0,97.9,92.8,114.0,94.4,99.1,91.7,92.1,95.2,99.4,99.2,93.3,102.5,97.2,100.7,94.3,95.9,102.9,101.6,103.0,97.9,99.6,99.6,93.8,97.4,90.2,100.4,100.4,98.8,99.6,97.3,109.3,129.8,150.3,167.1,124.8,122.2,121.8,174.8,146.9,158.2,,117.9,127.1,144.5,107.5,105.5,98.6,100.3,98.4,96.3,111.3,98.7,116.9,116.8,105.9,106.4,103.2,107.8,107.1,103.1,108.5,98.2,98.5,98.9,98.0,99.5,99.2,96.8,97.8,100.6,97.5,,97.3,98.3,92.5,105.0,87.9,110.4,,101.4,103.6,110.8,99.0,100.4,101.2,99.9,101.0,106.0,93.4,92.1,105.6,114.4,104.0,102.2,99.2,97.2,97.2,99.2,96.9,113.6,100.0,100.0
200607,96.6,98.8,98.2,98.7,105.0,91.7,102.0,105.6,95.2,83.7,96.7,98.6,99.5,97.5,92.8,,86.3,89.0,109.4,119.1,90.1,,,105.9,103.8,101.6,99.7,108.1,106.1,102.2,105.9,109.8,106.8,104.7,109.3,97.0,110.0,105.3,99.8,126.5,105.4,101.3,107.7,96.1,102.1,100.8,103.8,104.8,97.2,97.3,,97.1,97.1,95.3,96.3,,98.1,91.2,96.3,96.9,96.9,97.2,102.7,99.2,,98.1,99.1,96.6,101.7,101.0,97.8,98.8,89.4,97.2,98.3,95.4,95.3,95.4,95.3,100.6,100.9,101.5,101.5,99.5,99.6,99.4,100.8,100.8,99.0,97.9,92.8,113.2,94.7,99.1,91.3,93.0,95.3,99.4,99.3,93.3,102.5,97.3,100.4,94.5,95.9,102.9,101.5,103.1,97.8,98.9,98.9,94.4,98.3,90.2,100.4,100.4,98.8,99.6,97.5,109.0,129.3,148.9,168.1,124.2,121.9,122.0,170.8,147.3,155.2,,117.3,127.5,145.2,107.5,105.5,98.8,99.7,99.1,96.9,111.3,98.5,116.5,116.4,106.5,106.0,103.0,107.0,107.1,103.7,107.6,98.4,98.5,98.8,98.5,99.1,98.7,96.8,97.7,100.9,97.4,,97.0,98.8,94.0,104.7,88.0,110.4,,100.8,104.5,111.6,99.8,99.3,100.2,98.6,100.0,105.0,90.3,90.9,107.9,113.4,103.0,102.3,99.4,97.2,97.2,99.4,97.1,113.6,100.0,100.0
200608,96.7,98.7,98.3,98.8,105.1,91.4,100.4,104.5,95.4,84.9,96.9,99.1,100.0,97.6,92.8,,86.7,89.1,109.1,117.3,90.2,,,105.7,103.6,102.4,95.8,107.2,106.8,102.6,106.8,110.8,106.6,104.2,109.1,99.2,108.7,103.1,99.8,125.8,104.8,101.3,107.9,96.0,101.8,100.8,104.1,106.3,96.9,97.7,,97.1,97.1,95.4,96.3,,98.1,90.5,96.3,96.9,96.9,97.2,102.7,99.2,,98.4,99.1,96.7,101.5,101.0,97.8,98.8,89.3,97.2,98.3,95.4,95.3,95.4,95.3,100.5,100.7,101.5,101.5,99.4,99.3,99.4,100.6,100.6,99.0,98.1,92.6,113.9,94.9,99.1,92.1,93.9,95.3,99.4,99.3,93.2,102.5,97.3,100.4,94.7,96.0,102.9,101.5,103.1,98.2,98.9,98.9,94.5,98.4,90.3,104.0,104.0,98.8,99.6,97.5,108.6,128.3,147.2,160.3,122.2,119.1,118.8,166.7,146.6,160.7,,115.7,126.6,143.4,107.5,105.5,98.9,100.5,98.8,96.8,109.8,97.8,115.8,115.6,103.9,105.2,102.9,105.6,107.1,103.3,107.4,98.6,99.0,99.2,99.1,99.8,99.5,96.4,97.7,101.0,97.2,,97.3,99.0,94.7,104.6,88.1,110.6,,100.8,104.5,111.2,100.0,99.5,99.9,99.1,99.8,104.1,89.4,90.6,109.0,113.9,104.2,102.0,99.4,97.4,97.4,99.4,97.1,113.6,100.0,100.0
200609,97.0,99.0,98.5,98.8,105.2,92.2,101.4,104.3,95.8,85.0,96.7,99.5,100.1,98.2,93.3,,89.5,90.3,109.2,114.4,90.1,,,105.5,103.7,102.0,99.5,107.3,106.4,102.7,107.8,109.2,106.2,104.3,108.7,97.2,108.4,103.7,99.8,124.2,104.9,101.3,107.5,96.1,102.0,100.7,103.6,104.8,96.3,98.6,,97.2,97.2,95.4,96.3,,98.1,91.9,96.3,97.0,96.9,97.2,102.7,99.3,,98.4,99.3,96.7,101.3,101.0,97.8,98.8,89.3,97.2,98.3,95.4,95.3,95.4,95.3,100.4,100.7,101.5,101.5,99.2,99.0,99.4,100.5,100.5,99.1,98.3,92.6,115.0,94.9,98.8,92.7,94.5,95.3,99.5,99.3,93.3,102.5,97.4,100.5,94.8,96.0,102.9,101.5,103.1,98.2,98.9,98.9,94.5,98.4,90.3,104.4,104.4,98.8,99.6,97.5,108.7,128.2,147.2,158.6,123.4,116.9,120.3,161.8,146.2,166.1,,115.3,126.2,142.7,107.5,105.5,99.0,100.1,99.1,97.1,110.5,97.8,116.0,115.4,105.8,106.4,103.3,107.5,107.1,103.5,108.3,98.7,99.0,99.2,99.1,99.8,98.7,96.6,97.6,101.2,97.1,,96.9,99.2,95.0,104.5,88.4,111.1,,101.0,105.1,112.4,100.3,99.5,101.1,98.4,99.8,104.9,90.9,92.0,102.3,114.5,101.6,103.1,99.4,97.4,97.4,99.4,97.1,113.6,100.0,100.0
200610,97.0,98.9,98.2,98.8,105.0,92.1,102.0,105.4,95.8,84.0,96.6,99.3,100.1,97.9,94.2,,91.0,91.3,109.0,112.7,90.6,,,105.6,103.6,101.6,95.8,108.4,106.6,101.8,109.6,110.0,106.3,104.5,107.7,99.7,108.3,105.4,99.8,125.0,105.1,101.3,107.6,96.1,101.9,100.9,103.9,106.2,97.1,98.3,,97.2,97.2,95.5,96.3,,98.2,92.2,96.3,97.0,96.9,97.2,102.7,99.3,,98.1,99.3,96.9,101.2,100.2,97.8,98.8,89.3,97.2,98.3,95.4,95.3,95.4,95.3,100.4,100.7,101.5,101.5,99.2,99.0,99.4,100.5,100.5,99.1,98.2,92.2,114.5,94.5,99.2,92.8,95.0,95.4,99.5,99.3,93.3,102.5,97.4,100.5,95.0,96.0,102.9,101.5,103.1,98.1,99.2,99.2,94.4,98.0,90.5,102.6,102.6,98.8,99.6,97.5,108.9,128.3,147.0,165.2,124.4,119.0,120.8,156.8,145.0,168.8,,119.8,126.5,141.5,108.7,109.5,99.2,99.9,99.6,97.0,110.5,98.2,115.9,116.0,105.2,107.6,103.7,107.9,116.0,103.6,108.0,98.8,99.1,99.5,99.1,99.8,99.2,97.0,97.8,101.1,97.3,,97.4,99.4,95.0,104.7,88.9,111.3,,101.2,105.3,113.1,100.3,99.7,101.3,98.5,100.0,104.5,90.3,93.1,100.1,114.8,104.2,103.4,99.4,97.4,97.4,99.4,97.1,113.6,100.0,100.0
200611,97.3,99.0,98.6,98.9,105.0,92.6,101.4,103.9,96.2,84.9,96.8,99.5,99.0,97.6,93.3,,92.6,93.1,109.8,117.5,90.7,,,105.7,104.0,102.2,99.4,108.0,106.1,100.5,109.9,109.8,106.4,104.8,107.3,98.8,108.6,104.6,99.8,126.6,105.5,101.2,107.7,95.9,101.8,100.6,103.2,105.8,98.7,98.2,,97.3,97.3,95.5,96.3,,98.3,93.1,96.6,97.0,96.9,97.2,103.3,99.2,,98.1,99.3,96.9,101.3,100.2,97.8,98.4,89.3,97.3,98.3,95.4,95.3,95.4,95.3,100.4,100.6,101.4,101.4,99.1,98.8,99.5,100.5,100.5,99.1,98.0,92.0,112.7,94.9,99.4,92.8,95.5,95.4,99.5,99.3,93.5,102.4,97.4,100.5,95.2,96.1,102.9,101.5,103.1,97.7,99.2,99.2,94.2,97.8,90.5,99.3,99.3,98.8,99.6,97.5,109.0,127.5,146.9,167.5,124.0,117.5,119.1,159.1,144.4,165.9,,121.8,123.5,138.6,105.4,107.1,99.7,99.8,100.5,97.6,110.2,98.3,116.2,115.1,105.3,107.6,104.0,108.1,115.3,103.7,108.0,98.6,98.6,98.9,99.0,98.8,98.8,97.0,97.7,100.8,97.4,,97.1,99.2,94.7,104.6,89.1,111.0,,103.1,105.1,112.4,100.3,104.9,110.5,100.7,100.4,105.3,90.0,94.2,103.0,113.7,102.7,104.5,99.4,97.4,97.4,99.4,97.1,113.6,100.0,100.0
200612,97.3,99.0,98.2,98.9,104.6,92.9,101.5,104.9,96.2,84.3,96.6,100.0,99.4,98.0,91.9,,92.5,92.7,110.9,113.3,91.9,,,105.4,103.7,101.7,97.7,108.1,105.5,99.5,110.0,109.3,106.3,104.4,107.9,99.5,108.7,104.5,99.8,124.6,104.9,101.1,107.6,96.0,101.4,100.5,103.0,105.9,99.2,97.9,,97.4,97.5,95.5,96.4,,98.3,95.9,96.6,97.0,96.9,97.2,103.3,99.2,,98.1,99.4,97.2,101.4,100.2,97.7,98.6,89.3,97.2,98.2,95.4,95.3,95.4,95.3,100.4,100.7,101.4,101.4,99.0,98.7,99.5,100.6,100.6,99.1,98.1,92.1,112.7,95.0,99.5,91.9,96.3,95.4,99.5,99.4,93.5,102.5,97.4,100.5,95.2,96.1,102.9,101.2,103.2,97.6,99.2,99.2,94.2,97.8,90.5,98.2,98.2,98.8,99.6,97.5,108.9,126.5,146.2,163.3,123.4,116.6,120.2,159.5,142.9,165.0,,120.7,121.6,136.9,102.9,106.0,99.5,99.5,100.2,97.9,110.1,98.7,115.7,115.5,104.7,107.5,103.2,108.7,113.0,103.7,107.4,98.8,98.3,99.0,98.3,98.6,98.6,96.7,97.6,101.1,97.1,,97.1,100.0,96.7,104.8,88.7,111.2,,103.0,104.9,111.6,100.6,104.4,111.4,99.2,100.9,104.1,90.9,94.2,107.2,114.0,103.6,104.4,99.4,97.4,97.4,99.4,97.1,113.6,100.0,100.0
200701,97.5,99.0,98.5,99.0,104.4,93.9,99.9,103.6,96.4,85.0,96.7,100.1,99.4,97.5,92.5,,91.9,92.2,108.3,119.0,93.0,,,105.1,103.9,102.0,99.2,107.7,105.1,99.5,107.6,109.4,105.6,104.2,106.3,97.3,107.3,103.8,99.8,126.5,105.4,100.8,106.5,95.8,101.3,100.0,102.6,106.1,99.0,99.3,,97.5,97.5,95.6,96.4,,98.4,95.9,96.7,97.0,97.0,97.3,103.3,99.1,,98.2,99.5,97.2,101.4,100.2,97.7,98.6,89.3,97.3,98.2,95.4,95.3,95.4,95.3,100.5,100.7,101.4,101.4,99.0,98.6,99.6,100.6,100.6,99.1,98.3,92.3,112.1,95.3,100.2,93.0,96.6,95.4,99.5,99.4,93.5,102.5,97.4,100.5,95.2,96.1,102.9,100.2,103.2,98.3,100.4,100.4,94.8,98.9,90.6,97.8,97.8,98.8,99.6,97.5,108.7,125.7,146.4,163.5,123.9,115.8,120.3,162.6,142.8,160.7,,120.1,119.1,134.0,101.9,101.3,99.3,99.7,99.9,97.6,109.9,99.1,115.9,114.3,105.1,106.9,104.3,108.7,105.1,103.6,107.2,98.9,98.4,99.1,99.2,98.2,98.7,96.1,98.1,101.2,97.9,,97.3,99.7,96.9,104.5,88.3,109.8,,103.3,105.4,112.3,101.0,104.9,111.6,99.9,100.9,105.3,89.8,94.2,108.7,113.7,103.5,103.3,99.4,97.5,97.5,99.4,97.1,113.6,100.0,100.0
200702,97.2,99.0,98.5,99.0,104.3,92.7,100.8,103.8,96.1,84.4,97.0,99.7,98.7,97.1,92.3,,92.0,94.3,108.5,114.8,93.0,,,105.5,103.8,101.8,100.1,107.8,106.0,101.1,108.7,109.4,106.2,104.3,107.8,97.9,108.6,104.7,99.8,125.4,105.3,100.8,106.3,95.7,101.4,100.1,102.7,105.8,95.1,102.2,,97.4,97.4,95.6,96.3,,98.4,95.4,96.7,97.0,96.8,97.3,103.2,98.9,,97.9,99.2,97.2,101.2,99.0,97.5,98.8,89.3,97.2,98.2,95.4,95.3,95.4,95.3,100.5,100.8,101.4,101.4,98.9,98.6,99.4,100.7,100.7,99.2,98.3,93.0,111.3,95.7,99.8,93.3,96.5,95.4,99.5,99.3,93.6,102.5,97.4,100.5,95.2,96.1,102.9,100.2,103.2,98.0,100.4,100.4,94.8,98.9,90.6,94.5,94.5,98.8,99.6,97.5,108.1,124.5,145.4,161.6,123.3,116.6,120.7,162.4,140.3,158.2,,120.9,115.9,130.9,99.6,95.5,99.5,99.9,99.9,97.8,109.2,99.2,114.9,114.5,103.4,105.8,105.5,107.5,98.4,103.8,106.5,98.9,98.5,99.2,99.0,98.3,98.9,97.0,98.3,101.0,98.1,,97.8,99.6,96.8,104.3,88.7,109.5,,103.5,105.4,112.4,100.8,105.4,110.8,101.4,100.8,104.7,90.8,94.3,107.4,112.7,103.0,104.0,99.4,97.5,97.5,99.4,97.1,113.6,100.0,100.0
200703,97.1,98.7,98.6,98.5,104.2,92.2,99.6,103.6,96.1,83.0,97.2,99.4,99.3,97.0,92.4,,92.9,93.6,109.5,113.3,93.8,,,105.1,103.6,102.1,98.4,107.2,105.2,100.1,109.3,108.2,105.7,104.7,106.2,99.1,107.9,101.0,99.8,125.1,104.8,100.5,105.7,95.7,101.1,100.0,102.0,105.1,92.6,103.4,,97.5,97.5,95.7,96.3,,98.5,95.3,96.7,97.0,97.3,97.4,104.3,99.1,,98.1,99.1,97.9,101.4,99.0,97.8,98.6,89.9,97.4,98.3,95.4,95.3,95.4,95.3,100.4,100.7,101.3,101.3,98.9,98.5,99.4,100.6,100.6,99.2,98.5,93.6,111.3,95.7,100.0,92.8,96.8,95.4,99.5,99.3,93.7,102.5,97.6,100.4,95.2,96.1,102.8,100.1,103.2,97.9,100.4,100.4,94.8,98.9,90.6,93.7,93.7,98.8,99.6,97.5,107.6,123.1,143.6,159.7,121.8,115.9,120.0,160.7,138.1,154.9,,121.0,114.4,129.0,98.1,95.5,99.2,99.2,99.8,97.7,108.9,100.3,114.7,113.7,103.1,105.0,104.5,107.3,93.3,103.7,106.9,98.8,98.6,99.2,98.7,99.0,99.0,96.4,98.2,100.6,97.9,,98.6,99.5,96.4,104.3,89.2,108.6,,102.8,105.3,112.5,100.6,104.0,110.3,99.3,100.5,104.6,91.3,94.8,104.4,111.8,102.5,103.9,99.4,97.5,97.5,99.4,97.1,113.6,100.0,100.0
200704,97.0,98.3,97.5,98.5,104.2,91.7,100.8,104.3,96.1,83.2,97.3,99.8,99.5,96.7,91.6,,93.2,92.0,109.4,115.0,93.6,,,105.0,103.2,101.8,96.9,106.6,104.8,99.9,107.1,108.3,105.9,103.9,107.7,99.3,108.3,102.8,99.8,123.9,104.5,100.6,105.6,95.5,101.2,100.0,102.5,104.4,96.1,103.6,,97.5,97.5,95.7,96.4,,98.5,95.3,96.7,97.0,97.3,97.4,104.4,99.1,,98.1,99.1,98.8,101.3,94.9,97.8,98.6,90.0,97.5,98.3,95.4,95.4,95.5,95.4,100.4,100.6,101.3,101.3,99.4,99.3,99.6,100.5,100.5,99.1,99.1,95.3,111.1,96.4,100.6,93.9,96.0,95.4,99.0,99.3,94.0,102.5,97.6,100.2,95.3,96.1,102.8,100.2,100.2,97.7,99.8,99.8,94.9,99.1,90.6,94.2,94.2,98.8,99.5,97.6,108.1,124.1,142.8,157.4,121.7,117.6,120.2,159.5,138.4,152.1,,121.3,118.9,132.7,102.8,102.5,99.1,99.5,99.8,96.6,108.5,100.0,114.4,113.9,102.5,106.6,104.3,107.8,106.8,104.5,107.2,99.1,98.6,99.5,99.0,98.5,98.3,97.1,98.5,100.5,98.3,,98.7,99.8,96.4,104.4,89.6,110.1,,103.1,105.8,112.5,101.3,104.9,112.0,99.7,100.2,103.8,90.1,94.8,102.9,112.1,104.1,103.4,99.4,98.2,98.2,99.4,97.7,109.8,100.0,100.0
200705,97.1,98.7,98.5,98.5,104.5,92.1,100.1,104.6,96.0,83.2,97.5,99.5,98.8,96.0,91.7,,94.1,93.9,109.3,113.3,93.6,,,105.2,103.4,101.8,97.6,107.1,105.6,101.3,110.5,107.7,105.9,106.4,105.6,100.8,107.3,102.9,99.8,125.5,103.6,100.5,105.2,95.4,100.9,99.9,101.9,104.4,97.6,104.0,,97.5,97.6,95.8,96.5,,98.5,95.5,96.6,97.0,97.3,97.4,104.4,99.3,,98.1,99.5,98.9,101.3,94.9,97.8,98.6,90.0,97.8,98.3,95.4,95.4,95.5,95.3,100.4,100.7,101.3,101.3,99.8,99.9,99.6,100.5,100.5,99.1,99.1,95.2,110.4,96.5,100.6,94.4,96.5,95.4,99.0,99.3,94.1,102.3,97.8,100.2,95.4,96.2,102.8,100.2,100.2,98.1,99.8,99.8,94.9,99.1,90.5,98.1,98.1,98.8,99.5,97.6,107.9,123.3,141.1,154.4,122.4,116.0,120.7,156.0,136.7,148.6,,121.0,118.1,131.3,102.8,102.5,99.5,100.3,100.2,96.8,109.2,100.3,114.5,115.0,103.0,106.3,104.9,107.1,106.8,104.1,106.7,99.0,99.0,99.0,99.9,99.0,99.0,96.8,98.1,100.4,97.7,,98.9,99.7,96.0,104.6,90.0,109.4,,103.2,106.1,112.5,101.9,105.2,111.5,100.6,99.8,104.3,89.5,93.1,102.5,112.2,104.1,103.8,99.4,98.2,98.2,99.4,97.7,109.8,100.0,100.0
200706,97.3,98.7,98.6,98.3,104.5,91.9,100.1,105.1,96.4,84.7,97.3,99.5,99.0,96.3,92.0,,94.2,93.3,108.6,114.2,94.3,,,105.2,103.3,101.6,97.0,107.2,104.6,101.4,106.8,106.5,106.4,107.7,107.6,99.5,108.0,103.4,99.8,122.4,104.7,100.5,105.0,95.3,100.9,100.1,102.2,105.4,97.7,103.9,,97.5,97.6,95.9,96.5,,98.5,95.4,96.6,97.1,97.4,97.4,104.4,99.3,,98.1,99.5,98.9,101.4,94.9,97.8,98.6,90.0,97.8,98.3,95.4,95.4,95.5,95.3,100.4,100.7,101.3,101.3,99.7,99.7,99.7,100.5,100.5,98.9,98.4,95.4,107.4,96.9,98.6,95.4,96.5,95.5,99.0,99.3,94.2,102.3,97.7,100.1,95.4,96.1,102.8,100.3,100.2,98.2,99.8,99.8,94.9,99.1,90.6,99.2,99.2,98.7,99.3,97.8,107.5,121.8,139.2,153.2,121.3,115.1,119.6,152.4,135.7,145.9,,120.9,115.9,127.1,102.8,102.5,99.4,100.4,99.8,97.0,108.1,100.1,113.9,112.8,102.4,106.1,104.5,106.8,106.8,103.9,106.7,99.3,99.2,98.9,100.3,99.4,99.0,96.4,98.6,100.6,98.5,,99.2,99.9,96.5,104.7,90.8,108.8,,103.1,106.3,113.0,101.9,104.6,110.4,100.3,100.1,105.7,89.7,92.2,107.4,111.5,104.2,102.5,99.4,98.2,98.2,99.4,97.7,109.8,100.0,100.0
200707,97.4,98.7,98.7,98.3,104.4,91.7,100.1,104.7,96.6,85.5,97.2,99.2,99.5,96.7,92.1,,94.2,93.3,110.4,112.6,94.3,,,104.9,103.4,102.4,97.7,106.2,104.4,101.2,107.2,106.3,105.7,108.9,105.2,97.7,105.9,102.6,99.8,124.8,104.3,100.3,104.5,95.3,100.7,99.8,101.5,103.8,99.0,103.6,,97.6,97.7,95.9,96.5,,98.5,95.4,96.6,97.1,97.5,97.5,104.4,99.4,,98.1,99.5,98.8,101.4,98.0,97.8,98.8,90.0,97.9,98.3,95.4,95.4,95.5,95.3,100.4,100.7,101.3,101.3,99.8,99.8,99.7,100.6,100.6,99.2,99.4,97.6,109.9,97.2,98.6,96.3,96.4,95.5,99.1,99.3,94.3,102.3,97.8,100.1,95.4,96.1,102.8,100.3,100.2,98.1,99.6,99.6,94.7,98.7,90.7,100.2,100.2,98.7,99.3,97.8,106.9,120.4,137.2,153.0,118.2,114.8,120.0,148.7,137.1,142.4,,120.0,113.9,123.6,102.8,102.5,99.8,100.6,100.6,96.9,108.3,100.4,114.4,112.5,103.0,105.9,104.4,106.6,106.8,103.3,106.3,99.2,99.2,99.1,100.4,99.3,98.8,96.7,98.5,100.5,98.2,,99.2,99.7,96.5,103.7,91.1,109.5,,102.8,106.3,112.6,102.0,103.8,110.1,99.2,99.9,104.5,88.7,91.0,112.7,112.3,101.5,103.6,99.5,98.9,98.9,99.4,97.7,109.8,100.0,100.0
200708,97.2,98.6,98.6,98.3,104.3,91.7,99.4,104.7,96.3,84.3,97.0,99.2,99.9,96.7,91.3,,93.4,93.0,110.2,113.2,94.1,,,105.0,103.7,102.1,99.6,107.1,104.7,101.4,108.6,106.1,105.8,109.1,106.2,96.3,106.5,100.2,99.8,125.0,103.8,100.1,104.5,95.2,100.8,99.4,102.2,102.9,95.8,103.0,,97.9,97.9,96.0,96.5,,98.5,96.1,96.7,97.1,97.6,97.5,104.5,99.4,,97.8,99.6,99.4,101.6,103.6,97.8,98.8,90.0,98.0,98.3,95.4,95.4,95.5,95.3,100.4,100.6,101.2,101.2,99.6,99.5,99.7,100.5,100.5,99.1,99.0,97.7,107.8,97.0,98.6,96.7,96.3,95.5,99.1,99.3,94.3,102.3,97.8,100.2,95.4,96.2,102.9,100.3,100.2,98.4,99.6,99.6,94.9,98.6,91.0,102.3,102.3,98.7,99.3,97.8,106.6,119.0,134.8,153.0,114.7,109.0,118.9,143.8,134.6,144.8,,117.2,112.7,121.3,102.8,102.5,100.4,101.8,101.0,96.6,107.8,100.3,113.3,112.0,102.9,104.8,104.0,104.7,106.8,103.1,106.1,99.3,99.4,98.8,100.6,99.3,98.9,97.9,98.8,100.6,98.7,,99.5,99.6,95.9,104.1,91.5,108.2,,103.1,106.7,112.6,102.8,104.3,110.3,99.8,100.1,104.5,89.8,90.4,112.4,113.0,102.5,103.3,99.5,98.9,98.9,99.4,97.7,109.8,100.0,100.0
200709,96.9,98.4,98.2,98.3,104.5,91.8,99.1,104.6,96.0,84.1,96.9,99.2,99.6,97.2,90.2,,93.7,92.9,109.3,108.5,93.9,,,104.9,103.4,102.4,95.6,106.6,104.4,101.3,109.5,105.1,105.7,109.5,105.5,97.7,106.6,100.8,99.8,123.7,103.7,100.2,104.9,95.2,100.9,99.5,101.6,102.6,96.7,103.7,,97.9,98.0,95.9,96.5,,98.5,96.1,96.8,97.1,97.6,97.5,104.4,99.3,,97.8,99.6,99.3,101.7,103.6,97.8,98.9,90.0,98.0,98.4,95.4,95.4,95.5,95.3,100.4,100.6,101.2,101.2,99.5,99.3,99.7,100.5,100.5,99.0,99.0,97.3,108.3,97.0,98.2,97.1,96.3,95.5,99.0,99.3,94.3,102.3,97.8,100.2,95.5,96.2,102.6,100.2,100.2,98.4,99.6,99.6,95.0,98.6,91.3,102.2,102.2,98.7,99.3,97.8,106.8,119.6,136.1,152.1,117.3,107.3,119.5,142.7,137.5,149.9,,113.9,112.3,120.6,102.8,102.5,100.7,101.7,101.4,97.0,108.4,100.3,114.1,112.0,104.0,105.2,103.8,105.3,106.8,103.8,106.6,99.3,99.3,98.8,100.6,98.9,98.5,98.1,98.9,100.2,98.8,,99.9,99.7,96.2,104.3,91.4,108.0,,102.8,106.8,112.4,103.2,103.6,110.5,98.4,99.8,104.2,90.3,91.7,107.0,111.5,103.4,103.0,99.5,99.1,99.1,99.4,97.7,109.8,100.0,100.0
200710,97.4,98.7,98.5,98.3,105.0,92.0,101.2,102.0,96.6,85.2,97.4,99.4,100.2,97.7,90.0,,93.9,93.5,108.9,113.5,94.8,,,104.9,103.3,101.9,97.6,106.7,103.9,99.9,108.5,105.8,105.9,109.3,107.4,95.2,106.6,100.8,99.8,123.9,104.1,100.2,104.7,95.3,100.8,99.6,102.5,104.9,96.9,103.9,,97.9,98.0,95.9,96.7,,98.6,96.1,96.8,97.2,97.6,97.5,102.8,99.6,,97.9,99.6,99.3,102.0,103.6,97.8,99.0,90.5,98.1,98.4,95.4,95.4,95.5,95.3,100.4,100.7,101.2,101.2,99.4,99.2,99.8,100.6,100.6,99.2,99.2,97.4,108.3,97.0,98.9,97.9,96.4,95.5,99.1,99.4,94.8,102.3,97.9,100.1,95.6,96.2,102.7,100.3,100.2,99.1,100.6,100.6,95.6,99.3,91.8,103.0,103.0,98.7,99.3,97.8,107.3,120.2,135.4,151.9,118.1,105.9,118.6,139.9,137.3,149.7,,114.2,115.6,118.6,112.9,110.0,100.2,101.1,101.2,96.6,109.1,101.3,113.3,112.5,105.6,106.9,104.1,106.8,115.0,103.8,107.2,99.8,99.3,99.1,100.5,99.1,98.8,97.7,99.5,100.2,99.8,,99.7,100.2,96.7,104.8,91.5,109.0,,102.8,106.9,112.3,103.5,104.1,109.9,99.9,99.2,102.9,88.6,93.2,104.7,111.2,102.7,102.5,99.5,99.1,99.1,99.4,97.7,109.8,100.0,100.0
200711,97.6,98.5,98.5,98.3,104.9,91.2,100.8,102.4,97.0,85.1,97.7,99.4,100.8,97.7,89.8,,95.9,95.1,110.6,112.7,94.7,,,104.7,102.8,101.5,96.6,106.3,104.6,99.8,111.9,105.9,105.7,109.7,105.2,96.1,107.1,105.1,99.8,123.3,103.8,100.4,104.9,95.4,100.8,99.7,101.8,104.2,99.1,104.1,,98.0,98.1,95.9,96.8,,98.6,96.2,96.8,97.2,97.6,97.6,104.4,99.6,,97.9,99.6,99.3,102.2,103.6,98.0,99.0,91.3,98.2,98.4,95.4,95.4,95.5,95.3,100.4,100.7,101.2,101.2,99.5,99.2,99.8,100.6,100.6,99.2,99.3,98.6,106.3,96.8,99.3,98.5,96.6,95.5,99.2,99.7,94.9,102.3,98.0,100.2,95.6,96.2,102.7,100.3,100.2,99.9,100.6,100.6,96.1,99.3,92.7,111.1,111.1,98.7,99.3,97.9,107.3,119.7,135.6,151.0,118.7,104.3,118.6,141.5,136.4,148.8,,114.0,113.9,118.3,109.2,108.2,100.0,100.8,100.6,97.5,108.8,101.4,111.7,112.2,105.5,107.1,103.6,107.4,113.9,103.9,107.3,100.2,99.6,99.3,101.5,99.1,98.8,97.2,99.4,101.0,99.4,,99.6,101.1,97.4,104.8,91.7,113.7,,103.1,108.1,115.1,103.4,103.4,108.8,99.4,99.8,103.6,89.7,94.2,103.1,111.2,103.1,104.3,99.5,99.1,99.1,99.4,97.7,109.8,100.0,100.0
200712,97.8,98.8,98.4,98.3,104.4,93.8,100.7,103.3,97.1,85.7,97.8,99.8,100.9,98.1,91.3,,97.6,95.8,108.4,110.5,93.9,,,104.4,102.6,101.6,97.7,105.4,104.2,99.4,110.7,106.0,105.4,108.7,105.3,97.4,106.6,102.3,99.8,121.4,103.6,100.0,104.1,95.3,100.4,99.2,102.1,104.4,97.9,103.4,,98.1,98.2,96.1,97.0,,98.8,96.2,96.8,97.4,97.7,97.8,104.4,99.5,,98.0,99.6,99.3,102.5,103.6,98.0,99.1,91.4,98.4,98.5,95.4,95.4,95.5,95.3,100.5,100.7,101.2,101.2,99.4,99.0,99.8,100.7,100.7,99.3,99.6,98.7,108.4,97.1,99.2,98.2,96.6,95.4,99.2,99.8,95.1,102.3,98.0,100.2,95.7,96.2,102.7,100.3,100.2,101.1,100.6,100.6,96.9,99.3,94.4,121.8,121.8,98.7,99.3,97.9,107.0,119.6,135.2,146.8,118.3,104.9,118.8,143.8,134.8,146.8,,113.5,113.2,118.0,108.4,105.7,100.9,101.6,101.7,97.5,107.8,100.9,111.7,111.0,104.3,106.3,103.8,106.8,110.0,103.8,106.8,100.2,99.6,98.8,100.8,100.2,98.7,96.7,99.4,100.7,99.7,,99.4,101.0,97.5,104.5,91.8,113.1,,103.0,109.2,117.1,103.9,102.1,107.7,98.2,100.0,103.2,89.2,94.7,108.0,110.4,102.7,103.9,99.5,98.7,98.7,99.4,97.7,109.8,100.0,100.0
200801,98.4,99.1,98.7,98.3,104.4,94.3,102.5,105.2,97.8,88.3,98.0,100.2,101.2,98.5,92.0,,97.0,95.7,109.0,113.4,95.0,,,104.4,103.0,101.5,99.1,106.3,103.8,99.8,107.8,105.8,105.4,109.6,105.6,95.5,106.3,101.0,99.8,120.9,104.7,100.2,104.7,95.3,100.5,99.6,101.7,103.6,98.0,103.8,100.7,98.1,98.2,96.2,97.1,,98.8,96.2,96.8,97.5,97.7,97.8,103.2,99.2,,98.4,99.0,99.3,103.1,103.6,98.2,99.1,92.1,98.4,98.5,95.4,95.4,95.5,95.3,100.5,100.7,101.2,101.2,99.4,99.1,99.8,100.7,100.7,99.4,99.5,99.0,108.4,96.7,98.6,98.6,96.6,95.4,99.3,99.8,95.3,102.4,98.0,100.2,95.9,96.2,102.7,100.5,100.2,102.0,101.7,101.7,98.4,100.4,96.4,122.1,122.1,98.7,99.3,97.9,106.9,119.6,135.4,146.4,118.2,107.4,118.9,147.0,131.5,143.7,191.8,114.7,112.7,121.0,103.4,102.5,101.0,102.2,101.4,97.9,106.8,100.8,112.0,109.4,103.2,105.4,103.8,106.7,101.5,103.4,106.5,100.6,100.0,99.3,101.3,100.0,99.6,97.7,99.7,101.1,99.8,,99.9,101.6,98.3,104.7,92.4,114.2,,102.9,108.1,113.3,104.6,102.7,109.1,98.1,99.9,103.5,87.5,94.7,108.6,109.9,103.2,104.4,99.5,98.8,98.8,99.4,97.7,109.8,100.0,100.0
200802,98.5,98.9,98.5,98.4,104.3,95.2,99.1,103.9,98.1,89.4,98.7,100.8,101.4,98.6,93.4,,99.1,94.3,108.3,109.8,94.8,,,104.4,103.0,101.6,96.6,106.7,104.6,101.6,107.2,106.3,105.2,109.3,104.6,96.4,106.5,101.9,99.8,120.6,104.2,100.3,104.0,95.4,100.8,100.0,101.9,104.3,99.4,103.6,101.5,98.3,98.4,96.3,97.2,,99.1,96.2,96.8,97.7,97.8,97.8,102.6,98.9,,98.6,98.9,98.8,102.6,103.3,98.2,99.1,97.0,98.5,98.6,95.4,95.4,95.5,95.3,100.5,100.7,101.2,101.2,99.4,99.1,99.8,100.7,100.7,99.3,99.4,98.9,106.8,97.2,98.8,98.5,96.7,95.6,99.3,99.8,95.5,102.1,98.0,100.2,96.4,96.3,102.5,100.6,100.3,102.0,101.7,101.7,98.8,100.4,97.3,120.9,120.9,98.7,99.3,97.9,106.7,119.0,134.6,148.5,118.6,108.4,119.6,146.4,130.7,141.7,180.2,114.8,112.7,122.2,101.1,102.6,100.8,101.0,101.8,97.7,106.7,101.4,110.7,107.7,105.0,104.8,103.7,107.2,95.8,102.8,105.6,100.6,100.4,99.8,101.8,100.4,99.4,99.0,99.8,101.5,99.8,,99.5,101.2,98.6,103.9,92.5,112.5,,102.7,108.8,114.4,105.0,100.9,104.6,98.3,100.5,103.7,89.7,94.8,109.3,110.4,103.6,104.6,99.5,99.0,99.0,99.4,97.7,109.8,100.0,100.0
200803,99.1,99.7,98.8,99.5,104.4,95.3,102.6,107.5,98.7,90.9,98.9,101.1,101.2,98.8,94.4,,98.6,94.9,108.3,111.5,96.1,,,104.6,103.2,101.9,97.9,106.3,104.2,101.2,105.8,106.3,105.4,110.0,105.2,95.2,106.6,102.5,99.8,121.0,104.3,101.2,104.0,97.3,101.8,101.6,101.0,103.0,98.1,104.0,102.1,98.6,98.6,96.8,97.5,,99.1,96.6,96.9,97.9,98.0,98.0,104.1,98.7,,99.0,99.1,98.9,102.6,103.6,98.3,99.5,98.9,98.6,98.8,95.4,95.4,95.5,95.3,100.5,100.7,101.2,101.2,99.4,99.0,99.8,100.7,100.7,99.5,99.3,99.9,105.5,98.1,97.4,98.5,96.0,96.3,99.5,99.9,96.1,102.0,98.2,100.2,97.0,97.3,102.5,100.6,100.3,102.1,101.7,101.7,98.9,100.1,97.7,121.1,121.1,98.7,99.3,97.9,106.9,119.2,133.0,145.4,118.3,109.2,115.3,145.2,131.0,139.4,174.7,114.2,114.3,127.1,99.3,100.0,101.9,103.3,102.7,97.8,106.9,101.3,111.0,107.4,105.7,104.5,103.1,107.3,91.6,103.6,106.0,100.7,100.7,100.4,101.8,100.5,100.2,99.4,99.8,101.2,100.0,,99.8,101.4,98.6,104.1,92.8,113.1,,103.6,109.1,114.2,105.7,100.3,102.9,98.5,102.9,106.3,101.5,95.0,103.5,110.2,104.8,105.0,99.5,99.0,99.0,99.4,97.7,109.8,100.0,100.0
200804,99.7,100.2,99.1,100.1,104.5,96.4,104.1,106.1,99.4,92.4,99.7,101.2,102.1,99.3,96.0,,98.8,96.8,110.7,110.5,96.0,,,104.7,102.7,101.3,96.8,106.4,105.2,104.1,105.6,106.1,105.4,110.6,105.2,97.1,106.0,102.3,99.8,119.9,103.7,101.7,104.0,98.6,102.4,102.2,102.0,102.9,98.7,103.3,102.7,98.8,98.8,97.4,98.0,,99.5,97.0,97.7,98.2,98.3,98.4,101.8,98.6,,99.6,99.3,98.9,102.5,103.6,98.5,99.8,99.6,98.9,99.0,96.3,96.2,96.3,96.3,100.5,100.7,101.2,101.2,99.9,99.8,99.9,100.5,100.5,99.9,100.2,100.3,106.7,98.1,100.0,98.4,97.0,96.9,99.7,100.2,96.6,101.8,98.4,100.1,97.5,98.4,102.4,100.6,100.4,103.1,103.3,103.3,100.4,102.4,98.2,121.1,121.1,99.0,99.4,98.3,107.1,119.6,131.5,144.5,117.8,110.6,114.5,141.9,131.5,135.6,171.8,113.6,117.6,128.0,105.7,104.8,101.9,102.8,103.1,97.6,106.1,101.1,111.3,108.4,102.6,105.4,103.6,106.2,104.7,103.5,106.4,100.8,100.9,100.8,102.0,100.5,100.1,99.6,99.9,101.4,100.0,,99.6,101.4,98.4,104.3,93.3,112.5,,103.9,109.7,113.7,107.1,100.5,103.7,98.2,103.2,107.2,102.1,97.7,101.5,110.3,102.2,105.2,99.8,99.4,99.4,99.7,98.1,109.8,100.0,100.0
200805,100.5,100.4,99.2,100.4,104.5,97.1,104.9,105.5,100.5,95.3,100.2,101.6,102.1,99.9,96.0,,99.5,97.0,108.2,115.6,99.0,,,104.7,103.0,101.7,97.7,106.3,106.0,104.1,107.5,106.8,105.2,109.7,105.3,95.6,106.4,104.6,99.8,119.3,103.3,102.3,104.0,99.9,102.8,102.9,101.5,103.0,98.0,103.3,102.9,99.1,99.1,98.2,98.5,,99.9,97.0,97.7,98.4,98.4,98.7,104.3,98.9,,100.1,99.4,99.1,101.8,103.6,98.8,100.0,99.8,99.2,99.2,96.4,96.3,96.4,96.4,100.5,100.7,101.2,101.2,100.6,100.9,99.9,100.6,100.6,99.7,99.0,98.8,104.3,98.8,96.6,99.0,97.3,97.0,99.9,100.2,96.9,101.7,98.8,100.1,98.0,98.7,102.5,100.5,100.5,103.5,103.3,103.3,100.2,102.1,98.3,125.1,125.1,99.0,99.4,98.3,107.3,119.2,130.3,139.5,117.7,110.2,114.4,140.1,131.0,135.6,166.3,114.7,117.8,128.4,105.7,104.8,102.1,102.9,103.4,97.6,106.6,100.9,111.7,108.6,103.2,105.8,104.0,106.9,104.7,103.5,106.3,100.9,100.8,101.0,102.3,99.9,100.2,99.4,100.5,100.8,100.8,,99.7,101.2,98.7,104.1,93.4,110.8,,104.2,110.1,113.3,108.1,100.9,103.7,98.9,103.6,107.3,100.7,98.8,101.8,110.7,104.7,104.4,99.8,99.4,99.4,99.7,98.1,109.8,100.0,100.0
200806,100.8,100.6,99.2,100.6,104.4,97.6,104.7,107.1,100.9,95.1,100.5,102.2,102.6,100.8,96.6,,100.9,96.5,109.2,113.5,99.8,,,104.4,102.7,101.9,94.8,105.7,105.3,104.5,104.0,106.5,105.1,109.7,104.9,97.6,105.2,105.2,99.8,117.9,103.4,102.4,103.7,100.3,103.0,102.8,101.6,102.4,99.4,102.8,102.8,99.2,99.3,98.6,98.9,,100.2,97.4,97.8,98.6,98.5,99.0,104.4,98.9,,100.1,99.4,99.0,102.3,103.6,98.9,100.1,100.1,99.4,99.4,96.4,96.3,96.4,96.5,100.6,100.7,101.1,101.1,100.6,101.0,100.0,100.6,100.6,99.9,99.3,98.6,104.8,99.3,96.6,99.5,97.4,97.3,100.2,100.3,97.4,101.7,99.6,100.1,98.5,98.9,102.5,100.7,100.6,104.9,103.3,103.3,100.3,102.1,98.5,141.0,141.0,99.0,99.4,98.4,107.0,118.3,128.9,137.5,116.4,109.6,115.3,138.0,130.4,133.6,161.2,115.7,116.9,126.8,105.7,104.8,102.5,102.9,104.2,97.6,106.8,100.8,112.8,108.8,103.4,105.6,104.1,106.5,104.7,103.7,106.0,100.9,100.9,100.8,102.2,100.0,100.2,100.6,100.1,101.7,100.0,,99.8,101.4,98.8,104.1,93.4,111.9,,104.2,110.9,114.2,108.8,100.3,101.9,99.1,103.5,107.4,99.5,98.1,107.3,108.9,103.0,105.7,99.8,99.6,99.6,99.7,98.1,109.8,100.0,100.0
200807,101.0,100.7,99.3,100.8,104.4,98.6,103.4,107.4,101.0,98.6,100.7,102.9,103.2,101.0,95.1,,96.4,96.3,109.8,113.0,100.3,,,104.7,103.3,102.1,97.0,106.3,105.0,104.0,108.8,104.2,105.3,109.8,105.4,99.8,105.7,104.4,99.8,116.8,102.5,102.4,103.6,100.6,103.1,102.8,101.1,102.0,97.9,102.7,102.8,99.4,99.5,98.9,99.1,,100.4,97.7,98.3,99.0,98.9,99.2,104.6,99.1,,100.5,99.6,99.1,102.9,103.6,99.3,100.1,100.2,99.7,99.6,96.4,96.3,96.4,96.5,100.6,100.7,101.1,101.1,100.4,100.7,100.0,100.6,100.6,100.3,100.0,98.8,107.5,99.6,96.9,100.7,97.4,97.2,100.5,100.5,98.0,101.6,100.2,100.2,98.7,99.4,102.6,100.8,100.7,107.3,105.0,105.0,102.0,104.5,99.4,153.5,153.5,99.0,99.5,98.4,107.4,117.5,127.5,139.9,117.4,109.2,114.3,134.8,130.3,128.6,156.9,115.6,115.2,123.6,105.7,104.8,103.2,102.5,105.9,98.0,106.9,100.6,111.9,108.2,104.6,105.5,103.5,106.7,104.7,103.2,105.4,101.3,101.3,101.4,102.5,101.2,100.5,98.9,101.1,102.3,101.2,,99.9,101.4,99.3,103.2,93.8,111.8,,106.2,112.7,117.3,109.6,104.5,104.3,104.7,103.8,106.5,99.3,98.2,109.4,108.7,104.1,107.2,99.8,99.6,99.6,99.7,98.1,109.8,100.0,100.0
200808,101.4,100.9,100.3,100.8,104.1,98.6,100.7,107.7,101.8,105.4,100.9,102.9,103.5,100.9,96.1,,97.3,96.8,109.2,107.2,100.3,,,104.4,102.7,102.0,94.9,105.6,106.0,105.0,109.4,105.2,104.7,109.3,103.4,103.6,104.9,103.3,100.0,115.5,101.5,102.4,103.2,100.9,103.1,102.2,101.5,102.0,100.1,102.2,102.9,99.6,99.7,99.0,99.2,,100.2,98.2,99.1,98.9,99.0,99.3,104.7,99.2,,100.7,99.8,99.3,102.9,103.6,99.4,100.1,100.9,99.8,99.7,96.4,96.3,96.4,96.5,100.6,100.7,101.1,101.1,100.3,100.5,100.0,100.5,100.5,100.4,99.9,99.4,106.8,99.6,96.9,99.6,97.6,97.5,100.6,100.5,98.5,101.6,100.4,100.2,98.9,99.5,102.8,100.8,100.9,107.9,105.0,105.0,102.7,104.5,100.8,158.3,158.3,99.0,99.5,98.4,106.8,115.6,124.6,133.3,116.5,106.9,112.8,131.1,127.6,125.9,148.2,114.4,113.6,120.7,105.7,104.8,103.0,101.7,105.7,98.5,106.4,100.1,111.7,107.6,104.1,105.0,103.8,105.9,104.7,102.6,105.4,101.3,101.5,101.7,102.7,101.0,100.3,100.1,100.5,101.9,100.4,,99.6,101.6,99.2,103.9,95.5,110.0,,106.7,114.4,121.4,109.8,104.4,102.9,105.5,104.0,106.2,99.2,99.5,110.2,111.8,100.6,107.3,99.8,99.6,99.6,99.8,98.2,109.8,100.0,100.0
200809,101.3,101.1,100.6,100.9,104.3,98.0,101.3,107.8,101.4,102.1,101.0,103.2,102.9,102.8,96.3,,98.7,96.7,104.2,109.7,100.1,,,104.6,103.0,102.1,97.7,105.8,105.9,106.0,108.2,104.7,104.8,109.6,103.8,101.1,105.0,104.9,100.0,116.3,102.3,102.6,103.5,101.0,103.4,102.8,101.1,103.4,99.3,103.1,102.8,99.8,99.9,99.1,99.4,,100.6,98.2,99.1,99.0,99.1,99.4,106.1,99.4,,100.8,100.0,100.3,103.0,103.6,99.4,100.1,100.9,99.8,99.7,96.6,96.6,96.6,96.6,100.6,100.6,101.0,101.0,100.2,100.3,100.0,100.5,100.5,100.6,100.1,99.4,106.9,99.2,97.1,100.6,98.1,98.2,100.8,100.6,99.0,101.6,100.7,100.2,99.2,99.7,102.7,100.5,101.1,107.5,104.7,104.7,103.0,104.5,101.6,153.5,153.5,99.0,99.5,98.4,107.3,115.9,124.8,129.1,119.3,107.4,112.8,128.4,128.5,131.7,146.5,120.2,113.5,120.4,105.7,104.8,103.6,101.5,107.1,98.6,107.5,100.8,111.0,109.7,105.0,104.6,103.3,105.2,104.7,103.1,105.3,101.6,101.6,101.4,102.9,101.1,99.9,101.0,101.3,101.6,101.4,,100.3,101.9,99.5,104.1,95.5,111.0,,107.3,115.6,123.4,110.5,105.8,105.3,106.1,103.7,106.7,98.7,99.8,105.0,110.1,101.9,108.6,99.8,99.6,99.6,99.8,98.2,109.8,100.0,100.0
200810,102.1,101.5,100.9,101.1,104.4,99.1,104.1,106.8,102.4,103.7,101.9,103.7,103.2,103.8,97.3,,102.0,96.0,106.6,107.2,101.2,,,104.9,103.9,102.5,100.0,106.8,104.7,103.4,105.7,105.5,105.4,110.2,104.6,102.9,105.1,106.2,100.0,115.6,103.1,103.0,104.1,101.0,103.6,103.2,101.5,105.7,100.0,103.7,103.2,100.0,100.1,99.1,99.6,,100.7,99.6,99.3,99.2,99.1,99.6,106.0,99.4,,100.5,100.1,100.7,103.0,103.6,99.4,100.1,101.0,99.9,99.9,96.9,96.9,96.9,96.8,100.6,100.6,101.0,101.0,100.2,100.3,100.0,100.5,100.5,100.7,100.3,99.0,107.9,99.2,97.4,101.4,98.3,98.9,100.8,100.6,98.9,101.3,100.6,100.2,99.3,100.3,102.7,100.7,101.3,107.0,105.2,105.2,104.2,106.6,101.9,142.7,142.7,99.1,99.5,98.6,107.6,116.3,124.6,133.3,120.4,107.5,112.9,126.6,126.5,133.6,144.3,116.1,115.7,118.0,111.4,117.8,103.1,102.3,105.1,99.7,107.8,100.8,110.9,110.6,105.2,106.2,103.5,106.2,113.0,103.7,105.9,101.4,101.4,101.6,102.6,100.7,100.2,100.7,101.0,102.8,100.8,,100.4,101.7,99.6,103.9,95.6,109.5,,108.0,116.1,123.7,111.1,106.5,106.0,106.8,104.5,107.7,100.6,101.8,100.5,110.1,103.4,109.5,99.8,99.6,99.6,99.8,98.2,109.8,100.0,100.0
200811,102.3,101.6,101.0,101.1,104.3,99.5,104.0,106.8,102.7,105.7,101.8,104.4,103.3,103.7,97.4,,104.8,97.4,105.0,103.6,100.8,,,104.6,103.5,102.5,97.1,106.5,105.0,103.8,107.0,105.3,104.8,108.9,104.1,101.7,105.2,105.9,100.0,114.2,102.7,102.9,104.0,101.2,103.4,103.1,101.3,105.9,100.1,103.1,103.4,100.0,100.1,99.3,99.6,,100.8,99.9,99.2,99.3,99.1,99.7,106.1,99.4,,100.6,100.1,100.8,103.1,103.6,99.6,100.1,99.8,100.0,100.0,97.0,97.0,97.0,96.9,100.6,100.6,101.0,101.0,100.1,100.1,100.0,100.5,100.5,100.8,100.4,99.4,107.5,99.2,97.5,101.3,98.1,99.0,101.0,100.7,99.1,101.3,101.0,100.2,99.3,100.3,102.7,100.8,101.4,104.7,105.2,105.2,104.1,106.3,101.9,117.8,117.8,99.2,99.6,98.6,107.5,116.4,125.7,131.7,120.2,107.8,112.5,130.5,125.9,133.2,153.3,112.5,114.8,118.2,109.7,114.5,102.6,101.6,104.8,98.7,107.8,100.2,110.7,111.0,105.1,106.2,103.5,106.4,113.2,103.4,105.9,101.8,102.0,101.5,102.9,102.2,100.5,100.6,101.5,102.8,101.8,,99.5,101.8,99.9,103.8,96.3,109.0,,107.4,115.5,122.3,111.0,106.4,108.0,105.2,103.5,106.5,96.2,102.7,103.5,109.9,100.6,109.7,99.0,99.7,99.7,98.4,98.2,100.0,100.0,100.0
200812,102.4,101.4,100.9,101.1,104.1,99.4,100.9,107.4,103.1,106.1,102.3,104.5,103.0,104.2,98.2,,105.7,96.4,104.2,105.9,101.4,,,103.9,102.9,101.9,98.8,105.7,103.8,103.3,102.7,104.8,104.4,108.0,104.0,100.9,104.8,104.1,100.0,113.6,102.6,102.7,103.5,101.2,103.3,102.8,101.2,104.5,101.4,103.5,103.0,100.1,100.2,99.3,99.7,,101.0,100.1,99.4,99.4,99.1,99.7,106.1,99.6,,100.7,100.4,100.8,103.2,103.6,99.8,100.2,99.8,100.1,100.0,97.0,97.0,97.0,96.9,100.6,100.6,100.9,100.9,99.9,99.8,100.1,100.5,100.5,100.8,100.2,99.5,105.4,99.1,97.9,100.8,98.8,99.4,101.0,100.6,99.3,101.3,101.2,100.2,99.4,100.2,102.6,100.8,101.6,102.9,105.2,105.2,103.9,106.3,101.6,99.1,99.1,99.2,99.5,98.6,107.3,115.7,125.6,130.0,118.2,107.8,112.5,133.7,124.1,131.6,151.8,112.5,112.6,115.9,107.2,113.7,103.1,102.4,105.2,99.0,107.6,100.5,110.2,110.2,105.4,106.1,104.9,106.1,110.4,103.2,106.2,101.7,102.0,101.6,102.7,102.5,100.6,100.8,101.3,103.1,101.2,,99.6,101.8,100.2,103.2,97.1,108.6,,107.2,114.7,120.2,111.1,105.5,106.2,105.0,104.1,106.2,97.5,103.2,107.4,108.9,100.8,109.8,99.0,99.7,99.7,98.4,98.2,100.0,100.0,100.0
200901,102.5,101.5,101.4,101.1,104.0,99.8,100.9,107.0,103.1,105.0,102.2,103.9,102.9,105.3,97.6,,105.1,96.7,105.4,107.8,100.9,,,104.0,103.6,102.4,103.0,105.5,103.5,103.0,102.5,104.3,104.4,109.0,104.1,99.1,104.9,104.4,100.0,113.7,102.6,102.7,103.4,101.2,103.1,103.1,101.1,105.3,99.3,103.6,103.8,100.1,100.2,99.6,99.8,,101.0,100.1,99.6,99.5,99.2,99.8,106.3,99.4,,100.7,100.4,100.9,103.2,103.6,99.8,100.2,100.1,100.1,100.0,97.1,97.1,97.1,96.9,100.5,100.5,100.8,100.8,99.9,99.8,100.1,100.4,100.4,100.9,100.5,100.6,105.1,100.3,97.4,101.7,98.7,99.4,101.0,100.5,99.3,101.2,101.2,100.2,99.5,100.3,102.6,100.5,101.7,104.3,109.9,109.9,105.5,110.4,100.2,89.3,89.3,99.2,99.6,98.8,107.4,117.0,123.8,128.5,116.4,106.2,111.4,132.9,122.6,127.5,146.5,110.9,119.3,132.7,103.1,104.8,103.0,103.1,104.4,99.0,106.3,101.0,109.7,107.7,104.4,104.7,105.6,105.2,99.9,103.3,106.2,101.7,101.7,101.9,102.7,101.5,100.4,100.1,101.6,102.7,101.6,,100.0,101.8,100.3,103.2,97.3,107.9,,107.5,114.3,118.7,111.5,105.8,106.0,105.7,104.9,104.1,100.3,103.5,110.7,109.6,103.1,109.1,99.3,99.6,99.6,98.9,98.7,100.0,100.0,100.0
200902,102.4,101.3,101.4,101.0,103.9,99.1,99.8,106.4,103.0,108.6,102.6,103.9,103.0,104.7,96.1,,104.1,96.5,103.5,106.6,100.7,,,103.7,102.8,101.9,100.8,104.9,102.9,104.0,101.4,102.4,104.3,108.0,103.6,100.7,104.8,104.3,100.0,113.7,102.6,102.0,102.8,101.2,102.5,102.1,100.2,104.1,99.4,103.7,102.7,100.1,100.2,99.7,99.8,,101.0,100.1,99.6,99.7,99.2,99.9,105.8,99.4,,100.7,100.4,101.1,101.9,103.6,99.8,100.2,100.2,100.1,100.0,97.1,97.1,97.1,96.9,100.4,100.4,100.8,100.8,99.9,99.7,100.0,100.3,100.3,100.7,99.9,99.4,103.0,100.4,97.4,100.7,99.1,99.5,101.0,100.5,99.3,101.2,101.2,100.2,99.4,100.4,102.3,100.5,101.7,104.2,109.9,109.9,105.1,110.4,99.5,88.9,88.9,99.2,99.6,98.8,106.9,115.7,123.0,125.3,117.2,105.2,111.6,133.3,117.6,125.3,145.8,109.4,116.3,132.1,96.4,101.2,103.1,103.0,104.7,99.2,105.9,101.1,109.7,106.2,104.7,103.6,105.2,104.8,93.1,102.8,106.2,101.9,101.6,101.8,102.9,101.3,100.2,100.3,101.6,103.4,101.8,,99.8,102.1,100.3,103.3,98.2,108.9,,107.1,114.1,118.4,111.2,106.0,107.8,104.7,104.0,104.7,98.5,103.5,107.4,110.5,100.4,107.8,99.3,99.6,99.6,98.9,98.7,100.0,100.0,100.0
200903,102.7,101.2,100.9,101.0,103.7,98.5,103.8,105.2,103.6,107.7,102.2,104.0,102.8,104.8,100.1,,105.5,98.1,102.2,108.5,101.6,,,103.5,102.8,102.2,101.7,104.0,103.6,103.1,102.7,104.2,103.6,108.2,103.3,98.7,104.1,103.4,100.0,110.4,102.3,102.2,103.2,101.2,102.7,102.1,100.1,105.4,98.3,102.7,103.1,100.2,100.3,99.7,99.8,,100.1,101.0,99.6,99.7,99.2,99.8,106.1,99.4,,100.7,100.2,101.1,101.7,103.6,99.8,100.3,100.2,100.1,100.0,97.1,97.1,97.1,96.9,100.4,100.4,100.8,100.8,99.8,99.5,100.0,100.4,100.4,100.7,100.2,99.4,104.6,100.6,97.7,100.5,98.8,99.7,100.9,100.5,99.3,100.8,101.2,100.2,99.6,100.3,101.8,100.5,101.7,103.7,109.9,109.9,104.9,110.4,99.2,83.5,83.5,99.2,99.5,98.8,106.3,114.5,121.5,124.3,115.9,104.9,111.6,130.1,117.7,123.3,141.9,110.8,114.5,130.9,94.5,98.5,103.0,102.9,104.3,99.6,104.4,100.7,109.1,105.0,102.4,102.7,102.9,104.4,88.9,102.5,106.3,101.8,101.7,101.7,102.8,101.5,100.5,100.4,101.3,103.3,101.2,,100.7,102.1,100.9,103.1,97.7,107.8,,106.6,113.4,117.4,110.8,104.6,104.8,104.5,104.3,104.3,102.1,103.0,103.8,108.9,102.8,107.1,99.3,99.5,99.5,99.0,98.8,100.0,100.0,100.0
200904,102.4,101.5,101.1,100.9,102.7,100.2,106.0,104.6,102.9,105.1,102.4,103.5,102.6,104.3,99.5,,105.0,98.2,103.0,107.3,100.9,,,102.9,102.6,102.0,99.1,104.5,102.4,103.1,97.2,103.8,103.2,107.3,102.1,99.4,103.2,105.3,100.0,110.0,102.6,101.7,103.0,101.2,101.9,101.7,100.1,105.0,98.2,103.2,102.9,100.2,100.1,99.7,99.8,,100.1,99.8,99.4,99.7,99.3,99.8,101.9,99.8,,100.7,100.1,100.7,100.9,104.6,99.9,100.2,100.2,100.1,100.0,99.5,99.5,99.5,99.5,100.4,100.4,100.7,100.7,99.8,99.7,100.1,100.3,100.3,100.8,100.6,99.8,103.5,99.9,100.1,102.3,98.8,99.7,100.8,100.4,99.2,100.9,101.2,100.1,99.4,100.4,101.5,100.4,101.7,103.3,109.1,109.1,104.8,110.3,99.0,82.0,82.0,99.8,100.0,99.5,106.1,114.1,118.7,121.1,113.3,103.2,110.6,127.4,117.2,116.0,134.7,110.9,116.5,126.5,103.6,108.5,103.6,103.4,105.5,99.3,105.0,100.9,109.6,105.8,102.9,103.4,103.3,103.2,103.1,102.2,106.0,101.6,101.0,101.8,102.4,100.2,100.2,99.4,101.4,103.4,101.3,,100.3,102.0,100.9,102.9,97.7,108.3,,105.9,112.1,115.4,109.8,104.1,104.2,104.0,103.8,103.8,102.3,101.8,101.7,108.2,103.3,107.6,99.7,99.5,99.5,99.5,99.4,100.0,100.0,100.0
200905,102.0,101.3,100.8,100.9,102.6,100.3,104.6,104.2,102.4,103.5,102.0,103.2,102.4,103.9,101.4,,104.8,98.7,100.9,105.1,100.7,,,102.4,102.5,102.0,99.2,104.1,101.6,102.2,97.7,102.7,102.5,104.6,102.5,98.9,101.8,103.8,100.0,109.9,102.2,101.5,103.0,101.2,101.6,101.3,99.8,104.1,97.9,103.8,102.0,100.3,100.3,99.7,99.9,,100.1,99.8,99.7,99.8,99.7,99.8,105.7,99.9,,100.7,100.2,101.1,101.2,104.6,99.9,100.2,100.2,100.1,100.0,99.5,99.5,99.5,99.5,100.4,100.4,100.6,100.6,100.2,100.3,100.1,100.3,100.3,100.7,100.6,99.8,102.6,100.3,100.1,102.8,98.9,99.7,100.8,100.4,99.2,100.8,101.1,100.1,99.4,100.3,101.4,99.9,101.7,100.4,103.2,103.2,102.6,106.4,98.6,82.8,82.8,99.8,100.0,99.5,105.6,113.3,117.7,120.9,111.9,102.7,111.1,125.4,118.5,114.1,132.5,110.3,114.9,123.6,103.6,108.5,103.8,103.4,106.0,99.3,104.6,100.8,109.2,105.8,101.9,102.7,102.6,102.2,103.1,102.3,105.2,101.4,101.2,101.6,101.7,101.8,99.9,99.2,101.1,103.0,100.9,,100.3,101.8,100.7,102.2,98.3,108.5,,105.1,111.4,115.0,109.0,103.5,104.6,102.6,102.9,103.0,102.4,100.2,101.0,107.3,101.6,107.0,99.7,99.5,99.5,99.5,99.4,100.0,100.0,100.0
200906,102.0,101.4,100.6,100.8,103.0,100.7,107.7,104.3,102.4,105.5,101.7,103.3,102.4,103.0,99.1,,103.1,98.9,100.7,108.1,101.1,,,101.8,102.1,101.7,98.0,103.8,100.7,101.9,94.8,101.8,102.1,103.6,102.1,97.0,103.1,102.4,100.0,108.7,101.9,101.6,102.9,101.0,101.8,101.4,99.5,103.4,99.2,103.2,101.7,100.2,100.2,99.8,100.0,,100.1,99.2,99.7,99.8,99.7,99.8,105.7,99.8,,100.7,100.2,101.0,100.9,104.6,99.9,100.2,100.0,100.2,99.9,99.6,99.6,99.6,99.6,100.4,100.4,100.6,100.6,100.1,100.1,100.1,100.3,100.3,100.8,101.2,100.6,104.1,100.3,100.7,102.8,99.2,100.4,100.7,100.3,99.2,100.7,100.9,100.1,99.4,100.2,101.2,99.9,101.7,99.4,101.5,101.5,101.4,104.5,98.3,83.6,83.6,99.8,99.9,99.5,105.2,112.4,117.0,127.2,112.5,101.7,111.5,122.5,120.2,109.5,128.0,110.7,113.4,120.7,103.6,108.5,103.6,103.3,105.7,99.2,104.4,100.6,107.9,105.3,102.6,102.2,101.4,101.6,103.1,102.3,105.1,101.3,101.3,101.9,101.9,101.8,99.7,99.3,101.1,102.3,101.1,,100.1,101.4,100.1,101.7,98.3,108.0,,104.9,110.0,112.5,108.3,103.9,102.9,104.5,102.7,103.1,99.1,99.7,105.4,107.9,102.1,107.5,99.7,99.5,99.5,99.5,99.4,100.0,100.0,100.0
200907,101.8,101.0,100.7,100.7,102.7,99.4,104.3,101.1,102.4,106.2,100.4,102.2,101.9,102.5,100.7,,104.7,99.0,100.2,107.1,100.7,,,101.7,102.1,102.0,99.8,103.0,100.9,100.3,97.3,102.8,101.8,103.7,101.1,99.4,101.8,100.2,100.0,106.9,101.4,101.3,102.8,101.0,101.3,101.3,99.6,103.5,98.5,103.1,101.2,100.1,100.1,99.8,100.0,,100.2,99.8,99.9,99.8,99.8,99.8,105.7,99.9,,100.7,100.2,100.9,100.8,97.3,99.9,100.4,100.2,100.2,100.0,99.6,99.6,99.6,99.6,100.4,100.4,100.5,100.5,100.1,100.0,100.1,100.3,100.3,100.9,101.3,100.6,104.2,100.5,100.7,102.9,99.5,100.5,100.7,100.3,99.2,100.7,100.9,100.0,99.4,100.2,101.1,100.2,101.6,98.6,100.3,100.3,99.1,100.2,98.2,86.9,86.9,99.8,99.9,99.5,104.2,110.5,114.9,121.9,112.3,103.2,108.8,118.2,118.2,113.2,122.7,109.7,111.0,116.2,103.6,108.5,102.4,102.5,103.7,99.2,104.2,100.4,107.4,105.4,102.4,101.7,101.5,101.1,103.1,101.3,103.6,100.8,100.8,101.9,101.4,100.8,99.4,99.2,100.4,101.5,100.1,,100.0,101.2,99.4,101.6,98.3,108.3,,103.7,108.9,111.1,107.5,101.6,102.1,101.2,102.3,102.8,100.9,98.8,106.7,105.5,99.6,106.7,99.7,99.5,99.5,99.6,99.5,100.0,100.0,100.0
200908,101.9,101.1,100.9,100.7,102.2,100.0,105.1,100.9,102.4,108.9,100.2,101.8,101.5,102.4,99.2,,104.1,101.8,99.9,105.4,100.8,,,101.5,101.7,101.7,98.3,102.5,101.0,100.4,97.6,102.8,101.4,102.3,101.7,99.3,100.9,102.0,100.0,106.0,101.2,100.9,102.5,100.6,100.7,100.7,98.6,104.3,99.2,102.1,100.9,100.1,100.1,99.8,100.1,,100.4,99.8,99.9,99.8,99.8,99.8,105.7,100.0,,100.6,100.2,100.9,100.8,97.3,99.9,100.4,100.2,100.2,100.0,99.6,99.6,99.6,99.6,100.4,100.4,100.5,100.5,100.1,100.0,100.1,100.3,100.3,100.9,101.3,100.7,104.2,100.4,100.7,102.9,99.6,100.5,100.6,100.3,99.1,100.7,100.9,100.0,99.4,100.2,101.1,100.3,101.5,98.1,99.5,99.5,98.5,98.8,98.2,87.3,87.3,99.8,99.9,99.5,103.5,108.8,113.4,115.8,112.4,101.2,108.3,115.9,116.5,115.4,119.5,108.6,108.7,111.8,103.6,108.5,100.7,101.0,101.4,99.0,103.0,99.2,106.0,104.4,100.9,100.6,100.0,99.7,103.1,101.0,102.4,100.6,100.9,101.7,101.3,101.1,99.9,99.3,100.5,101.0,100.7,,99.2,100.6,99.1,101.2,98.8,105.5,,103.6,107.9,109.8,106.6,102.7,104.4,101.5,101.6,102.1,97.3,97.5,107.9,105.2,102.7,105.8,99.7,99.6,99.6,99.6,99.5,100.0,100.0,100.0
200909,101.3,100.5,99.6,100.6,102.3,98.8,105.1,100.7,101.8,104.4,99.8,101.4,101.4,102.8,100.6,,104.0,98.2,99.5,108.3,99.6,,,101.3,101.3,101.1,98.6,102.2,100.8,100.7,98.8,101.6,101.4,102.7,100.6,99.5,102.1,102.3,100.0,105.8,100.9,101.0,102.4,101.2,100.9,100.6,98.6,103.0,99.1,102.8,101.3,100.1,100.0,99.8,100.0,,100.2,99.8,99.9,99.8,99.9,99.9,105.6,100.0,,100.5,100.2,100.7,100.9,97.6,99.9,100.3,100.2,100.2,99.9,99.8,99.8,99.8,99.6,100.4,100.4,100.5,100.5,100.0,99.9,100.1,100.3,100.3,100.8,101.3,100.5,104.6,100.4,100.7,103.0,99.5,100.6,100.5,100.3,99.1,100.7,100.8,100.0,99.4,100.2,100.8,100.3,101.3,97.6,98.5,98.5,97.5,96.9,98.2,89.3,89.3,99.8,99.9,99.5,103.5,108.6,113.1,115.2,112.5,102.2,107.9,113.9,116.3,118.7,117.1,109.1,108.4,111.3,103.6,108.5,101.5,101.6,101.7,100.5,103.1,98.8,105.4,105.0,101.0,101.3,99.9,101.1,103.1,100.6,102.9,100.5,100.9,101.4,100.9,101.4,99.6,100.1,100.0,101.4,99.6,,99.5,100.6,99.4,101.0,98.7,105.5,,103.4,106.9,109.1,105.6,103.0,105.1,101.3,101.6,102.1,100.1,99.8,100.1,105.1,101.4,105.0,99.7,99.6,99.6,99.6,99.5,100.0,100.0,100.0
200910,101.0,100.4,99.6,100.4,101.4,100.0,104.6,99.4,101.4,106.4,99.2,101.4,100.2,101.7,100.3,,101.7,100.2,100.3,101.2,100.0,,,101.3,100.8,100.5,98.7,102.0,102.0,101.9,99.9,102.7,101.2,102.6,100.3,99.3,101.9,102.6,100.0,104.7,100.8,101.1,101.9,101.3,101.1,101.0,98.8,106.1,98.9,102.1,101.2,100.1,100.0,99.8,100.1,,100.2,99.1,99.9,99.8,100.0,99.8,105.7,99.9,,100.3,100.2,100.5,100.8,97.6,99.9,100.2,100.2,100.1,100.0,99.8,99.8,99.8,99.6,100.3,100.3,100.5,100.5,100.0,99.8,100.1,100.3,100.3,100.6,101.2,99.8,105.7,100.1,100.3,102.3,99.5,100.7,100.3,100.3,99.1,100.3,100.4,100.1,99.4,100.1,100.5,100.3,101.1,97.4,98.2,98.2,96.7,95.2,98.4,89.8,89.8,99.8,99.9,99.5,103.5,108.6,111.6,115.6,112.5,102.2,106.9,111.4,114.3,118.2,112.8,108.0,110.5,109.2,111.8,113.4,101.3,100.3,102.3,100.4,103.8,98.9,103.6,107.1,101.4,102.8,100.4,102.2,112.8,100.4,102.1,100.4,100.0,101.4,99.6,100.0,99.5,99.5,100.2,101.1,100.2,,99.3,100.7,100.1,100.6,98.8,105.0,,102.7,106.5,108.8,105.0,101.4,100.9,101.7,101.6,102.0,98.8,101.9,99.4,103.5,101.8,105.2,99.8,99.6,99.6,99.7,99.6,100.0,100.0,100.0
200911,100.6,100.4,99.9,100.2,100.7,99.9,104.1,99.7,100.8,104.2,99.6,101.1,100.7,101.6,100.7,,99.5,99.8,101.1,97.3,99.8,,,101.2,101.1,100.7,98.2,102.4,101.4,102.1,100.1,101.1,101.2,102.7,100.8,99.2,101.6,102.4,100.0,104.5,100.8,100.9,101.9,101.0,101.2,100.8,98.5,104.7,97.4,101.4,101.5,100.0,99.9,99.8,100.2,,100.2,99.1,99.9,99.8,100.0,99.8,102.1,99.9,,100.5,99.9,100.8,100.3,97.6,99.9,99.9,100.2,100.1,100.0,99.8,99.8,99.8,99.6,100.3,100.3,100.4,100.4,99.9,99.7,100.2,100.3,100.3,100.5,101.0,99.8,104.9,100.1,100.2,101.7,99.6,100.3,100.3,100.3,99.2,100.3,100.4,100.1,99.4,100.1,100.5,100.4,100.9,97.5,98.5,98.5,96.8,95.3,98.4,89.6,89.6,99.8,99.9,99.5,103.0,106.8,110.3,118.3,110.9,102.2,104.9,108.0,112.9,116.3,114.9,108.5,106.8,106.4,107.2,108.9,101.1,100.2,102.1,100.2,103.4,99.9,103.7,106.1,101.2,102.9,100.3,102.6,112.4,100.5,102.2,100.7,100.2,101.3,100.2,100.1,99.9,99.4,100.6,100.7,100.7,,99.7,100.9,99.9,101.2,99.6,105.1,,102.7,105.9,107.7,104.6,102.6,102.7,102.5,101.0,100.4,99.3,101.5,99.2,103.1,100.6,103.8,99.8,99.6,99.6,99.7,99.6,100.0,100.0,100.0
200912,100.3,100.2,99.7,100.2,101.1,100.9,101.3,98.4,100.3,100.7,99.2,100.9,100.2,100.0,100.6,,101.2,101.1,100.4,99.3,99.5,,,100.5,100.3,100.2,98.6,101.1,100.3,100.5,98.0,101.1,100.7,101.1,100.2,99.1,101.0,101.0,100.0,103.9,100.3,100.6,101.0,100.5,100.8,100.7,98.2,105.3,98.1,102.1,100.9,100.0,99.9,99.7,100.0,,100.2,100.8,99.9,99.8,100.0,99.7,101.3,99.9,,100.4,100.0,100.4,100.3,97.6,99.9,99.9,99.9,100.1,100.0,99.8,99.8,99.8,99.6,100.2,100.3,100.3,100.3,99.9,99.6,100.2,100.2,100.2,100.5,101.0,100.0,104.9,100.1,100.0,102.1,99.7,100.2,100.3,100.2,99.4,100.3,100.3,100.1,99.4,100.1,100.4,100.5,100.7,97.9,99.0,99.0,97.1,96.0,98.6,91.0,91.0,99.8,99.9,99.5,102.1,104.8,108.5,114.8,107.6,101.1,102.4,107.6,109.4,113.2,117.1,108.6,102.2,104.4,98.1,104.4,101.4,101.8,101.7,100.2,102.6,98.6,102.2,104.9,101.2,103.0,100.1,103.6,108.7,100.6,102.0,100.2,99.9,100.7,99.8,99.7,99.5,100.1,100.3,100.1,100.5,,99.5,100.3,99.2,100.5,99.7,103.1,,101.7,104.3,105.7,103.3,101.0,101.5,100.6,100.9,100.0,98.0,101.6,104.5,101.7,100.3,103.1,99.8,99.6,99.6,99.7,99.6,100.0,100.0,100.0
201001,100.4,100.4,100.1,100.3,101.3,100.7,101.2,99.4,100.5,99.6,99.9,100.5,99.4,100.5,100.9,101.8,100.2,101.5,99.9,101.4,100.6,100.3,100.8,100.9,100.7,100.5,100.6,101.0,100.8,99.8,101.3,101.2,101.1,102.0,100.8,99.8,101.3,101.2,100.0,104.9,100.1,100.9,101.4,100.6,100.8,100.9,98.6,99.2,101.1,102.2,101.5,99.7,99.7,99.8,100.1,100.0,100.1,100.6,99.9,99.9,100.1,100.0,95.3,99.9,98.2,100.4,100.0,100.5,100.3,97.8,100.0,99.8,99.7,100.0,99.9,99.8,99.8,99.8,99.7,100.2,100.1,100.2,100.2,99.9,99.8,99.9,100.1,100.1,100.3,100.5,100.1,103.2,100.3,100.1,99.5,100.0,100.5,100.2,100.1,99.3,100.6,100.3,100.0,100.0,100.3,100.6,100.6,100.3,98.5,99.2,99.2,98.1,97.3,98.9,92.1,92.1,99.8,100.0,99.5,102.9,106.3,110.2,110.2,105.0,99.7,99.0,114.8,108.8,111.7,116.8,105.7,102.7,103.6,99.3,96.2,101.5,102.0,101.6,100.6,102.5,100.9,101.9,103.4,101.8,100.7,98.8,101.7,98.8,100.9,101.9,100.7,100.5,101.5,99.8,100.2,100.1,100.4,100.5,100.7,101.1,99.9,100.0,100.9,99.4,101.0,100.1,102.3,102.6,101.7,103.3,104.3,102.6,101.2,101.9,100.8,101.2,100.5,99.9,101.9,105.3,101.9,99.8,102.2,99.9,99.7,99.7,99.9,99.8,100.0,100.0,100.0
201002,100.6,100.5,100.6,100.3,101.0,100.3,101.7,99.6,100.7,100.8,99.8,100.5,101.6,100.8,101.5,102.1,100.5,100.6,100.1,97.8,100.2,100.4,100.6,100.9,100.5,100.1,98.9,101.3,101.8,103.1,101.9,101.0,100.7,101.3,100.2,99.9,100.5,101.9,100.0,103.4,100.3,100.6,101.1,100.3,100.4,100.6,97.2,99.8,101.1,101.5,101.2,99.9,99.9,99.8,100.1,100.0,100.2,100.3,100.1,99.9,100.0,99.9,101.1,99.9,98.2,100.2,100.0,100.3,100.3,97.8,100.0,99.8,100.1,100.0,99.9,99.8,99.8,99.8,99.7,100.1,100.1,100.1,100.1,99.8,99.8,99.9,100.1,100.1,100.3,100.8,100.1,105.3,100.2,100.1,99.3,99.7,100.9,100.2,100.1,99.3,100.6,100.1,100.0,100.0,100.3,100.5,100.5,100.3,99.2,99.5,99.5,98.8,98.2,99.4,96.3,96.3,99.8,100.0,99.5,102.7,106.2,110.0,107.1,106.0,102.4,102.4,115.0,107.8,107.6,117.6,104.1,102.7,104.5,95.0,92.4,101.4,102.3,101.5,100.2,101.6,100.2,103.7,101.3,101.3,99.6,98.0,101.3,90.4,100.9,101.4,100.5,100.3,100.9,100.0,99.3,100.3,100.5,100.3,99.9,100.8,100.3,99.5,100.6,99.5,100.9,99.7,101.7,101.3,101.4,102.0,102.4,101.7,101.1,101.2,101.1,101.3,100.6,99.8,102.3,102.1,101.9,101.5,102.3,99.9,99.7,99.7,99.9,99.8,100.0,100.0,100.0
201003,100.3,100.5,100.7,100.0,101.0,100.0,102.1,100.1,100.1,99.6,99.8,100.0,100.4,99.9,99.5,101.0,101.3,99.9,100.4,102.3,98.7,100.6,100.7,100.8,100.8,100.8,101.7,100.6,101.5,101.0,103.6,100.7,100.6,101.5,101.3,99.9,100.6,100.0,100.0,100.9,100.4,100.5,100.7,100.5,100.5,100.6,97.6,99.8,100.9,100.4,101.4,99.9,99.9,99.8,100.1,100.0,100.1,100.3,100.1,99.9,100.0,100.0,101.1,100.1,98.2,100.0,99.7,100.1,100.3,100.4,100.0,100.1,99.8,100.0,100.0,99.8,99.8,99.8,99.7,100.1,100.0,100.1,100.1,99.8,99.7,99.9,100.0,100.0,100.3,100.8,100.4,104.3,100.5,100.1,98.9,100.4,100.9,100.1,100.0,99.3,100.6,100.0,100.0,100.0,100.2,100.4,100.5,100.3,99.5,99.9,99.9,99.5,99.2,99.8,95.9,95.9,99.8,100.0,99.6,101.9,105.0,107.5,104.1,103.6,99.5,102.2,113.6,101.7,104.6,111.7,103.2,103.0,105.0,94.4,92.1,100.9,100.9,101.1,100.4,100.5,100.5,100.3,100.9,100.1,98.4,97.9,100.5,80.9,100.8,100.9,100.3,100.2,100.3,100.0,100.1,100.3,100.3,100.0,100.2,100.5,99.3,100.5,100.5,99.7,100.5,99.8,100.1,102.2,100.8,101.1,100.3,101.6,100.4,100.0,100.6,100.9,100.1,100.4,102.2,98.6,99.8,102.2,101.4,99.9,99.7,99.7,99.9,99.8,100.0,100.0,100.0
201004,100.1,100.1,99.7,100.0,100.9,99.8,101.2,102.3,100.0,101.0,99.8,99.5,100.9,99.8,99.6,99.6,99.3,99.8,100.2,99.7,100.3,101.1,99.6,100.6,100.0,100.6,99.3,99.5,101.5,102.2,102.7,100.4,100.7,99.9,101.6,101.1,99.9,101.9,100.0,102.3,100.2,100.4,101.0,100.1,100.3,100.5,98.0,100.3,100.8,100.0,100.7,99.9,99.9,99.9,99.9,100.0,100.1,99.7,100.0,99.9,100.0,100.0,97.8,100.1,98.2,100.3,99.8,100.0,100.2,100.4,100.0,100.2,100.1,100.0,100.0,100.1,100.1,100.1,100.1,100.0,100.0,100.0,100.0,100.2,100.4,100.0,100.0,100.0,100.1,100.5,100.2,103.3,100.2,100.1,99.1,100.3,101.0,100.0,100.0,99.1,99.9,99.9,100.0,100.0,100.1,100.3,100.3,100.3,99.1,98.8,98.8,99.2,98.6,99.9,98.0,98.0,100.0,100.1,99.8,102.1,105.6,104.7,98.6,101.5,100.1,103.8,109.1,105.7,99.2,106.2,102.0,108.6,110.5,100.1,101.1,100.8,100.3,101.1,100.5,100.0,99.4,99.9,100.6,99.2,100.0,98.8,100.5,100.1,100.3,100.5,100.2,100.1,100.7,99.8,100.1,99.9,99.7,100.2,100.4,100.2,100.0,100.3,100.3,100.3,100.5,99.6,99.5,100.9,100.5,101.4,102.0,101.0,99.7,99.1,100.1,100.5,100.5,99.2,101.0,97.0,101.2,101.7,101.6,100.0,100.1,100.1,100.0,100.1,100.0,100.0,100.0
201005,99.9,100.0,99.8,100.0,100.6,99.3,101.0,100.6,99.8,97.2,99.7,100.0,99.5,99.8,100.0,99.5,100.8,100.7,100.0,99.8,99.8,100.0,100.0,100.3,100.0,99.8,100.7,100.1,101.0,101.4,102.8,99.7,100.2,100.6,101.1,99.6,100.0,100.7,100.0,100.4,99.9,100.2,100.7,100.3,100.3,100.1,97.0,99.8,100.6,100.2,100.4,99.9,99.9,100.0,100.0,100.0,99.9,99.5,100.0,99.9,100.0,100.0,100.9,100.1,98.2,100.3,100.1,99.8,100.2,100.4,100.0,100.2,100.1,100.0,100.0,100.1,100.1,100.1,100.1,100.0,100.0,100.0,100.0,100.4,100.6,100.0,100.0,100.0,100.1,100.2,99.9,102.7,99.9,100.1,99.2,99.7,100.0,100.0,100.0,99.2,99.9,99.9,100.0,100.0,100.1,100.0,100.2,100.3,99.8,99.2,99.2,99.7,99.4,99.9,104.2,104.2,100.0,100.1,99.8,101.4,103.5,102.0,96.5,99.8,101.3,102.9,104.6,103.9,98.0,101.7,98.3,106.9,108.4,100.1,101.1,99.8,99.2,99.9,100.5,100.1,99.6,99.8,100.7,99.7,99.8,99.6,99.6,100.1,100.6,100.0,100.1,99.9,100.1,100.0,99.6,100.0,99.8,100.5,100.0,100.4,100.9,100.0,100.0,100.3,99.6,100.4,99.2,100.6,100.5,101.5,101.5,101.5,100.2,100.6,100.0,100.2,100.1,102.0,99.7,97.2,99.4,101.3,99.3,100.0,100.1,100.1,100.0,100.1,100.0,100.0,100.0
201006,99.8,99.7,99.0,100.0,99.9,99.9,101.2,99.8,99.9,99.3,99.9,99.6,100.2,99.7,100.4,99.6,99.5,100.6,100.0,101.0,99.8,100.3,100.0,100.0,100.1,100.1,99.7,100.1,100.2,100.6,99.8,100.1,99.9,99.4,100.6,99.7,100.0,98.5,100.0,100.5,99.6,100.1,100.9,99.9,100.2,100.0,96.2,100.0,100.3,99.4,100.2,100.0,100.0,100.1,99.9,100.0,99.9,100.6,100.0,100.0,100.0,100.0,101.1,100.1,98.2,100.3,100.1,99.8,100.1,100.5,100.0,99.9,100.1,100.0,100.0,100.1,100.1,100.1,100.1,100.0,100.0,100.0,100.0,100.2,100.4,100.0,100.0,100.0,100.0,100.1,99.9,101.6,100.0,99.9,99.1,99.9,99.8,100.0,100.0,99.3,99.9,99.9,100.0,100.0,99.8,99.9,100.1,100.3,100.1,99.5,99.5,100.1,100.0,100.1,103.7,103.7,100.2,100.1,100.2,100.3,100.8,99.5,97.5,99.5,101.6,102.0,99.5,102.0,96.1,98.5,99.9,102.9,103.5,100.1,101.1,99.9,99.2,99.9,100.7,99.5,98.9,99.5,99.7,99.4,100.3,100.9,100.2,100.1,100.6,99.6,100.0,100.0,99.8,100.5,99.3,100.2,99.8,100.2,100.2,100.0,100.5,99.8,100.0,100.7,100.0,100.0,99.6,99.3,100.0,100.8,100.4,101.0,99.6,99.1,100.0,99.8,100.7,100.8,98.1,99.3,99.8,99.9,100.1,100.0,100.1,100.1,100.0,100.1,100.0,100.0,100.0
201007,99.5,99.2,98.0,100.0,99.6,99.5,99.9,98.2,99.7,99.2,100.1,99.7,99.7,99.6,100.1,99.3,100.6,99.3,99.3,99.8,100.0,100.2,99.2,99.6,99.8,100.1,100.3,99.5,99.4,99.7,98.1,100.0,99.5,99.5,100.1,99.8,99.6,98.0,100.0,98.8,99.4,100.0,100.1,100.0,100.1,99.7,99.5,99.8,100.3,99.5,99.9,99.9,99.9,100.1,100.0,100.0,99.9,99.4,100.0,100.0,100.0,100.0,101.0,100.0,98.2,100.3,100.0,99.9,100.0,100.5,100.0,99.8,100.1,100.0,100.0,100.1,100.1,100.1,100.1,100.0,100.0,100.0,100.0,100.2,100.3,100.1,100.0,100.0,100.0,99.9,99.9,100.3,100.0,99.9,98.7,100.0,100.0,100.1,100.0,100.6,99.8,100.0,100.0,100.0,99.8,99.9,99.6,100.3,100.3,100.0,100.0,100.5,100.6,100.3,102.6,102.6,100.1,100.0,100.3,99.0,97.7,96.5,98.2,96.0,100.6,98.8,94.7,99.7,96.0,94.7,102.7,98.4,98.0,100.1,101.1,100.1,99.4,100.3,100.6,99.3,100.1,100.2,98.9,99.1,99.5,99.4,99.5,100.1,99.8,99.3,99.8,100.1,100.1,100.4,99.8,100.2,99.9,99.7,99.7,99.9,99.4,100.0,99.8,100.9,99.2,99.6,99.6,99.5,99.8,100.5,100.6,100.4,99.7,100.1,99.3,99.5,100.2,100.6,96.5,102.3,99.7,99.7,100.1,100.0,100.1,100.1,100.0,100.1,100.0,100.0,100.0
201008,99.9,99.7,100.0,99.9,99.2,99.5,99.7,98.2,100.0,99.1,100.2,100.1,100.0,99.5,99.7,99.1,102.2,100.6,100.3,101.0,100.7,100.4,98.7,99.6,99.7,100.1,100.3,99.2,100.2,99.7,99.9,100.7,99.3,98.9,98.8,100.5,99.1,94.9,100.0,97.8,99.9,99.3,99.1,99.6,99.0,99.3,102.1,100.3,99.0,98.8,98.9,100.0,100.0,100.1,100.0,100.0,99.9,100.7,100.0,100.1,100.0,100.0,101.0,100.0,99.3,100.3,100.1,99.9,99.9,100.5,100.0,99.8,100.1,100.0,100.0,100.1,100.1,100.1,100.1,100.0,100.0,100.0,100.0,100.0,100.0,100.0,100.0,100.0,99.9,99.3,99.9,96.8,99.7,99.9,98.7,99.9,99.5,100.1,100.0,100.6,99.8,100.0,100.0,100.0,99.8,99.9,99.6,100.3,100.8,100.8,100.8,101.0,101.5,100.3,102.2,102.2,100.1,100.0,100.3,98.1,95.5,94.3,93.5,93.5,98.2,97.5,91.4,97.2,99.2,91.8,97.7,95.5,94.5,100.1,101.1,99.6,99.1,99.5,100.2,98.9,100.3,98.7,98.6,99.0,99.6,100.8,99.1,100.1,99.6,99.0,99.5,99.9,99.3,100.5,100.1,99.5,99.9,99.9,100.4,99.3,100.3,99.8,99.2,100.3,98.1,100.3,99.2,98.9,99.3,99.3,99.7,99.0,99.3,99.3,99.3,99.3,99.7,99.8,96.9,105.4,99.6,99.2,99.3,100.0,100.1,100.1,100.0,100.1,100.0,100.0,100.0
201009,99.9,100.2,100.8,99.9,99.3,100.5,99.0,101.4,99.8,99.2,100.2,100.0,99.4,100.2,98.9,99.7,99.7,99.5,100.9,100.3,100.5,99.9,99.6,99.5,99.5,99.5,101.0,99.2,99.7,99.1,101.0,99.4,99.4,99.6,99.0,99.9,99.2,99.1,100.0,97.5,100.0,99.8,99.3,99.7,99.8,99.7,103.5,101.3,99.3,100.3,99.7,100.2,100.2,100.0,100.0,100.0,100.0,99.1,100.0,100.1,100.0,100.0,99.4,100.0,103.3,100.0,100.0,100.0,99.7,100.5,100.0,100.1,100.1,100.0,100.0,100.1,100.1,100.1,100.1,99.9,99.9,99.9,99.9,99.9,99.9,100.0,99.9,99.9,99.9,99.5,99.9,96.3,99.8,99.9,102.1,100.3,99.5,100.1,99.9,100.6,99.8,100.0,100.0,100.0,99.8,99.6,99.6,100.3,100.9,101.3,101.3,101.1,101.7,100.3,100.9,100.9,100.1,100.0,100.3,98.2,95.8,94.3,97.6,99.9,101.8,95.4,88.8,96.0,99.4,90.8,98.9,96.5,95.7,100.1,101.1,99.7,99.8,99.3,100.4,99.7,100.3,99.5,99.4,100.0,99.5,101.6,98.4,100.1,99.7,99.3,99.7,99.9,99.4,99.9,100.5,100.3,100.0,100.0,99.7,99.8,100.4,100.2,99.5,100.1,99.8,99.9,99.4,98.4,99.2,98.7,98.5,98.9,99.2,99.1,99.2,99.4,100.2,100.8,97.6,98.3,99.4,100.4,98.8,100.0,100.1,100.1,100.0,100.1,100.0,100.0,100.0
201010,99.8,100.0,100.6,99.8,99.4,99.5,99.5,99.8,99.7,101.2,100.4,100.0,100.0,100.3,98.6,99.1,99.1,99.1,99.7,99.8,99.8,98.3,100.3,99.6,99.8,99.7,99.7,100.0,98.7,97.9,99.0,98.9,99.8,98.5,99.5,100.0,100.3,102.0,100.0,99.3,99.9,99.7,99.1,99.8,99.7,99.7,103.4,100.6,99.7,99.8,99.1,100.2,100.2,100.1,100.0,100.0,100.0,99.1,100.0,100.1,100.0,100.0,100.5,100.0,103.3,99.5,100.0,100.0,99.6,100.4,100.0,100.1,100.1,100.0,100.0,100.1,100.1,100.1,100.1,99.9,99.9,99.9,99.9,99.9,99.9,100.0,99.9,99.9,99.7,99.4,99.9,95.8,99.7,99.9,102.0,100.0,99.5,99.8,99.9,100.6,99.7,100.0,100.0,100.0,100.0,99.6,99.6,99.2,100.8,101.2,101.2,101.0,101.6,100.3,100.6,100.6,100.1,99.9,100.3,97.9,94.8,93.0,98.8,98.1,99.7,100.6,86.1,94.1,97.7,88.7,96.2,95.6,92.6,109.0,108.3,99.4,99.0,99.3,100.4,99.4,100.0,98.1,99.4,100.0,100.7,102.1,98.9,111.2,99.1,99.5,99.5,99.4,98.6,99.7,100.5,99.4,99.2,99.7,99.9,99.3,100.0,99.9,99.5,99.4,100.0,100.4,99.6,98.7,99.1,98.2,97.6,98.6,100.3,100.7,100.1,98.8,99.4,98.9,100.4,96.8,97.7,97.8,97.8,100.0,100.1,100.1,100.0,100.1,100.0,100.0,100.0
201011,100.0,100.1,100.9,99.8,99.2,99.8,99.5,98.9,99.9,100.3,100.1,100.1,99.8,100.3,100.3,99.5,100.1,98.7,99.0,99.4,99.5,99.3,100.0,99.6,99.9,99.6,101.0,100.0,98.6,97.8,97.9,99.5,99.8,99.7,99.8,100.0,100.2,101.7,100.0,97.2,100.1,99.6,98.8,99.8,99.7,99.7,103.6,98.8,98.5,99.4,99.1,100.2,100.2,100.1,100.0,100.0,100.0,99.8,100.0,100.1,100.0,100.0,101.2,99.9,103.3,99.2,100.0,100.0,99.7,100.4,100.0,100.1,99.7,100.0,100.0,100.1,100.1,100.1,100.1,99.9,99.9,99.9,99.9,99.9,99.7,100.1,99.9,99.9,99.7,99.4,100.4,95.3,99.6,100.1,101.8,99.8,99.2,99.8,99.9,100.8,99.7,100.0,100.0,100.0,100.0,99.6,99.6,99.2,100.5,100.5,100.5,100.7,101.0,100.3,100.6,100.6,100.1,99.9,100.3,97.8,94.1,92.6,100.1,99.9,98.3,96.7,85.6,92.8,97.0,89.3,96.6,94.6,92.4,104.4,104.6,98.7,99.1,98.5,98.5,99.7,100.5,99.8,99.0,100.6,101.1,101.0,100.3,110.8,99.0,99.4,99.9,100.1,99.9,100.1,100.7,100.3,100.1,99.4,99.3,99.6,99.1,100.2,100.0,100.0,100.2,100.4,101.0,99.3,99.3,97.4,97.0,97.7,99.8,99.8,99.9,100.0,99.3,100.4,101.3,97.1,101.7,98.4,98.8,100.0,100.1,100.1,100.0,100.1,100.0,100.0,100.0
201012,99.8,99.6,99.9,99.9,98.7,101.1,93.9,101.6,99.9,103.4,100.2,100.1,99.1,99.7,100.4,99.6,96.7,99.6,100.3,97.8,100.1,99.3,100.5,98.6,99.1,99.1,96.8,99.6,96.5,97.6,92.1,98.3,99.1,99.1,97.2,99.6,99.3,100.1,100.0,97.0,100.2,99.1,97.9,99.6,99.3,99.2,103.3,100.3,98.5,98.5,98.0,100.2,100.2,100.2,100.0,100.0,99.8,100.9,100.0,100.1,100.0,100.0,99.5,99.9,103.3,99.2,100.0,99.9,99.7,100.4,100.0,99.9,100.1,100.0,100.0,100.1,100.1,100.1,100.1,99.9,99.9,99.8,99.8,99.8,99.6,100.1,99.9,99.9,99.7,99.4,99.6,95.1,100.0,100.1,101.7,100.0,99.2,99.8,100.1,101.1,99.7,100.0,100.0,100.0,100.0,99.6,99.6,99.2,100.4,100.1,100.1,100.5,100.7,100.4,102.9,102.9,100.1,99.9,100.3,97.7,94.8,95.6,97.9,97.1,97.0,98.7,96.6,90.3,93.4,92.1,94.7,92.5,91.4,97.0,99.8,98.3,99.6,98.0,97.1,98.8,99.2,98.8,98.1,99.8,100.7,101.0,100.2,107.2,98.8,99.2,99.6,99.7,99.6,99.4,99.9,99.5,100.4,99.5,99.4,99.0,100.1,99.7,99.5,99.5,100.4,99.9,98.8,98.5,98.4,95.8,95.7,95.9,99.5,99.0,99.7,99.0,98.6,97.4,102.3,100.7,98.0,98.1,98.3,100.0,100.1,100.1,100.0,100.1,100.0,100.0,100.0
201101,99.7,99.3,99.5,99.9,98.5,99.1,95.7,97.9,100.0,104.3,100.4,99.6,99.0,99.7,101.3,99.5,96.7,99.8,99.6,99.6,100.4,99.0,100.2,99.0,99.3,99.4,98.8,99.2,97.4,96.4,94.5,99.7,99.4,99.2,98.8,99.5,99.3,101.2,100.0,97.6,100.1,99.5,98.5,99.8,99.7,99.6,103.2,100.1,98.8,100.0,98.9,100.2,100.2,100.3,100.0,100.0,99.9,99.8,100.0,100.1,99.7,100.0,101.0,99.8,103.3,99.4,100.1,100.0,99.7,100.4,100.1,99.9,100.1,100.0,100.0,100.1,100.1,100.1,100.1,99.9,99.9,99.8,99.8,99.8,99.5,100.1,99.9,99.9,99.8,99.8,99.6,94.5,101.1,100.1,101.7,100.0,99.8,99.8,100.1,101.1,99.7,100.0,100.0,100.0,100.0,99.6,99.6,99.2,100.7,99.6,99.6,100.7,100.1,101.4,109.2,109.2,100.1,99.9,100.3,97.1,93.3,93.0,96.6,95.1,97.2,96.3,93.4,86.4,90.1,90.7,96.1,92.0,91.6,93.2,95.4,98.1,99.3,98.1,96.3,97.6,99.6,97.4,96.2,99.4,99.9,100.3,100.5,98.8,98.4,98.9,99.4,99.8,99.7,99.2,99.8,100.1,100.5,99.5,99.4,99.0,99.9,99.6,99.2,99.3,99.7,100.0,98.4,98.2,98.7,95.5,95.0,95.9,99.5,99.5,99.4,99.9,99.1,99.7,102.1,102.5,98.9,99.0,98.3,100.0,100.1,100.1,100.1,100.2,100.0,100.0,100.0
201102,100.0,99.6,100.2,99.9,98.3,98.7,98.7,98.8,100.3,104.3,100.6,100.3,99.6,99.4,100.5,99.5,99.2,101.4,100.3,97.0,100.2,98.9,100.3,99.1,99.5,99.4,99.2,99.6,98.2,97.4,95.7,100.0,99.3,99.8,98.1,99.5,99.3,101.9,100.0,97.0,100.1,99.4,98.4,99.9,99.6,99.6,103.5,100.5,96.8,99.9,98.8,100.2,100.2,100.3,100.0,100.0,99.9,100.1,100.0,100.1,99.7,100.1,101.0,99.8,103.3,99.4,100.2,99.6,99.7,100.4,100.1,100.1,100.1,100.0,100.0,100.1,100.1,100.1,100.1,99.9,99.9,99.8,99.8,99.7,99.4,100.1,99.9,99.9,99.9,100.0,99.5,97.1,101.0,99.9,101.8,100.0,99.7,99.8,100.1,100.9,99.6,99.9,100.0,100.0,100.0,99.6,99.6,99.2,100.9,99.4,99.4,100.8,99.5,102.3,113.2,113.2,100.1,99.9,100.3,96.8,93.0,91.1,94.4,91.3,97.0,94.8,90.7,86.9,89.9,88.3,98.2,93.7,94.5,88.6,98.4,98.2,99.2,98.3,96.4,97.1,99.6,98.2,94.8,99.5,98.5,100.5,98.5,92.8,98.0,98.6,99.5,99.6,99.6,98.5,99.9,99.9,100.8,99.8,99.6,99.4,100.4,99.3,99.4,99.0,99.9,100.1,98.7,99.3,98.5,94.9,93.8,95.7,99.2,98.4,99.8,100.0,99.1,99.8,102.3,105.2,99.1,99.2,97.2,100.0,100.1,100.1,100.1,100.2,100.0,100.0,100.0
201103,100.0,99.6,100.2,100.0,98.1,97.9,98.3,102.8,100.2,105.5,100.5,100.1,98.1,99.4,100.3,99.4,99.3,101.1,100.0,97.8,99.7,99.4,100.5,99.3,99.4,99.8,99.8,99.0,99.1,97.9,97.1,101.0,99.4,98.8,99.0,100.0,99.7,100.1,100.0,96.5,100.2,99.5,98.5,99.7,99.7,99.6,103.4,100.5,98.2,99.2,99.2,100.2,100.2,100.3,100.0,100.0,99.9,101.1,100.0,100.1,99.7,100.1,100.8,99.7,103.3,99.4,100.2,99.7,99.6,100.4,100.2,100.1,100.1,100.2,100.0,100.1,100.1,100.1,100.1,99.8,99.8,99.8,99.8,99.6,99.2,100.1,99.8,99.8,99.8,99.8,99.3,96.9,100.9,99.5,101.5,100.0,99.6,99.8,99.9,101.4,99.4,99.9,100.0,100.0,100.0,99.5,99.6,99.2,101.4,99.5,99.5,101.0,99.5,102.8,119.0,119.0,100.0,99.9,100.3,96.4,92.1,88.1,88.5,89.9,97.2,94.1,85.7,86.6,88.3,83.5,97.5,95.3,97.2,84.4,98.1,98.4,99.2,98.7,96.8,96.8,99.1,97.0,95.1,98.5,97.9,100.2,98.2,88.6,98.5,98.6,99.6,99.5,99.5,98.7,99.5,99.7,100.8,99.9,99.7,99.3,100.5,100.0,99.5,99.2,99.5,100.2,99.1,99.5,98.4,94.9,93.7,95.6,99.5,98.5,100.1,99.7,100.0,99.9,102.0,99.3,98.5,97.7,98.3,100.1,100.3,100.3,100.1,100.2,100.0,100.0,100.0
201104,100.4,100.2,101.6,99.9,98.0,99.1,99.4,101.3,100.6,106.8,100.9,100.1,100.4,99.6,100.1,99.6,98.3,100.6,99.6,102.5,100.8,99.8,100.1,100.5,99.6,99.7,99.3,99.6,102.1,99.1,105.4,102.0,100.4,98.8,99.6,100.7,100.3,101.9,100.0,101.6,101.0,99.5,98.4,99.8,99.9,99.7,102.5,98.3,95.4,99.9,99.5,100.2,100.2,100.4,100.0,100.0,99.9,101.1,100.0,100.1,99.8,100.2,100.4,99.6,103.3,99.9,100.1,99.5,99.6,100.4,100.2,100.3,100.1,100.4,99.9,100.2,100.1,100.1,100.3,99.8,99.8,99.7,99.7,99.8,99.6,100.1,99.8,99.8,99.8,99.8,99.1,97.4,100.5,100.6,98.4,100.1,99.4,99.8,100.0,101.2,99.4,99.9,99.9,100.0,100.0,99.2,99.6,99.2,102.0,100.2,100.2,101.3,99.9,102.9,123.6,123.6,99.4,99.2,99.8,96.6,92.0,85.2,83.3,87.7,96.5,93.3,80.5,92.0,83.9,80.8,94.2,98.9,99.4,96.1,100.8,98.2,98.0,99.1,96.5,96.3,99.6,96.8,94.1,98.6,99.2,100.2,98.6,101.6,98.4,99.0,99.7,99.3,98.9,98.6,99.1,99.8,100.8,100.1,99.3,99.3,101.1,100.0,99.7,99.3,100.6,100.2,98.4,99.4,99.0,97.7,98.4,97.1,99.9,98.9,100.5,99.1,99.4,97.6,99.3,97.1,99.4,100.9,99.5,99.5,100.3,100.3,98.7,100.3,98.0,100.0,100.0
201105,100.3,99.7,99.7,100.0,97.7,100.8,99.0,101.9,100.8,108.2,101.2,100.6,99.7,100.0,100.4,99.3,99.9,100.5,99.7,101.0,99.9,99.0,99.7,100.5,99.9,99.8,99.5,100.2,102.6,101.5,104.6,101.9,100.1,99.0,100.1,100.2,100.2,100.7,100.0,101.0,100.2,99.3,98.3,99.7,99.8,99.3,102.4,98.9,96.6,99.7,98.9,100.2,100.2,100.3,100.0,100.0,99.9,101.1,100.0,100.1,99.8,100.2,100.8,99.6,103.3,99.9,100.1,99.3,99.6,100.4,100.2,100.2,100.3,100.5,99.9,100.2,100.1,100.1,100.3,99.9,99.9,99.7,99.7,100.0,99.7,100.3,99.9,99.9,99.9,99.7,99.0,97.3,100.5,100.6,98.4,100.1,99.7,99.9,100.1,101.6,100.2,100.0,99.9,100.0,99.9,99.1,99.8,99.2,102.7,101.1,101.1,101.8,100.7,103.1,125.3,125.3,100.0,99.9,100.2,96.1,90.5,83.1,79.1,87.5,97.1,91.7,78.1,89.2,82.1,76.2,95.0,97.9,98.1,96.1,100.8,98.1,97.7,98.8,97.0,96.7,99.7,96.5,94.9,98.9,99.2,100.8,98.4,101.6,98.0,98.5,99.8,99.5,98.7,99.0,100.0,99.7,101.5,100.5,99.2,99.5,101.9,100.1,99.6,99.8,100.6,100.1,98.5,98.6,98.8,97.4,98.1,96.9,99.5,98.9,99.9,99.1,99.7,100.9,98.0,97.2,98.9,98.6,99.2,99.5,100.3,100.3,98.7,100.3,98.0,100.0,100.0
201106,100.2,99.5,99.2,100.1,97.6,101.1,97.2,98.7,100.8,109.3,101.4,101.0,100.1,99.2,101.9,99.1,98.9,99.9,97.6,99.8,100.1,99.4,99.0,100.0,99.4,99.9,98.8,99.2,102.1,105.3,101.1,100.8,99.6,98.4,99.3,100.0,99.8,101.0,100.0,99.1,99.7,98.9,98.1,99.3,99.2,99.0,101.4,99.7,96.5,98.3,98.6,100.2,100.2,100.4,100.0,100.0,99.9,101.1,100.0,100.1,99.7,100.2,100.5,99.6,103.3,99.9,100.1,99.3,99.6,100.4,100.2,100.0,100.3,100.6,99.9,100.2,100.1,100.1,100.3,99.8,99.8,99.6,99.6,99.8,99.4,100.4,99.8,99.8,99.9,99.7,98.9,96.9,100.6,100.6,98.7,99.5,99.6,100.0,100.1,101.5,100.1,100.4,100.0,100.3,99.9,99.3,99.8,99.2,103.1,102.0,102.0,102.3,101.5,103.2,123.4,123.4,99.9,99.8,100.2,95.2,88.4,81.5,86.6,88.7,96.0,94.2,74.1,83.7,81.0,71.2,93.7,94.6,94.1,96.1,100.8,97.6,97.4,98.1,96.5,96.8,99.4,96.7,95.2,98.7,99.1,100.5,98.5,101.6,98.0,98.3,99.8,99.4,99.5,98.3,99.4,100.2,100.4,100.4,99.1,98.8,102.4,99.9,99.8,100.2,100.3,100.1,98.1,99.2,98.0,97.4,98.2,96.9,98.6,97.9,99.1,97.8,99.6,96.2,95.6,102.5,98.6,98.9,98.1,99.5,100.3,100.3,98.7,100.3,98.0,100.0,100.0
201107,100.5,99.4,98.8,100.1,97.2,101.7,96.4,101.2,101.2,113.0,101.4,100.7,99.8,99.4,101.2,98.4,100.5,100.1,98.4,99.1,99.9,100.3,100.7,99.9,99.3,100.1,98.3,98.7,102.7,104.9,104.5,100.5,99.2,99.6,98.8,99.7,99.2,99.5,100.0,96.5,99.7,98.7,98.0,99.4,99.0,98.8,101.2,100.0,96.2,97.7,97.9,100.3,100.3,100.4,100.0,100.0,99.9,101.1,100.0,100.0,99.7,100.2,100.7,99.6,103.3,99.9,100.1,99.2,99.6,100.4,100.2,100.0,100.5,100.6,100.2,100.2,100.1,100.1,100.3,99.8,99.8,99.6,99.6,99.8,99.3,100.4,99.8,99.8,99.9,99.6,98.9,96.5,100.6,100.6,98.6,99.2,99.5,100.0,100.1,101.5,100.1,100.3,100.0,100.6,99.9,99.3,99.6,99.2,103.7,103.2,103.2,102.9,102.5,103.3,121.8,121.8,100.1,100.0,100.4,94.3,86.0,78.8,83.9,83.7,96.2,91.4,70.4,80.8,83.1,68.6,90.8,91.3,90.0,96.1,100.8,98.3,97.0,99.3,97.6,96.9,98.9,96.8,95.4,99.0,99.8,101.8,99.2,101.6,98.1,98.5,99.6,99.0,98.7,98.2,98.9,99.7,100.3,100.3,99.5,99.1,102.0,98.9,99.4,99.6,99.8,100.2,97.0,99.7,97.9,97.5,97.6,97.4,98.3,97.9,98.6,97.9,98.0,98.0,95.7,104.3,99.5,97.7,97.3,99.5,100.3,100.3,98.7,100.3,98.0,100.0,100.0
201108,100.6,99.3,98.9,100.2,97.2,101.1,94.6,100.5,101.6,116.3,101.2,100.8,101.5,98.4,102.1,98.1,101.5,100.8,98.3,98.5,100.4,99.7,99.9,99.5,98.9,99.7,97.6,98.5,102.0,105.5,101.5,100.3,98.9,98.9,98.4,99.8,99.0,97.5,100.0,96.8,99.1,98.3,97.7,99.0,98.5,98.6,100.4,100.0,95.7,97.1,97.5,100.2,100.3,100.4,100.0,100.0,99.9,101.1,100.0,100.0,99.7,100.2,99.8,99.6,103.3,100.0,100.1,99.2,99.5,100.4,100.2,100.3,100.5,100.7,100.2,100.2,100.1,100.1,100.3,99.7,99.7,99.5,99.5,99.7,99.2,100.4,99.8,99.8,99.8,99.5,98.9,95.0,100.7,100.6,98.5,99.9,99.4,100.0,100.1,101.5,100.1,100.3,99.8,100.6,99.8,99.3,99.5,99.2,104.3,104.3,104.3,103.4,103.4,103.3,121.8,121.8,100.1,100.0,100.4,93.2,83.0,75.9,81.2,79.6,92.0,90.9,67.4,76.5,81.9,65.3,88.2,87.1,85.0,96.1,100.8,98.0,96.1,99.5,97.0,96.2,99.0,95.8,95.1,97.4,100.1,101.3,100.0,101.6,98.6,98.4,99.7,98.8,98.7,97.9,98.9,99.7,100.0,100.1,99.4,98.8,101.8,99.4,99.9,99.6,100.5,100.3,98.9,99.6,97.7,96.9,97.0,96.9,98.9,98.7,99.0,97.2,99.2,96.0,95.0,103.8,98.3,95.9,98.0,99.5,99.9,99.9,98.7,100.3,98.0,100.0,100.0
201109,100.7,99.4,98.7,100.5,97.1,102.2,95.1,99.8,101.5,115.1,101.5,100.4,99.6,99.1,101.9,98.5,100.2,100.9,99.5,99.8,100.3,100.6,101.0,99.6,98.9,99.5,99.8,98.2,102.5,105.9,101.3,101.2,98.9,99.2,98.5,99.4,99.0,100.9,100.0,95.7,99.2,98.8,97.7,99.4,99.3,98.7,100.1,99.0,96.7,98.5,98.0,100.2,100.2,100.4,100.0,100.0,99.9,101.1,100.0,100.0,99.6,100.2,100.8,99.6,103.3,100.0,100.1,99.1,99.6,100.4,100.2,100.2,100.5,100.8,100.2,100.2,100.1,100.1,100.3,99.7,99.7,99.5,99.5,99.7,99.1,100.4,99.7,99.7,99.9,99.5,98.9,95.3,100.7,100.6,98.6,99.9,99.4,100.0,100.1,101.5,100.1,100.3,99.8,100.6,99.8,99.3,99.6,99.2,104.7,105.2,105.2,104.0,104.6,103.3,118.5,118.5,100.2,100.0,100.5,92.3,80.4,73.2,75.5,81.8,87.4,86.7,64.2,73.3,79.5,60.9,88.8,84.2,81.3,96.1,100.8,97.1,94.8,98.7,96.4,96.8,99.5,95.1,95.0,100.1,100.5,100.7,101.0,101.6,99.1,98.6,99.9,98.8,98.8,98.1,98.1,99.7,100.3,100.6,99.7,99.5,102.4,99.8,100.0,99.6,101.3,100.2,97.8,99.6,97.4,96.8,96.7,96.9,98.0,97.7,98.3,97.3,98.6,98.0,95.4,96.5,97.7,98.4,96.4,99.5,99.9,99.9,98.7,100.3,98.0,100.0,100.0
201110,100.8,99.7,99.1,100.5,97.2,102.0,97.0,103.1,101.5,112.7,101.1,101.1,100.7,99.8,101.9,98.4,101.4,100.7,98.1,97.9,99.1,100.4,101.3,99.0,98.6,99.4,98.3,98.0,100.6,106.5,99.0,98.0,98.7,99.0,97.5,99.3,98.8,99.6,100.0,95.6,99.2,98.6,97.4,99.4,98.9,98.7,100.0,99.4,96.0,97.7,98.2,100.3,100.3,100.4,100.0,100.0,100.0,101.8,100.0,100.0,99.9,100.3,100.8,99.6,103.3,100.0,100.1,99.0,99.6,100.4,100.3,100.2,100.5,100.7,100.2,100.2,100.1,100.1,100.3,99.7,99.7,99.5,99.5,99.7,99.1,100.4,99.7,99.7,99.9,99.4,98.9,93.7,100.8,100.8,98.3,100.1,99.4,100.1,100.1,101.5,100.1,100.3,99.8,100.6,99.8,99.4,100.2,99.2,105.0,106.1,106.1,104.9,106.2,103.2,114.6,114.6,100.2,100.0,100.6,92.2,79.9,72.4,72.5,86.7,88.2,86.2,61.6,72.6,78.9,59.8,88.2,83.8,78.2,109.0,109.7,97.2,95.2,98.7,96.2,96.2,98.6,91.7,95.4,99.8,101.6,100.1,101.5,114.1,99.1,98.5,100.0,99.1,99.1,98.2,98.6,100.5,100.0,100.2,99.4,98.9,102.0,99.3,100.2,100.0,101.8,100.2,97.8,99.4,97.5,96.8,97.2,96.6,98.1,97.0,98.8,97.4,99.2,97.1,98.6,94.2,96.6,97.4,95.9,99.5,99.9,99.9,98.7,100.3,98.0,100.0,100.0
201111,100.9,99.2,99.5,98.6,96.8,103.3,96.3,103.7,102.0,115.8,102.4,100.8,100.5,99.8,101.2,98.1,103.8,99.3,97.4,97.2,100.1,102.1,100.6,99.2,98.6,99.6,96.9,98.0,101.3,106.9,99.5,99.2,98.8,98.4,97.8,99.6,98.6,100.1,100.0,95.7,99.6,98.4,97.3,99.3,98.8,98.3,100.0,98.1,96.1,97.5,98.0,100.3,100.3,100.4,100.1,100.0,100.0,101.8,100.1,100.1,100.0,100.3,100.3,99.4,103.3,100.0,100.3,99.0,99.6,100.4,100.3,100.2,100.5,100.7,100.2,100.2,100.1,100.1,100.3,99.7,99.7,99.4,99.4,99.6,99.0,100.4,99.7,99.7,100.0,99.2,98.9,91.9,100.8,100.5,98.7,100.4,99.4,100.4,100.2,101.5,100.1,100.3,99.8,100.6,99.8,99.4,100.2,100.3,105.4,106.5,106.5,105.5,107.5,103.3,114.3,114.3,100.2,100.0,100.6,91.8,78.7,71.2,68.8,85.6,87.2,88.9,58.9,70.9,75.7,64.1,89.0,82.2,77.5,103.0,106.0,97.4,96.1,98.5,96.3,96.2,99.3,92.2,95.3,99.5,101.4,100.3,101.0,113.1,99.3,98.8,100.1,99.1,99.1,98.5,99.1,99.8,99.8,100.3,98.7,99.0,102.2,99.4,100.4,99.9,102.0,100.4,97.5,100.1,97.6,96.7,96.4,96.8,97.6,96.7,98.2,98.2,98.4,97.2,101.2,96.4,98.0,97.4,96.1,99.5,99.9,99.9,98.7,100.3,98.0,100.0,100.0
201112,100.9,99.1,99.6,98.0,96.9,105.1,93.6,101.5,102.1,117.9,101.8,100.8,99.5,100.1,101.1,98.2,104.1,100.2,98.2,99.8,99.6,100.7,101.0,98.7,98.3,99.5,97.9,97.2,101.1,106.0,98.9,99.5,98.1,98.6,96.2,99.3,97.2,98.5,100.0,94.3,99.5,98.0,96.4,99.5,98.3,98.4,99.0,97.6,95.7,96.8,97.6,100.2,100.2,100.4,100.1,100.0,100.1,101.8,100.1,100.1,100.0,100.4,99.1,99.4,103.4,99.5,100.3,98.9,99.6,100.4,100.3,99.9,100.2,100.8,100.2,100.2,100.1,100.1,100.3,99.7,99.6,99.4,99.4,99.6,98.9,100.4,99.7,99.7,100.1,99.1,98.9,89.4,101.7,100.5,99.0,100.1,99.2,100.5,100.3,102.5,100.1,100.3,99.8,100.6,99.8,99.5,100.2,100.3,105.6,106.5,106.5,105.8,108.0,103.2,116.4,116.4,100.2,100.0,100.6,91.1,77.2,70.8,66.6,80.9,86.8,83.6,63.9,67.1,75.4,60.3,88.1,78.4,74.0,97.2,103.9,97.6,96.0,99.0,96.5,96.0,98.8,89.0,96.1,99.7,101.3,99.9,100.9,112.6,99.4,99.6,100.0,98.7,99.1,97.2,98.1,100.2,99.6,99.5,98.4,97.8,101.8,98.7,100.6,100.0,102.5,100.3,97.2,100.9,97.0,95.0,94.4,95.5,97.4,96.4,98.0,97.8,97.7,97.4,101.4,101.3,95.4,96.1,95.1,99.5,99.9,99.9,98.7,100.3,98.0,100.0,100.0
201201,100.8,99.0,98.8,98.0,97.3,106.4,93.8,102.1,102.1,120.3,102.3,100.8,99.2,99.7,101.7,98.7,104.3,97.9,97.6,97.8,99.9,99.6,101.2,99.0,98.7,99.7,98.4,97.9,100.5,105.4,99.7,98.2,98.6,98.6,98.1,99.4,98.8,101.4,100.0,94.5,99.1,98.3,97.0,98.7,98.7,98.6,99.6,98.4,96.3,98.6,98.3,100.2,100.2,100.4,100.1,100.0,100.2,100.7,100.3,100.1,100.0,100.4,96.5,99.4,103.4,99.5,100.3,99.0,99.6,100.4,100.3,100.0,100.5,100.9,100.2,100.2,100.1,100.1,100.3,99.6,99.5,99.4,99.4,99.6,98.8,100.5,99.6,99.6,100.1,99.3,98.9,89.7,101.7,100.8,99.0,100.2,99.3,100.4,100.3,102.4,100.1,100.1,99.8,100.6,99.8,99.5,100.2,100.3,105.5,106.2,106.2,105.6,107.7,103.2,117.0,117.0,100.2,100.0,100.6,94.2,85.7,69.4,62.7,80.1,86.0,82.0,63.3,64.5,74.0,57.7,83.4,104.1,106.5,91.9,101.3,97.1,94.9,98.7,96.2,96.1,98.3,88.6,97.0,98.9,101.1,100.1,101.5,104.9,100.1,99.9,100.2,98.9,99.1,98.4,97.7,100.4,99.3,99.7,99.1,97.9,101.9,99.1,100.9,100.8,102.5,100.7,96.0,101.4,97.3,95.3,94.9,95.5,97.7,96.9,98.2,98.2,98.8,98.4,101.9,102.9,94.8,95.9,94.9,99.5,99.9,99.9,98.7,100.3,98.0,100.0,100.0
201202,101.1,98.9,98.8,98.0,97.3,106.3,92.8,101.6,102.7,126.7,101.8,100.1,99.0,100.7,100.4,97.9,104.4,98.5,98.2,97.8,99.2,100.8,101.3,98.7,98.2,99.6,95.4,97.4,100.2,105.2,99.7,97.6,98.5,98.6,97.8,99.5,98.2,100.5,100.0,94.3,99.3,98.2,96.6,98.5,98.7,98.7,98.9,98.7,96.5,98.5,97.8,100.2,100.2,100.4,100.2,101.1,100.2,100.9,100.3,100.1,100.0,100.4,97.8,99.4,103.4,99.5,100.4,99.0,99.6,100.4,100.3,100.1,100.5,100.9,100.2,100.2,100.1,100.1,100.3,99.6,99.6,99.3,99.3,99.5,98.7,100.5,99.6,99.6,100.0,98.9,97.9,89.6,101.0,100.7,99.1,100.2,99.5,100.4,100.3,102.4,99.9,100.1,99.8,100.6,99.8,99.4,100.2,100.3,105.5,106.2,106.2,105.6,107.6,103.2,118.0,118.0,100.2,100.0,100.6,93.5,83.6,67.3,60.5,79.1,86.8,83.9,60.8,58.9,70.7,55.3,88.4,100.9,104.3,83.5,97.7,97.5,94.9,99.1,97.4,95.9,98.3,87.8,96.7,99.2,101.1,100.7,102.3,97.1,100.4,100.3,100.5,98.6,99.3,97.2,97.6,100.0,99.4,100.4,99.0,97.9,103.7,98.7,101.2,102.2,102.3,100.2,96.1,101.6,97.1,95.2,94.3,95.9,97.2,96.3,97.9,98.0,98.8,96.3,101.8,102.2,96.9,96.6,94.8,99.5,99.9,99.9,98.7,100.3,98.0,100.0,100.0
201203,101.0,98.3,98.0,97.7,97.5,104.7,92.5,98.6,102.8,131.0,102.0,100.3,99.0,100.4,100.1,98.1,103.8,97.5,97.3,95.8,98.4,100.9,101.1,99.1,98.7,99.6,97.6,98.0,100.8,106.9,98.7,98.6,98.8,99.2,98.4,99.7,98.5,99.8,100.0,95.3,98.9,98.4,97.4,98.1,99.0,98.7,99.0,99.5,97.2,98.2,98.0,100.3,100.3,100.6,100.2,101.1,100.2,100.9,100.3,100.1,99.9,100.4,99.1,99.3,103.4,99.5,100.4,99.0,99.6,100.4,100.3,100.1,100.5,100.8,100.2,100.2,100.1,100.1,100.3,99.6,99.5,99.3,99.3,99.5,98.7,100.5,99.6,99.6,99.9,98.7,97.4,87.2,101.3,100.7,99.3,100.4,99.5,100.4,100.5,102.5,99.9,100.1,99.8,100.6,100.0,99.4,100.3,100.3,106.2,106.4,106.4,105.5,107.1,103.6,126.3,126.3,100.2,100.0,100.6,93.2,83.1,67.1,58.8,79.8,86.1,83.6,59.0,70.2,67.7,51.7,87.0,100.1,102.8,86.5,96.5,97.2,94.4,99.0,96.8,95.4,97.8,86.9,95.6,100.0,100.7,100.6,102.7,90.1,100.5,100.7,100.8,98.6,99.4,97.5,97.4,99.9,98.8,100.1,99.1,98.7,102.1,98.9,101.9,103.7,103.8,100.5,94.0,101.9,96.7,94.3,93.8,94.7,97.0,96.3,97.5,97.8,98.5,97.7,101.2,96.9,96.3,96.0,94.8,99.5,99.9,99.9,98.7,100.3,98.0,100.0,100.0
201204,101.4,98.6,98.4,97.7,97.2,105.0,94.6,103.3,103.3,137.1,102.3,100.0,98.9,100.3,100.4,98.2,102.8,97.5,98.5,96.1,98.4,100.8,100.4,99.1,98.5,99.5,96.3,98.0,101.8,106.2,101.4,99.6,98.5,98.6,98.2,99.2,98.7,101.2,100.0,93.7,98.9,98.0,96.7,98.0,98.7,98.6,98.6,98.7,96.4,98.0,97.5,100.2,100.2,100.6,100.2,101.1,100.2,100.9,100.3,100.1,99.9,100.5,97.4,99.4,103.4,99.5,100.5,99.0,99.6,100.4,100.3,100.0,100.5,100.8,100.2,100.6,100.6,100.5,100.7,99.5,99.5,99.2,99.2,100.1,99.8,100.5,99.5,99.5,99.9,98.6,97.5,87.0,101.2,101.1,99.0,100.1,99.4,100.5,100.5,102.5,99.9,100.1,99.8,100.6,100.0,99.5,100.3,100.3,106.8,106.8,106.8,106.5,107.2,105.7,128.4,128.4,100.4,100.0,100.9,93.3,82.9,67.2,55.8,81.3,88.7,85.7,57.9,74.3,66.8,50.7,89.3,99.0,99.6,95.2,102.5,97.5,94.3,99.2,97.9,95.5,97.8,86.5,95.7,100.6,102.0,100.6,102.8,105.3,100.6,100.9,101.3,98.7,99.8,97.4,98.3,100.1,98.4,100.1,99.0,98.3,102.6,98.9,102.7,104.8,104.7,101.1,93.2,103.1,96.4,94.4,94.0,94.7,97.0,96.6,97.3,97.0,98.4,97.2,98.4,95.0,96.1,97.0,94.5,99.6,100.3,100.3,98.8,100.4,98.0,100.0,100.0
201205,101.4,98.7,98.6,97.8,97.2,104.5,95.4,102.3,103.3,137.0,101.8,100.5,99.3,99.6,100.8,98.2,102.6,97.4,98.2,95.6,98.4,102.0,101.6,98.8,98.5,99.7,96.4,97.9,101.2,104.7,101.9,98.8,98.1,98.1,97.0,99.7,97.9,101.7,100.0,93.0,98.7,98.0,96.7,97.9,98.6,98.6,98.7,98.6,96.2,98.2,97.4,100.3,100.2,100.6,100.2,101.1,99.9,100.9,100.3,100.1,99.9,100.5,99.0,99.3,103.4,99.5,100.3,98.8,99.6,100.4,100.3,100.0,100.5,100.8,100.3,100.6,100.6,100.5,100.7,99.5,99.4,99.1,99.1,100.4,100.2,100.6,99.5,99.5,99.9,98.7,97.5,87.7,101.1,101.0,98.7,100.7,99.3,100.4,100.1,102.4,100.4,100.1,99.8,100.6,100.0,99.4,99.8,100.3,106.7,106.8,106.8,107.0,107.0,107.1,126.3,126.3,100.4,100.0,100.9,92.3,80.5,65.0,51.0,81.2,87.5,81.1,55.8,71.6,65.0,49.2,88.9,95.7,95.6,95.2,102.5,97.1,94.5,98.2,97.7,95.0,97.8,84.3,95.5,100.6,101.8,99.6,102.7,105.3,100.8,100.8,101.4,98.8,100.0,97.2,98.4,99.9,98.5,99.8,98.8,98.5,101.9,98.3,103.0,106.5,105.0,100.9,93.4,101.8,96.1,94.0,93.2,94.5,97.2,97.0,97.4,96.5,98.7,97.0,96.7,94.9,95.7,96.5,93.8,99.6,100.3,100.3,98.8,100.4,98.0,100.0,100.0
201206,101.4,98.8,99.3,97.7,97.2,104.5,95.6,98.8,103.1,136.9,101.9,100.7,98.4,99.0,100.6,98.2,102.3,96.7,97.6,96.6,98.2,102.0,102.3,98.8,98.6,99.6,96.4,98.1,100.7,103.8,102.3,98.0,98.3,98.4,96.5,99.5,98.4,102.7,100.0,93.8,98.6,97.5,96.1,97.9,98.2,98.3,98.0,96.7,95.8,97.4,96.7,100.3,100.2,100.6,100.3,101.1,99.9,100.9,100.3,100.1,99.9,100.5,99.0,99.5,103.4,99.4,100.5,98.6,99.5,100.4,100.3,100.1,100.5,100.9,100.3,100.6,100.6,100.5,100.7,99.5,99.4,99.1,99.1,100.2,99.9,100.6,99.4,99.4,100.0,98.8,97.2,88.2,101.3,101.0,98.8,100.5,99.3,100.5,100.1,102.4,100.4,100.1,99.7,100.6,100.0,99.4,100.9,100.3,106.7,107.4,107.4,107.4,107.7,106.9,119.7,119.7,100.4,100.0,100.9,91.9,79.3,65.5,65.1,79.6,87.5,80.6,52.6,78.2,68.9,46.6,88.1,91.5,90.4,95.2,102.5,97.4,94.5,99.2,97.0,94.6,97.6,83.3,94.9,100.8,101.5,99.6,102.3,105.3,100.8,100.2,101.8,98.9,100.1,97.6,98.4,100.1,98.4,99.9,98.5,98.0,102.5,98.5,103.7,108.6,104.9,100.9,92.1,103.0,95.9,94.1,93.9,94.2,96.7,95.8,97.3,96.4,98.4,97.8,95.6,99.6,96.1,95.4,92.8,99.6,100.3,100.3,98.8,100.4,98.0,100.0,100.0
201207,102.0,98.9,99.7,97.7,97.0,104.1,96.0,99.1,104.2,142.0,102.0,100.6,99.6,99.1,101.3,98.2,105.0,97.8,97.3,99.3,98.4,103.6,102.1,98.3,98.2,99.4,96.2,97.5,100.5,106.0,100.1,97.6,97.6,97.0,95.6,99.1,97.9,101.2,100.0,92.1,98.1,97.6,96.4,98.0,98.3,97.9,98.6,98.6,97.2,97.3,96.1,100.2,100.2,100.6,100.3,101.1,99.8,100.9,100.3,100.1,99.8,100.5,99.0,99.9,103.4,99.4,100.9,98.3,99.4,100.4,100.3,100.0,100.4,100.9,100.3,100.6,100.6,100.5,100.7,99.4,99.4,99.0,99.0,100.2,99.8,100.6,99.4,99.4,100.1,98.9,97.2,88.9,101.3,101.0,99.0,100.4,99.0,100.5,100.5,102.3,100.4,100.2,99.7,100.6,100.0,99.3,100.9,100.3,106.8,108.3,108.3,107.3,108.6,105.8,116.4,116.4,100.4,100.0,101.0,91.4,77.8,65.2,68.7,75.5,87.6,79.6,49.7,78.0,79.0,45.3,85.6,87.4,85.4,95.2,102.5,99.1,94.9,102.4,96.6,94.6,97.5,82.6,95.2,100.8,101.9,100.4,102.6,105.3,101.1,100.5,101.7,98.7,100.0,96.6,98.5,100.7,98.2,100.2,98.7,98.6,102.8,98.1,103.4,109.3,104.3,100.9,92.8,101.8,95.7,94.1,94.1,94.1,96.7,95.8,97.3,96.0,98.5,96.2,94.6,103.0,95.2,96.1,92.6,99.6,100.3,100.3,98.8,100.4,98.0,100.0,100.0
201208,101.6,98.8,99.4,97.7,97.0,105.8,93.0,96.7,103.5,142.2,101.1,100.4,99.3,99.2,99.9,98.0,103.8,96.2,96.6,96.6,97.8,101.8,102.1,97.5,97.5,99.0,94.8,96.7,98.8,105.4,97.3,96.0,97.0,96.2,94.8,98.7,97.4,101.9,100.0,89.3,98.2,97.2,96.1,97.5,97.9,97.6,98.1,99.1,97.0,96.5,95.5,100.2,100.2,100.6,100.3,101.1,99.8,100.9,100.3,100.1,99.8,100.5,99.0,99.9,103.4,99.4,100.9,98.3,99.2,100.4,100.3,100.0,100.4,100.9,100.3,100.6,100.6,100.5,100.7,99.4,99.3,99.0,99.0,100.1,99.7,100.6,99.4,99.4,99.9,98.3,96.5,88.5,100.3,101.0,99.1,100.4,98.7,100.5,100.5,102.3,100.4,100.2,99.7,100.6,100.1,99.3,100.9,100.3,107.7,110.0,110.0,107.7,109.5,105.5,116.7,116.7,100.4,100.1,101.0,90.4,75.5,63.8,69.8,72.8,84.7,78.9,47.4,76.0,81.0,42.9,85.3,82.9,79.9,95.2,102.5,98.9,94.1,102.6,96.3,94.1,97.5,78.8,95.7,100.5,101.2,100.4,101.2,105.3,101.1,100.3,101.6,99.0,100.0,97.5,98.2,100.8,98.9,99.9,98.6,98.4,102.2,98.1,103.3,108.1,103.7,100.8,92.8,103.4,95.6,93.8,93.4,94.1,96.6,95.3,97.4,95.9,97.6,96.4,94.8,102.8,94.8,96.2,92.6,99.6,100.3,100.3,98.8,100.4,98.0,100.0,100.0
201209,101.3,98.2,98.0,96.9,97.3,105.1,94.8,101.2,103.4,140.5,101.3,100.5,98.9,99.1,99.5,98.8,103.6,96.1,97.3,99.3,98.4,102.5,101.9,98.6,97.5,98.9,95.7,96.6,102.5,106.6,99.6,101.7,97.7,96.5,96.2,99.0,98.3,103.4,100.0,91.9,98.3,97.5,96.3,97.8,98.2,97.9,98.0,97.5,96.0,97.7,95.9,100.2,100.2,100.5,100.3,101.1,99.8,100.6,100.3,100.1,99.8,100.5,99.0,100.0,103.4,99.4,101.0,98.3,99.4,100.4,100.3,99.8,100.4,100.9,100.3,100.6,100.6,100.5,100.7,99.4,99.3,98.9,98.9,100.1,99.7,100.6,99.3,99.3,99.9,98.0,96.2,86.7,100.3,101.0,98.5,100.5,98.8,100.6,100.5,102.3,100.4,100.2,99.7,100.6,100.2,99.2,101.2,100.3,109.2,112.9,112.9,107.6,109.5,105.3,120.1,120.1,100.4,100.1,101.0,90.4,75.0,64.3,66.9,80.7,87.7,84.3,46.1,72.9,80.1,41.7,83.7,81.0,77.6,95.2,102.5,98.8,93.5,102.9,96.2,94.8,97.3,77.4,97.1,101.8,101.4,100.4,101.5,105.3,101.3,100.6,101.8,98.5,99.5,96.7,97.5,100.9,98.4,100.0,98.7,98.4,102.3,98.5,103.7,109.4,104.0,100.9,91.9,103.8,95.7,93.4,93.0,93.7,97.2,96.7,97.6,96.0,98.1,97.8,95.1,96.6,95.1,95.7,93.0,99.6,100.3,100.3,98.8,100.4,98.0,100.0,100.0
201210,100.7,97.6,97.1,96.3,97.1,104.4,96.1,99.0,102.9,135.9,100.6,100.0,98.3,98.7,101.7,98.8,104.0,95.1,96.8,97.6,98.1,102.6,101.9,97.9,97.3,99.1,93.5,96.4,100.9,106.8,96.0,100.3,97.0,96.3,95.2,98.7,98.1,103.6,100.0,89.1,97.4,97.4,95.8,97.8,98.2,98.0,97.3,98.2,96.8,97.6,96.3,100.2,100.2,100.5,100.3,101.1,99.8,101.0,100.1,100.1,99.9,100.5,98.8,100.0,103.4,99.4,100.9,98.3,99.4,100.4,100.3,99.8,100.6,100.9,100.3,100.6,100.6,100.5,100.7,99.3,99.3,98.9,98.9,100.1,99.7,100.6,99.3,99.3,99.9,98.0,96.2,86.7,100.3,100.8,98.9,100.7,98.8,100.6,100.6,102.3,100.4,100.2,99.7,101.0,100.2,99.2,101.2,100.3,109.0,112.3,112.3,107.9,109.7,105.7,120.1,120.1,100.4,100.1,101.0,90.6,75.0,63.6,64.8,82.0,86.8,82.0,45.3,72.6,78.3,43.7,81.2,82.0,76.1,108.1,110.1,98.6,93.1,102.7,95.9,94.8,97.2,79.3,96.6,101.6,102.2,101.0,101.4,114.1,101.3,100.4,101.8,98.6,99.8,96.7,98.1,100.9,98.4,99.4,98.4,98.1,101.2,98.6,104.0,110.2,104.4,100.9,91.9,103.5,96.3,93.4,93.0,93.6,98.8,100.2,97.9,96.1,97.6,96.0,97.5,93.5,95.7,96.4,93.6,99.6,100.3,100.3,98.8,100.4,98.0,100.0,100.0
201211,100.7,97.8,97.9,96.0,96.9,105.4,96.2,97.0,102.7,136.6,100.6,99.9,98.5,99.2,100.9,99.0,99.2,96.6,95.9,95.9,98.5,102.9,101.0,98.1,97.7,99.1,93.1,97.2,101.6,104.1,95.1,103.9,97.1,96.2,94.3,99.3,97.6,102.7,100.0,90.4,97.5,97.3,95.5,97.7,98.2,98.0,97.7,96.8,95.9,97.5,96.4,100.2,100.2,100.6,100.3,101.1,99.7,101.0,100.1,100.1,99.9,100.5,98.8,100.2,103.4,99.4,100.9,98.3,99.4,100.4,100.4,99.7,100.6,100.9,100.3,100.6,100.6,100.5,100.7,99.3,99.2,98.9,98.9,100.1,99.6,100.7,99.3,99.3,99.8,97.9,96.2,86.7,100.3,100.7,98.9,98.8,98.8,100.6,100.6,102.3,100.4,100.2,99.7,101.0,100.2,99.3,101.2,100.3,108.7,111.6,111.6,108.2,109.8,106.3,118.2,118.2,100.4,100.1,101.0,90.0,73.4,62.5,62.0,77.7,84.6,82.5,43.6,70.3,74.4,54.6,86.5,78.8,75.0,94.6,102.7,99.0,93.0,103.7,95.8,95.1,97.5,78.2,97.6,101.6,102.5,100.6,102.3,114.0,101.3,100.5,101.9,98.7,99.8,96.9,98.6,100.7,98.1,99.5,98.6,98.0,101.5,98.5,104.1,110.3,104.8,100.8,91.6,103.5,96.1,92.7,92.4,92.9,97.8,99.0,97.0,96.7,97.7,97.3,100.2,95.7,94.9,94.9,92.9,99.6,100.3,100.3,98.8,100.4,98.0,100.0,100.0
201212,100.6,97.7,98.1,95.8,96.6,105.3,94.6,97.2,102.7,138.7,100.5,99.5,97.7,98.8,99.3,98.7,102.2,96.3,95.3,95.9,98.8,102.2,100.6,97.3,97.0,98.8,92.3,96.3,99.9,101.5,94.5,102.1,96.4,95.7,92.9,98.4,97.1,101.5,100.0,89.5,96.9,96.7,94.5,97.4,97.6,97.5,97.0,97.5,94.6,96.5,95.2,100.2,100.1,100.6,100.2,101.1,99.8,101.0,100.1,100.2,99.9,100.5,98.8,100.2,103.4,99.4,100.9,98.2,99.4,100.4,100.4,99.6,100.6,100.9,100.3,100.6,100.6,100.5,100.7,99.3,99.2,98.8,98.8,100.1,99.6,100.7,99.3,99.3,99.9,98.0,96.2,86.8,100.3,100.7,98.6,100.8,99.1,100.6,100.8,102.4,100.4,100.3,99.7,101.0,100.2,99.3,101.2,100.3,108.7,111.2,111.2,108.3,109.5,106.7,120.9,120.9,100.4,100.1,101.0,89.4,72.1,61.8,57.2,74.5,84.4,81.8,45.8,68.7,69.8,54.5,90.0,76.6,73.8,87.5,98.4,98.3,92.5,103.2,94.4,95.4,97.4,76.6,98.9,101.7,102.2,100.7,102.0,111.8,101.2,100.3,101.7,98.1,99.9,95.9,97.2,100.4,97.4,99.0,98.1,97.5,101.0,98.3,104.2,111.2,104.6,100.4,91.5,103.4,95.4,92.6,92.1,93.0,97.4,97.9,97.1,95.3,96.2,92.9,100.4,99.5,92.3,93.5,93.3,99.6,100.3,100.3,98.8,100.4,98.0,100.0,100.0
201301,100.5,97.7,98.8,95.8,96.8,104.1,93.4,97.1,102.5,137.8,100.3,99.4,96.8,98.9,99.8,98.6,102.3,94.7,95.5,96.1,98.9,102.3,100.7,97.1,96.9,98.8,92.3,95.9,100.0,104.2,97.1,99.2,96.2,95.4,93.5,98.3,96.4,102.3,100.0,89.3,96.7,97.1,95.0,97.5,98.0,97.9,97.5,96.4,95.2,97.7,96.3,100.2,100.1,100.6,100.2,101.1,99.8,101.0,100.1,100.2,99.9,100.5,98.8,100.3,103.4,99.5,100.8,98.2,99.3,100.4,100.4,99.3,100.6,100.8,100.3,100.6,100.6,100.5,100.7,99.2,99.2,98.7,98.7,100.1,99.5,100.7,99.2,99.2,99.8,97.7,96.2,85.4,100.3,100.1,98.4,100.5,98.9,100.6,100.8,102.4,100.4,100.3,99.7,101.0,100.3,99.3,101.1,100.3,108.5,110.4,110.4,107.5,108.0,106.9,125.8,125.8,100.6,100.2,101.3,89.3,71.6,60.9,53.8,71.0,81.9,81.3,48.5,62.4,68.2,52.2,87.5,76.5,74.4,83.9,95.2,98.3,92.8,103.2,93.8,95.1,96.4,75.3,99.0,101.3,102.0,101.4,102.1,106.0,101.4,100.3,101.8,98.3,99.8,96.4,97.5,100.6,97.7,99.8,98.3,98.6,101.9,98.6,103.9,110.7,104.2,100.5,91.2,103.5,95.8,92.7,92.3,93.0,97.4,98.2,96.8,96.5,97.4,96.3,100.5,101.4,91.1,94.6,94.0,99.6,100.3,100.3,98.8,100.4,98.0,100.0,100.0
201302,100.6,97.5,98.0,95.8,96.7,104.8,93.2,97.8,102.8,139.5,100.0,99.0,99.5,98.9,99.4,98.9,103.2,94.9,94.8,95.5,98.5,102.1,100.8,97.2,96.8,98.8,93.6,95.6,100.0,103.0,96.9,100.0,96.4,95.8,94.0,98.5,96.5,102.8,100.0,88.8,96.8,96.9,94.8,97.5,98.0,97.9,97.0,97.0,92.6,97.3,95.8,100.2,100.1,100.6,100.2,101.1,99.8,101.0,99.9,100.2,99.9,100.5,98.8,100.4,103.4,99.5,100.9,98.2,99.4,100.7,100.4,99.5,100.6,100.8,100.3,100.6,100.6,100.5,100.7,99.2,99.1,98.7,98.7,100.0,99.5,100.7,99.2,99.2,99.8,97.5,95.7,84.5,100.3,100.3,98.4,100.3,98.9,100.6,100.8,102.4,100.4,100.3,99.7,101.0,100.3,99.3,101.1,100.3,108.7,109.9,109.9,106.9,106.8,107.1,132.9,132.9,100.6,100.2,101.3,89.9,73.7,62.7,52.3,72.6,82.4,82.7,54.4,61.5,65.8,50.6,89.1,79.9,79.3,81.7,86.0,97.8,91.6,102.5,94.8,93.9,96.2,73.5,98.3,99.5,100.6,100.8,101.5,93.9,101.3,100.3,102.1,98.7,100.0,97.1,96.6,101.1,98.7,99.8,98.5,98.5,101.9,98.7,104.3,111.1,105.4,100.4,90.9,103.0,96.0,92.4,91.9,92.6,97.4,97.9,97.0,97.0,97.6,96.6,100.4,101.1,94.2,96.5,93.1,99.6,100.3,100.3,98.8,100.4,98.0,100.0,100.0
201303,100.5,97.2,97.7,95.8,96.8,103.9,91.9,96.5,102.7,138.3,100.3,99.0,99.3,99.4,99.5,99.6,102.6,94.0,95.6,95.0,98.9,101.9,100.4,97.0,96.8,99.1,92.7,95.5,99.3,101.6,95.8,100.0,96.2,95.3,94.3,98.5,96.1,101.3,100.0,88.5,96.9,97.0,94.9,97.3,98.0,98.0,97.2,98.2,96.0,97.2,95.9,100.2,100.2,100.6,100.2,101.1,99.7,101.0,100.1,100.2,99.9,100.5,98.8,100.4,103.4,99.6,100.9,98.2,99.2,100.7,100.2,99.8,100.6,100.8,100.3,100.6,100.6,100.5,100.7,99.2,99.1,98.7,98.7,100.0,99.5,100.7,99.1,99.1,99.8,97.5,95.7,84.9,100.3,100.1,98.6,100.3,98.8,100.7,100.8,102.4,100.5,100.5,99.7,101.1,100.3,99.4,101.2,100.3,108.7,110.0,110.0,107.0,106.8,107.2,131.8,131.8,100.6,100.2,101.3,90.2,74.5,61.7,48.9,70.6,82.2,80.1,53.0,69.1,63.8,47.2,89.0,83.4,84.5,77.7,84.3,98.0,92.3,102.5,94.8,94.1,96.1,72.2,98.1,101.4,100.5,101.4,102.2,86.9,101.5,100.4,101.9,98.7,100.0,97.0,96.4,101.0,99.6,100.0,98.4,98.4,102.4,98.4,103.9,111.5,105.2,100.6,90.0,101.7,96.0,92.4,92.2,92.6,97.4,98.1,96.9,97.0,98.0,97.6,99.8,97.2,93.5,96.5,93.8,99.6,100.3,100.3,98.8,100.4,98.0,100.0,100.0
201304,100.5,97.3,97.7,95.7,96.6,104.3,93.6,96.0,102.7,141.2,100.2,98.3,99.5,98.8,99.1,99.1,102.9,94.8,94.8,95.5,97.9,100.4,100.4,96.8,96.6,98.4,93.4,95.5,98.7,103.1,96.2,97.6,96.1,94.8,93.7,98.1,97.0,100.8,100.0,87.3,97.4,97.0,95.2,97.6,97.9,97.9,96.8,97.0,95.8,96.0,95.7,100.1,100.1,100.6,100.3,101.1,99.7,101.0,100.1,100.2,99.9,100.5,97.1,100.4,103.4,99.3,100.9,97.9,99.2,100.7,100.2,99.8,100.6,100.8,100.4,100.9,100.9,100.9,101.0,99.1,99.1,98.6,98.6,100.8,100.9,100.7,99.1,99.1,99.7,97.6,95.7,84.9,100.3,100.2,98.5,100.2,98.8,100.6,100.4,102.3,100.4,100.5,99.7,101.1,100.4,99.5,100.0,100.3,109.3,111.3,111.3,108.0,108.6,107.3,129.0,129.0,100.8,100.2,101.7,90.5,76.0,59.4,47.6,67.2,81.1,79.4,50.4,65.9,62.4,44.7,88.2,90.5,90.6,88.9,96.1,98.3,91.9,103.5,94.1,93.7,96.1,70.1,98.3,101.3,101.7,100.6,102.1,104.4,101.7,100.4,101.7,98.7,99.8,96.8,97.5,100.4,99.8,99.4,98.2,97.9,101.6,98.3,103.8,111.2,105.8,100.7,88.7,101.5,95.3,92.8,93.3,92.5,97.1,97.7,96.7,95.3,97.1,94.3,97.2,94.8,93.7,95.6,93.4,99.1,100.5,100.5,97.6,100.8,96.1,100.0,100.0
201305,100.4,97.2,96.8,95.9,96.4,104.9,94.5,96.0,102.6,141.0,100.1,98.7,98.8,98.6,97.8,99.1,103.8,96.4,96.4,94.6,97.6,100.0,100.7,96.8,96.7,99.2,92.6,95.0,98.6,103.5,96.3,97.2,96.3,94.8,93.9,99.3,96.5,100.9,100.0,87.1,97.5,96.8,94.9,97.1,97.9,97.8,97.7,96.4,95.1,96.6,95.5,100.5,100.5,100.6,100.3,101.1,99.7,100.6,100.1,100.2,99.9,100.5,89.3,100.4,103.4,99.3,101.0,97.9,99.2,114.7,100.2,99.8,100.6,100.8,100.4,100.9,100.9,100.9,100.9,99.1,99.0,98.5,98.5,101.1,101.4,100.7,99.1,99.1,99.5,97.5,95.6,85.0,100.0,100.2,98.6,100.3,99.0,100.3,100.7,102.3,100.4,100.5,99.7,101.1,100.4,99.8,100.0,99.2,111.7,116.1,116.1,109.3,110.9,107.4,127.4,127.4,100.8,100.2,101.7,90.0,74.4,57.9,45.4,67.9,84.1,80.3,48.0,62.4,58.4,44.2,89.4,88.2,87.8,88.9,96.1,98.3,91.9,103.5,94.5,93.7,96.2,69.5,98.5,101.3,101.4,100.2,101.5,104.4,102.1,100.3,102.0,98.7,100.0,96.8,97.8,99.9,99.8,99.6,98.2,98.4,101.7,98.5,104.2,111.2,106.1,101.6,88.1,102.6,95.6,93.3,94.0,92.8,96.8,97.4,96.5,95.9,98.2,96.4,96.7,94.6,94.4,94.9,93.8,99.1,100.5,100.5,97.6,100.8,96.1,100.0,100.0
201306,100.6,97.2,96.9,95.9,96.1,104.6,94.6,98.4,103.0,142.4,100.4,99.0,97.9,98.9,98.8,98.9,103.5,96.1,96.1,94.7,97.6,101.3,100.8,96.9,96.7,99.4,91.4,95.1,100.0,104.0,95.0,100.6,95.9,94.2,94.3,98.4,96.5,101.3,100.0,85.9,97.2,96.6,94.8,97.1,97.7,97.8,96.6,96.0,95.1,95.4,94.8,100.5,100.5,100.6,100.3,101.1,99.7,100.7,100.1,100.3,99.9,100.5,89.3,100.4,103.4,99.3,101.0,97.9,99.2,114.7,100.2,99.8,100.6,100.8,100.4,100.9,100.9,100.9,100.9,99.0,99.0,98.5,98.5,101.0,101.1,100.7,99.0,99.0,99.5,97.2,95.7,82.6,99.9,100.4,98.4,100.1,99.5,100.4,100.7,102.7,100.5,100.6,99.8,101.1,100.4,99.9,99.8,99.2,112.8,118.0,118.0,110.3,112.9,107.4,127.1,127.1,100.9,100.3,101.8,89.7,73.6,56.8,49.1,67.3,83.7,80.0,45.8,60.9,57.1,42.2,89.7,87.5,87.0,88.9,96.1,98.3,91.7,103.6,94.3,93.4,96.2,67.8,98.4,101.2,101.3,100.3,101.4,104.4,101.9,100.4,102.1,98.8,100.0,96.9,98.4,100.0,99.8,99.5,97.2,98.2,101.6,98.6,104.4,112.0,105.4,102.3,89.0,102.8,95.4,93.5,94.7,92.6,96.9,97.4,96.6,95.3,97.5,94.3,95.6,99.8,94.3,94.5,93.8,99.1,100.6,100.6,97.6,100.8,96.1,100.0,100.0
201307,100.6,97.5,97.9,95.8,96.2,104.0,95.0,98.0,102.7,140.2,100.2,99.0,98.2,98.4,98.1,98.8,104.6,96.1,96.5,97.4,98.2,101.2,100.3,96.5,96.3,98.5,93.7,94.8,98.6,102.7,96.0,97.7,95.8,94.5,94.1,98.9,95.8,99.0,100.0,86.4,97.0,96.6,94.8,97.4,97.7,97.6,96.6,96.8,95.6,95.2,94.5,100.7,100.6,100.6,100.3,101.1,99.7,100.8,100.1,100.3,99.9,100.5,89.2,100.4,104.5,99.3,101.0,98.0,99.1,115.2,100.3,99.8,100.6,100.8,100.4,100.9,100.9,100.9,100.9,99.0,98.9,98.4,98.4,100.9,101.0,100.8,99.0,99.0,99.5,97.3,95.5,82.2,100.1,100.4,99.8,100.2,100.0,100.4,100.7,103.0,100.5,100.6,99.8,101.2,100.4,99.9,99.8,99.2,113.6,119.2,119.2,111.1,114.2,107.4,128.1,128.1,100.9,100.3,101.9,89.6,73.4,57.8,54.1,67.7,82.9,82.0,43.7,60.2,68.4,40.8,89.4,85.5,84.5,88.9,96.1,98.8,91.9,104.7,93.7,92.3,96.2,66.2,97.3,100.3,101.1,100.3,100.9,104.4,102.3,99.9,102.2,98.6,99.6,96.6,98.1,100.2,99.7,99.8,98.0,98.5,102.1,98.4,104.5,112.0,105.9,101.9,89.2,102.6,95.6,93.8,95.5,92.7,96.9,97.7,96.3,95.5,97.2,96.1,94.1,101.1,93.9,95.2,95.0,99.1,100.6,100.6,97.6,100.8,96.1,100.0,100.0
201308,101.1,98.1,99.8,96.0,96.5,103.5,95.2,96.3,103.2,143.2,100.3,99.3,98.8,98.4,98.6,98.7,104.1,96.9,96.8,94.1,97.9,102.8,100.0,96.6,96.2,98.5,93.5,94.5,100.1,103.2,95.9,100.7,95.5,93.9,93.2,99.2,95.3,99.2,100.0,86.3,96.3,96.1,94.6,97.0,97.0,97.4,96.4,96.4,95.4,93.7,93.8,100.7,100.7,100.6,100.3,101.1,99.7,101.7,100.1,100.3,99.9,100.5,89.2,100.4,104.5,99.7,101.1,98.3,99.2,115.2,100.3,99.8,100.6,100.8,100.4,100.9,100.9,100.9,100.9,99.0,98.9,98.4,98.4,100.8,100.8,100.8,98.9,98.9,99.5,97.4,95.6,82.7,100.0,100.3,99.9,100.5,100.1,100.4,100.7,102.9,100.5,100.6,99.8,101.2,100.4,100.0,99.8,99.2,114.2,119.8,119.8,111.5,115.0,107.4,130.4,130.4,101.0,100.5,101.9,88.9,71.7,56.2,55.3,64.0,81.5,79.6,41.3,60.1,70.3,37.9,87.0,82.8,81.2,88.9,96.1,99.5,92.2,105.9,93.7,91.9,96.2,64.3,97.1,100.3,100.8,100.2,101.0,104.4,101.3,98.2,101.9,98.7,99.3,96.9,98.4,100.0,99.6,99.4,97.1,98.0,101.6,98.5,104.3,112.3,105.5,102.2,88.7,101.8,95.3,94.1,96.2,92.8,96.1,96.2,96.0,95.3,97.2,94.3,94.3,102.2,94.8,94.1,95.6,99.1,100.6,100.6,97.6,100.8,96.1,100.0,100.0
201309,101.0,98.0,99.4,96.0,96.7,103.8,94.6,96.6,103.1,143.1,99.8,98.9,99.2,98.7,100.4,98.6,103.2,95.6,96.9,99.0,97.5,101.1,99.9,97.0,96.0,98.6,93.8,93.9,101.6,106.1,95.4,102.7,95.8,94.4,93.6,99.4,95.5,101.2,100.0,85.6,97.1,96.5,94.5,97.0,97.6,97.4,96.4,98.2,95.3,95.5,94.6,100.7,100.7,100.7,100.4,101.1,99.8,100.3,100.1,100.3,99.9,100.5,89.2,100.4,104.5,99.7,101.1,98.3,99.2,115.2,100.3,99.8,100.6,100.8,100.4,100.9,100.9,100.9,101.0,99.0,98.9,98.4,98.4,100.7,100.7,100.8,98.9,98.9,99.8,97.5,95.6,83.3,100.0,100.3,100.7,100.5,100.1,100.7,100.7,103.0,100.5,100.6,99.8,101.1,100.5,100.0,99.8,100.3,115.1,121.5,121.5,111.9,115.5,107.5,131.6,131.6,101.0,100.5,101.9,89.2,71.7,56.2,57.2,64.3,83.4,79.9,40.4,60.1,72.2,36.7,84.7,82.6,80.9,88.9,96.1,99.6,92.5,106.1,93.4,92.5,96.4,62.6,98.5,101.3,101.4,100.9,101.6,104.4,101.5,99.0,102.1,98.7,99.2,96.6,99.4,100.3,99.6,99.3,97.3,98.5,101.0,98.1,104.6,112.0,106.0,102.6,88.4,102.7,96.2,94.7,97.3,93.0,97.5,99.5,96.2,96.1,97.6,96.7,95.4,98.2,94.7,95.8,95.6,99.1,100.6,100.6,97.6,100.8,96.1,100.0,100.0
201310,101.2,97.9,99.4,96.0,96.6,102.4,96.4,94.8,103.6,144.3,100.0,98.9,99.1,98.5,101.6,98.8,105.1,96.5,97.6,99.3,98.0,101.0,101.0,97.4,96.5,98.5,94.3,95.0,102.2,104.4,94.8,105.2,96.1,95.2,94.1,99.1,96.2,102.3,100.0,85.8,97.2,96.6,94.6,97.1,97.5,97.5,96.1,101.1,95.6,95.8,94.5,100.7,100.7,100.7,100.4,101.1,100.0,100.6,100.1,100.3,99.9,100.5,89.2,100.3,104.5,99.7,100.9,98.1,98.8,115.2,100.3,99.8,100.6,100.8,100.4,100.9,100.9,100.9,101.0,98.9,98.8,98.3,98.3,100.7,100.7,100.8,98.9,98.9,99.7,97.0,95.6,80.0,100.0,100.3,100.4,100.5,100.3,100.8,101.1,103.2,100.6,100.7,99.8,101.1,100.5,100.2,99.8,100.3,115.2,121.4,121.4,112.1,115.6,108.0,131.7,131.7,101.2,100.4,102.4,89.8,72.9,56.8,56.9,70.1,83.8,78.4,39.4,60.9,72.2,38.4,90.6,85.3,80.2,108.5,104.1,99.4,92.4,105.8,93.5,92.7,95.9,63.2,98.7,101.4,102.6,101.2,102.0,115.8,101.3,99.6,102.2,98.8,98.9,97.2,99.7,100.2,99.6,99.3,96.8,98.4,101.2,98.8,104.7,112.0,105.8,102.7,90.0,102.7,96.3,94.6,97.4,92.9,97.8,99.6,96.7,96.0,97.9,94.3,97.8,95.6,94.5,95.6,96.1,99.1,100.6,100.6,97.6,100.8,96.1,100.0,100.0
201311,101.4,98.0,99.9,96.0,95.8,101.7,98.2,95.8,103.7,146.1,100.9,99.2,99.6,99.0,100.4,98.8,103.3,94.6,96.9,99.5,97.7,102.8,100.4,96.8,96.1,98.7,93.5,94.3,100.7,103.7,93.5,103.1,95.7,94.8,94.2,99.1,95.6,99.9,100.0,85.5,96.4,96.5,94.3,97.0,97.6,97.5,96.0,99.5,96.2,95.6,94.4,100.8,100.8,100.7,100.5,101.1,100.0,101.3,100.1,100.3,100.0,100.6,89.2,100.4,104.5,99.8,101.3,98.3,98.8,116.8,100.3,99.8,100.6,100.8,100.4,100.9,100.9,100.9,101.0,99.0,98.8,98.3,98.3,100.6,100.5,100.8,98.9,98.9,99.9,97.4,95.7,83.2,100.0,100.3,100.5,99.0,100.5,100.9,101.2,103.3,100.6,101.2,99.8,100.9,100.7,100.2,99.8,100.3,114.9,120.8,120.8,111.6,114.8,107.9,133.2,133.2,101.2,100.4,102.4,89.8,72.7,58.2,59.8,71.3,84.7,76.8,42.2,58.7,71.3,45.0,89.5,82.9,79.0,100.6,101.7,99.3,92.3,105.6,93.6,93.1,96.7,64.2,99.1,101.2,103.0,101.2,102.6,116.2,101.8,99.8,102.4,99.0,98.9,97.5,100.0,100.5,99.6,99.6,96.9,98.5,101.7,98.5,104.8,111.7,106.1,102.6,89.8,103.4,96.6,95.1,97.6,93.4,97.2,99.0,96.0,97.0,97.6,95.9,100.6,96.5,93.7,95.3,97.5,99.1,100.6,100.6,97.6,100.8,96.1,100.0,100.0
201312,101.5,97.7,99.3,95.6,96.7,101.8,97.3,94.6,104.1,149.3,100.6,99.3,98.2,99.4,100.9,99.1,104.3,96.3,96.2,101.2,97.7,102.0,99.9,96.9,95.6,98.0,93.7,93.7,102.7,100.1,93.5,109.4,95.4,94.6,92.7,99.2,94.9,100.9,100.0,84.8,96.6,96.2,94.0,97.0,97.2,97.4,95.8,101.3,94.7,95.1,94.1,100.9,100.9,100.7,100.6,101.1,100.0,102.4,100.1,100.5,100.2,100.8,89.2,100.4,104.5,99.8,101.3,98.3,98.7,117.1,100.5,99.6,100.6,100.7,100.4,100.9,100.9,100.9,101.0,98.9,98.8,98.3,98.3,100.5,100.3,100.8,98.9,98.9,99.9,97.2,95.6,81.8,100.0,99.8,102.3,99.2,100.5,101.0,101.2,103.5,100.8,101.3,100.0,100.9,100.6,100.3,99.8,100.3,114.6,120.3,120.3,111.1,113.3,108.6,134.6,134.6,101.2,100.4,102.4,89.7,72.6,59.4,57.8,72.5,83.1,76.5,45.2,57.8,71.6,47.9,89.4,81.0,77.8,95.7,95.7,99.0,92.4,104.9,93.6,93.5,96.6,63.2,100.5,101.1,102.4,100.8,101.5,114.9,102.3,100.3,102.2,99.0,99.3,97.1,99.5,100.9,99.7,99.5,97.3,97.8,102.2,98.2,104.5,111.7,105.9,102.7,89.4,102.3,96.2,95.1,97.6,93.5,97.4,98.6,96.5,96.0,98.0,90.7,101.1,100.8,93.0,94.2,96.9,99.1,100.6,100.6,97.6,100.8,96.1,100.0,100.0
201401,101.9,98.0,100.4,95.6,96.4,101.5,97.5,93.3,104.6,149.3,100.7,99.5,99.5,100.3,101.6,99.3,103.9,95.3,96.2,101.4,97.9,105.6,100.4,97.0,96.0,98.2,94.3,94.1,102.5,100.2,94.1,108.6,95.6,94.5,93.7,99.0,95.0,101.4,100.0,85.3,96.9,96.8,94.7,97.1,97.7,97.7,96.2,100.4,96.5,96.5,94.9,101.0,101.0,100.8,100.6,101.1,100.1,103.0,100.1,100.6,100.1,100.9,89.2,100.4,104.5,99.8,101.3,98.3,98.7,117.1,100.4,99.7,104.1,100.8,100.4,101.0,101.0,101.0,101.0,98.9,98.8,98.2,98.2,100.5,100.2,100.8,98.8,98.8,99.9,97.2,95.7,81.2,99.7,99.8,104.9,99.3,100.5,100.9,101.3,103.5,100.8,101.3,100.0,100.9,100.7,100.2,99.7,100.3,114.7,119.8,119.8,111.3,112.3,110.1,137.2,137.2,101.2,100.4,102.4,91.0,76.2,60.7,57.3,71.5,84.0,77.8,49.7,53.9,72.7,48.2,87.8,88.7,89.1,86.0,92.7,99.7,92.8,106.0,94.0,92.9,96.7,61.7,99.8,101.0,101.5,102.5,100.2,106.5,102.3,100.5,102.3,99.1,99.3,97.6,99.1,101.1,99.7,100.0,97.4,98.8,102.7,97.9,104.5,111.5,105.8,103.2,89.6,102.2,96.8,95.4,97.7,93.9,97.8,100.2,96.3,96.9,97.8,93.2,101.4,101.9,93.5,94.3,98.5,99.1,100.6,100.6,97.6,100.8,96.1,100.0,100.0
201402,101.8,98.1,100.3,95.6,96.7,102.6,97.2,93.9,104.4,147.4,101.2,99.7,99.3,100.5,100.3,99.6,103.9,94.6,96.0,97.1,98.2,106.1,100.9,96.8,96.3,98.5,95.6,94.3,101.1,100.6,93.5,105.7,95.5,94.8,93.8,98.6,95.2,101.1,100.0,84.4,96.7,96.6,96.2,97.0,97.1,97.6,95.6,100.2,95.5,95.8,94.5,101.0,101.0,100.8,100.6,101.1,100.1,103.1,100.1,100.6,100.2,100.9,89.2,100.6,104.5,99.8,101.3,98.4,98.5,117.1,100.3,99.5,104.5,100.9,100.4,101.0,101.0,101.0,101.0,98.9,98.7,98.2,98.2,100.4,100.1,100.8,98.8,98.8,99.8,96.8,95.7,80.3,99.7,98.3,105.1,99.3,100.5,101.0,101.3,103.5,101.0,101.5,100.1,100.9,100.8,100.6,99.7,100.3,114.9,120.1,120.1,112.2,112.5,112.0,136.2,136.2,101.2,100.4,102.4,91.9,79.1,60.8,56.6,72.2,85.4,76.4,50.9,51.8,72.8,48.1,86.7,96.8,100.0,82.6,83.4,99.4,92.8,105.4,93.7,92.9,96.2,60.4,101.0,100.0,100.3,101.1,99.7,99.9,101.7,99.8,102.2,99.1,99.3,97.1,99.1,101.5,99.8,100.3,97.5,98.8,103.1,98.3,104.2,112.1,104.6,103.4,89.3,101.9,96.6,96.0,98.1,94.6,97.5,99.2,96.4,96.3,97.3,91.7,101.1,98.5,93.2,95.0,98.7,99.1,100.6,100.6,97.6,100.8,96.1,100.0,100.0
201403,102.2,98.2,101.1,95.8,97.1,101.5,96.0,92.5,104.9,150.0,101.0,99.5,100.1,100.4,100.4,99.6,103.8,95.3,97.0,97.4,98.4,107.4,101.9,96.9,95.9,98.5,95.0,93.7,102.6,101.3,95.7,107.2,95.4,95.0,93.6,98.6,95.3,100.7,100.0,83.4,96.5,96.4,95.9,96.6,97.2,97.1,95.6,100.4,96.5,94.4,93.8,101.1,101.1,100.9,100.7,101.1,100.2,103.1,100.1,100.7,100.1,101.0,89.2,100.6,104.5,99.7,101.4,98.4,98.5,117.1,100.4,99.7,104.5,100.9,100.5,101.0,101.0,101.0,101.0,98.9,98.7,98.2,98.2,100.4,100.0,100.8,98.8,98.8,99.9,96.6,95.1,80.6,99.3,98.3,105.3,99.3,100.7,101.2,101.5,103.6,101.0,101.8,100.1,101.7,101.2,100.5,99.8,100.3,115.5,121.0,121.0,113.2,113.8,112.5,135.4,135.4,101.2,100.4,102.4,91.6,78.5,60.0,56.2,71.2,85.7,75.5,50.3,50.1,71.3,47.1,86.6,96.3,99.7,81.0,80.1,99.2,92.5,105.0,94.5,92.1,95.4,58.8,99.7,100.8,99.8,101.3,99.8,93.2,101.5,99.6,102.5,98.9,99.4,96.7,98.4,101.5,99.9,100.7,97.6,99.1,103.8,98.8,104.5,112.0,106.0,103.8,87.8,102.1,96.6,96.6,98.0,95.7,96.8,99.2,95.2,96.4,97.6,92.4,101.0,95.5,93.5,95.3,98.9,99.1,100.6,100.6,97.6,100.8,96.1,100.0,100.0
201404,105.4,101.8,105.1,99.7,100.0,105.0,96.7,93.6,107.9,154.2,104.0,102.4,102.6,104.4,102.7,102.3,103.7,99.6,98.8,104.4,101.3,110.2,105.2,99.4,98.8,101.2,97.7,96.6,103.4,103.5,97.5,106.7,98.3,98.1,97.1,101.0,97.5,103.3,102.7,86.7,100.0,100.0,100.0,99.6,100.6,100.4,99.6,105.6,102.3,98.4,97.3,103.5,103.6,104.4,104.2,104.6,103.3,106.0,103.2,103.7,103.2,103.8,92.6,103.4,106.9,102.2,104.2,100.9,101.0,111.3,103.0,102.8,107.4,103.1,103.4,103.0,103.0,102.9,103.2,99.1,98.7,98.1,98.1,100.6,100.4,100.8,98.7,98.7,102.4,99.2,97.7,80.1,102.2,101.3,110.9,102.2,102.7,103.6,105.2,107.8,103.4,105.5,102.9,105.7,105.4,102.5,102.0,100.3,116.8,122.5,122.5,114.5,116.0,112.6,139.2,139.2,101.3,100.4,102.7,95.4,83.1,62.3,54.0,75.7,88.1,78.6,52.4,53.2,73.9,48.5,89.0,104.7,107.4,92.4,93.0,102.3,97.2,107.4,96.8,94.8,96.7,60.2,104.2,101.5,104.4,105.8,103.6,107.7,104.0,102.5,105.4,101.6,102.4,99.0,100.9,105.1,102.3,103.6,101.4,102.3,105.8,102.8,107.6,115.5,108.7,106.9,90.7,105.6,100.5,100.0,101.4,99.1,102.1,104.9,100.2,99.7,101.6,96.3,100.6,99.4,98.3,99.3,103.8,101.5,101.0,101.0,100.3,103.4,98.8,102.9,102.9
201405,106.1,102.8,105.5,102.1,100.5,104.8,96.5,93.5,108.4,154.5,104.8,102.3,103.3,104.8,103.1,103.2,104.9,100.7,98.8,101.9,100.7,111.8,104.7,98.7,98.6,101.5,97.6,96.0,101.5,102.8,97.2,103.2,97.8,98.2,96.7,101.5,96.7,101.6,102.7,85.9,99.0,99.6,99.4,99.3,100.1,99.9,99.3,105.4,102.3,98.4,96.7,103.6,103.6,104.6,104.3,105.3,103.2,106.0,103.3,103.9,103.3,104.0,92.6,103.6,106.9,102.2,104.0,101.0,101.0,111.3,103.1,102.9,107.4,103.2,103.5,103.2,103.1,103.0,103.4,99.1,98.7,98.1,98.1,100.7,100.5,100.9,98.7,98.7,102.5,99.2,97.7,81.6,101.5,101.3,112.2,102.6,102.5,103.8,105.1,108.2,103.5,106.1,103.0,105.7,105.4,102.6,102.0,100.3,121.7,129.3,129.3,118.6,120.8,116.1,139.9,139.9,104.4,103.5,105.9,94.9,81.6,60.8,52.5,76.2,88.9,78.8,50.1,51.2,71.1,46.1,88.5,102.6,104.8,92.4,93.0,102.5,97.4,107.6,97.0,95.4,97.3,61.2,104.4,102.8,104.5,107.3,103.2,107.7,104.0,102.2,105.5,101.6,102.4,98.9,101.4,105.1,102.2,104.2,101.4,102.6,106.8,103.4,107.5,115.4,108.2,107.0,91.2,105.3,100.4,100.4,101.1,99.9,102.2,103.8,101.2,98.9,101.2,96.1,98.6,97.6,97.8,98.7,103.3,101.5,101.0,101.0,100.3,103.4,98.8,102.9,102.9
201406,106.6,102.6,105.0,102.1,100.6,104.8,95.8,92.3,109.3,158.3,104.2,102.1,105.1,105.5,104.4,103.5,104.3,103.5,99.0,102.1,101.3,112.5,104.2,98.5,97.6,102.1,98.4,93.2,102.3,102.1,97.4,105.3,97.6,97.6,96.2,101.2,96.2,101.8,102.7,85.7,99.0,99.4,99.8,99.3,99.8,99.6,98.0,105.5,102.2,98.1,95.9,103.6,103.7,104.6,104.4,104.8,103.3,106.0,103.4,103.9,103.5,104.0,92.6,103.7,106.9,102.2,104.0,101.1,101.0,111.3,103.1,102.9,107.4,103.2,103.5,103.2,103.1,103.0,103.4,99.2,98.7,98.1,98.1,100.6,100.2,101.0,98.7,98.7,102.7,99.2,97.7,80.9,101.7,101.4,112.0,102.7,102.6,104.1,105.2,108.3,103.6,106.1,103.0,105.7,105.4,102.6,102.0,101.3,121.9,129.6,129.6,118.8,121.2,116.0,140.0,140.0,104.4,103.5,105.9,94.3,79.8,60.5,60.4,76.0,91.1,79.6,48.3,50.0,70.9,44.1,88.1,98.3,99.6,92.4,93.0,102.2,97.1,107.0,97.7,95.0,97.4,60.2,104.1,102.4,104.7,106.4,104.1,107.7,104.3,102.3,105.7,101.5,102.5,98.8,101.6,104.6,101.8,104.6,101.7,102.3,107.8,104.4,107.8,116.1,107.9,107.4,91.7,105.7,100.2,101.0,101.3,100.7,102.2,103.1,101.5,98.3,99.5,96.8,97.6,101.6,94.3,98.6,103.0,101.5,101.0,101.0,100.3,103.4,98.8,102.9,102.9
201407,107.0,102.9,105.7,102.1,100.8,105.9,92.5,93.6,109.8,161.7,105.0,102.2,106.4,106.4,104.3,103.4,103.4,103.0,98.2,100.6,102.1,113.2,104.2,98.0,96.9,101.6,99.3,91.9,101.2,103.8,95.8,102.7,97.4,97.6,96.5,101.7,95.9,100.4,102.7,85.6,98.1,99.3,99.7,99.5,99.6,99.5,98.7,105.5,101.9,97.7,96.1,103.7,103.7,104.6,104.3,104.8,103.3,106.0,103.6,103.9,103.5,104.0,92.6,103.9,106.9,102.2,104.0,101.1,101.4,111.3,103.2,103.2,107.4,103.2,103.6,103.2,103.1,103.0,103.4,99.2,98.6,98.0,98.0,100.5,100.1,101.0,98.7,98.7,102.9,99.8,97.7,82.2,101.8,103.3,112.2,102.7,102.9,104.1,105.5,108.6,103.6,106.1,103.0,105.8,105.4,102.7,101.9,101.3,121.8,129.3,129.3,118.6,120.9,115.9,141.0,141.0,104.5,103.5,106.2,93.5,78.4,60.5,62.5,73.4,90.7,78.5,46.6,55.3,75.7,41.9,87.5,94.2,94.6,92.4,93.0,102.4,97.6,107.0,97.6,94.6,96.8,59.9,103.5,102.4,104.4,106.0,103.6,107.7,104.5,101.9,105.7,101.5,102.3,98.7,101.7,105.2,101.7,105.0,101.7,102.7,108.1,105.0,107.5,116.2,107.1,108.8,90.4,105.5,99.3,101.2,101.1,101.2,99.6,101.7,98.2,97.9,100.5,96.9,96.4,102.2,92.9,97.7,102.9,101.5,101.0,101.0,100.3,103.4,98.8,102.9,102.9
201408,107.1,103.2,106.9,102.1,100.9,105.0,93.2,92.8,109.8,162.1,105.2,101.9,106.7,106.1,103.7,103.4,103.2,101.8,98.1,103.1,102.2,114.1,104.8,97.5,96.5,101.6,97.6,91.6,100.3,102.9,94.9,101.9,97.0,97.8,95.3,100.8,95.3,100.3,102.7,85.3,97.7,98.8,99.5,99.0,98.9,99.2,98.2,105.9,101.4,96.9,95.4,103.8,103.8,104.6,104.3,104.8,103.3,106.0,103.6,103.9,103.5,104.1,95.3,103.9,106.9,102.2,104.1,101.1,101.4,111.3,103.2,103.6,107.4,103.3,103.6,103.2,103.1,103.0,103.4,99.1,98.6,98.0,98.0,100.4,99.9,101.0,98.7,98.7,102.8,99.2,97.5,78.7,101.7,102.9,112.7,102.1,102.9,104.2,105.5,108.6,103.6,106.1,103.0,105.8,105.4,102.7,102.0,101.3,121.5,128.9,128.9,118.4,120.5,115.9,141.1,141.1,104.5,103.5,106.2,93.0,76.5,58.6,63.0,68.7,92.4,77.0,42.1,60.3,76.8,38.0,87.8,91.6,91.4,92.4,93.0,102.4,97.4,107.0,97.9,94.2,96.5,57.5,103.2,103.0,104.7,106.2,104.2,107.7,104.3,101.8,106.2,101.3,102.1,98.8,100.8,105.2,101.6,105.3,101.4,102.8,108.9,105.2,108.3,116.7,109.2,108.8,92.2,104.9,99.4,101.3,100.6,101.8,100.0,102.7,98.1,97.9,101.6,95.5,96.4,103.1,94.6,96.6,102.4,101.5,101.0,101.0,100.3,103.4,98.8,102.9,102.9
201409,106.8,102.7,105.3,102.2,100.8,104.2,95.8,92.8,109.7,159.7,105.0,102.2,107.7,106.5,104.6,104.0,102.7,100.5,98.1,99.7,101.9,115.2,103.9,97.8,96.3,102.2,98.7,90.4,100.8,101.6,96.8,102.7,97.5,98.3,95.3,101.7,95.6,102.2,102.7,85.2,98.5,99.1,99.3,99.6,99.4,99.1,98.2,107.1,100.4,96.9,95.8,104.0,104.0,104.8,104.3,104.8,103.4,106.0,103.7,103.9,103.5,104.1,96.1,103.9,106.9,102.3,104.2,101.2,101.4,114.4,103.1,103.6,107.7,103.3,103.6,103.2,103.1,103.1,103.4,99.1,98.6,98.0,98.0,100.3,99.8,101.1,98.6,98.6,102.8,99.2,97.7,77.6,101.7,102.9,112.8,102.7,102.9,104.2,105.5,108.6,103.7,106.1,103.0,106.7,105.6,102.7,102.0,101.3,121.2,128.4,128.4,118.1,120.0,115.8,140.8,140.8,104.6,103.5,106.2,92.9,75.8,58.9,61.5,75.5,94.6,78.1,40.3,62.9,76.9,35.3,88.1,89.1,88.3,92.4,93.0,102.7,97.3,107.4,98.4,94.5,97.5,56.5,103.7,103.9,105.5,107.8,104.9,107.7,104.5,102.2,106.4,101.5,101.6,99.3,101.1,105.7,101.9,106.1,101.8,103.3,110.2,105.8,108.4,116.0,109.5,108.6,91.1,106.0,99.8,101.3,100.2,102.1,99.5,101.7,98.0,99.1,101.7,97.8,97.7,98.4,97.6,99.0,102.3,101.5,101.0,101.0,100.3,103.4,98.8,102.9,102.9
201410,107.1,102.7,106.1,102.1,100.3,103.6,92.3,93.1,110.2,159.6,104.5,102.2,107.7,105.6,104.2,104.8,104.1,102.3,98.7,120.0,101.6,116.7,104.5,98.1,96.9,102.2,98.4,91.7,101.1,102.7,94.8,103.8,97.6,99.1,95.2,101.7,95.4,102.7,102.7,85.2,98.8,99.0,99.0,99.5,99.4,99.5,98.5,106.0,101.1,97.3,95.5,104.1,104.1,104.8,104.6,104.8,103.0,106.0,103.8,103.9,103.6,104.2,96.1,103.9,106.9,103.4,104.2,101.3,101.8,114.4,103.2,103.6,107.7,103.4,103.6,103.2,103.1,103.1,103.5,99.1,98.6,98.0,98.0,100.3,99.7,101.1,98.6,98.6,103.2,99.0,97.7,77.0,101.5,102.9,113.0,102.4,102.9,104.8,105.6,108.9,103.8,106.2,103.2,107.3,105.7,102.6,102.0,103.2,120.8,127.7,127.7,117.7,119.3,115.8,139.7,139.7,104.6,103.6,106.4,93.3,75.9,58.8,61.2,79.9,95.2,77.6,39.0,62.1,73.8,38.9,89.2,89.7,85.2,110.6,104.1,102.3,97.2,107.0,97.9,95.8,97.2,59.5,105.0,104.5,106.7,106.1,106.6,117.9,104.6,101.7,106.3,101.6,102.0,99.3,101.0,105.6,101.7,105.5,101.2,103.5,108.8,105.6,108.4,116.1,109.7,108.5,89.9,106.5,100.4,101.8,101.2,102.1,100.3,103.6,98.1,99.7,102.0,97.2,100.9,96.2,97.8,99.3,103.0,101.5,101.0,101.0,100.3,103.4,98.8,102.9,102.9
201411,106.7,102.4,105.2,102.0,100.8,103.7,92.9,92.8,109.7,157.1,104.8,102.8,107.5,106.3,103.9,105.1,101.2,101.6,98.6,112.9,101.7,115.3,104.4,98.0,96.5,102.1,98.0,91.0,101.2,100.6,97.1,103.9,97.6,98.5,96.3,101.6,95.1,101.6,102.7,85.4,99.4,99.0,99.0,99.5,99.3,99.5,98.8,104.8,101.5,96.6,95.7,104.1,104.2,104.9,104.6,104.8,103.1,106.0,103.8,104.0,103.6,104.2,96.1,103.9,106.9,103.4,104.2,101.5,101.8,114.4,103.4,103.6,107.7,103.3,103.6,103.2,103.1,103.1,103.5,99.1,98.5,97.9,97.9,100.2,99.5,101.1,98.6,98.6,103.3,99.0,97.7,75.3,101.6,102.9,114.4,102.9,102.9,105.0,105.8,109.1,103.8,106.5,103.2,108.2,105.7,102.7,102.0,103.2,120.5,128.0,128.0,117.5,119.0,115.8,135.3,135.3,104.6,103.6,106.4,92.8,74.3,58.5,60.0,79.6,95.7,76.8,39.0,61.1,71.3,41.7,90.4,85.7,81.5,104.8,101.9,102.5,96.9,107.8,97.2,95.9,97.2,59.4,105.6,103.9,107.3,106.6,107.6,118.6,104.9,102.1,106.6,101.5,101.7,99.0,101.7,105.6,101.5,105.6,101.8,103.4,108.8,105.8,108.9,116.7,109.9,108.3,92.7,106.6,100.4,101.8,101.0,102.3,100.2,102.9,98.3,99.8,101.5,96.3,102.8,96.7,98.1,98.7,103.2,101.5,101.0,101.0,100.3,103.4,98.8,102.9,102.9
201412,106.7,102.7,105.9,102.0,103.1,106.3,86.6,88.8,109.5,158.0,104.2,103.0,107.3,106.4,104.4,104.6,97.4,99.3,99.0,117.2,101.4,117.2,104.1,98.3,96.3,101.9,98.5,90.6,103.2,100.8,102.4,105.1,97.5,98.4,95.4,102.1,94.8,101.6,102.7,85.2,99.1,98.8,98.5,99.3,99.1,99.0,98.3,105.5,103.0,95.9,95.3,104.1,104.2,104.9,104.6,105.6,103.1,106.0,103.9,104.0,103.6,104.2,96.1,104.0,106.9,103.1,104.3,101.6,101.9,114.5,103.4,103.6,107.8,103.4,103.7,103.2,103.1,103.1,103.5,99.1,98.5,97.9,97.9,100.2,99.5,101.1,98.6,98.6,103.4,99.2,97.7,76.1,101.6,102.9,116.9,103.0,102.9,105.0,105.8,109.3,103.8,106.6,103.3,108.5,105.7,102.7,102.1,103.2,120.1,127.9,127.9,117.3,118.8,115.6,130.1,130.1,104.6,103.6,106.4,92.7,74.6,59.2,55.8,78.8,94.3,75.8,43.4,58.8,69.6,42.8,89.4,85.0,82.1,97.9,98.3,104.0,98.3,110.0,97.4,96.5,97.1,59.0,107.0,104.0,107.1,107.3,107.0,116.9,105.3,102.1,106.7,101.6,102.1,99.1,101.4,106.0,101.6,106.0,100.8,104.2,109.4,106.0,108.9,116.7,109.8,108.3,92.2,106.8,99.4,101.8,100.6,102.6,96.8,100.7,94.2,99.9,100.9,97.6,103.5,102.3,96.1,96.3,103.3,101.5,101.0,101.0,100.3,103.4,98.8,102.9,102.9
201501,107.3,103.2,106.9,101.7,103.9,106.9,88.1,89.2,110.2,160.3,104.5,103.3,108.2,107.5,104.5,105.0,97.8,98.7,98.5,117.2,102.4,118.5,104.8,98.3,96.0,101.6,98.3,90.2,104.4,101.7,104.6,105.9,97.3,98.2,95.0,102.0,94.7,101.9,102.7,85.1,98.6,99.1,98.8,99.5,99.4,99.2,99.0,106.5,102.1,97.4,96.1,104.4,104.5,105.1,104.7,105.6,103.1,106.1,103.8,103.9,103.7,104.3,106.0,104.0,106.9,103.1,104.4,102.0,102.0,114.5,103.4,103.3,107.8,103.4,103.7,103.2,103.1,103.1,103.5,99.1,98.5,97.9,97.9,100.2,99.5,101.2,98.6,98.6,103.7,99.3,97.6,74.9,102.3,102.9,116.9,103.0,102.9,105.4,105.9,109.4,103.8,107.5,103.3,110.1,106.9,103.0,102.1,103.2,119.2,128.1,128.1,117.3,119.0,115.2,116.2,116.2,104.6,103.6,106.4,93.3,75.8,59.5,54.5,75.9,96.0,78.4,45.7,56.4,68.4,44.3,87.3,87.6,86.0,95.3,92.3,104.6,98.4,111.0,97.4,96.2,97.1,57.9,106.3,104.7,106.4,107.5,106.8,108.4,105.8,102.1,107.1,101.9,103.0,98.8,101.9,106.2,101.7,106.1,101.7,104.0,109.6,105.9,109.3,116.9,110.4,107.8,92.9,107.8,99.9,101.8,101.1,102.3,98.9,102.2,96.6,99.6,101.2,96.4,103.5,103.2,95.0,97.1,102.2,101.3,99.7,99.7,100.3,103.4,98.8,102.9,102.9
201502,106.9,102.8,106.2,101.8,104.2,106.0,85.6,88.0,109.8,155.8,104.7,103.7,107.5,107.0,104.0,105.3,98.3,99.3,99.7,117.8,101.8,118.9,105.0,98.6,95.9,101.5,99.1,90.2,105.9,101.8,106.9,107.7,97.3,98.2,95.7,100.6,94.9,101.7,102.7,84.9,99.3,98.9,98.4,99.5,99.2,99.0,98.0,106.6,101.7,96.6,95.7,104.5,104.5,105.2,104.7,105.6,103.1,106.1,103.8,103.6,103.8,104.3,106.3,104.0,106.9,103.1,104.4,102.3,101.9,114.5,103.5,103.2,107.8,103.7,103.7,103.2,103.1,103.1,103.5,99.1,98.5,97.8,97.8,100.2,99.4,101.2,98.5,98.5,104.0,99.5,97.7,75.1,102.2,103.2,118.8,103.3,102.9,105.7,106.0,109.4,103.9,107.6,103.4,109.8,107.0,103.1,102.1,104.2,118.9,128.8,128.8,117.8,120.5,114.5,106.7,106.7,104.6,103.6,106.4,93.3,75.5,59.1,53.1,74.3,96.5,78.3,44.9,61.0,66.6,42.7,87.0,87.5,86.4,93.1,87.4,104.3,98.9,110.3,97.1,96.6,97.2,58.6,106.4,105.8,106.3,107.5,107.7,100.5,106.0,102.3,107.4,101.6,102.9,98.0,101.7,106.4,101.5,107.1,101.7,104.8,111.1,106.3,109.6,116.8,110.6,108.0,92.7,108.7,100.3,102.4,101.5,103.0,99.1,101.7,97.3,100.1,100.8,97.1,103.7,102.7,96.6,97.8,103.1,101.3,99.5,99.5,100.3,103.4,98.8,102.9,102.9
201503,107.6,103.6,106.8,103.1,104.6,106.7,86.6,87.7,110.4,154.6,105.1,103.7,108.6,107.4,105.1,106.5,98.9,101.2,107.3,115.4,100.8,118.0,106.2,98.5,95.9,101.5,99.9,89.8,105.5,100.6,107.3,107.2,97.3,97.9,95.2,101.2,95.1,99.6,102.7,85.0,99.6,98.6,98.0,99.2,99.0,98.7,98.2,106.4,101.8,96.4,95.3,104.5,104.6,105.2,104.8,105.6,103.2,106.2,103.8,104.0,103.8,104.3,106.4,104.0,106.9,103.3,104.7,102.4,102.1,114.5,103.5,103.3,107.8,103.7,103.7,103.2,103.1,103.1,103.5,99.1,98.5,97.8,97.8,100.1,99.2,101.2,98.5,98.5,104.0,99.5,97.8,75.1,102.2,103.1,119.0,102.7,102.6,105.7,106.1,109.5,103.9,107.6,103.4,110.2,107.0,103.1,102.1,104.2,119.7,129.6,129.6,118.5,122.4,113.9,109.6,109.6,104.6,103.6,106.4,93.8,77.2,58.6,53.5,74.4,98.2,77.6,44.0,61.1,66.0,41.1,87.1,92.6,93.0,92.8,81.8,105.1,99.7,111.2,97.7,96.5,96.6,57.2,105.8,107.7,105.1,104.9,107.3,95.5,105.8,101.8,107.5,102.1,103.0,99.6,101.3,106.3,101.6,107.0,101.9,104.8,110.9,106.6,109.6,117.1,110.7,108.2,91.2,108.9,99.9,102.0,101.1,102.5,98.8,102.9,96.0,99.6,100.8,96.3,102.7,101.2,96.3,98.8,102.1,101.4,99.9,99.9,100.3,103.4,98.8,102.9,102.9
201504,108.5,103.8,106.9,103.1,104.9,107.6,85.2,91.7,111.8,156.0,106.1,104.4,109.7,108.9,105.6,107.2,102.8,106.3,109.6,116.4,101.9,118.1,106.3,98.7,96.5,101.8,103.2,90.4,105.5,102.6,109.6,104.8,97.4,98.5,95.9,100.2,95.4,100.9,102.7,84.8,99.8,98.8,98.6,99.1,99.2,98.6,98.1,105.5,103.4,95.8,95.5,104.9,104.9,105.4,104.9,105.6,103.4,106.4,103.8,104.1,103.9,104.4,108.6,104.3,109.0,103.4,104.9,102.5,102.3,114.5,103.7,103.7,111.8,103.8,103.7,104.3,104.1,104.1,104.6,99.1,98.4,97.7,97.7,100.8,100.5,101.2,98.5,98.5,104.0,98.7,95.5,76.1,101.5,101.1,122.5,101.1,102.8,106.1,106.2,109.8,104.2,108.5,103.8,111.1,107.2,103.4,102.1,104.2,119.4,129.0,129.0,118.5,122.7,113.6,109.2,109.2,104.7,103.6,106.5,95.1,80.5,58.1,49.1,75.0,97.5,77.1,43.9,59.0,67.5,40.1,87.1,101.7,102.5,99.1,94.3,106.6,99.5,113.7,99.0,96.6,97.0,56.0,105.8,108.6,106.5,106.2,107.1,109.6,106.6,102.2,107.7,102.5,103.1,100.3,102.6,106.0,102.0,107.8,100.5,106.2,111.6,107.1,109.6,118.1,110.5,108.8,88.7,108.9,100.0,102.6,101.6,103.3,99.1,102.4,96.9,99.2,101.2,95.5,99.9,100.7,98.7,98.1,103.1,100.9,101.7,101.7,98.3,103.7,95.8,102.9,102.9
201505,108.8,104.0,106.6,103.1,105.6,109.0,86.5,91.5,112.1,158.3,105.9,105.5,108.2,108.7,105.7,107.1,103.2,106.4,109.0,117.2,101.8,119.8,106.1,99.6,95.9,101.0,104.3,89.5,110.0,114.0,111.9,106.7,97.6,98.6,95.3,103.1,95.3,100.4,102.7,84.6,99.0,98.6,98.0,99.3,98.9,98.6,99.2,105.3,102.5,95.9,95.3,105.0,105.0,105.5,104.9,105.6,103.4,106.4,103.8,104.2,103.9,104.4,108.6,104.4,109.0,103.7,105.2,102.8,102.5,114.5,103.7,103.7,111.8,103.8,103.7,104.3,104.1,104.1,104.6,99.1,98.4,97.7,97.7,101.0,100.9,101.2,98.4,98.4,104.0,98.6,95.5,76.0,101.1,100.7,123.2,101.4,102.8,106.1,106.2,109.8,104.3,108.5,103.8,111.0,107.2,103.4,102.0,104.2,119.6,130.0,130.0,117.3,120.7,113.3,109.6,109.6,104.7,103.6,106.5,95.2,80.7,57.1,47.6,72.9,95.1,79.0,42.6,58.5,66.7,38.6,86.2,103.7,104.9,99.1,94.3,106.1,100.0,112.6,98.8,95.6,96.7,55.0,104.3,108.3,107.4,107.4,108.3,109.6,107.0,102.6,107.9,102.7,102.9,101.1,102.2,106.5,101.7,108.3,101.7,106.0,112.8,107.1,109.6,117.8,110.2,108.5,88.7,109.7,100.1,102.8,101.4,103.7,99.3,103.0,96.8,99.2,101.6,96.4,99.6,100.0,98.6,96.4,103.7,100.8,101.6,101.6,98.3,103.7,95.8,102.9,102.9
201506,108.7,104.2,107.1,103.4,105.5,108.6,86.2,90.5,111.8,154.8,105.7,105.5,108.5,109.1,106.2,108.3,102.4,104.7,108.9,118.1,101.5,118.9,106.9,99.4,96.4,101.9,102.8,90.1,109.3,116.0,110.1,105.0,97.3,99.3,95.4,101.9,94.6,100.3,102.7,84.5,98.6,98.7,98.4,99.4,98.8,98.8,97.8,105.3,104.3,95.1,95.2,105.5,105.6,105.4,105.0,105.6,103.5,106.4,103.8,104.2,104.0,104.5,108.6,104.5,113.4,103.7,105.3,102.7,102.5,121.0,103.8,103.5,111.8,103.8,103.7,104.3,104.1,104.1,104.6,99.1,98.4,97.7,97.7,101.0,100.7,101.2,98.4,98.4,104.2,99.4,95.3,76.1,101.1,104.2,123.9,102.2,103.4,106.1,106.6,109.8,104.3,108.5,103.8,111.0,107.2,103.4,102.0,104.2,118.1,127.6,127.6,115.4,117.3,113.1,110.4,110.4,104.8,103.7,106.5,95.0,80.3,57.5,47.0,73.2,96.9,79.8,41.6,56.8,72.7,38.7,84.4,102.2,103.1,99.1,94.3,106.2,99.5,113.1,98.8,95.0,96.5,54.1,103.2,108.4,107.7,107.2,108.8,109.6,107.5,102.5,107.9,102.7,103.4,100.7,102.2,106.8,101.7,108.8,102.0,106.5,113.8,106.7,109.4,117.5,109.3,109.1,89.4,109.7,100.0,103.4,100.7,105.1,99.5,102.7,97.3,98.5,101.9,94.9,98.8,104.0,96.1,95.8,103.2,100.8,101.6,101.6,98.3,103.7,95.8,102.9,102.9
201507,108.9,104.2,106.6,103.3,106.0,110.0,86.0,91.0,112.1,153.0,106.3,106.7,108.4,109.3,106.7,108.0,102.9,107.0,108.3,117.0,101.7,119.4,108.1,99.1,96.2,101.6,103.5,89.9,108.7,116.2,110.5,103.4,97.1,99.7,94.7,101.4,94.6,98.6,102.7,85.0,98.1,98.4,98.3,99.4,98.4,98.6,97.9,105.2,103.1,94.7,95.0,105.5,105.6,105.5,104.9,105.6,103.5,106.8,103.8,104.2,104.0,104.6,108.6,104.5,113.4,103.7,105.3,102.7,102.5,121.0,103.8,103.4,111.8,103.9,103.8,104.3,104.1,104.1,104.6,99.1,98.3,97.7,97.7,100.8,100.5,101.3,98.4,98.4,104.3,99.2,95.2,75.6,100.7,103.8,125.1,102.2,103.4,106.3,107.1,110.0,104.3,108.6,103.8,111.0,107.3,103.4,103.4,104.2,116.0,124.4,124.4,112.9,112.9,112.9,110.8,110.8,104.8,103.7,106.5,94.8,79.1,58.8,60.5,71.3,98.6,78.7,39.7,54.6,86.9,37.5,83.0,96.6,96.2,99.1,94.3,107.2,99.8,114.6,99.4,93.7,96.2,52.2,101.2,108.4,107.9,107.4,109.4,109.6,106.8,102.5,108.0,102.6,103.2,100.5,101.7,107.6,101.5,109.0,102.1,106.4,114.4,106.8,109.4,117.4,111.3,108.9,86.6,108.9,101.2,103.9,100.5,106.1,99.1,102.9,96.6,101.3,101.8,108.7,96.8,107.7,96.6,95.4,103.4,100.9,101.6,101.6,98.5,104.3,95.8,102.9,102.9
201508,109.3,104.5,108.1,103.2,106.3,108.6,85.5,91.6,112.6,156.2,107.1,106.8,109.4,109.3,107.0,109.0,102.5,106.6,108.3,116.0,101.9,119.5,108.2,98.9,96.3,101.5,104.8,89.9,108.2,116.4,108.8,103.2,96.7,100.1,94.6,100.5,93.8,97.9,102.7,84.6,97.7,98.1,97.8,99.1,98.1,98.5,96.8,105.4,103.4,94.1,94.6,105.7,105.8,105.5,105.0,105.6,103.5,106.8,103.9,104.2,104.0,104.6,108.6,104.7,113.4,103.9,105.3,103.6,102.6,121.0,103.8,103.6,111.8,103.9,103.8,104.3,104.1,104.1,104.6,99.1,98.3,97.7,97.7,100.7,100.3,101.2,98.4,98.4,104.3,99.0,95.2,74.7,100.7,103.8,125.1,102.1,102.8,106.4,107.1,110.0,104.3,108.6,103.8,111.0,107.3,103.4,104.6,104.2,114.4,122.2,122.2,110.8,109.0,112.8,108.7,108.7,104.8,103.7,106.5,94.5,78.0,59.5,64.3,76.3,99.3,79.3,38.6,54.2,89.0,36.5,81.5,92.8,91.6,99.1,94.3,106.9,100.6,113.8,98.9,93.7,96.0,50.8,101.9,108.3,107.6,106.7,109.3,109.6,106.5,101.8,108.1,102.4,103.4,100.6,100.8,107.1,101.2,108.9,102.0,106.7,113.8,106.8,109.8,117.7,112.4,108.8,85.7,109.3,101.4,104.3,101.1,106.3,99.1,102.8,96.6,101.6,101.5,109.9,96.4,107.7,97.5,96.2,103.0,100.9,101.6,101.6,98.5,104.3,95.8,102.9,102.9
201509,109.6,104.5,107.0,104.2,105.9,108.7,85.8,92.6,113.0,155.4,106.6,107.1,111.2,109.9,108.0,108.9,102.2,106.3,109.3,118.7,102.4,121.2,108.9,99.1,96.1,101.4,104.7,89.6,108.9,114.6,111.4,104.1,97.1,99.9,94.0,101.0,94.3,99.6,102.7,84.7,98.6,98.5,97.8,99.5,98.6,98.7,97.6,105.7,104.5,95.3,94.9,105.7,105.8,105.6,105.1,105.6,103.6,106.8,103.9,104.2,104.0,104.7,108.6,104.7,113.4,103.9,105.0,103.5,102.6,121.0,103.9,104.8,111.8,104.0,103.8,104.3,104.1,104.1,104.6,99.1,98.3,97.7,97.7,100.7,100.2,101.3,98.4,98.4,104.3,99.0,95.1,73.5,100.9,103.9,125.6,102.1,103.4,106.4,107.2,110.0,104.3,108.6,103.9,111.0,107.3,103.3,104.7,104.2,112.6,120.0,120.0,108.4,105.1,112.4,105.4,105.4,104.8,103.7,106.6,94.6,78.4,60.0,65.5,79.6,100.3,78.4,38.9,54.2,88.3,35.5,85.4,93.2,92.1,99.1,94.3,107.2,100.5,114.4,98.9,94.0,96.2,51.0,101.5,109.7,107.9,107.1,109.2,109.6,107.9,102.6,108.4,102.7,103.3,100.8,100.9,107.4,102.0,109.6,102.2,106.7,115.3,107.4,110.0,117.2,112.5,108.1,86.8,110.2,100.8,104.5,101.1,106.6,97.8,101.2,95.6,101.0,102.1,107.1,97.9,102.2,96.2,97.7,102.3,100.9,101.6,101.6,98.5,104.4,95.8,102.9,102.9
201510,109.9,104.9,107.8,104.1,105.7,109.7,86.0,93.5,113.5,158.1,107.2,107.8,111.2,110.1,107.4,110.2,101.8,107.4,108.2,119.9,102.7,120.7,109.1,98.9,95.9,101.1,104.0,89.5,108.4,117.3,109.0,103.0,96.9,99.8,95.3,100.2,93.4,100.6,102.7,85.1,98.3,98.4,97.9,99.2,98.5,98.9,97.5,104.9,103.2,95.7,95.0,105.8,105.9,105.7,105.1,105.6,103.6,107.1,103.9,104.2,104.1,104.7,105.9,104.8,113.4,103.9,105.2,104.2,102.1,121.0,104.0,104.8,111.8,104.1,104.0,104.3,104.1,104.1,104.6,99.1,98.4,97.7,97.7,100.7,100.2,101.3,98.4,98.4,104.5,99.2,95.1,75.4,100.8,103.5,127.0,102.0,103.0,106.5,107.4,110.0,104.3,108.7,104.0,111.0,107.2,103.3,104.7,104.4,112.3,120.4,120.4,107.8,104.0,112.3,101.4,101.4,104.9,103.8,106.6,95.0,78.7,60.1,64.6,80.5,102.6,79.0,38.6,52.3,88.2,37.7,85.0,93.8,88.8,116.6,115.0,107.4,100.6,114.6,99.2,94.4,96.4,52.4,101.7,110.3,109.7,108.4,110.0,121.7,108.8,103.0,108.6,102.5,103.4,99.8,101.6,107.2,102.1,110.4,101.8,107.7,116.5,107.5,109.9,117.1,112.4,108.0,89.3,109.4,101.5,104.7,101.5,106.9,97.9,100.5,96.2,102.4,101.8,110.8,100.1,102.5,98.2,97.7,101.5,100.9,101.6,101.6,98.6,104.4,95.8,102.9,102.9
201511,110.0,104.8,107.9,104.2,105.6,108.1,87.2,92.7,113.7,157.3,107.1,108.3,111.0,111.2,108.2,111.2,102.8,107.0,108.7,118.8,102.5,119.2,109.8,99.2,96.1,100.5,104.7,90.3,109.8,117.2,111.0,104.8,97.0,99.8,94.6,101.1,93.7,100.8,102.7,84.7,98.1,98.2,97.3,99.5,98.4,98.9,97.7,104.4,103.3,95.2,94.6,105.9,106.0,105.7,105.1,105.6,103.5,107.1,103.9,104.2,104.1,104.7,108.7,104.8,113.4,103.9,105.2,104.2,102.2,121.0,104.0,104.8,111.8,104.1,104.0,104.3,104.1,104.1,104.6,99.1,98.3,97.6,97.6,100.6,100.1,101.3,98.4,98.4,104.5,99.3,95.1,73.5,101.3,103.9,127.0,102.3,103.2,106.6,107.4,110.0,104.3,109.1,104.0,111.1,107.3,103.3,104.8,104.4,112.3,120.8,120.8,108.0,104.6,112.1,98.3,98.3,104.9,103.8,106.6,94.8,77.9,60.9,60.7,78.5,105.9,78.8,42.4,51.7,87.5,39.4,86.2,90.4,86.0,109.2,115.5,107.3,100.2,114.8,99.0,94.3,96.4,51.8,100.8,111.7,109.9,107.7,110.7,121.2,109.7,103.3,108.8,102.9,103.3,100.6,102.1,107.6,102.4,110.7,103.2,108.2,116.3,107.6,110.1,117.4,111.7,109.0,89.8,109.9,101.6,104.5,101.2,106.6,97.8,100.0,96.3,103.0,102.3,111.0,102.5,102.7,97.8,96.9,102.0,100.9,101.6,101.6,98.6,104.4,95.8,102.9,102.9
201512,110.0,104.8,107.9,104.1,105.5,109.2,85.1,91.9,113.6,156.9,107.6,108.7,110.8,110.8,107.4,111.1,102.3,106.8,107.5,117.7,102.1,120.5,109.8,99.0,95.6,100.7,104.0,89.3,110.2,115.5,110.2,107.1,96.6,99.9,93.6,99.7,93.8,98.8,102.7,84.9,98.1,97.8,96.5,99.1,97.8,98.5,96.9,104.8,103.5,94.4,94.6,105.9,106.0,105.7,105.2,105.6,103.6,107.2,103.9,104.3,104.1,104.8,108.8,104.8,113.4,104.0,105.2,104.3,102.2,121.0,104.2,104.8,111.8,104.1,104.1,104.3,104.2,104.2,104.7,99.1,98.3,97.6,97.6,100.5,99.9,101.3,98.4,98.4,104.7,99.3,95.2,73.0,101.4,103.9,127.0,102.4,103.3,106.8,107.6,110.2,104.3,109.6,104.0,111.3,107.3,103.4,104.8,104.4,112.1,120.6,120.6,108.2,104.9,112.2,95.0,95.0,104.9,103.8,106.6,94.8,78.1,62.6,61.6,78.6,106.6,78.4,48.6,50.0,85.8,37.4,85.5,88.6,84.9,104.7,108.7,107.5,102.2,113.5,99.8,94.1,97.1,50.1,101.0,111.6,110.2,108.3,111.2,120.5,109.7,102.7,109.1,102.7,103.5,100.3,101.6,107.1,102.6,110.7,101.7,109.1,115.9,107.9,110.6,117.7,113.3,109.1,89.5,109.5,101.2,104.3,100.9,106.6,96.9,99.2,95.4,102.8,102.4,109.9,103.3,107.6,95.2,95.9,102.5,100.9,101.6,101.6,98.6,104.4,95.8,102.9,102.9
201601,110.2,104.9,108.2,104.1,105.6,109.0,87.0,90.9,113.8,157.5,108.0,108.6,110.7,110.9,107.9,111.8,103.9,106.8,106.7,117.3,102.6,120.6,109.3,98.9,95.6,100.4,104.6,89.4,110.1,116.5,109.4,106.8,96.5,100.2,93.5,99.4,93.7,99.7,102.7,84.1,97.9,98.0,96.9,99.0,98.0,98.7,97.6,104.8,103.2,94.9,94.8,106.0,106.1,105.8,105.4,105.6,103.6,107.4,103.9,104.3,104.1,104.8,108.7,104.9,113.4,104.0,105.2,104.4,102.1,121.0,104.2,104.9,111.8,104.1,104.1,104.3,104.2,104.2,104.7,99.0,98.3,97.6,97.6,100.5,99.9,101.3,98.3,98.3,104.6,99.1,95.2,70.8,101.6,103.9,127.0,102.6,103.4,106.8,107.6,110.3,104.3,109.6,104.1,111.4,107.4,103.0,104.7,104.4,111.2,120.0,120.0,108.3,105.1,112.1,85.6,85.6,104.9,103.8,106.6,94.2,76.6,61.6,60.5,76.9,106.7,77.3,48.7,49.1,82.7,34.8,84.1,86.4,85.0,92.2,96.3,105.6,101.2,110.8,99.3,93.4,97.0,49.4,99.9,111.3,108.9,107.7,111.2,106.9,109.2,102.3,109.2,103.0,103.8,100.9,101.4,107.2,102.6,110.6,102.6,108.9,115.3,108.2,110.7,118.8,113.4,109.2,88.3,109.5,101.5,104.6,101.2,106.7,97.9,98.3,97.6,102.5,102.2,109.6,103.5,107.9,94.2,95.9,101.6,100.9,101.6,101.6,98.6,104.4,95.8,102.9,102.9
201602,110.3,104.9,107.7,104.1,106.0,108.8,88.7,92.3,114.0,157.8,108.2,108.8,111.2,111.1,107.7,111.9,102.9,106.4,107.1,116.6,102.3,123.5,108.7,99.0,95.4,100.6,103.3,89.1,109.8,115.9,109.2,106.7,97.0,99.9,94.9,101.2,94.2,99.4,102.7,84.0,98.1,97.9,97.0,98.9,97.9,98.5,97.0,105.2,103.6,95.4,94.7,106.0,106.1,105.9,105.4,105.8,103.7,107.4,104.0,104.3,104.1,104.8,108.7,105.2,113.4,104.0,105.3,104.3,102.2,121.0,104.3,104.9,111.8,104.1,104.1,104.3,104.2,104.2,104.7,99.0,98.2,97.5,97.5,100.5,99.8,101.3,98.3,98.3,104.8,99.5,100.9,67.9,102.0,102.8,129.0,102.7,103.3,106.9,107.6,110.6,104.3,110.1,104.1,111.4,107.4,103.2,104.5,104.4,110.2,119.0,119.0,108.0,104.7,111.9,79.6,79.6,104.9,103.8,106.6,93.9,75.6,60.7,56.2,75.4,107.4,78.0,48.6,48.3,80.9,33.3,82.5,85.0,83.8,89.4,94.8,105.5,101.4,110.5,98.8,93.6,97.0,48.2,100.8,111.2,108.1,107.2,110.9,100.3,109.3,102.7,109.4,103.0,103.9,101.0,101.5,107.0,102.7,111.0,102.3,108.8,116.6,108.3,110.9,118.8,112.6,109.4,90.8,109.9,101.3,103.9,99.9,106.4,97.0,96.2,97.6,103.0,102.2,109.4,104.4,108.7,95.7,96.8,101.9,100.9,101.6,101.6,98.6,104.4,95.8,102.9,102.9
201603,110.1,104.5,107.6,103.3,106.4,107.2,89.2,92.4,114.0,158.3,108.3,109.1,110.2,110.2,108.2,112.9,104.1,107.7,107.3,116.7,101.9,121.8,108.5,99.0,95.5,100.5,103.5,89.3,109.3,115.2,110.5,105.3,97.0,99.6,94.5,101.1,94.7,99.5,102.7,84.0,98.3,97.6,96.1,98.6,97.8,98.3,97.6,104.4,103.9,93.4,94.5,106.1,106.3,105.9,105.5,105.8,103.8,107.4,103.8,104.3,104.1,104.8,108.7,105.2,113.4,104.0,105.3,104.7,101.5,123.9,104.4,104.9,111.8,104.1,104.1,104.3,104.2,104.2,104.7,99.0,98.2,97.5,97.5,100.5,99.8,101.3,98.3,98.3,104.9,99.6,101.0,69.5,102.1,102.0,129.6,102.6,103.8,107.0,107.7,111.1,104.3,110.1,104.1,111.5,107.4,103.2,104.5,104.4,109.5,117.9,117.9,107.2,103.7,111.4,79.1,79.1,104.9,103.8,106.6,94.0,75.3,59.3,56.1,74.8,106.8,78.1,46.3,47.5,77.4,32.6,82.9,85.9,85.3,87.5,93.4,105.9,101.9,111.4,97.9,93.5,96.1,47.5,101.1,111.2,107.3,106.4,110.8,94.9,108.6,102.6,111.3,103.1,103.8,101.6,101.5,106.8,102.8,118.7,169.6,109.3,115.9,108.4,110.9,117.9,113.9,109.1,91.0,109.5,100.9,103.7,99.8,106.3,96.9,97.3,96.7,102.3,102.6,110.1,101.6,102.7,95.5,97.4,101.4,100.9,101.7,101.7,98.6,104.4,95.8,102.9,102.9
201604,110.3,104.5,107.6,103.3,106.6,106.9,89.3,92.9,114.3,157.0,107.7,109.8,111.6,110.8,108.3,112.9,104.3,105.1,107.2,116.5,100.9,125.5,109.7,98.4,95.0,100.0,104.1,88.6,107.7,115.9,108.4,102.7,96.8,99.1,95.2,99.8,94.6,100.1,102.7,84.3,98.1,98.0,96.7,98.9,97.8,98.2,103.0,105.3,104.4,94.4,94.4,106.3,106.4,105.9,105.5,108.9,103.8,108.0,103.8,104.3,104.1,104.9,108.7,105.2,113.4,104.0,105.4,104.9,101.4,123.9,104.3,104.9,111.8,104.1,104.5,104.8,104.6,104.6,105.1,99.1,98.2,97.5,97.5,101.2,101.0,101.4,98.2,98.2,105.2,99.7,101.0,69.6,101.4,104.0,129.8,101.4,103.8,107.4,107.7,111.2,106.0,111.2,104.3,111.7,107.4,103.6,104.6,104.4,108.6,116.3,116.3,106.0,102.1,110.5,80.0,80.0,105.2,104.2,106.7,95.2,78.6,58.2,51.6,73.5,110.0,78.9,45.0,47.6,75.3,32.1,82.9,96.3,95.4,99.9,104.0,106.4,102.9,111.6,98.7,94.2,95.9,47.9,102.1,111.8,109.3,108.1,111.1,110.9,109.1,102.6,111.3,103.7,104.5,102.6,102.1,106.9,102.6,120.0,174.9,110.3,116.7,108.4,110.1,116.8,111.7,108.9,92.0,109.6,100.4,104.2,100.2,106.8,95.6,96.7,94.8,101.9,102.0,109.5,100.1,100.8,96.6,97.9,101.3,100.6,101.5,101.5,97.7,105.3,94.2,102.9,102.9
201605,110.3,104.8,108.4,103.3,106.9,107.6,88.5,94.2,114.1,159.0,108.4,109.3,110.4,110.6,107.3,113.3,104.3,105.1,107.4,115.7,101.8,123.3,109.6,98.4,95.0,100.5,103.8,88.3,107.4,115.9,107.5,102.5,96.9,99.6,94.7,101.5,93.9,99.1,102.7,84.6,97.7,98.0,96.6,98.7,97.6,98.1,110.0,105.2,104.7,93.3,94.3,106.3,106.4,105.9,105.5,108.9,103.8,108.1,103.8,104.4,104.2,104.9,109.0,105.3,113.4,104.0,105.4,104.9,101.6,123.9,104.4,104.9,111.8,104.2,104.5,104.8,104.6,104.6,105.2,99.0,98.1,97.5,97.5,101.2,101.1,101.5,98.2,98.2,105.3,99.7,100.8,69.6,101.2,104.2,129.9,101.4,103.8,107.4,107.8,111.4,105.9,111.3,104.3,111.7,107.4,103.6,104.9,104.4,108.9,117.5,117.5,105.0,100.6,110.2,80.2,80.2,105.2,104.2,106.8,95.5,79.6,56.6,48.4,72.6,109.8,77.9,43.0,45.9,73.6,30.8,82.2,101.1,101.3,99.9,104.0,106.9,103.5,112.2,98.9,94.0,96.4,47.4,102.0,111.6,109.6,108.0,111.9,110.9,109.3,102.0,111.4,103.8,104.6,102.9,102.3,107.0,102.3,119.8,176.1,110.3,116.0,108.4,110.3,115.4,113.0,109.4,93.1,109.5,100.2,103.9,99.7,106.6,95.6,96.1,95.3,101.5,101.9,109.8,98.2,100.0,96.9,97.6,101.8,100.6,101.5,101.5,97.7,105.3,94.2,102.9,102.9
201606,110.4,105.0,109.3,102.9,106.8,108.3,88.9,92.5,114.2,161.1,107.7,109.4,110.1,111.2,107.3,112.7,103.6,104.1,107.4,116.9,101.8,123.0,110.7,99.5,95.2,100.6,104.5,88.6,107.3,116.0,108.1,102.0,98.7,100.2,94.4,101.2,94.7,100.0,116.2,84.5,97.6,98.0,96.4,98.1,97.5,98.2,112.6,105.4,104.7,94.8,94.0,106.4,106.5,105.9,105.6,108.9,103.7,108.1,104.2,104.3,104.2,104.9,109.0,105.3,113.4,104.0,105.4,105.2,101.6,123.9,104.4,104.9,111.8,104.2,104.5,104.8,104.7,104.6,105.2,99.0,98.1,97.4,97.4,101.1,100.9,101.5,98.1,98.1,105.4,100.0,100.8,68.7,101.8,105.0,130.9,101.8,104.1,107.6,107.8,111.9,106.0,111.4,104.4,111.7,107.4,103.6,105.0,104.4,107.8,115.5,115.5,103.8,98.6,110.1,82.2,82.2,105.2,104.2,106.8,95.0,78.2,56.7,53.1,71.0,110.0,77.5,41.3,44.8,80.7,29.5,82.8,97.3,96.6,99.9,104.0,106.6,102.9,111.8,99.2,94.0,97.9,45.9,102.4,111.4,109.8,108.7,112.1,110.9,109.5,102.2,111.5,103.8,104.2,103.2,102.5,106.8,102.3,120.3,176.6,110.8,116.4,108.6,110.3,116.9,113.3,109.3,91.2,108.5,99.8,104.1,99.3,107.2,95.3,95.5,95.2,100.7,101.9,109.4,97.3,101.9,94.7,96.8,100.0,100.6,101.5,101.5,97.7,105.3,94.2,102.9,102.9
201607,110.5,104.9,109.1,103.0,106.8,108.0,88.2,92.4,114.4,157.9,108.7,109.4,111.0,110.9,108.0,113.1,104.4,107.1,107.5,116.5,101.9,122.9,111.0,99.3,95.3,100.7,104.6,88.6,107.2,115.1,108.5,101.8,98.4,99.9,94.1,100.4,94.3,98.8,116.2,84.3,97.4,98.0,97.1,98.3,97.4,98.0,113.9,105.5,103.9,94.2,93.9,106.4,106.5,105.9,105.6,108.9,103.7,108.1,104.2,104.4,104.2,104.9,108.4,105.3,113.4,104.0,105.5,105.5,101.7,123.9,104.4,104.9,111.8,104.2,104.6,104.8,104.7,104.6,105.2,98.9,98.1,97.4,97.4,101.0,100.6,101.5,98.1,98.1,105.4,99.8,100.8,68.5,101.5,105.0,130.1,101.6,104.1,107.6,108.0,111.9,106.0,111.6,104.4,111.7,107.4,103.8,105.0,104.4,107.1,114.2,114.2,102.8,96.8,109.9,82.7,82.7,105.2,104.2,106.8,94.5,76.8,55.6,55.9,68.4,110.2,77.2,39.2,44.1,80.5,28.0,82.4,95.4,94.3,99.9,104.0,105.8,101.4,111.1,98.9,93.3,97.2,44.2,101.4,111.7,109.8,108.3,112.5,110.9,109.1,101.0,111.7,104.1,104.9,103.2,102.5,106.9,102.8,120.3,174.5,111.0,116.8,108.6,110.6,117.5,112.8,108.7,90.1,110.4,99.6,104.2,99.5,107.3,95.1,96.4,94.3,100.3,102.4,108.9,96.3,105.9,93.8,96.0,98.4,100.6,101.4,101.4,97.8,105.5,94.2,102.9,102.9
201608,110.8,105.0,109.6,103.0,107.0,108.2,85.9,92.6,114.8,156.0,108.6,109.9,111.9,111.4,108.0,113.6,105.4,107.7,106.6,116.2,102.5,123.8,113.2,98.9,94.8,100.4,104.5,87.8,106.9,116.3,109.1,100.3,98.1,100.3,93.3,100.6,93.1,97.7,116.2,84.8,97.0,97.6,96.2,97.8,97.1,98.0,113.6,105.4,103.9,93.6,93.6,106.5,106.6,105.9,105.6,108.9,103.8,108.1,104.2,104.4,104.2,104.9,108.4,105.3,113.4,104.0,105.7,105.7,101.3,123.9,104.5,104.9,111.8,104.2,104.6,104.8,104.7,104.6,105.2,98.9,98.0,97.4,97.4,100.9,100.4,101.5,98.1,98.1,105.4,99.6,100.7,66.9,101.6,105.1,128.6,101.1,104.1,107.6,108.1,111.9,106.0,111.6,104.4,111.7,107.4,103.8,105.0,104.4,106.2,113.0,113.0,101.6,94.6,109.8,82.3,82.3,105.2,104.2,106.8,94.1,76.1,55.3,53.4,71.9,109.3,76.2,38.4,42.9,80.8,26.9,83.3,93.5,91.9,99.9,104.0,106.7,102.3,112.8,97.9,92.6,97.6,42.2,100.9,111.2,109.2,107.9,111.5,110.9,108.9,100.9,111.5,104.0,105.1,102.8,102.1,107.0,102.9,119.9,173.2,111.6,115.6,108.5,110.4,117.7,111.7,108.7,90.4,110.8,99.7,104.1,99.0,107.3,95.8,94.9,96.5,100.1,101.7,108.6,96.0,106.8,94.8,95.1,98.2,100.6,101.4,101.4,97.8,105.5,94.2,102.9,102.9
201609,110.4,105.5,110.7,103.0,107.2,108.1,87.9,92.7,113.9,159.8,108.2,109.7,110.8,111.1,107.6,114.1,96.7,106.3,106.8,117.1,102.5,121.3,112.3,99.3,95.2,100.6,104.2,88.4,106.5,116.8,108.4,99.5,98.7,100.4,94.1,101.1,94.5,100.4,116.2,84.9,97.3,98.2,96.4,98.4,97.9,98.3,114.2,104.9,104.0,94.1,94.2,106.4,106.5,105.9,105.5,108.9,104.1,107.1,104.2,104.4,104.2,104.9,108.4,105.5,113.4,104.1,105.8,105.7,101.3,123.9,104.5,104.6,111.8,104.1,104.6,104.8,104.7,104.6,105.2,98.9,98.0,97.3,97.3,100.8,100.3,101.5,98.1,98.1,105.3,99.5,100.7,66.1,101.6,105.0,129.5,102.1,104.1,107.6,108.3,111.9,106.1,111.5,104.4,111.7,107.4,103.8,105.0,104.4,105.6,112.3,112.3,100.6,92.9,109.8,82.6,82.6,105.2,104.2,106.8,94.0,75.3,53.6,54.2,69.6,105.9,77.1,36.2,42.8,75.8,26.0,81.9,93.3,91.7,99.9,104.0,107.5,102.1,114.4,98.4,92.2,97.4,42.4,100.6,110.3,110.1,108.0,112.9,110.9,110.5,101.9,112.1,104.5,105.7,103.7,102.9,107.0,102.8,120.2,174.8,112.0,115.8,108.1,111.2,118.4,112.8,108.5,91.0,111.6,99.7,103.6,98.6,106.9,95.6,96.8,94.8,100.6,102.7,109.3,96.5,102.3,95.2,96.5,99.2,100.6,101.5,101.5,97.8,105.5,94.2,102.9,102.9
201610,110.5,105.6,111.0,102.7,107.2,108.6,88.5,92.3,113.9,159.6,108.1,109.4,111.1,110.8,108.5,113.7,95.7,106.9,107.3,118.8,102.2,122.4,111.7,99.1,94.9,100.4,103.8,88.1,106.4,116.9,105.9,100.7,98.6,100.5,93.9,100.2,94.8,100.1,116.2,84.4,97.9,98.1,96.4,98.4,97.9,98.3,113.8,104.0,101.7,94.5,94.4,106.4,106.5,105.9,105.5,108.9,104.0,108.1,103.8,104.4,104.3,104.9,108.5,105.5,113.4,104.1,105.8,105.7,101.3,123.9,104.3,104.2,111.8,104.1,104.6,104.9,104.7,104.7,105.2,98.9,98.0,97.3,97.3,100.8,100.2,101.5,98.0,98.0,105.4,99.8,100.9,67.9,101.6,105.0,129.6,102.0,104.1,107.6,108.4,111.9,106.1,111.5,104.4,111.7,107.4,103.8,105.0,104.4,105.5,112.2,112.2,100.2,92.4,109.5,82.2,82.2,105.3,104.4,106.9,94.7,76.8,55.0,52.3,76.1,105.4,76.7,36.8,42.8,74.5,34.9,81.4,95.3,90.3,117.2,120.2,108.1,105.2,113.7,98.4,92.4,97.4,43.3,100.3,110.9,110.8,107.1,112.9,120.9,110.2,102.3,112.1,104.3,105.4,103.0,102.8,107.0,103.2,120.3,175.6,112.3,115.4,108.3,111.1,118.7,112.7,108.3,89.7,112.1,100.2,103.7,97.8,107.6,96.8,99.5,94.9,100.8,102.4,108.1,99.2,101.6,95.9,96.1,98.4,100.6,101.3,101.3,97.8,105.5,94.2,102.9,102.9
201611,110.4,105.4,110.5,102.7,107.2,108.0,88.8,92.1,113.9,159.8,108.9,109.5,110.9,110.9,108.5,113.4,95.4,106.8,108.3,119.0,102.1,122.1,110.7,99.4,95.0,100.6,102.8,88.3,107.1,117.1,106.5,101.8,98.8,100.4,93.5,101.7,94.3,101.1,116.2,84.4,97.9,98.1,96.5,98.3,97.9,98.4,113.8,103.8,103.5,94.7,94.3,106.1,106.2,106.0,105.6,108.9,104.1,108.1,103.8,104.4,104.4,104.9,108.5,105.6,113.4,104.0,105.9,106.1,101.3,123.9,104.3,104.5,91.6,104.2,104.6,104.9,104.7,104.7,105.2,98.9,98.0,97.3,97.3,100.7,100.0,101.6,98.0,98.0,105.4,99.7,101.0,67.2,101.5,104.7,131.1,101.9,104.2,107.6,108.4,111.9,106.1,111.5,104.4,111.7,107.4,103.8,105.0,104.4,105.9,112.5,112.5,100.4,92.8,109.5,84.8,84.8,105.4,104.4,107.0,94.6,76.2,55.7,50.7,78.0,105.3,80.1,37.4,43.3,73.4,36.5,81.4,92.4,88.5,109.2,114.7,108.5,105.5,114.3,98.5,92.7,97.2,44.2,100.0,112.0,110.8,106.4,113.5,120.9,109.8,102.1,112.4,104.4,105.5,103.6,103.0,107.0,102.7,120.7,175.5,112.5,116.4,107.9,111.5,119.0,113.1,108.2,90.8,112.3,100.7,103.7,97.7,107.6,97.7,101.7,95.1,101.2,104.0,108.4,100.4,102.1,94.7,95.7,99.0,100.6,101.1,101.1,97.8,105.5,94.2,102.9,102.9
201612,110.5,105.1,110.2,102.7,107.2,107.4,88.7,90.5,114.2,160.8,109.5,109.6,111.1,111.9,108.2,113.0,95.3,106.2,107.3,118.2,102.6,123.2,111.2,99.3,94.9,100.1,102.8,88.5,107.7,116.4,108.0,102.6,98.5,99.6,92.9,100.8,94.2,100.7,116.2,84.1,98.3,97.6,95.3,98.1,97.1,98.5,113.8,104.2,102.9,95.0,94.1,106.1,106.2,106.0,105.6,108.9,104.1,107.4,103.7,104.5,104.4,105.0,108.5,105.6,113.4,104.0,106.0,106.1,101.3,123.9,104.3,104.3,91.6,104.2,104.6,104.9,104.7,104.7,105.2,98.8,97.9,97.2,97.2,100.7,99.9,101.6,98.0,98.0,105.4,99.7,100.9,65.7,101.8,104.5,130.8,102.6,104.9,107.7,108.4,112.1,106.1,111.5,104.6,111.7,107.4,103.9,105.2,104.4,106.9,112.8,112.8,100.8,93.4,109.6,95.1,95.1,105.4,104.4,107.0,94.2,75.9,57.5,47.8,77.2,101.3,80.6,42.8,52.5,68.8,35.9,81.3,89.0,87.0,96.4,107.4,109.0,106.4,114.8,98.6,92.6,96.5,43.4,100.0,112.6,110.5,106.7,113.2,118.0,109.6,102.1,112.2,104.4,105.5,103.7,102.4,107.4,102.8,120.9,175.1,112.7,116.7,107.8,111.1,118.8,112.1,108.2,91.2,111.9,99.6,103.8,97.8,107.8,94.0,98.6,90.9,101.4,104.1,108.1,102.7,107.2,91.1,95.1,98.6,100.6,101.5,101.5,97.8,105.5,94.2,102.9,102.9
