類・品目,総合,財,農水畜産物,生鮮商品,他の農水畜産物,工業製品,食料工業製品,繊維製品,石油製品,他の工業製品,電気・都市ガス・水道,出版物,サービス,公共サービス,公営・都市再生機構・公社家賃,家事関連サービス,医療・福祉関連サービス,運輸・通信関連サービス,教育関連サービス,教養娯楽関連サービス,一般サービス,外食,民営家賃,持家の帰属家賃,他のサービス,家事関連サービス,医療・福祉関連サービス,教育関連サービス,通信・教養娯楽関連サービス,米類,耐久消費財,半耐久消費財,非耐久消費財,公共料金,生鮮食品を除く財,持家の帰属家賃を除くサービス,民営家賃（木造）,民営家賃（非木造）,持家の帰属家賃（木造）,持家の帰属家賃（非木造）,総合（季節調整済）,生鮮食品を除く総合（季節調整済）,持家の帰属家賃を除く総合（季節調整済）,持家の帰属家賃及び生鮮食品を除く総合（季節調整済）,食料（酒類を除く）及びエネルギーを除く総合（季節調整済）,財（季節調整済）,半耐久消費財（季節調整済）,生鮮食品を除く財（季節調整済）
Group/Item,All items,Goods,"Agricultural, aquatic & livestock products","Fresh food, raw meats & cut flowers","Other agricultural, aquatic & livestock products",Industrial products,Food products,Textiles,Petroleum products,Other industrial products,"Electricity, manufactured & piped gas & water charges",Publications,Services,Public services,"House rent, public, Urban Renaissance Agency & public corporation",Services related to domestic duties,Services related to medical care & welfare,Services related to forwarding & communication,Services related to education,Services related to culture & recreation,General services ,Meals outside the home,"House rent, private",Imputed rent,Other services,Services related to domestic duties,Services related to medical care & welfare,Services related to education,"Services related to communication, culture & recreation",Rice,Durable goods,Semi-durable goods,Non-durable goods,Fees for public services,"Goods, less fresh food","Services, less imputed rent","House rent, private (wooden)","House rent, private (non-wooden)",Imputed rent (wooden),Imputed rent (non-wooden),"All items, seasonally adjusted","All items, less fresh food, seasonally adjusted","All items, less imputed rent, seasonally adjusted","All items, less imputed rent & fresh food, seasonally adjusted","All items, less food (less alcoholic beverages) and energy, seasonally adjusted","Goods, seasonally adjusted","Semi-durable goods, seasonally adjusted","Goods, less fresh food, seasonally adjusted"
類・品目符号(Group/Item code),0201,0202,0203,0204,0205,0207,0208,0211,0214,0215,0218,0219,0220,0221,0222,0223,0224,0225,0226,0227,0228,0229,0230,0231,0232,0233,0234,0235,0236,0206,0237,0238,0239,0240,0241,0242,0245,0246,0247,0248,0901,0902,0903,0904,0905,0921,0922,0923
含類総連番(Serial number),751,752,753,754,755,756,757,758,759,760,761,762,763,764,765,766,767,768,769,770,771,772,773,774,775,776,777,778,779,780,781,782,783,784,785,786,787,788,789,790,791,792,793,794,795,796,797,798
ウエイト(Weight),3157986390,1557166225,217662803,192926855,24735948,1130164153,422235610,127210639,113517510,467200394,161749103,47590166,1600820165,379050071,12499014,143571381,82009921,104024876,6907306,30037573,1221770094,168111926,84334656,492151476,477172036,137975396,8266245,95854840,235075555,24018140,208409041,226688700,1122068484,558753827,1432145904,1108668689,,,,,,,,,,,,
ウエイト１万分比(Weight per 10000),10000,4931,689,611,78,3579,1337,403,359,1479,512,151,5069,1200,40,455,260,329,22,95,3869,532,267,1558,1511,437,26,304,744,76,660,718,3553,1769,4535,3511,,,,,,,,,,,,
197001,31.9,38.8,34.7,33.4,43.6,41.1,32.4,31.2,31.3,72.0,45.4,21.7,24.3,26.6,19.7,46.1,32.8,38.5,16.2,34.7,23.4,24.2,30.8,26.3,19.3,20.6,,11.2,26.1,44.4,155.4,,,35.1,40.2,23.5,,,,,,,,,,,,
197002,32.0,39.0,35.2,34.1,43.7,41.0,32.5,31.1,31.4,72.1,45.4,21.8,24.6,27.3,19.8,46.2,36.0,38.5,16.2,34.7,23.5,24.2,31.0,26.4,19.4,20.7,,11.2,26.1,44.5,155.4,,,35.6,40.2,23.7,,,,,,,,,,,,
197003,32.3,39.4,36.2,35.4,43.7,41.1,32.6,31.2,31.5,72.3,45.4,21.7,24.7,27.5,19.8,46.4,36.0,38.6,16.2,34.7,23.6,24.4,31.2,26.7,19.4,20.9,,11.2,26.1,44.5,155.4,,,35.6,40.3,23.9,,,,,,,,,,,,
197004,32.6,39.7,36.4,35.7,43.7,41.4,32.7,31.7,31.7,72.6,45.5,21.8,25.0,27.6,20.0,46.5,36.0,38.7,16.4,34.7,24.1,24.7,31.5,26.9,20.1,21.1,,11.7,26.6,44.5,155.8,,,35.7,40.5,24.3,,,,,,,,,,,,
197005,32.5,39.4,34.8,33.5,43.9,41.7,32.9,32.1,31.6,72.7,45.4,21.8,25.1,27.6,20.1,46.6,36.0,38.7,16.4,34.7,24.2,24.9,31.7,27.1,20.1,21.4,,11.7,26.7,44.6,155.8,,,35.7,40.7,24.4,,,,,,,,,,,,
197006,32.5,39.3,34.2,32.6,43.9,41.8,33.1,32.2,31.6,72.7,45.4,21.9,25.3,27.6,20.1,46.8,36.0,38.7,16.4,34.7,24.3,25.1,32.0,27.3,20.1,21.5,,11.7,26.7,44.6,155.4,,,35.7,40.7,24.4,,,,,,,,,,,,
197007,32.5,39.1,33.5,31.9,43.9,42.0,33.2,32.6,31.6,72.6,45.4,21.8,25.3,27.8,20.1,44.3,36.3,38.8,16.4,34.7,24.4,25.1,32.2,27.6,20.1,21.6,,11.7,26.7,44.6,154.9,,,35.8,40.7,24.5,,,,,,,,,,,,
197008,32.4,38.8,32.7,30.8,43.9,42.0,33.4,31.9,31.7,72.8,45.4,21.9,25.4,27.8,20.2,44.4,36.1,38.8,16.4,34.7,24.6,25.3,32.6,27.8,20.1,21.8,,11.7,26.7,44.6,155.4,,,35.8,40.7,24.5,,,,,,,,,,,,
197009,32.9,39.7,34.3,32.9,43.9,42.6,33.7,33.5,31.9,73.1,45.4,21.8,25.5,27.8,20.4,44.4,36.1,38.8,16.4,34.7,24.7,25.4,32.7,27.9,20.3,22.0,,11.7,27.0,44.6,155.8,,,35.8,41.2,24.6,,,,,,,,,,,,
197010,33.4,40.5,35.9,35.1,43.9,43.0,34.2,34.1,32.5,73.2,45.4,21.8,25.7,28.1,21.3,44.6,36.1,40.4,16.4,34.7,24.9,25.8,32.8,28.1,20.5,22.3,,11.7,27.0,44.6,155.2,,,36.0,41.7,24.9,,,,,,,,,,,,
197011,33.4,40.5,35.0,33.9,44.0,43.3,34.6,34.3,32.8,73.4,45.4,22.5,25.8,28.1,21.3,44.7,36.1,40.4,16.4,34.7,25.1,26.2,33.0,28.2,20.6,22.6,,11.7,27.1,44.8,155.2,,,36.0,42.0,25.0,,,,,,,,,,,,
197012,33.7,40.8,35.4,34.1,44.0,43.6,34.8,34.4,32.9,73.3,45.4,22.9,26.0,28.2,21.4,44.8,36.1,40.5,16.4,34.7,25.3,26.6,33.2,28.4,20.7,22.9,,11.7,27.1,44.8,154.5,,,36.1,42.4,25.3,,,,,,,,,,,,
197101,34.0,41.2,36.3,35.3,44.0,43.7,35.0,34.4,32.9,73.5,45.4,22.8,26.1,28.2,21.6,45.0,36.1,40.5,16.4,34.7,25.5,27.0,33.5,28.5,20.8,23.1,,11.7,36.6,44.8,154.3,,,36.1,42.5,25.3,,,,,,,,,,,,
197102,34.0,41.2,36.0,35.1,44.0,43.7,35.3,33.7,33.1,73.5,45.4,23.8,26.3,28.2,21.6,45.1,36.1,40.6,16.4,34.7,25.7,27.2,33.6,28.8,20.9,23.2,,11.7,36.6,44.8,153.9,,,36.1,42.5,25.5,,,,,,,,,,,,
197103,34.0,41.2,35.6,34.6,44.0,43.8,35.4,33.9,33.4,73.6,45.4,23.7,26.3,28.2,21.7,45.1,36.1,40.5,16.4,34.7,25.8,27.3,33.8,28.9,21.0,23.4,,11.7,36.6,44.8,153.9,,,36.1,42.7,25.5,,,,,,,,,,,,
197104,34.5,41.4,35.9,35.0,44.0,44.1,35.5,34.4,34.4,73.8,45.3,25.5,26.9,28.3,22.0,45.3,36.1,40.6,16.6,34.7,26.5,27.6,34.2,29.3,22.2,23.8,,12.7,39.0,44.8,153.9,,,36.1,42.7,26.2,,,,,,,,,,,,
197105,34.6,41.4,34.9,33.6,44.0,44.5,35.8,35.3,34.5,73.6,45.3,25.7,27.1,28.4,22.2,45.3,36.1,40.8,16.6,34.7,26.8,27.7,34.6,30.0,22.2,24.0,,12.6,38.9,44.8,153.3,,,36.2,43.1,26.3,,,,,,,,,,,,
197106,34.8,41.6,34.7,33.3,44.0,44.8,36.0,36.4,34.7,73.6,45.3,25.8,27.3,28.4,22.3,45.5,36.1,40.8,16.6,34.7,26.9,27.8,34.9,30.4,22.2,24.2,,12.6,38.9,44.8,152.4,,,36.2,43.4,26.4,,,,,,,,,,,,
197107,34.7,41.4,34.1,32.5,44.0,44.9,36.2,36.1,34.8,73.4,45.3,25.8,27.4,28.5,22.3,45.7,36.1,40.8,16.6,34.7,27.1,28.0,35.0,30.5,22.4,24.3,,12.6,39.0,44.8,151.8,,,36.3,43.4,26.5,,,,,,,,,,,,
197108,34.7,41.4,34.3,32.8,44.0,44.6,36.2,35.0,34.8,73.3,45.4,25.9,27.4,28.6,22.4,45.8,36.1,40.9,16.6,34.7,27.0,28.1,35.0,30.2,22.4,24.4,,12.6,39.0,44.8,151.6,,,36.3,43.4,26.5,,,,,,,,,,,,
197109,35.5,42.9,38.6,38.4,44.0,45.2,36.4,36.5,34.8,73.7,45.4,25.8,27.4,28.6,22.5,46.0,36.1,40.9,16.6,34.7,27.2,28.3,35.1,30.3,22.5,24.6,,12.6,38.9,44.8,152.2,,,36.3,43.8,26.7,,,,,,,,,,,,
197110,35.6,43.0,38.2,37.9,44.1,45.5,36.6,36.8,34.8,73.8,45.4,25.8,27.5,28.6,22.7,46.0,36.1,40.9,16.6,34.7,27.3,28.4,35.4,30.5,22.6,24.8,,12.7,39.0,44.9,152.0,,,36.3,44.0,26.8,,,,,,,,,,,,
197111,35.3,42.3,35.6,34.4,44.2,45.5,36.7,37.0,34.8,73.9,45.4,25.8,27.7,28.6,22.6,46.1,36.1,40.9,16.6,34.7,27.4,28.7,35.6,30.8,22.6,25.0,,12.7,39.0,44.9,152.0,,,36.3,44.2,26.9,,,,,,,,,,,,
197112,35.3,42.2,35.1,33.8,44.3,45.6,36.9,37.0,34.7,74.0,45.4,26.1,27.7,28.6,22.6,46.1,36.1,41.0,16.6,34.7,27.6,28.9,35.8,31.0,22.7,25.2,,12.7,39.0,45.0,151.8,,,36.4,44.3,26.9,,,,,,,,,,,,
197201,35.4,42.2,35.1,33.8,44.3,45.5,37.0,36.5,34.7,73.8,45.4,26.2,27.9,28.6,22.6,46.3,36.1,41.0,16.6,34.7,27.8,29.2,36.0,31.1,22.9,25.4,,12.7,38.8,45.0,150.9,,,36.4,44.2,27.1,,,,,,,,,,,,
197202,35.5,42.2,35.4,34.1,44.3,45.5,37.1,35.8,34.5,73.9,45.4,26.0,28.3,30.0,22.6,46.4,40.6,41.6,16.6,34.7,27.9,29.2,36.2,31.4,22.9,25.5,,12.7,38.9,45.0,150.9,,,37.2,44.1,27.5,,,,,,,,,,,,
197203,35.8,42.6,36.6,35.7,44.4,45.5,37.2,35.9,34.5,74.1,45.4,26.2,28.4,30.1,22.7,46.4,40.6,41.6,16.6,34.7,28.1,29.5,36.5,31.5,23.0,25.7,,12.7,38.7,45.1,150.9,,,37.2,44.3,27.6,,,,,,,,,,,,
197204,36.3,42.9,37.4,36.6,44.6,45.5,37.3,35.9,34.4,74.0,45.5,26.3,28.9,30.2,23.1,46.7,40.6,41.7,17.8,34.7,28.7,29.6,36.9,32.3,23.9,26.0,,13.7,39.2,45.4,150.7,,,37.4,44.3,28.2,,,,,,,,,,,,
197205,36.3,43.0,37.1,36.3,44.8,45.9,37.4,36.7,34.4,74.3,45.5,26.3,29.0,30.3,23.4,46.7,40.6,41.8,17.8,34.7,29.0,29.8,37.3,32.8,24.0,26.1,,13.9,39.2,45.5,151.1,,,37.4,44.5,28.3,,,,,,,,,,,,
197206,36.4,42.9,36.1,34.9,45.1,46.3,37.5,37.7,34.5,74.4,45.5,26.4,29.2,30.3,23.4,47.0,40.6,41.9,17.8,34.7,29.1,30.0,37.8,33.0,24.0,26.3,,13.9,39.1,45.9,150.9,,,37.5,44.7,28.4,,,,,,,,,,,,
197207,36.4,42.9,35.6,34.2,45.1,46.5,37.6,37.9,34.5,74.3,45.5,26.3,29.4,30.5,23.5,47.1,40.6,42.0,17.8,34.7,29.3,30.1,37.9,33.4,24.1,26.5,,13.9,39.1,45.9,150.5,,,37.6,44.9,28.5,,,,,,,,,,,,
197208,36.7,43.3,37.1,36.3,45.1,46.3,37.7,37.0,34.6,74.2,46.7,26.4,29.5,30.7,23.8,47.2,40.6,42.5,17.8,34.7,29.4,30.2,38.1,33.6,24.1,26.7,,13.9,39.1,45.9,150.3,,,37.8,44.8,28.5,,,,,,,,,,,,
197209,36.9,43.7,37.4,36.6,45.1,46.7,37.8,38.3,34.6,74.3,46.7,26.4,29.6,30.7,24.0,45.2,40.6,42.5,17.8,34.7,29.5,30.3,38.3,33.8,24.1,26.8,,13.9,39.1,45.9,150.3,,,37.8,45.2,28.7,,,,,,,,,,,,
197210,37.1,44.0,37.8,36.2,48.3,47.0,38.0,39.0,34.7,74.5,46.7,26.4,29.8,30.9,24.2,45.3,40.6,42.6,18.0,34.7,29.8,30.6,38.6,34.2,24.3,27.1,,13.9,39.1,49.2,150.5,,,37.9,45.8,28.9,,,,,,,,,,,,
197211,37.1,43.7,36.4,34.4,48.5,47.2,38.1,39.1,34.8,74.9,46.9,26.2,30.0,31.0,24.2,45.5,40.6,42.7,18.0,34.7,30.0,30.8,38.9,34.5,24.4,27.3,,13.9,39.1,49.4,150.9,,,38.1,46.1,28.9,,,,,,,,,,,,
197212,37.3,44.0,37.1,35.3,48.5,47.4,38.2,39.3,34.8,75.1,46.9,26.6,30.1,31.0,24.5,45.6,40.6,42.8,18.0,34.7,30.2,31.4,38.9,34.5,24.4,27.6,,13.9,39.1,49.4,151.1,,,38.1,46.3,29.2,,,,,,,,,,,,
197301,37.7,44.5,38.2,36.6,48.6,47.5,38.5,39.3,34.8,75.3,46.9,27.0,30.4,31.3,24.6,45.8,40.6,43.0,18.0,34.7,30.4,31.9,39.1,34.8,24.7,27.9,,13.9,39.2,49.5,151.1,,,38.2,46.4,29.4,,,,,,,,,,,,
197302,38.0,44.8,38.1,36.5,48.7,48.2,39.6,39.4,36.4,75.3,46.9,27.1,30.5,31.4,24.7,45.9,40.6,43.2,18.0,34.7,30.7,32.2,39.3,35.0,24.8,28.2,,13.9,39.4,49.5,150.9,,,38.3,46.9,29.6,,,,,,,,,,,,
197303,38.9,46.3,40.6,39.9,48.8,49.2,40.3,41.4,36.9,75.8,46.9,27.9,30.7,31.5,24.7,46.0,40.6,43.4,18.0,34.7,30.9,32.7,39.7,35.2,25.1,28.8,,13.9,39.3,49.6,150.7,,,38.3,48.0,29.9,,,,,,,,,,,,
197304,39.6,47.1,41.5,41.0,48.8,50.0,40.7,43.1,37.4,76.0,47.0,27.9,31.4,32.0,25.1,46.5,40.6,43.6,19.6,34.7,31.6,33.3,40.0,35.4,26.1,29.7,,15.0,39.6,49.6,150.5,,,38.7,48.6,30.6,,,,,,,,,,,,
197305,40.3,48.1,42.7,42.5,48.9,51.0,40.9,45.8,37.6,76.8,47.1,27.9,31.7,32.1,25.3,46.7,40.6,43.6,19.6,34.7,31.9,33.7,40.4,35.8,26.3,30.1,,15.3,39.6,49.8,152.2,,,38.7,49.3,30.9,,,,,,,,,,,,
197306,40.4,47.8,40.4,39.4,49.0,51.7,41.5,46.5,37.8,77.1,47.0,28.0,32.2,32.2,25.6,47.1,40.6,43.7,19.6,34.7,32.6,34.2,40.8,36.3,27.4,30.7,,15.3,43.7,49.9,152.6,,,38.7,49.8,31.5,,,,,,,,,,,,
197307,40.7,48.1,40.6,39.7,49.1,51.9,41.9,46.7,38.0,77.4,47.0,30.3,32.4,32.3,25.7,47.6,40.6,43.9,19.6,34.7,32.9,34.4,41.2,36.8,27.5,30.8,,15.3,43.6,49.9,152.6,,,38.8,50.0,31.7,,,,,,,,,,,,
197308,41.0,48.8,42.1,41.7,49.2,52.1,42.1,46.1,38.4,77.7,47.0,30.7,32.5,32.4,25.7,47.9,40.6,44.0,19.6,34.7,33.1,34.7,41.4,37.0,27.6,31.2,,15.3,43.4,50.0,153.0,,,38.9,50.5,31.8,,,,,,,,,,,,
197309,42.2,50.5,45.5,46.1,49.4,53.4,42.7,49.0,38.6,78.7,47.0,31.7,32.7,32.4,25.9,48.2,40.6,44.0,20.0,34.7,33.3,35.0,41.7,37.1,27.9,31.8,,15.3,43.5,50.3,154.1,,,38.9,51.6,32.1,,,,,,,,,,,,
197310,42.4,50.9,43.8,43.6,50.1,54.5,43.6,50.9,39.3,80.2,47.9,31.6,32.7,31.1,25.9,48.4,34.0,44.0,20.0,34.7,33.7,35.7,42.0,37.3,28.2,32.4,,15.3,43.5,51.0,157.1,,,38.3,52.8,32.0,,,,,,,,,,,,
197311,42.7,51.3,42.5,41.6,51.0,56.0,44.7,51.4,42.2,82.2,47.9,31.6,33.1,31.1,25.9,48.6,34.0,44.0,20.0,34.7,34.1,37.0,42.1,37.2,28.6,33.4,,15.3,43.5,51.8,159.8,,,38.3,53.9,32.4,,,,,,,,,,,,
197312,44.1,53.5,44.6,44.2,51.5,58.4,46.4,52.4,50.3,85.4,47.9,32.0,33.6,31.3,25.9,48.4,34.0,44.1,20.0,34.7,34.8,38.1,42.2,37.4,29.5,35.6,,15.3,43.7,52.3,164.2,,,38.3,56.0,33.1,,,,,,,,,,,,
197401,46.0,56.3,47.9,48.4,51.6,61.4,50.2,53.0,50.7,89.6,48.1,32.5,34.2,31.5,25.9,48.9,34.0,44.1,20.0,34.7,35.5,39.5,42.5,37.6,30.3,37.4,,15.3,44.3,52.4,171.0,,,38.4,58.2,33.8,,,,,,,,,,,,
197402,47.5,58.4,50.6,52.1,51.9,63.2,52.4,53.0,49.8,94.1,48.2,34.0,34.9,33.3,26.0,49.7,40.3,44.9,20.0,34.7,35.9,40.5,42.7,37.7,30.8,38.5,,15.3,44.6,52.7,184.1,,,39.6,59.8,34.8,,,,,,,,,,,,
197403,47.7,58.7,50.1,51.2,52.0,64.0,53.3,53.5,49.8,95.4,48.2,34.2,35.2,33.3,26.1,50.4,40.3,45.0,20.0,34.7,36.3,41.0,42.9,38.0,31.1,39.2,,15.3,45.2,52.8,186.4,,,39.8,60.3,35.0,,,,,,,,,,,,
197404,49.0,60.2,52.9,54.9,52.0,64.9,53.8,54.0,55.9,96.1,48.5,34.3,36.2,33.7,26.5,51.7,40.3,45.1,21.4,34.7,37.4,41.3,43.2,38.3,33.3,40.2,,17.9,46.6,52.8,187.7,,,40.0,61.1,36.3,,,,,,,,,,,,
197405,49.2,60.0,49.4,50.4,52.2,66.3,55.0,56.8,55.9,96.8,48.6,34.3,36.5,34.0,26.5,53.3,40.3,45.3,21.4,34.7,37.7,41.8,43.6,38.5,33.6,40.8,,18.3,46.7,53.1,189.0,,,40.2,62.0,36.7,,,,,,,,,,,,
197406,49.4,60.4,47.5,47.9,52.4,67.3,55.5,58.1,59.6,97.5,55.0,34.3,37.1,34.1,26.6,53.9,40.3,45.3,21.4,34.7,38.0,42.2,43.9,38.8,33.9,41.4,,18.3,46.9,53.2,190.5,,,41.1,63.1,37.0,,,,,,,,,,,,
197407,50.4,61.9,50.2,51.3,52.5,67.8,56.3,57.7,59.9,98.1,55.1,41.4,37.4,34.4,26.7,54.8,40.3,45.3,21.4,34.7,38.4,42.3,44.2,39.2,34.3,42.0,,18.3,47.0,53.3,191.5,,,41.2,64.1,37.1,,,,,,,,,,,,
197408,50.9,62.5,52.5,54.3,52.7,67.4,57.0,54.9,59.9,98.4,55.3,42.8,37.7,35.0,27.0,55.3,40.3,47.8,21.4,34.7,38.7,42.9,44.6,39.5,34.5,42.5,,18.3,47.1,53.5,191.7,,,41.6,64.1,37.6,,,,,,,,,,,,
197409,51.6,63.7,54.3,56.5,53.0,68.3,57.4,56.4,61.4,99.0,58.0,42.7,38.1,35.1,27.3,55.7,40.3,48.3,21.4,34.7,39.0,43.5,44.7,39.7,34.8,43.1,,18.4,47.3,53.8,191.7,,,42.2,65.2,37.9,,,,,,,,,,,,
197410,52.8,64.8,55.6,54.0,68.2,69.3,58.1,57.7,62.0,100.4,58.3,45.6,39.2,38.1,27.3,55.9,46.8,49.8,21.4,34.7,39.7,45.5,45.1,40.0,35.1,43.8,,18.4,47.6,69.4,196.2,,,44.0,67.4,39.4,,,,,,,,,,,,
197411,53.2,65.1,54.8,52.7,68.9,69.9,58.9,57.7,64.8,100.7,60.5,45.6,39.9,38.6,27.4,56.1,46.8,50.6,21.4,34.7,40.3,46.7,45.6,40.7,35.5,44.5,,18.4,47.8,70.1,196.6,,,44.6,68.1,39.8,,,,,,,,,,,,
197412,53.4,65.3,54.4,52.4,69.0,70.3,59.6,57.7,64.7,100.9,60.5,46.0,40.2,38.8,27.9,56.3,46.8,50.8,21.4,34.7,40.7,47.8,45.6,40.9,35.8,45.1,,18.4,47.8,70.3,196.6,,,44.8,68.5,40.2,,,,,,,,,,,,
197501,54.0,65.8,56.1,54.7,68.8,70.4,60.0,56.9,64.5,100.8,59.3,45.8,40.7,38.9,27.8,56.5,46.8,50.8,21.5,34.7,41.4,48.4,46.0,41.3,36.8,45.7,,18.4,48.3,70.0,196.0,,,44.8,68.3,40.9,,,,,,,,,,,,
197502,54.1,65.8,56.4,54.9,68.8,70.3,60.2,56.0,64.3,101.0,59.6,45.7,40.9,38.9,27.9,56.6,46.8,50.9,21.5,34.7,41.6,48.6,46.4,41.5,36.9,45.9,,18.4,48.4,70.0,196.4,,,45.0,68.3,41.0,,,,,,,,,,,,
197503,54.6,66.6,59.0,58.1,69.0,70.5,60.5,56.2,64.7,101.1,59.8,45.8,41.0,39.0,28.1,56.8,46.8,50.9,21.5,34.7,41.8,48.8,46.7,41.8,37.0,46.2,,18.4,48.5,70.3,196.4,,,45.1,68.8,41.1,,,,,,,,,,,,
197504,55.5,67.0,59.2,58.4,69.0,70.8,60.6,57.0,64.9,101.4,60.3,45.8,42.6,39.8,28.8,57.5,46.8,51.5,22.8,34.7,43.5,49.2,47.3,42.3,40.4,46.7,19.3,23.5,54.2,70.3,197.0,,,45.4,69.1,43.1,,,,,,,,,,,,
197505,55.8,67.2,58.7,57.7,69.0,71.5,60.9,58.8,64.8,101.5,60.3,45.9,42.9,40.1,28.9,58.0,46.8,51.5,22.8,34.7,43.8,49.3,47.9,43.0,40.5,46.9,19.6,23.5,54.2,70.3,197.0,,,45.4,69.2,43.4,,,,,,,,,,,,
197506,55.8,67.0,56.8,55.5,69.0,71.8,61.2,59.4,64.7,101.8,60.4,45.9,43.2,40.1,29.2,58.6,46.8,51.6,22.8,34.7,44.1,49.6,48.4,43.5,40.7,47.2,19.6,23.5,54.5,70.3,197.0,,,45.6,69.6,43.5,,,,,,,,,,,,
197507,56.0,67.0,56.7,55.3,69.2,71.9,61.5,59.3,65.0,101.7,60.5,45.8,43.4,40.2,29.3,58.8,46.8,51.6,22.8,34.7,44.5,49.7,48.8,44.1,41.0,47.4,20.1,23.5,55.4,70.4,197.0,,,45.6,69.8,43.8,,,,,,,,,,,,
197508,55.8,66.7,57.3,56.1,69.2,71.1,61.7,55.8,65.1,101.5,61.2,46.0,43.5,40.4,29.3,59.1,46.8,51.7,22.8,34.7,44.7,50.0,49.0,44.4,41.1,47.6,20.2,23.5,55.5,70.4,196.6,,,45.8,69.4,43.9,,,,,,,,,,,,
197509,57.0,68.7,61.7,59.5,79.0,72.3,62.0,60.0,65.2,101.7,62.0,46.0,43.8,40.5,29.4,59.2,46.8,51.9,22.8,34.7,44.9,50.7,49.3,44.5,41.2,47.9,20.2,23.5,55.5,80.5,196.4,,,46.7,71.0,44.2,,,,,,,,,,,,
197510,57.9,70.3,66.4,64.9,80.2,72.7,62.3,61.0,65.2,101.9,62.3,46.0,44.0,40.5,29.5,59.3,46.8,52.0,22.8,34.7,45.2,51.0,49.5,44.7,41.5,48.2,20.4,23.5,55.8,81.7,196.6,,,47.0,71.5,44.4,,,,,,,,,,,,
197511,57.7,69.6,63.1,61.0,80.4,72.9,62.4,61.3,65.3,102.4,62.6,45.9,44.3,40.6,29.5,59.5,46.8,52.1,22.8,34.7,45.4,51.3,49.9,45.1,41.6,48.4,20.4,23.5,56.0,82.0,198.3,,,47.0,71.8,44.6,,,,,,,,,,,,
197512,57.7,69.4,61.8,59.3,80.4,73.2,62.5,61.3,66.0,102.4,62.9,46.5,44.5,41.2,29.5,59.6,46.8,52.6,22.8,34.7,45.7,51.7,50.3,45.3,41.8,48.8,20.4,23.5,56.3,82.0,198.5,,,47.4,72.0,45.0,,,,,,,,,,,,
197601,58.7,70.9,65.1,63.2,80.4,74.3,63.0,60.0,66.9,106.4,63.3,46.3,45.0,42.0,29.5,59.8,46.8,54.4,22.8,34.7,46.1,52.5,50.6,45.5,42.1,49.3,21.1,29.3,56.5,82.0,198.9,,,52.3,72.7,45.5,,,,,,,,,,,,
197602,59.2,71.2,66.4,64.9,80.6,74.2,63.3,58.9,67.1,106.4,63.4,46.3,45.4,42.9,29.6,59.9,46.8,55.5,22.8,34.7,46.4,52.9,51.1,45.9,42.2,49.6,21.1,29.3,56.6,82.1,198.7,,,52.8,72.7,45.9,,,,,,,,,,,,
197603,59.3,71.6,66.2,64.7,80.6,74.7,64.0,59.7,67.1,106.7,63.5,46.9,45.5,42.9,29.7,59.9,46.8,55.5,22.8,34.7,46.6,53.2,51.5,46.2,42.4,50.1,21.1,29.3,56.5,82.1,198.7,,,52.8,73.3,46.0,,,,,,,,,,,,
197604,60.7,72.6,69.4,68.5,80.6,75.2,64.2,60.4,67.1,107.1,64.2,46.9,47.2,45.4,31.7,60.7,50.7,55.7,37.0,34.7,48.1,54.1,52.1,46.9,44.8,50.8,25.5,33.7,57.2,82.1,200.2,,,54.5,73.7,48.0,,,,,,,,,,,,
197605,61.0,72.7,67.6,66.3,80.6,75.9,64.3,63.2,67.0,107.3,64.6,46.9,47.6,46.0,31.8,62.1,50.7,55.8,37.0,34.7,48.5,54.6,52.7,47.5,44.9,51.1,25.5,34.0,57.1,82.1,200.0,,,54.8,74.2,48.4,,,,,,,,,,,,
197606,61.1,72.6,65.9,64.2,80.6,76.5,64.6,64.9,67.2,107.4,64.8,47.0,48.0,46.7,31.9,62.7,50.7,55.8,37.0,53.0,48.8,54.8,53.4,48.2,45.0,51.4,25.5,34.0,57.2,82.1,200.0,,,55.2,74.6,48.7,,,,,,,,,,,,
197607,61.5,73.0,66.3,64.8,80.6,76.9,64.8,64.6,71.7,107.5,66.6,46.9,48.2,46.7,32.2,63.0,50.7,55.8,37.0,53.0,49.0,55.0,53.8,48.4,45.2,51.9,25.9,34.0,57.2,82.1,200.2,,,55.5,75.0,49.0,,,,,,,,,,,,
197608,61.1,72.1,64.3,62.3,80.6,76.1,64.9,60.5,72.3,107.7,68.2,47.6,48.5,46.7,32.3,63.2,50.7,55.8,37.0,53.0,49.3,55.2,54.1,48.7,45.5,52.2,26.2,34.0,57.5,82.1,200.2,,,55.8,74.6,49.1,,,,,,,,,,,,
197609,62.6,74.7,69.6,67.4,87.7,77.6,65.3,65.5,72.4,108.0,71.8,47.8,49.0,46.9,32.3,63.5,50.7,55.9,37.2,53.0,49.6,55.6,54.4,49.0,45.6,52.7,26.4,34.0,57.5,89.4,200.0,,,57.0,76.3,49.4,,,,,,,,,,,,
197610,63.0,75.3,70.2,67.9,88.7,78.1,65.5,67.0,72.5,108.2,73.4,47.7,49.3,47.1,32.3,63.8,50.7,56.1,37.6,53.0,49.8,56.0,54.6,49.3,45.8,53.1,26.4,34.0,57.5,90.4,199.8,,,57.5,76.9,49.5,,,,,,,,,,,,
197611,63.0,74.7,67.3,64.2,89.0,78.4,65.6,67.4,72.5,108.6,73.4,47.7,50.0,49.9,33.9,63.9,50.7,58.0,37.6,53.0,50.0,56.3,55.0,49.6,45.9,53.4,26.4,34.0,57.6,90.6,200.0,,,58.8,77.0,50.5,,,,,,,,,,,,
197612,63.8,74.9,67.3,64.3,89.0,78.7,66.0,67.3,72.3,108.9,73.4,48.4,51.1,54.8,34.8,64.0,50.7,72.3,37.6,53.0,50.3,56.7,55.4,50.0,46.1,53.8,26.4,34.0,57.6,90.6,200.0,,,61.5,77.5,51.9,,,,,,,,,,,,
197701,64.3,75.7,71.0,68.8,89.2,78.4,66.4,65.5,72.2,109.3,73.4,47.9,51.4,55.0,36.2,64.1,50.7,72.5,37.6,53.0,50.7,57.1,55.8,50.4,46.3,54.3,26.5,34.2,57.9,90.7,200.4,,,61.5,77.3,52.2,,,,,,,,,,,,
197702,64.6,76.2,73.1,71.3,89.2,78.0,66.5,63.7,72.0,109.5,74.8,48.0,51.6,55.3,36.7,64.2,50.7,73.4,37.6,53.0,50.9,57.4,56.1,50.7,46.5,54.4,26.7,34.2,57.9,90.7,200.6,,,61.9,77.2,52.3,,,,,,,,,,,,
197703,65.0,76.8,74.4,72.8,89.2,78.6,66.8,64.9,72.0,109.8,74.8,48.0,51.8,55.3,36.7,64.4,50.7,73.4,37.6,53.0,51.1,57.7,56.5,51.0,46.6,54.8,26.7,34.2,57.9,90.7,200.6,,,61.9,77.7,52.5,,,,,,,,,,,,
197704,66.1,77.2,74.4,72.8,89.4,79.2,67.2,65.8,72.4,110.3,75.5,48.0,53.4,58.6,38.7,64.9,50.7,79.6,46.8,53.0,52.3,58.2,57.0,51.5,48.7,55.4,27.9,38.1,58.9,90.9,201.0,,,63.8,77.8,54.6,,,,,,,,,,,,
197705,66.7,77.8,74.3,72.7,89.4,80.1,67.8,67.8,72.5,110.9,75.6,48.1,54.2,59.1,39.8,65.3,50.7,80.3,46.8,53.0,53.1,58.6,57.7,52.2,49.9,55.6,27.9,38.3,62.6,90.9,202.3,,,64.1,78.4,55.4,,,,,,,,,,,,
197706,66.4,77.1,70.7,68.2,89.4,80.6,68.5,68.2,72.4,111.0,75.5,48.2,54.4,59.2,39.8,65.9,50.7,80.5,46.8,53.0,53.4,58.7,58.3,52.6,50.0,55.9,27.9,38.4,62.6,90.9,202.3,,,64.2,78.7,55.5,,,,,,,,,,,,
197707,66.2,76.6,68.5,65.5,89.5,80.7,69.2,67.8,72.3,111.0,75.5,48.2,54.5,59.4,40.3,66.2,50.7,80.5,46.8,53.0,53.6,59.0,58.5,52.9,50.2,56.1,27.9,38.4,62.6,91.0,202.3,,,64.2,78.9,55.7,,,,,,,,,,,,
197708,66.3,76.6,70.8,68.5,89.5,79.8,69.5,63.2,72.0,111.1,75.6,48.3,54.6,59.5,40.9,66.4,50.7,80.6,46.8,53.0,53.8,59.1,58.9,53.3,50.2,56.4,27.9,38.4,62.8,91.0,202.1,,,64.2,78.2,55.8,,,,,,,,,,,,
197709,67.4,78.6,74.4,71.4,95.7,81.3,69.8,68.8,71.9,111.2,75.6,48.3,54.8,59.5,41.0,66.6,50.7,80.6,46.8,53.0,53.9,59.4,59.1,53.4,50.3,56.6,28.0,38.4,62.7,97.3,201.9,,,64.8,79.8,56.0,,,,,,,,,,,,
197710,67.8,79.0,75.1,72.1,97.0,81.7,70.0,69.8,71.8,111.4,75.6,48.3,55.0,59.5,41.4,66.7,50.7,80.7,46.9,53.0,54.2,59.7,59.6,54.1,50.4,56.7,28.0,38.4,62.7,98.7,202.1,,,64.9,80.1,56.1,,,,,,,,,,,,
197711,67.1,77.6,69.3,65.0,97.0,81.8,70.2,69.9,71.7,111.6,75.6,48.4,55.2,59.6,41.4,66.9,50.7,80.9,46.9,53.0,54.4,60.0,59.7,54.3,50.4,56.9,28.0,38.4,62.8,98.7,202.3,,,65.0,80.3,56.2,,,,,,,,,,,,
197712,66.9,77.2,67.5,62.8,97.1,81.9,70.6,69.6,71.2,111.7,75.6,48.9,55.2,59.8,41.7,66.9,50.7,81.1,46.9,53.0,54.5,60.2,60.1,54.4,50.5,57.1,28.0,38.4,62.8,98.8,202.1,,,65.1,80.5,56.4,,,,,,,,,,,,
197801,67.2,77.6,69.7,65.5,97.1,81.6,70.8,67.6,70.5,111.9,75.7,48.4,55.5,60.1,42.0,67.1,52.3,81.2,46.9,53.0,54.7,60.4,60.3,54.6,50.7,57.2,28.1,38.4,63.0,98.8,202.3,,,65.3,80.2,56.5,,,,,,,,,,,,
197802,67.6,77.8,71.4,67.6,97.1,81.2,71.1,65.7,69.6,112.1,75.9,49.1,55.9,61.0,42.0,67.2,57.3,81.2,46.9,53.0,55.1,60.6,60.8,55.3,50.9,57.4,32.0,38.4,62.9,98.8,202.3,,,66.0,79.9,57.0,,,,,,,,,,,,
197803,68.2,78.7,73.9,70.8,97.1,81.5,71.3,66.5,68.8,112.1,76.0,50.0,56.0,61.1,42.1,67.3,57.3,81.3,46.9,53.0,55.2,60.6,61.1,55.6,51.0,57.6,32.1,38.4,62.9,98.8,202.1,,,66.0,80.2,57.2,,,,,,,,,,,,
197804,68.9,79.1,74.5,71.4,97.2,81.8,71.4,67.6,68.1,112.5,76.3,50.1,57.2,62.7,43.9,67.7,57.3,81.3,61.4,53.0,56.2,61.0,61.7,56.3,52.6,57.9,32.8,41.4,63.5,98.9,202.7,,,67.0,80.4,58.4,,,,,,,,,,,,
197805,69.3,79.7,74.4,71.2,97.2,82.8,72.0,70.6,67.4,112.8,76.3,50.1,57.4,62.8,44.0,68.0,57.3,81.3,61.4,53.0,56.5,61.2,62.4,56.9,52.7,58.0,32.8,41.6,63.5,98.9,203.6,,,67.0,81.1,58.5,,,,,,,,,,,,
197806,69.0,78.8,70.9,67.0,97.2,82.8,72.2,71.0,66.6,113.0,76.3,50.8,57.6,62.9,44.2,68.4,57.3,81.3,61.4,53.0,56.8,61.4,62.8,57.6,52.8,58.2,32.8,41.6,63.3,98.9,203.8,,,67.1,81.0,58.7,,,,,,,,,,,,
197807,69.2,79.2,71.7,68.0,97.2,83.0,72.6,70.6,65.9,113.5,76.4,50.8,57.9,63.8,44.3,67.8,57.3,81.9,61.4,53.0,57.0,61.5,63.2,57.8,52.9,58.3,32.9,41.6,63.4,98.9,205.0,,,67.5,81.2,59.0,,,,,,,,,,,,
197808,69.4,79.3,75.2,72.2,97.2,81.6,72.6,65.4,65.3,113.6,76.4,50.9,57.9,63.9,44.5,67.9,57.3,82.0,61.4,53.0,57.1,61.7,63.3,58.0,52.9,58.5,32.9,41.6,63.4,98.9,205.0,,,67.6,80.3,59.0,,,,,,,,,,,,
197809,70.1,80.7,77.0,74.5,97.2,83.1,72.6,71.1,64.4,113.7,76.4,50.9,58.1,64.1,47.4,68.1,57.3,82.0,61.4,53.0,57.2,61.8,63.6,58.2,52.9,58.6,33.0,41.6,63.3,98.9,205.0,,,67.7,81.4,59.2,,,,,,,,,,,,
197810,70.3,80.8,77.3,74.8,97.2,83.3,72.7,72.0,63.5,113.7,72.5,51.9,58.1,64.7,47.5,68.2,57.3,82.6,61.4,53.0,57.4,61.9,64.0,58.6,53.0,58.8,33.0,41.6,63.4,98.9,204.4,,,67.3,81.3,59.4,,,,,,,,,,,,
197811,69.6,79.3,71.7,68.0,97.2,83.3,72.7,72.3,62.8,113.9,72.5,52.4,58.2,64.7,48.5,68.3,57.3,82.6,61.4,53.0,57.4,61.9,64.1,58.8,53.0,59.0,33.0,41.6,63.3,98.9,204.6,,,67.4,81.4,59.5,,,,,,,,,,,,
197812,69.5,79.0,70.5,66.6,97.0,83.3,72.7,72.2,62.2,113.9,73.1,53.3,58.3,64.9,48.5,68.9,57.3,82.7,61.4,53.0,57.6,62.1,64.3,59.0,53.1,59.1,33.0,41.6,63.3,98.8,204.2,,,67.5,81.6,59.6,,,,,,,,,,,,
197901,69.6,79.0,71.7,67.8,97.0,82.8,72.7,70.4,61.9,113.9,73.2,52.8,58.5,65.3,48.7,68.9,57.3,83.7,61.4,53.0,57.7,62.2,64.5,59.1,53.2,59.4,33.0,41.6,63.3,98.8,204.2,,,67.9,81.0,59.8,,,,,,,,,,,,
197902,69.4,78.6,71.1,66.9,99.0,82.3,72.8,68.2,61.7,114.0,73.2,52.8,58.6,65.3,48.8,69.0,57.3,83.8,61.4,53.0,57.9,62.3,64.7,59.4,53.3,59.6,33.0,41.6,63.3,100.9,204.2,,,68.0,80.7,59.9,,,,,,,,,,,,
197903,70.0,79.6,73.8,70.2,99.3,82.7,72.8,69.4,62.7,114.1,73.2,52.8,58.7,65.2,48.8,69.1,57.3,83.7,61.4,53.0,58.0,62.4,64.8,59.6,53.4,59.8,33.0,41.6,63.3,101.1,204.2,,,68.0,81.2,60.0,,,,,,,,,,,,
197904,70.9,80.4,75.1,71.7,99.4,83.2,72.8,70.1,66.5,114.1,77.5,52.8,59.8,66.6,50.3,68.9,57.3,83.9,72.1,53.0,58.8,62.7,65.1,59.8,55.0,60.1,34.6,43.9,64.6,101.2,205.3,,,69.4,81.6,61.1,,,,,,,,,,,,
197905,71.5,81.5,76.2,73.1,99.4,84.4,72.8,74.3,67.5,114.2,77.5,52.8,60.1,66.7,50.6,69.2,57.3,83.9,72.1,53.0,59.2,63.0,65.4,60.3,55.4,60.5,34.7,44.2,65.2,101.2,205.7,,,69.5,82.6,61.3,,,,,,,,,,,,
197906,71.6,81.3,73.6,69.8,99.4,85.4,72.9,75.3,77.0,113.8,77.5,52.8,60.3,67.6,50.8,69.5,57.3,84.5,72.1,53.0,59.3,63.2,65.6,60.5,55.3,60.7,34.7,44.3,64.5,101.2,205.9,,,69.9,83.1,61.6,,,,,,,,,,,,
197907,72.2,82.4,76.9,73.9,99.4,85.5,72.9,74.8,79.5,113.9,77.5,52.8,60.4,67.6,51.0,69.7,57.3,84.5,72.1,53.0,59.3,63.3,65.6,60.5,55.4,61.3,34.8,44.3,64.2,101.2,206.1,,,70.0,83.3,61.7,,,,,,,,,,,,
197908,71.5,80.9,74.0,70.3,99.4,84.4,73.0,68.8,83.1,113.9,77.7,53.0,60.6,67.8,51.3,70.0,57.3,84.7,72.1,53.0,59.5,63.4,65.7,60.6,55.8,61.4,34.8,44.2,65.5,101.2,206.3,,,70.1,82.6,62.0,,,,,,,,,,,,
197909,72.4,82.5,75.4,72.0,99.4,86.2,73.1,74.6,85.5,114.4,77.7,52.8,60.8,67.9,51.7,70.2,57.3,84.9,72.1,53.0,59.7,63.6,66.0,60.9,55.8,61.7,34.8,44.3,65.0,101.2,206.3,,,70.2,84.2,62.1,,,,,,,,,,,,
197910,73.3,83.8,79.4,76.9,99.4,87.0,73.1,76.1,87.9,114.8,77.7,53.0,60.9,68.0,51.9,70.3,57.3,85.0,72.1,53.0,59.9,63.7,66.1,61.2,55.9,62.1,34.8,44.3,64.9,101.2,206.3,,,70.2,84.5,62.2,,,,,,,,,,,,
197911,73.0,83.2,76.5,73.3,99.4,87.0,73.1,75.8,88.6,115.3,77.8,53.0,61.1,68.3,52.1,70.6,57.3,85.3,72.1,53.0,60.1,63.9,66.4,61.4,56.3,62.5,34.8,44.3,65.7,101.2,206.7,,,70.4,84.8,62.5,,,,,,,,,,,,
197912,73.5,83.8,77.5,74.6,99.2,87.7,73.2,75.7,93.8,115.5,77.8,53.6,61.2,68.4,52.2,70.8,57.3,85.6,72.1,53.0,60.2,64.1,66.5,61.5,56.3,63.0,34.8,44.3,65.0,101.1,206.9,,,70.5,85.4,62.5,,,,,,,,,,,,
198001,74.2,84.7,81.0,78.9,99.5,87.9,73.5,74.5,94.6,116.3,78.3,52.6,62.7,68.9,52.1,71.0,56.9,85.6,72.9,53.0,60.8,64.5,66.9,61.8,57.1,63.4,34.9,44.3,67.6,101.4,206.9,74.5,78.2,70.7,85.3,63.2,,,,,,,,,,,,
198002,74.8,85.7,84.3,82.5,101.1,88.0,73.8,71.4,100.9,116.0,79.3,52.6,62.9,69.0,52.2,71.2,56.9,85.6,72.9,53.0,61.0,64.9,67.1,62.0,57.1,63.7,34.9,44.3,67.3,103.1,206.9,72.8,80.0,71.0,85.7,63.2,,,,,,,,,,,,
198003,75.2,86.3,84.2,82.5,101.4,88.8,74.7,72.5,101.6,116.9,79.7,52.7,63.1,69.4,52.2,71.3,57.4,86.4,72.9,53.0,61.2,65.4,67.3,62.3,57.2,64.2,34.9,44.4,67.2,103.3,207.2,73.9,80.4,71.3,86.5,63.6,,,,,,,,,,,,
198004,76.6,87.8,81.5,79.1,101.5,90.0,75.6,73.8,103.7,117.4,103.6,52.8,64.3,70.4,52.8,71.9,57.4,86.4,87.9,53.0,62.4,66.4,67.5,62.6,59.2,65.2,35.8,47.2,69.1,103.4,208.2,75.0,81.9,76.3,88.9,65.0,,,,,,,,,,,,
198005,77.2,88.5,78.1,75.0,101.6,92.2,76.5,77.6,106.0,119.8,104.1,52.9,65.0,71.6,53.4,72.1,57.4,86.8,87.9,65.6,62.8,67.2,68.0,63.0,59.5,65.7,35.9,47.2,69.8,103.6,208.6,77.6,82.0,79.1,90.5,65.7,,,,,,,,,,,,
198006,77.5,89.0,77.4,74.1,101.6,92.7,76.8,78.9,106.2,120.3,104.2,58.8,65.1,71.7,53.6,72.8,57.4,86.8,87.9,65.6,63.1,67.6,68.3,63.4,59.5,66.1,35.9,47.2,69.4,103.6,209.3,78.7,82.4,79.2,91.1,65.8,,,,,,,,,,,,
198007,77.6,88.9,76.7,73.3,101.6,92.6,77.1,77.8,104.8,120.9,105.1,60.9,65.3,71.8,55.3,73.3,57.4,86.8,87.9,65.6,63.3,67.8,68.4,63.6,59.7,66.4,35.9,47.2,69.7,103.6,209.5,78.3,82.4,79.5,91.1,66.1,,,,,,,,,,,,
198008,77.4,88.3,78.8,75.7,101.6,91.0,77.3,70.5,103.3,121.3,105.2,61.1,65.5,71.9,55.4,73.6,57.3,86.8,87.9,65.6,63.5,68.0,68.7,63.7,60.1,66.6,36.0,47.2,70.8,103.6,209.5,73.6,83.1,79.5,90.2,66.2,,,,,,,,,,,,
198009,78.7,90.7,82.7,80.5,101.6,93.1,77.8,78.4,102.3,122.2,105.6,61.0,65.6,72.0,55.6,73.7,57.3,86.8,88.0,65.6,63.6,68.2,68.8,63.8,60.0,66.8,36.0,47.1,70.4,103.6,210.5,79.0,84.5,79.7,91.8,66.3,,,,,,,,,,,,
198010,78.9,90.9,81.7,79.2,102.4,93.7,78.1,80.1,101.4,123.0,105.9,60.9,65.7,72.2,55.8,73.9,57.3,87.0,88.0,65.6,63.7,68.3,69.0,63.9,60.2,67.0,36.0,47.1,70.5,104.3,211.4,80.3,84.2,79.7,92.6,66.4,,,,,,,,,,,,
198011,79.1,91.1,81.6,78.9,103.4,94.0,78.4,80.5,100.8,123.5,106.0,61.2,65.9,72.2,55.8,74.1,57.3,87.0,88.0,65.6,63.9,68.6,69.3,64.1,60.2,67.2,36.0,47.1,70.7,105.4,211.8,80.7,84.3,79.9,92.9,66.5,,,,,,,,,,,,
198012,78.8,90.6,79.3,76.1,103.7,94.1,78.6,80.5,100.2,123.6,106.0,62.2,65.9,71.8,56.1,74.1,57.3,85.9,88.0,65.6,64.0,68.7,69.5,64.4,60.3,67.4,36.0,47.1,70.5,105.6,211.8,80.7,83.8,79.7,93.0,66.4,,,,,,,,,,,,
198101,79.6,91.8,85.5,83.6,103.8,93.5,79.0,77.5,99.6,124.1,106.1,61.4,66.3,72.0,56.1,74.5,57.3,86.0,88.0,65.6,64.4,69.1,69.9,64.7,60.7,67.7,36.1,47.1,72.0,105.8,212.0,78.9,85.8,79.8,92.8,66.9,,,,,,,,,,,,
198102,79.5,91.5,86.1,84.2,104.0,93.0,79.1,74.6,99.4,124.3,106.3,61.4,66.3,72.4,56.1,74.5,57.3,86.6,88.0,65.6,64.5,69.3,70.0,64.9,60.6,67.8,36.1,47.1,71.6,105.9,212.0,77.1,86.1,80.1,92.3,67.0,,,,,,,,,,,,
198103,79.8,92.1,87.4,85.9,104.0,93.3,79.2,75.6,99.4,124.5,106.3,61.4,66.5,72.3,56.2,74.6,56.7,86.6,88.0,65.6,64.6,69.4,70.2,65.1,60.8,68.0,36.1,47.1,71.6,105.9,212.0,77.9,86.5,80.0,92.8,67.1,,,,,,,,,,,,
198104,80.4,92.4,87.4,85.6,105.1,93.7,79.6,76.7,99.8,124.5,107.1,62.0,67.4,73.3,57.5,75.2,56.7,86.8,98.2,65.6,65.5,69.9,70.4,65.5,62.3,68.3,37.0,49.6,72.9,107.0,211.6,78.6,86.8,80.9,92.9,68.1,,,,,,,,,,,,
198105,81.1,93.1,85.2,82.8,105.3,95.7,80.4,80.9,105.0,124.1,107.1,61.9,68.1,75.1,57.9,75.5,56.7,89.6,98.2,65.6,65.9,70.5,70.8,66.0,62.5,68.5,37.0,49.8,73.3,107.2,212.4,81.4,86.8,82.0,94.2,68.9,,,,,,,,,,,,
198106,81.3,93.2,84.4,81.9,105.4,96.0,80.6,81.7,105.5,124.1,107.2,61.8,68.3,75.5,57.9,72.8,57.6,89.8,98.2,65.6,66.1,70.8,71.3,66.5,62.4,68.7,39.2,49.8,73.3,107.3,212.7,82.1,86.6,82.3,94.5,69.0,,,,,,,,,,,,
198107,81.0,92.7,83.2,80.2,105.9,95.7,81.1,79.5,105.2,124.2,107.5,61.8,68.4,75.7,58.0,73.0,57.6,90.2,98.2,65.6,66.2,71.0,71.5,66.6,62.5,68.8,39.3,49.8,73.3,107.8,212.4,80.6,86.5,82.4,94.3,69.2,,,,,,,,,,,,
198108,80.6,91.9,82.9,80.0,106.1,94.4,81.3,72.8,109.8,123.5,107.6,62.0,68.6,75.2,58.1,73.2,57.6,88.8,98.2,65.6,66.5,71.2,71.7,66.9,62.7,69.0,39.6,49.8,73.9,107.9,212.2,76.1,86.8,82.2,93.7,69.2,,,,,,,,,,,,
198109,81.9,93.9,85.3,82.7,106.3,96.9,81.4,81.9,111.2,123.9,107.7,62.1,68.7,75.4,58.3,73.3,57.6,89.0,98.2,65.6,66.5,71.3,71.8,66.9,62.7,69.1,39.8,49.8,73.6,108.2,213.7,82.1,87.7,82.4,95.3,69.3,,,,,,,,,,,,
198110,82.1,94.5,85.0,82.3,107.2,97.8,81.5,84.4,111.8,124.4,108.1,62.2,68.7,75.5,58.5,73.2,57.6,89.2,98.2,65.6,66.6,71.5,71.9,67.1,62.7,69.2,39.8,49.8,73.5,109.0,215.2,83.9,87.7,82.6,96.2,69.3,,,,,,,,,,,,
198111,82.1,94.0,83.0,79.6,108.5,97.6,81.5,83.7,111.8,124.3,109.4,62.3,68.8,75.7,58.9,73.3,57.6,89.5,98.2,65.6,66.7,71.6,72.2,67.3,62.8,69.3,39.8,49.8,73.5,110.4,215.0,83.4,87.3,83.0,96.2,69.5,,,,,,,,,,,,
198112,82.1,94.4,84.0,80.8,108.6,97.7,81.6,83.7,111.7,124.4,109.4,63.1,69.0,76.0,59.1,73.4,57.6,89.7,98.2,65.6,66.8,71.8,72.2,67.4,62.8,69.5,39.8,49.8,73.3,110.5,214.6,83.5,87.7,83.1,96.6,69.6,,,,,,,,,,,,
198201,82.1,94.1,85.1,82.0,108.7,96.9,82.1,80.0,111.5,124.5,109.5,62.3,69.2,76.3,59.1,73.5,57.6,90.3,98.2,65.6,67.0,72.0,72.4,67.6,63.0,69.7,39.8,49.8,73.9,110.5,214.6,81.0,88.1,83.4,95.7,69.9,,,,,,,,,,,,
198202,82.1,93.7,85.4,82.4,108.7,96.2,82.1,76.5,111.3,124.6,109.7,62.3,69.3,76.5,59.2,73.5,57.6,90.9,98.2,65.6,67.1,72.2,72.7,67.7,62.9,69.9,40.9,49.8,73.5,110.5,214.3,78.9,88.3,83.6,95.0,70.0,,,,,,,,,,,,
198203,82.1,93.8,85.5,82.6,108.7,96.5,82.3,77.4,111.1,124.6,109.8,62.3,69.6,76.5,59.2,73.5,57.6,90.9,98.2,65.6,67.2,72.3,72.9,68.0,62.9,70.0,40.9,49.8,73.3,110.5,213.7,79.6,88.4,83.6,95.3,70.0,,,,,,,,,,,,
198204,82.8,94.3,86.1,83.0,110.1,96.8,82.5,78.3,111.9,124.3,110.6,62.3,70.3,77.2,61.2,73.9,57.6,90.8,105.5,65.6,68.1,72.7,73.2,68.3,64.5,70.2,42.5,52.4,74.8,112.0,212.7,80.1,88.8,84.3,95.6,71.0,,,,,,,,,,,,
198205,83.1,94.5,83.5,79.7,110.3,98.1,82.6,83.8,112.3,124.2,110.7,62.4,70.7,78.1,61.8,74.1,57.6,91.5,105.5,65.6,68.3,72.8,73.5,68.6,64.7,70.4,42.5,52.5,75.1,112.1,212.7,83.8,88.0,84.8,96.5,71.4,,,,,,,,,,,,
198206,83.1,94.5,82.2,78.2,110.3,98.4,82.7,84.8,112.5,124.2,110.9,62.4,70.8,78.3,61.9,74.1,57.6,91.8,105.5,65.6,68.5,73.0,73.8,69.0,64.8,70.5,42.5,52.6,75.1,112.1,212.4,84.4,87.7,85.0,96.9,71.5,,,,,,,,,,,,
198207,82.6,93.3,78.7,74.0,110.3,97.8,82.9,81.6,112.5,124.2,111.0,62.4,71.0,78.5,61.9,74.5,57.6,91.9,105.5,65.6,68.6,73.1,74.0,69.2,64.8,70.7,42.5,52.6,75.2,112.1,212.0,82.3,86.7,85.1,96.4,71.7,,,,,,,,,,,,
198208,83.2,94.3,86.4,83.3,110.3,96.6,83.0,75.2,116.6,123.4,111.0,62.7,71.1,78.5,61.4,74.6,57.6,91.9,105.5,65.6,68.8,73.2,74.2,69.4,65.1,70.7,42.5,52.6,75.9,112.1,211.6,78.1,89.4,85.1,95.7,71.7,,,,,,,,,,,,
198209,84.4,96.8,90.2,87.9,110.4,98.8,83.1,84.2,117.5,123.6,111.0,63.5,71.1,78.5,61.6,74.6,57.6,91.9,105.7,65.6,68.8,73.4,74.3,69.4,65.0,70.9,42.5,52.6,75.2,112.2,212.0,84.4,90.7,85.1,97.6,71.7,,,,,,,,,,,,
198210,84.7,97.1,89.5,87.0,110.8,99.6,83.2,87.1,117.8,123.8,111.1,63.6,71.2,78.6,61.6,74.6,57.6,92.1,105.7,65.6,68.9,73.6,74.4,69.4,65.0,71.0,42.6,52.6,75.5,112.6,212.9,86.2,90.6,85.2,98.2,71.9,,,,,,,,,,,,
198211,83.9,95.4,82.3,78.1,111.8,99.7,83.3,87.1,117.6,123.9,111.1,63.6,71.3,78.5,61.6,74.8,57.6,92.1,105.7,65.6,69.0,73.7,74.6,69.6,65.1,71.1,42.7,52.6,75.4,113.7,212.7,86.4,88.3,85.2,98.1,72.0,,,,,,,,,,,,
198212,83.8,95.2,81.1,76.7,111.9,99.6,83.4,86.5,117.4,123.9,111.1,64.7,71.4,78.7,62.2,75.0,57.6,92.2,105.7,65.6,69.1,73.9,74.8,69.8,65.2,71.3,42.8,52.6,75.3,113.8,212.2,86.1,88.1,85.4,98.2,72.1,,,,,,,,,,,,
198301,83.9,95.3,84.6,81.0,111.9,98.7,83.5,82.6,116.5,124.1,111.1,63.6,71.5,78.7,62.5,75.1,56.9,92.4,105.7,65.6,69.3,74.1,74.9,69.8,65.3,71.4,42.8,52.6,75.7,113.8,211.8,83.5,89.1,85.4,97.3,72.1,,,,,,,,,,,,
198302,83.6,94.8,85.3,81.7,111.9,97.7,83.5,78.6,114.1,124.7,111.1,63.8,71.6,78.8,62.8,75.1,57.0,92.4,105.7,65.6,69.3,74.2,75.1,70.1,65.2,71.5,42.9,52.6,75.5,113.8,212.0,81.0,89.1,85.4,96.5,72.2,,,,,,,,,,,,
198303,84.1,95.6,88.5,85.6,111.9,97.8,83.6,79.4,111.9,125.0,111.1,63.6,71.7,78.9,62.9,75.0,57.0,92.4,105.7,65.6,69.4,74.3,75.2,70.1,65.4,71.6,42.9,52.7,75.6,113.8,211.6,81.5,90.1,85.4,96.8,72.3,,,,,,,,,,,,
198304,84.4,95.5,88.1,85.0,111.8,97.8,83.9,80.3,108.1,125.7,111.2,63.7,72.4,79.4,63.6,75.6,57.0,92.5,110.6,65.6,70.2,74.5,75.6,70.6,66.8,71.9,43.3,54.8,77.1,113.8,211.6,82.1,89.9,85.8,96.8,73.2,,,,,,,,,,,,
198305,85.3,97.0,89.9,87.2,112.0,99.5,84.0,85.9,106.7,127.3,111.3,63.6,72.7,79.6,65.1,75.9,57.0,92.5,110.6,65.6,70.5,74.7,75.9,71.1,66.8,71.9,43.3,55.0,77.1,113.9,211.2,86.0,90.6,87.4,97.8,73.3,,,,,,,,,,,,
198306,84.8,96.0,84.7,81.1,111.9,99.6,84.3,85.9,105.6,127.6,111.3,63.6,72.7,79.5,65.2,76.0,57.0,92.4,110.6,65.6,70.6,74.9,76.1,71.4,66.9,71.9,43.6,55.0,77.2,113.9,211.2,86.0,89.1,87.3,98.0,73.3,,,,,,,,,,,,
198307,84.4,95.3,83.4,79.4,111.9,99.0,84.5,83.8,104.3,127.8,111.3,63.6,72.8,79.6,65.5,76.3,57.0,92.5,110.6,65.6,70.7,74.9,76.3,71.5,66.9,71.9,43.6,55.0,77.4,113.9,211.0,84.5,88.8,87.4,97.6,73.5,,,,,,,,,,,,
198308,84.3,94.8,86.8,83.6,112.0,97.2,84.6,76.6,102.7,127.9,111.3,63.8,72.9,79.3,65.5,76.3,57.0,91.5,110.6,65.6,70.8,75.0,76.5,71.5,67.2,71.9,43.6,55.0,78.1,113.9,210.3,79.7,89.8,87.1,96.2,73.5,,,,,,,,,,,,
198309,85.2,96.7,87.0,83.8,112.1,99.8,84.7,86.3,105.4,127.9,111.3,63.8,72.9,79.3,65.9,76.4,57.0,91.4,110.5,65.6,70.8,75.1,76.5,71.6,67.1,71.9,43.7,55.0,77.6,114.0,211.4,86.1,90.1,87.2,98.4,73.5,,,,,,,,,,,,
198310,85.9,97.9,89.9,87.1,112.3,100.7,85.1,88.4,106.2,128.4,111.3,63.8,73.0,79.5,67.6,76.3,57.0,91.5,110.5,65.6,71.0,75.3,76.5,71.8,67.2,72.0,43.7,55.0,77.9,114.3,212.7,87.7,91.3,87.4,99.1,73.7,,,,,,,,,,,,
198311,85.5,96.9,84.7,80.8,113.5,101.1,85.4,89.3,105.3,128.8,111.4,63.8,73.2,79.4,67.6,76.3,57.0,91.5,110.5,65.6,71.1,75.6,76.7,71.9,67.2,72.0,43.7,55.0,77.9,115.5,213.1,88.3,89.7,87.5,99.3,73.8,,,,,,,,,,,,
198312,85.2,96.4,83.3,78.9,113.8,100.8,85.6,88.3,103.5,129.0,111.4,65.0,73.2,79.7,67.8,76.5,57.0,91.7,110.5,65.6,71.2,75.9,76.7,71.8,67.2,72.1,43.7,55.0,77.6,115.8,212.4,87.6,89.2,87.5,99.1,73.8,,,,,,,,,,,,
198401,85.5,96.8,87.4,83.8,113.9,99.8,85.7,84.4,102.4,129.2,111.4,64.0,73.3,79.7,68.2,76.6,57.0,91.8,110.5,65.6,71.2,76.0,76.7,71.7,67.3,72.2,43.8,55.0,78.0,115.9,212.2,85.1,90.5,87.6,98.4,73.9,,,,,,,,,,,,
198402,86.0,97.6,93.1,90.5,115.3,99.0,85.8,81.0,102.3,129.3,111.5,64.2,73.4,80.2,68.2,76.6,57.0,93.3,110.5,65.6,71.3,76.1,76.9,71.8,67.3,72.3,43.8,55.0,77.9,117.3,211.8,82.8,92.3,87.9,98.1,74.2,,,,,,,,,,,,
198403,86.2,97.9,94.1,91.6,115.9,99.2,85.9,81.3,102.4,129.4,111.5,64.0,73.5,80.1,68.2,76.6,56.2,93.4,110.5,65.6,71.4,76.3,77.0,72.0,67.4,72.4,44.3,55.1,77.9,118.0,211.8,83.2,92.7,88.0,98.2,74.2,,,,,,,,,,,,
198404,86.4,97.7,91.6,88.6,116.2,99.6,86.1,82.7,102.2,129.4,112.1,64.2,74.4,81.2,68.8,77.2,56.2,93.6,115.7,75.8,72.1,76.6,77.2,72.1,68.7,72.6,46.4,57.2,78.9,118.2,211.0,84.1,92.1,88.8,98.4,75.1,,,,,,,,,,,,
198405,87.0,98.4,90.0,86.6,116.2,101.3,86.8,88.2,101.5,129.7,112.9,64.2,74.7,82.5,69.7,77.3,56.2,94.6,115.7,75.8,72.3,77.1,77.5,72.3,68.9,72.6,46.4,57.3,79.5,118.2,211.2,87.8,91.9,89.6,99.8,75.6,,,,,,,,,,,,
198406,86.4,97.2,85.3,80.8,116.2,101.2,86.9,88.2,100.5,129.8,113.0,64.0,74.8,82.5,69.7,77.5,56.2,94.6,115.7,75.8,72.5,77.3,77.6,72.5,68.9,72.7,46.5,57.3,79.3,118.2,210.8,87.7,90.3,89.7,99.4,75.7,,,,,,,,,,,,
198407,86.6,97.4,87.3,83.2,116.2,100.7,87.0,85.9,100.6,129.6,113.0,64.0,75.1,82.9,70.7,77.8,56.2,95.1,115.7,75.8,72.5,77.5,77.7,72.6,68.9,72.8,46.5,57.3,79.4,118.2,210.8,86.1,91.0,89.9,99.1,75.9,,,,,,,,,,,,
198408,85.9,95.9,85.6,81.2,116.2,99.0,87.1,78.6,100.6,129.7,113.0,64.2,75.1,82.7,70.8,77.8,56.2,94.3,115.7,75.8,72.7,77.5,77.8,72.8,69.1,72.8,46.5,57.3,80.0,118.2,210.5,81.4,90.6,89.8,97.9,76.0,,,,,,,,,,,,
198409,87.2,98.5,89.1,85.5,116.4,101.5,87.2,87.8,104.4,129.2,113.1,64.3,75.1,82.6,71.1,77.9,56.2,94.2,115.7,75.8,72.7,77.6,77.9,72.8,69.0,72.9,46.5,57.3,79.4,118.4,211.0,87.6,92.0,89.8,100.0,75.9,,,,,,,,,,,,
198410,87.8,99.4,90.2,86.6,117.2,102.6,87.1,91.5,104.8,129.7,113.1,64.2,75.4,83.7,71.3,77.8,60.9,94.3,116.1,75.8,72.8,77.7,78.0,72.9,69.1,73.0,46.5,57.3,79.5,119.3,212.7,90.0,92.3,90.5,100.9,76.2,,,,,,,,,,,,
198411,87.4,98.4,85.8,81.1,118.0,102.6,87.1,91.9,103.7,130.3,113.1,64.2,75.4,83.8,71.5,77.9,60.9,94.7,116.1,75.8,72.8,77.7,78.2,73.1,69.1,73.1,46.6,57.3,79.5,120.1,212.7,90.3,90.9,90.6,100.9,76.3,,,,,,,,,,,,
198412,87.5,98.7,87.4,83.0,118.1,102.4,87.2,91.2,102.1,130.5,113.1,65.5,75.6,84.0,71.7,78.1,60.9,94.8,116.1,75.8,72.9,77.9,78.5,73.3,69.1,73.1,46.6,57.3,79.3,120.3,212.2,89.9,91.4,90.7,100.8,76.4,,,,,,,,,,,,
198501,87.8,98.9,91.3,87.7,118.6,101.5,87.4,87.3,100.3,131.1,113.2,64.4,76.0,84.0,72.2,78.3,61.7,94.8,116.2,75.8,73.5,78.2,78.5,73.3,70.3,73.3,46.4,57.3,80.9,120.8,212.4,87.5,92.6,90.7,100.1,76.9,,,,,,,,,,,,
198502,87.5,98.3,89.8,85.9,118.6,101.0,87.4,85.7,98.7,131.2,113.2,64.6,76.0,84.0,72.2,78.4,61.7,94.8,116.2,75.8,73.5,78.2,78.7,73.5,69.9,73.3,46.4,57.3,79.9,120.8,211.8,86.5,92.1,90.7,99.8,76.8,,,,,,,,,,,,
198503,87.8,98.9,91.3,87.4,119.9,101.4,87.5,87.0,99.6,131.1,113.2,64.6,76.1,84.2,72.2,78.5,63.2,94.8,116.2,75.8,73.6,78.3,78.9,73.6,70.1,73.4,48.4,57.3,79.9,122.1,211.6,87.4,92.6,91.0,100.1,77.0,,,,,,,,,,,,
198504,88.3,99.3,92.2,88.4,120.0,101.8,87.5,88.5,99.6,131.1,113.5,64.6,76.7,84.5,73.0,78.9,63.2,95.0,120.7,75.8,74.2,78.6,79.1,73.8,71.3,73.6,48.8,59.9,80.8,122.2,211.4,88.5,92.9,91.3,100.4,77.7,,,,,,,,,,,,
198505,88.5,99.2,90.3,86.2,120.0,102.2,87.6,90.0,99.4,131.2,113.5,64.6,77.2,85.9,73.6,83.9,63.2,95.2,120.7,75.8,74.4,78.6,79.5,74.2,71.4,73.7,48.9,59.9,81.0,122.2,211.4,89.4,92.4,92.0,100.6,78.1,,,,,,,,,,,,
198506,88.5,99.1,89.7,85.5,120.0,102.2,87.8,89.9,99.0,131.2,113.6,64.6,77.3,85.9,73.6,84.1,63.2,95.2,120.7,75.8,74.5,78.7,79.7,74.4,71.5,73.7,48.9,59.9,81.1,122.2,211.2,89.4,92.2,92.0,100.6,78.2,,,,,,,,,,,,
198507,88.7,99.3,91.5,87.6,120.0,102.0,87.8,89.2,98.2,131.3,113.6,64.6,77.4,86.0,73.7,84.2,63.2,95.3,120.7,75.8,74.6,78.9,79.9,74.4,71.5,73.8,49.0,59.9,81.1,122.2,211.2,89.0,92.7,92.1,100.4,78.3,,,,,,,,,,,,
198508,88.5,98.9,91.8,88.1,120.0,101.1,87.8,85.7,97.4,131.4,113.6,65.7,77.4,86.1,73.8,84.3,63.2,95.3,120.7,75.8,74.8,79.0,80.0,74.5,71.7,73.8,49.0,59.9,81.6,122.2,211.0,86.9,92.7,92.2,100.0,78.5,,,,,,,,,,,,
198509,88.6,99.1,90.0,85.8,120.0,102.0,87.8,89.7,97.1,131.6,113.6,65.5,77.4,86.1,74.0,84.8,63.2,95.3,120.7,75.8,74.8,79.1,80.1,74.6,71.6,73.9,49.0,60.0,81.2,122.2,211.2,89.4,92.2,92.2,100.7,78.5,,,,,,,,,,,,
198510,89.4,100.4,95.2,92.1,120.0,102.4,88.0,90.9,96.9,131.6,113.6,65.4,77.7,86.4,74.4,85.0,63.2,96.1,120.7,75.8,74.9,79.3,80.2,74.7,71.7,74.0,49.0,60.0,81.4,122.2,211.4,90.2,93.8,92.4,101.0,78.6,,,,,,,,,,,,
198511,88.7,98.9,87.6,83.0,120.0,102.6,88.1,91.8,96.6,131.6,113.6,65.5,77.7,86.5,74.5,85.1,63.2,96.1,120.7,75.8,75.0,79.4,80.4,75.0,71.7,74.0,49.0,60.0,81.4,122.2,211.2,90.8,91.6,92.4,101.1,78.7,,,,,,,,,,,,
198512,88.8,99.1,88.4,84.0,120.0,102.5,88.1,91.6,96.4,131.6,113.6,66.8,77.8,86.6,74.7,85.1,63.2,96.2,120.7,75.8,75.1,79.4,80.5,75.2,71.6,74.1,49.0,60.0,81.0,122.2,210.8,90.7,91.9,92.5,101.2,78.7,,,,,,,,,,,,
198601,89.1,99.8,93.8,90.3,120.0,101.9,88.1,89.0,95.9,131.6,113.6,65.7,77.9,86.7,74.9,85.2,63.2,96.2,120.7,75.8,75.1,79.5,80.5,75.3,71.7,74.2,49.1,60.0,81.1,122.2,210.5,89.0,93.4,92.6,100.7,78.8,,,,,,,,,,,,
198602,89.0,99.4,93.2,89.6,120.6,101.6,88.2,87.8,95.4,131.6,113.6,65.7,77.9,86.7,74.9,85.3,63.2,96.4,120.7,75.8,75.2,79.6,80.7,75.4,71.7,74.3,49.1,60.0,81.2,122.8,210.3,88.2,93.2,92.6,100.4,78.8,,,,,,,,,,,,
198603,89.0,99.2,91.4,87.5,120.6,101.8,88.3,89.1,94.1,131.8,113.6,65.9,78.1,86.8,75.0,85.3,63.2,96.4,120.7,75.8,75.3,79.8,80.7,75.6,71.8,74.3,49.1,60.0,81.3,122.8,210.1,89.1,92.6,92.7,100.6,78.9,,,,,,,,,,,,
198604,89.2,99.2,90.4,86.3,120.7,102.0,88.4,90.8,91.9,131.9,113.8,66.1,78.7,87.3,75.4,85.7,64.2,96.5,126.7,75.8,75.9,80.0,80.8,75.8,73.0,74.5,51.5,61.7,82.7,123.0,210.1,90.1,92.2,93.1,100.7,79.6,,,,,,,,,,,,
198605,89.5,99.6,90.3,86.0,120.7,102.5,88.5,92.2,90.3,133.2,113.9,68.0,78.8,87.4,75.9,85.9,64.2,96.5,126.7,75.8,76.1,80.1,81.3,76.1,73.2,74.6,51.5,61.8,83.0,123.0,209.7,91.0,92.5,94.3,101.2,79.8,,,,,,,,,,,,
198606,89.0,98.5,88.4,83.9,120.7,102.3,88.5,92.3,88.1,133.3,106.3,68.1,78.9,87.4,76.0,86.0,64.2,96.5,126.7,75.8,76.3,80.2,81.5,76.3,73.2,74.6,51.6,61.8,82.9,123.0,209.5,91.1,91.1,92.8,100.3,79.8,,,,,,,,,,,,
198607,88.8,98.0,87.8,83.1,120.5,101.8,88.4,91.4,85.6,133.4,105.6,68.1,79.0,87.4,75.8,86.0,64.2,96.5,126.7,75.8,76.3,80.2,81.8,76.4,73.2,74.7,51.7,61.8,82.8,122.7,209.3,90.5,90.6,92.7,99.8,79.9,,,,,,,,,,,,
198608,88.6,97.6,88.9,84.4,120.6,100.8,88.4,87.8,83.9,133.6,105.6,68.3,79.1,87.3,75.8,86.2,64.2,96.4,126.7,75.8,76.5,80.3,81.9,76.5,73.5,74.7,51.7,61.8,83.7,122.8,208.9,88.2,90.8,92.6,99.2,80.0,,,,,,,,,,,,
198609,89.0,98.2,89.7,85.4,120.7,101.5,88.3,91.6,82.6,133.6,105.6,68.1,79.2,87.9,75.9,86.3,64.2,96.7,126.8,75.8,76.5,80.4,82.0,76.7,73.3,74.7,51.9,61.8,83.2,123.0,208.6,90.7,90.9,93.0,99.6,80.1,,,,,,,,,,,,
198610,89.1,98.2,89.6,85.3,120.7,101.6,88.2,92.8,80.5,133.9,105.6,68.1,79.4,88.4,76.1,88.1,64.2,96.7,126.8,75.8,76.6,80.4,82.2,76.9,73.4,74.8,51.9,61.8,83.4,123.0,208.4,91.5,90.7,93.3,99.8,80.3,,,,,,,,,,,,
198611,88.7,97.4,86.1,81.1,120.7,101.4,88.2,93.3,77.8,134.3,105.8,68.3,79.4,88.4,76.2,88.1,64.2,96.8,126.8,75.8,76.6,80.5,82.3,77.0,73.3,74.8,51.9,61.8,83.2,123.0,208.2,91.7,89.4,93.3,99.7,80.3,,,,,,,,,,,,
198612,88.5,97.0,84.9,79.6,120.7,101.2,88.1,93.2,76.0,134.3,105.8,69.6,79.4,88.5,76.6,88.1,64.2,96.8,126.8,75.8,76.7,80.5,82.4,77.1,73.3,74.9,51.9,61.8,82.8,123.0,207.6,91.7,89.0,93.4,99.6,80.3,,,,,,,,,,,,
198701,88.2,96.2,85.3,80.1,120.7,100.4,88.2,89.8,74.8,134.3,102.9,68.3,79.6,88.7,76.6,88.4,65.4,96.9,126.8,75.8,76.7,80.6,82.4,77.3,73.2,74.9,51.9,61.8,82.7,123.0,207.4,89.4,88.7,93.0,98.4,80.4,,,,,,,,,,,,
198702,88.2,96.1,84.5,79.3,120.7,100.4,88.2,88.7,77.9,133.9,102.6,68.4,79.7,88.7,76.6,88.4,65.4,96.9,126.8,75.8,76.8,80.7,82.8,77.4,73.3,75.0,52.0,61.8,82.8,123.0,206.9,88.7,88.8,92.9,98.4,80.4,,,,,,,,,,,,
198703,88.5,96.7,86.4,81.5,120.7,100.7,88.1,90.2,78.5,133.9,102.6,68.6,79.8,88.8,76.7,88.4,65.4,96.9,126.8,75.8,76.9,80.7,82.9,77.5,73.5,75.1,52.0,61.9,83.1,123.0,206.7,89.8,89.3,93.0,98.7,80.6,,,,,,,,,,,,
198704,89.3,97.7,89.2,84.7,120.7,101.3,88.0,91.7,81.4,133.6,102.7,68.6,80.3,89.2,77.9,88.6,65.4,96.9,132.1,75.8,77.4,80.8,83.2,77.8,74.5,75.3,52.3,63.6,84.0,123.0,206.7,90.8,90.3,93.2,99.0,81.1,,,,,,,,,,,,
198705,89.5,97.9,89.2,84.8,120.7,101.6,88.0,93.3,81.4,133.5,102.7,68.5,80.4,89.2,78.4,88.7,65.4,96.9,132.1,75.8,77.6,80.9,83.5,78.0,74.7,75.3,52.3,63.8,84.4,123.0,206.1,91.9,90.3,93.2,99.2,81.3,,,,,,,,,,,,
198706,89.3,97.4,87.1,82.2,120.7,101.5,87.9,93.4,81.0,133.4,102.8,68.5,80.8,89.3,78.5,88.7,65.4,98.8,132.1,75.8,78.0,80.9,84.4,79.0,74.7,75.4,52.3,63.8,84.4,123.0,205.7,91.9,89.6,93.3,99.0,81.3,,,,,,,,,,,,
198707,88.9,96.3,83.5,78.0,120.7,101.1,87.9,91.6,80.4,133.3,102.8,68.5,80.8,89.3,78.8,88.8,65.4,98.8,132.1,75.8,78.1,80.9,84.7,79.3,74.7,75.5,52.3,63.8,84.4,123.0,205.3,90.8,88.6,93.3,98.7,81.4,,,,,,,,,,,,
198708,89.0,96.4,85.9,80.8,120.7,100.3,87.9,88.6,80.2,133.1,102.8,68.9,81.0,89.4,79.0,88.8,65.4,98.8,132.1,75.8,78.3,80.9,84.7,79.3,75.1,75.6,52.3,63.8,85.3,123.0,204.6,88.8,89.3,93.4,98.3,81.6,,,,,,,,,,,,
198709,89.8,98.1,91.3,87.2,120.7,101.1,87.9,92.3,80.0,133.1,102.8,68.9,80.9,89.3,79.1,88.8,65.4,98.8,132.1,75.8,78.3,81.0,84.8,79.4,74.9,75.6,52.4,63.9,84.5,123.0,204.4,91.2,90.8,93.3,98.9,81.5,,,,,,,,,,,,
198710,89.8,98.0,90.3,86.1,120.6,101.3,87.8,93.6,79.9,133.1,102.8,68.9,81.0,89.4,79.4,88.9,65.4,99.0,132.1,75.8,78.3,81.0,84.9,79.5,74.9,75.7,52.4,63.9,84.7,122.8,204.2,92.1,90.4,93.4,99.0,81.6,,,,,,,,,,,,
198711,89.3,97.0,85.5,80.5,120.3,101.4,87.8,94.0,79.4,133.0,102.8,69.0,81.1,89.4,79.5,88.9,65.4,99.0,132.1,75.8,78.4,81.1,85.0,79.6,74.9,75.8,52.4,63.9,84.7,122.6,203.6,92.4,89.0,93.4,99.0,81.6,,,,,,,,,,,,
198712,89.2,97.0,85.5,80.6,119.6,101.2,87.8,93.9,78.4,132.9,102.8,70.3,81.0,89.5,79.7,89.0,65.4,99.0,132.1,75.8,78.3,81.2,85.1,79.4,74.9,75.9,52.4,63.9,84.3,121.9,202.9,92.4,89.0,93.4,99.1,81.6,,,,,,,,,,,,
198801,89.0,96.4,86.4,81.9,118.5,100.3,87.8,90.3,77.4,133.0,101.0,69.0,81.1,89.6,79.7,89.0,65.4,99.0,132.1,75.8,78.4,81.2,85.1,79.5,74.9,76.1,52.4,63.9,84.4,120.8,202.7,90.0,89.0,93.0,98.1,81.6,,,,,,,,,,,,
198802,88.8,96.0,86.2,81.6,118.5,99.8,87.8,88.7,76.5,133.1,101.0,69.1,81.1,89.5,79.8,89.0,65.4,99.0,132.1,75.8,78.4,81.2,85.3,79.6,74.9,76.1,52.4,63.9,84.4,120.8,202.5,89.0,88.9,93.0,97.8,81.6,,,,,,,,,,,,
198803,89.1,96.7,88.2,84.0,118.5,100.2,87.8,90.5,75.9,133.1,101.0,69.0,81.1,89.3,79.9,89.0,65.4,98.8,132.1,75.8,78.6,81.4,85.5,79.8,75.0,76.2,52.4,63.9,84.4,120.8,202.3,90.1,89.4,92.8,98.1,81.6,,,,,,,,,,,,
198804,89.6,97.0,88.3,84.0,118.5,100.6,87.8,92.4,75.1,133.1,101.2,69.0,81.6,89.4,80.4,89.3,64.7,99.0,137.1,75.8,79.1,81.4,85.9,79.9,76.3,76.4,53.7,65.8,85.6,120.8,202.1,91.5,89.3,93.0,98.3,82.3,,,,,,,,,,,,
198805,89.7,97.1,87.5,83.2,118.5,100.9,87.9,94.2,74.8,133.1,101.2,69.0,81.8,89.4,80.7,89.4,64.7,99.0,137.1,75.8,79.3,81.5,86.0,80.2,76.5,76.5,53.7,66.0,86.0,120.8,201.9,92.6,89.1,93.0,98.5,82.4,,,,,,,,,,,,
198806,89.5,96.7,86.1,81.5,118.5,100.8,87.9,94.1,74.5,132.7,101.3,69.0,81.8,89.6,80.8,89.5,65.0,100.4,137.1,75.8,79.3,81.5,86.1,80.2,76.4,76.5,53.7,66.0,85.8,120.8,201.0,92.6,88.7,93.1,98.4,82.4,,,,,,,,,,,,
198807,89.3,96.3,85.5,80.8,118.6,100.4,87.9,92.4,74.3,132.7,101.3,69.0,81.8,89.7,81.0,89.6,65.0,100.4,137.1,75.8,79.3,81.5,86.3,80.3,76.4,76.6,53.8,66.0,85.7,120.8,200.8,91.5,88.5,93.2,98.1,82.4,,,,,,,,,,,,
198808,89.6,96.6,89.1,85.0,118.5,99.7,87.9,89.4,74.9,132.5,101.3,69.2,82.0,89.8,81.0,89.6,65.0,100.4,137.1,75.8,79.5,81.6,86.3,80.4,76.7,76.7,53.8,66.0,86.7,120.8,200.4,89.4,89.6,93.2,97.7,82.7,,,,,,,,,,,,
198809,90.3,98.1,92.6,89.3,118.5,100.9,87.9,94.1,75.0,132.6,101.3,69.1,82.0,89.7,81.2,89.6,65.0,100.4,137.1,75.8,79.5,81.6,86.5,80.5,76.5,76.7,53.8,66.0,86.0,120.8,200.4,92.6,90.6,93.1,98.5,82.5,,,,,,,,,,,,
198810,90.7,98.9,95.3,92.6,118.5,101.1,88.0,95.3,74.8,132.5,101.3,69.3,82.1,89.9,82.6,89.6,65.0,100.6,137.1,75.8,79.6,81.6,86.7,80.7,76.6,76.8,53.9,66.0,86.2,120.8,200.2,93.3,91.4,93.3,98.9,82.7,,,,,,,,,,,,
198811,90.4,98.0,91.1,87.4,118.7,101.2,88.0,96.2,73.9,132.6,101.3,69.1,82.2,89.9,82.7,89.6,65.0,100.6,137.1,75.8,79.7,81.7,87.0,80.9,76.6,76.9,53.9,66.0,86.1,120.9,200.0,94.0,90.1,93.3,98.9,82.7,,,,,,,,,,,,
198812,90.1,97.5,88.3,84.1,118.6,101.2,88.1,96.1,73.3,132.5,101.3,70.5,82.2,90.0,83.0,89.6,65.0,100.6,137.1,75.8,79.7,81.8,87.0,81.1,76.5,77.1,54.0,66.0,85.7,120.8,199.8,94.0,89.4,93.3,99.1,82.7,,,,,,,,,,,,
198901,89.9,97.0,88.8,84.7,118.6,100.4,88.1,92.7,73.0,132.6,101.3,69.4,82.4,90.1,83.1,89.7,65.0,101.3,137.1,75.8,79.8,81.9,87.1,81.1,76.7,77.3,54.0,66.0,86.0,120.8,199.6,91.6,89.5,93.5,98.2,82.8,,,,,,,,,,,,
198902,89.7,96.6,87.0,82.5,118.4,100.0,88.2,91.0,73.8,132.3,101.3,73.1,82.3,89.8,83.1,89.7,65.0,101.1,137.1,75.8,79.9,82.0,87.2,81.2,76.7,77.4,54.0,66.0,85.9,120.6,198.9,90.6,89.3,93.2,98.2,82.8,,,,,,,,,,,,
198903,90.1,97.3,88.9,84.8,118.4,100.5,88.2,92.8,74.2,132.2,101.3,72.9,82.5,89.8,83.2,89.7,65.0,101.1,137.1,75.8,80.1,82.2,87.5,81.4,77.0,77.6,54.0,66.2,86.2,120.6,198.5,91.8,89.9,93.2,98.6,83.0,,,,,,,,,,,,
198904,91.7,98.7,89.6,85.3,120.7,102.3,90.0,96.6,75.9,131.9,100.2,75.0,84.2,91.2,85.2,90.2,65.3,103.6,140.6,78.1,81.9,84.8,87.9,81.8,79.6,79.7,55.5,68.8,89.2,123.0,193.6,94.8,91.1,94.0,100.0,85.1,,,,,,,,,,,,
198905,92.2,99.5,91.8,87.9,120.9,102.7,90.1,98.4,76.2,131.9,100.3,75.0,84.5,91.5,85.4,90.4,65.3,103.7,140.6,78.1,82.2,85.0,88.1,82.2,79.9,79.9,55.5,68.9,89.9,123.1,193.4,96.1,91.7,94.2,100.6,85.3,,,,,,,,,,,,
198906,92.1,99.2,90.2,85.9,120.9,102.8,90.0,98.6,76.7,132.0,100.3,75.0,84.8,91.6,85.5,90.5,65.3,103.9,140.6,78.1,82.5,85.2,88.5,82.8,79.9,80.0,55.5,68.9,89.6,123.1,193.6,96.3,91.3,94.3,100.6,85.5,,,,,,,,,,,,
198907,92.0,98.7,89.3,84.7,120.9,102.4,90.1,96.6,77.3,131.8,100.4,75.0,84.8,91.7,85.9,90.7,65.3,103.9,140.6,78.1,82.5,85.2,88.7,82.9,79.9,80.1,55.6,68.9,89.8,123.1,193.2,94.9,91.1,94.4,100.2,85.5,,,,,,,,,,,,
198908,91.9,98.3,89.6,85.2,120.9,101.7,90.1,93.6,77.3,131.6,100.4,75.2,85.0,91.8,86.0,90.8,65.3,103.9,140.6,78.1,82.7,85.3,88.7,83.0,80.3,80.2,55.6,68.9,90.7,123.1,193.0,93.0,91.2,94.5,99.7,85.7,,,,,,,,,,,,
198909,92.7,100.0,93.2,89.5,120.9,103.1,90.2,99.4,77.4,131.7,100.4,75.1,84.9,91.8,86.0,91.0,65.3,103.9,140.6,78.1,82.7,85.3,88.8,83.1,80.0,80.3,55.6,69.0,89.8,123.1,193.2,96.8,92.3,94.4,100.8,85.6,,,,,,,,,,,,
198910,93.4,101.3,97.9,95.1,121.1,103.4,90.1,100.8,77.7,131.8,100.4,75.2,85.1,91.9,86.3,91.1,65.3,103.9,140.6,78.1,82.8,85.4,88.9,83.1,80.2,80.5,55.6,69.0,90.3,123.3,193.4,97.8,93.7,94.5,101.2,85.8,,,,,,,,,,,,
198911,92.4,99.3,88.1,83.3,121.5,103.7,90.2,101.7,78.0,131.7,100.4,75.2,85.1,91.9,86.6,91.2,65.3,103.9,140.6,78.1,82.9,85.4,89.1,83.2,80.3,80.6,55.6,69.0,90.2,123.7,193.4,98.3,90.8,94.6,101.3,85.8,,,,,,,,,,,,
198912,92.5,99.4,88.5,83.8,121.7,103.6,90.1,101.4,78.3,131.6,100.4,76.9,85.1,92.0,86.9,91.3,65.3,103.9,140.6,78.1,82.9,85.5,89.2,83.4,80.1,80.7,55.6,69.0,89.8,123.9,193.4,98.1,91.1,94.6,101.4,85.8,,,,,,,,,,,,
199001,92.9,99.9,93.1,89.5,121.9,102.9,90.3,97.6,78.3,131.7,100.4,75.4,85.5,92.4,86.9,91.7,65.4,103.9,140.6,78.5,83.3,85.7,89.4,83.8,80.6,80.9,55.7,69.0,91.0,124.0,194.8,95.5,92.4,94.9,100.8,86.2,,,,,,,,,,,,
199002,93.0,100.2,95.9,92.8,121.9,102.5,90.3,95.8,78.5,131.8,100.4,76.2,85.5,92.3,86.9,91.7,65.4,103.9,140.6,78.5,83.2,85.7,89.5,83.9,80.4,80.9,55.7,69.0,90.2,124.0,194.6,94.5,93.3,94.8,100.7,86.1,,,,,,,,,,,,
199003,93.4,101.0,96.6,93.5,121.9,103.3,90.8,98.1,79.2,131.6,100.4,76.1,85.6,92.4,87.0,91.8,65.4,104.0,140.6,78.5,83.3,85.8,89.6,84.0,80.5,81.2,55.7,69.1,90.2,124.0,194.0,96.2,93.6,94.9,101.3,86.2,,,,,,,,,,,,
199004,94.1,101.5,96.7,93.7,121.9,104.0,91.0,101.0,79.5,131.6,100.4,76.1,86.6,93.2,87.6,92.2,65.8,103.1,144.9,100.5,84.3,86.2,89.9,84.3,82.5,82.0,57.9,72.8,92.0,124.0,193.6,98.2,93.7,95.4,101.7,87.4,,,,,,,,,,,,
199005,94.6,102.2,98.6,95.9,121.9,104.5,91.1,103.0,79.6,131.5,100.5,76.2,86.9,93.3,88.1,92.3,65.8,103.1,144.9,100.5,84.6,86.4,90.1,84.6,82.9,82.1,57.9,72.8,92.9,124.0,193.2,99.6,94.4,95.4,102.2,87.6,,,,,,,,,,,,
199006,94.2,101.3,93.8,90.2,121.9,104.5,91.4,102.8,79.8,131.5,100.5,76.2,86.9,93.2,88.3,92.4,65.8,103.1,144.9,100.5,84.7,86.4,90.4,84.9,82.8,82.3,58.0,72.9,92.1,124.0,192.8,99.5,93.2,95.4,102.1,87.6,,,,,,,,,,,,
199007,94.1,100.9,92.7,88.9,121.9,104.2,91.6,100.8,79.9,131.5,100.5,76.2,87.0,93.3,88.3,92.4,65.8,103.2,144.9,100.5,84.9,86.6,90.7,85.1,82.9,82.5,58.0,72.9,92.6,124.0,192.6,98.2,93.0,95.5,101.9,87.8,,,,,,,,,,,,
199008,94.4,101.3,96.7,93.6,121.9,103.8,92.1,97.7,80.1,131.5,100.5,76.5,87.3,93.4,88.4,92.5,65.8,103.2,144.9,100.5,85.2,86.8,90.8,85.3,83.5,82.5,58.0,72.9,94.3,124.0,192.6,96.1,94.3,95.5,101.7,88.0,,,,,,,,,,,,
199009,95.2,102.8,98.9,96.2,121.9,105.4,92.6,103.3,80.8,131.8,100.5,76.5,87.2,93.3,88.6,92.5,65.8,103.1,144.9,100.5,85.1,86.9,90.9,85.3,83.1,82.7,58.1,72.9,92.7,124.0,193.0,100.1,95.2,95.5,103.0,87.9,,,,,,,,,,,,
199010,96.2,104.6,103.7,101.8,121.9,106.6,93.2,105.0,88.5,131.7,100.5,76.6,87.4,93.4,89.1,92.6,65.8,103.2,144.9,100.5,85.3,87.1,91.0,85.5,83.3,83.0,58.1,72.9,93.0,124.0,192.6,101.3,97.2,95.5,103.9,88.0,,,,,,,,,,,,
199011,96.0,104.1,98.3,95.6,121.9,107.5,93.8,105.6,92.3,131.7,100.5,76.6,87.6,93.5,89.2,92.6,65.8,103.6,144.9,100.5,85.5,87.2,91.2,86.0,83.4,83.3,58.1,72.9,93.2,124.0,192.4,101.8,96.5,95.6,104.6,88.2,,,,,,,,,,,,
199012,95.9,103.8,95.2,91.9,121.9,107.7,94.3,105.6,92.8,131.8,100.6,78.9,87.7,93.7,89.4,92.7,65.8,103.8,144.9,100.5,85.6,87.6,91.5,86.2,83.3,83.6,58.1,72.9,92.5,124.0,192.1,101.8,96.0,95.8,105.0,88.2,,,,,,,,,,,,
199101,96.6,104.7,103.8,101.9,121.9,106.7,94.5,101.2,91.3,131.8,100.6,76.8,88.2,93.8,89.7,92.8,65.8,103.9,144.9,100.5,86.1,87.8,91.6,86.3,84.3,83.9,58.3,72.9,95.4,124.0,192.1,99.0,98.1,95.8,104.2,88.7,,,,,,,,,,,,
199102,96.3,104.3,102.4,100.3,121.7,106.4,94.8,99.5,89.4,132.4,100.6,77.9,88.0,93.8,89.8,92.8,65.8,103.9,144.9,100.5,85.9,88.0,91.7,86.4,83.6,84.2,58.4,72.9,92.9,123.8,192.6,98.1,97.8,95.8,104.0,88.6,,,,,,,,,,,,
199103,96.8,105.0,104.0,102.2,121.5,107.0,95.2,102.0,87.5,132.8,100.6,77.9,88.2,93.9,89.8,92.9,65.8,104.1,144.9,100.5,86.1,88.2,91.9,86.4,83.8,84.4,58.4,73.2,93.1,123.7,192.6,100.0,98.3,95.9,104.7,88.7,,,,,,,,,,,,
199104,97.4,105.6,104.1,102.3,121.5,107.8,95.6,104.9,86.0,133.0,100.7,78.6,88.8,93.4,89.3,91.3,65.8,103.0,148.8,100.5,87.0,88.5,92.1,86.7,85.7,85.0,58.7,76.3,95.0,123.7,192.8,102.1,98.4,95.5,105.2,89.4,,,,,,,,,,,,
199105,97.8,106.3,104.8,103.2,121.6,108.5,96.0,107.4,85.6,133.3,100.7,78.7,89.0,93.4,89.5,91.3,65.8,103.0,148.8,100.5,87.3,88.8,92.5,87.0,86.1,85.4,58.7,76.5,95.5,123.7,193.0,103.9,98.6,95.5,105.8,89.7,,,,,,,,,,,,
199106,97.5,105.4,99.8,97.3,121.4,108.7,96.3,107.5,85.3,133.4,100.7,78.8,89.2,93.3,89.5,91.4,65.8,102.9,148.8,100.5,87.6,89.0,93.0,87.5,86.2,85.7,58.7,76.5,95.6,123.6,193.0,104.1,97.4,95.5,105.8,89.8,,,,,,,,,,,,
199107,97.4,105.0,99.3,96.8,121.4,108.2,96.5,105.2,85.2,133.5,100.7,78.8,89.5,93.8,89.5,92.9,65.8,103.0,148.8,100.5,87.8,89.1,93.3,87.8,86.3,86.0,58.7,76.5,95.7,123.6,193.0,102.5,97.3,95.7,105.4,90.0,,,,,,,,,,,,
199108,97.6,105.2,103.0,101.0,121.4,107.6,96.6,101.9,85.1,133.4,100.7,78.9,89.6,93.9,89.6,93.0,65.8,103.1,148.8,100.5,88.0,89.3,93.5,87.9,86.7,86.3,58.7,76.5,96.7,123.6,192.6,100.3,98.4,95.8,105.0,90.2,,,,,,,,,,,,
199109,97.7,105.6,99.6,97.0,121.4,109.0,96.8,108.5,85.0,133.5,100.7,78.8,89.5,93.8,89.7,93.1,65.8,102.9,148.8,100.5,88.0,89.4,93.6,88.0,86.5,86.5,58.7,76.5,95.6,123.6,192.6,104.9,97.5,95.7,106.0,90.1,,,,,,,,,,,,
199110,98.8,107.4,107.6,106.4,121.7,109.4,96.8,109.8,85.1,133.8,100.7,78.8,89.7,93.9,89.8,93.2,65.8,103.1,148.8,100.5,88.1,89.5,93.7,88.1,86.6,86.8,57.7,76.4,95.9,123.8,193.2,105.8,99.6,95.9,106.4,90.2,,,,,,,,,,,,
199111,99.0,107.8,108.1,106.9,121.8,109.8,97.0,110.7,85.5,133.8,100.7,79.0,89.8,93.9,89.8,93.2,65.8,103.0,148.8,100.5,88.2,89.6,93.7,88.2,86.7,87.0,57.7,76.4,96.2,123.9,193.0,106.4,99.9,95.9,106.8,90.3,,,,,,,,,,,,
199112,98.5,106.8,102.0,99.5,124.1,109.9,97.3,110.5,85.7,133.9,100.7,81.2,89.9,94.5,90.0,93.3,65.8,105.0,148.8,100.5,88.3,89.8,93.8,88.3,86.6,87.4,57.7,76.4,95.4,126.3,192.8,106.4,98.6,96.3,107.0,90.5,,,,,,,,,,,,
199201,98.3,106.2,102.8,100.3,125.1,108.7,97.5,105.0,85.5,133.9,100.7,82.3,90.1,94.7,90.4,93.3,67.1,105.1,148.8,100.5,88.5,90.2,94.0,88.5,87.0,88.0,57.7,76.4,95.8,127.3,192.8,102.7,98.9,96.6,106.1,90.8,,,,,,,,,,,,
199202,98.2,105.8,101.5,98.7,125.8,108.5,97.7,103.7,84.7,134.0,100.7,84.9,90.3,94.7,90.5,93.4,67.1,105.1,148.8,100.5,88.7,90.2,94.1,88.7,87.1,88.3,57.7,76.4,95.9,128.0,192.8,101.9,98.7,96.6,106.0,90.9,,,,,,,,,,,,
199203,98.7,106.6,102.0,99.2,125.9,109.2,97.9,106.5,84.5,134.2,100.8,85.3,90.5,94.7,90.5,93.4,67.1,105.2,148.8,100.5,88.9,90.4,94.2,88.8,87.3,88.6,57.8,76.5,96.2,128.1,193.0,104.0,98.9,96.6,106.7,91.1,,,,,,,,,,,,
199204,99.7,107.7,105.0,102.6,126.0,110.1,98.3,109.5,83.9,134.2,100.9,85.3,91.5,95.6,91.8,93.9,68.9,105.4,154.3,100.5,90.0,90.9,94.8,89.2,89.6,89.8,63.4,79.9,98.0,128.3,192.4,106.2,99.9,97.2,107.3,92.4,,,,,,,,,,,,
199205,99.8,107.6,102.7,100.0,126.0,110.5,98.5,111.3,83.7,134.4,101.0,85.3,91.9,95.7,92.2,94.0,68.9,105.5,154.3,100.5,90.4,91.1,95.4,89.7,89.9,90.2,63.5,79.9,98.6,128.3,192.4,107.3,99.3,97.2,107.7,92.7,,,,,,,,,,,,
199206,99.7,107.1,99.8,96.6,126.1,110.6,98.7,111.4,83.6,134.5,101.0,85.5,92.1,95.7,92.3,94.1,68.9,105.5,154.3,100.5,90.6,91.3,95.8,89.9,90.1,90.5,63.6,80.0,98.7,128.4,192.6,107.4,98.7,97.3,107.6,92.8,,,,,,,,,,,,
199207,99.0,105.6,94.9,90.8,126.3,109.9,98.8,108.0,83.5,134.4,101.0,85.5,92.1,95.2,92.3,94.2,68.9,104.2,154.3,100.5,90.8,91.5,96.0,90.2,90.2,90.8,63.6,80.0,98.8,128.5,192.6,105.2,97.4,97.0,107.0,92.8,,,,,,,,,,,,
199208,99.3,106.0,98.6,95.2,126.4,109.3,98.9,105.2,83.7,134.3,101.0,85.6,92.2,95.3,92.5,94.2,68.9,104.3,154.3,100.5,91.0,91.5,96.1,90.2,90.7,91.0,63.6,80.0,100.1,128.6,192.4,103.4,98.5,97.1,106.7,93.0,,,,,,,,,,,,
199209,99.7,107.1,99.2,95.9,126.4,110.7,99.0,110.9,84.3,134.5,101.1,85.8,92.2,95.2,92.6,94.3,68.9,104.2,154.2,100.5,91.0,91.7,96.2,90.3,90.4,91.2,63.6,80.0,99.1,128.6,192.8,107.2,98.7,97.0,107.8,92.8,,,,,,,,,,,,
199210,99.8,107.1,98.5,94.8,127.3,111.0,99.0,111.9,84.8,134.6,101.2,85.9,92.1,95.3,93.1,94.4,68.9,104.2,154.2,100.5,90.9,90.7,96.4,90.5,90.6,91.4,63.7,80.0,99.5,129.5,192.8,108.0,98.6,97.1,108.0,92.8,,,,,,,,,,,,
199211,99.6,106.5,94.5,90.1,128.3,111.2,99.0,112.5,85.2,134.6,101.2,86.1,92.4,95.3,93.3,94.5,68.9,104.3,154.2,100.5,91.2,91.9,96.5,90.6,90.7,91.6,63.7,80.0,99.5,130.5,192.6,108.4,97.6,97.2,108.1,93.1,,,,,,,,,,,,
199212,99.6,106.5,94.0,89.3,128.8,111.1,99.0,112.0,85.3,134.6,101.2,88.9,92.5,95.4,93.5,94.5,68.9,104.5,154.2,100.5,91.3,92.1,96.6,90.8,90.5,92.0,63.7,80.0,98.6,130.9,192.2,108.2,97.6,97.3,108.3,93.1,,,,,,,,,,,,
199301,99.5,106.2,98.6,94.6,129.0,109.7,99.1,105.4,85.4,134.4,101.2,85.6,92.7,95.6,93.6,94.9,68.9,104.6,154.2,100.5,91.4,92.1,96.8,90.9,90.8,92.3,63.7,80.1,98.9,131.0,192.1,103.7,98.7,97.4,107.0,93.3,,,,,,,,,,,,
199302,99.6,106.3,100.0,96.3,129.1,109.3,99.2,103.7,85.4,134.3,101.2,86.3,92.8,95.6,93.6,95.0,68.9,104.6,154.2,100.5,91.5,92.2,96.8,90.9,90.8,92.5,63.7,80.1,98.9,131.1,191.9,102.7,99.0,97.4,106.9,93.4,,,,,,,,,,,,
199303,99.9,106.8,100.3,96.6,129.1,110.0,99.2,106.6,85.4,134.6,101.2,86.4,92.8,95.7,93.7,95.0,68.9,104.6,154.2,100.5,91.7,92.3,97.1,91.2,91.1,92.7,63.7,80.3,99.1,131.0,192.1,104.8,99.1,97.5,107.4,93.5,,,,,,,,,,,,
199304,100.6,107.2,99.5,95.8,128.8,110.7,99.3,110.0,85.3,134.4,101.7,86.5,93.6,96.0,94.3,93.6,69.6,104.7,160.1,100.5,92.6,92.7,97.3,91.4,92.8,93.2,64.7,83.1,100.9,130.6,191.7,107.1,99.0,97.8,107.9,94.4,,,,,,,,,,,,
199305,100.7,107.4,99.0,95.2,128.8,111.0,99.3,111.6,85.1,134.3,101.7,86.9,93.9,96.1,95.1,93.7,69.6,104.7,160.1,100.5,92.8,92.8,97.5,91.7,93.1,93.5,64.7,83.3,101.3,130.6,191.3,108.2,98.8,97.8,108.2,94.6,,,,,,,,,,,,
199306,100.6,107.1,97.6,93.6,128.3,111.0,99.2,111.6,85.0,134.4,101.8,87.1,94.0,96.1,95.3,93.8,69.6,104.6,160.1,100.5,92.9,92.8,97.9,91.9,93.2,93.7,64.7,83.3,101.4,130.1,190.9,108.2,98.6,97.8,108.2,94.7,,,,,,,,,,,,
199307,100.9,107.4,102.0,98.8,127.8,110.3,99.4,108.2,84.8,134.2,101.9,87.2,94.1,96.4,95.3,94.4,69.6,104.9,160.1,100.5,93.0,92.9,98.1,92.1,93.1,93.7,64.8,83.3,101.2,129.6,190.5,106.0,99.7,98.0,107.6,94.8,,,,,,,,,,,,
199308,101.1,107.8,106.5,104.0,127.7,109.7,99.3,105.4,84.7,134.1,101.9,87.6,94.2,96.5,95.3,94.4,69.6,105.0,160.1,100.5,93.2,93.0,98.2,92.2,93.6,94.0,64.8,83.3,102.3,129.5,190.3,104.0,100.8,98.0,107.1,94.9,,,,,,,,,,,,
199309,101.2,108.1,103.9,101.1,128.1,110.7,99.3,110.5,84.5,134.2,101.9,87.4,94.2,96.4,95.4,94.5,69.6,104.9,160.1,100.5,93.2,93.1,98.3,92.4,93.2,94.2,64.8,83.3,101.1,129.9,190.5,107.5,100.2,98.0,107.9,94.8,,,,,,,,,,,,
199310,101.1,107.7,101.5,97.6,132.2,110.9,99.3,111.5,84.3,134.1,101.8,87.3,94.4,96.6,95.8,94.5,69.6,105.3,160.1,100.5,93.3,93.1,98.4,92.6,93.5,94.3,64.8,83.3,101.6,134.1,189.7,108.2,99.5,98.4,108.2,95.0,,,,,,,,,,,,
199311,100.6,106.7,96.5,90.4,139.8,110.9,99.4,111.7,83.9,134.0,100.8,87.4,94.1,95.5,96.6,94.6,69.6,102.5,160.1,100.5,93.4,93.3,98.5,92.6,93.5,94.5,64.8,83.3,101.6,141.7,189.5,108.4,98.1,97.7,108.3,94.8,,,,,,,,,,,,
199312,100.7,106.9,98.1,92.2,140.8,110.6,99.4,110.9,83.6,133.8,100.7,88.3,94.1,95.6,96.6,94.6,69.6,102.6,160.1,100.5,93.4,93.3,98.6,92.8,93.2,94.7,64.8,83.3,100.8,142.5,188.8,107.8,98.6,97.7,108.2,94.7,,,,,,,,,,,,
199401,100.8,107.0,103.7,98.6,141.2,109.2,99.4,104.7,83.6,133.6,100.7,89.4,94.3,95.6,96.8,94.7,69.6,102.6,160.1,100.5,93.5,93.5,98.7,93.0,93.3,94.8,64.8,83.3,100.9,142.8,188.4,103.6,100.1,97.8,107.1,94.8,,,,,,,,,,,,
199402,100.8,107.0,104.9,100.0,141.8,108.7,99.5,102.3,83.4,133.6,100.7,90.5,94.4,95.9,96.8,94.7,69.6,103.1,160.1,100.5,93.6,93.6,98.9,93.2,93.2,94.9,64.9,83.3,100.5,143.3,188.2,102.2,100.4,97.9,106.9,94.8,,,,,,,,,,,,
199403,101.2,107.7,106.9,100.7,151.7,109.3,99.4,105.3,83.3,133.4,100.8,90.8,94.5,95.9,96.9,94.7,69.6,103.3,160.1,100.5,93.7,93.7,99.0,93.4,93.3,95.0,64.9,83.3,100.6,153.4,187.8,104.3,100.9,98.5,107.6,94.9,,,,,,,,,,,,
199404,101.4,107.4,102.8,95.2,155.8,110.0,99.4,108.6,83.2,133.1,101.1,91.0,95.2,96.5,97.6,95.0,70.5,103.5,165.8,100.5,94.4,93.9,99.2,93.5,94.8,95.4,67.2,85.6,102.0,157.7,187.0,106.6,99.8,99.1,108.2,95.7,,,,,,,,,,,,
199405,101.5,107.5,101.2,93.3,156.7,110.4,99.7,110.4,83.0,133.1,101.2,91.1,95.4,96.6,98.1,95.0,70.5,103.5,165.8,100.5,94.7,94.0,99.4,93.7,95.4,95.5,67.2,85.8,103.2,158.5,187.0,107.6,99.5,99.1,108.7,96.1,,,,,,,,,,,,
199406,101.1,106.6,97.2,89.0,154.2,110.3,99.6,110.1,82.9,133.0,101.5,91.5,95.5,96.6,98.4,95.4,70.5,103.4,165.8,100.5,94.8,94.1,99.7,93.9,95.3,95.7,67.2,85.8,102.8,155.9,186.6,107.4,98.5,99.1,108.3,96.1,,,,,,,,,,,,
199407,100.7,105.6,95.6,87.6,151.3,109.3,99.5,106.5,82.6,132.7,101.5,91.6,95.6,96.7,98.5,95.4,70.5,103.5,165.8,100.5,94.9,94.1,99.8,94.0,95.4,95.9,67.3,85.8,102.8,152.8,185.9,105.1,98.0,99.0,107.5,96.2,,,,,,,,,,,,
199408,101.1,106.5,102.3,95.9,148.2,108.6,99.6,103.4,82.5,132.5,101.6,92.2,95.7,96.7,98.5,95.4,70.5,103.5,165.8,100.5,95.0,94.2,99.9,94.1,95.6,96.0,67.3,85.8,103.7,149.7,185.7,103.0,99.8,99.0,107.1,96.3,,,,,,,,,,,,
199409,101.4,107.2,102.1,97.4,137.2,109.8,99.4,108.8,82.4,132.5,101.6,92.1,95.5,96.6,98.7,95.5,70.5,103.4,165.8,100.5,94.8,92.9,100.0,94.5,95.5,96.0,67.3,85.8,103.0,138.3,185.3,106.8,99.6,98.5,107.7,95.9,,,,,,,,,,,,
199410,101.9,107.8,104.5,101.2,130.7,109.9,99.4,109.8,82.3,132.3,101.7,92.1,95.9,96.7,98.9,95.5,70.5,103.5,165.8,100.5,95.3,94.2,100.2,94.7,95.7,96.2,67.8,85.8,103.5,131.6,184.7,107.4,100.2,98.3,107.6,96.3,,,,,,,,,,,,
199411,101.6,107.2,101.4,97.8,129.3,109.8,99.3,110.1,82.1,132.0,101.7,92.4,96.0,96.7,99.0,95.5,70.5,103.4,165.8,100.5,95.3,94.3,100.3,94.9,95.6,96.3,67.9,85.8,103.2,130.3,184.1,107.5,99.3,98.2,107.5,96.3,,,,,,,,,,,,
199412,101.3,106.6,99.2,95.6,127.6,109.6,99.4,109.4,81.6,131.7,101.7,92.3,95.9,96.7,99.1,95.5,70.5,103.5,165.8,100.5,95.2,94.1,100.4,94.9,95.5,96.5,67.9,85.8,102.5,128.6,183.5,107.2,98.7,98.1,107.3,96.2,,,,,,,,,,,,
199501,101.3,106.5,103.4,100.1,128.0,108.4,99.5,103.3,81.3,132.0,101.8,92.3,96.2,97.0,99.5,95.6,70.5,103.5,165.7,100.5,95.5,94.6,100.7,95.0,95.7,96.6,68.0,85.8,102.5,129.1,184.0,103.2,99.7,98.2,106.5,96.5,,,,,,,,,,,,
199502,101.0,105.8,101.7,98.3,127.4,107.8,99.4,100.5,80.8,131.7,101.8,92.3,96.3,97.6,99.5,96.6,70.5,104.3,165.7,100.5,95.5,94.6,100.8,95.1,95.6,96.7,68.0,85.8,102.2,128.4,183.1,101.2,99.3,98.7,106.0,96.7,,,,,,,,,,,,
199503,100.9,105.5,99.0,95.4,127.1,108.2,99.3,103.7,80.6,131.3,101.8,92.2,96.4,97.9,99.7,96.6,70.5,105.0,165.7,100.5,95.5,94.6,100.8,95.1,95.6,96.7,68.0,85.9,102.1,128.2,182.2,103.3,98.6,99.0,106.3,96.8,,,,,,,,,,,,
199504,101.2,105.9,97.9,94.2,126.8,108.8,99.5,107.4,80.3,131.1,101.8,92.3,96.6,98.4,101.3,96.8,70.6,105.4,168.9,100.5,95.7,94.1,100.8,95.2,96.5,97.1,68.4,88.5,101.8,127.9,181.7,105.7,98.3,99.2,106.6,97.1,,,,,,,,,,,,
199505,101.4,106.3,100.0,96.6,126.8,108.9,99.4,108.8,79.7,130.9,101.9,92.3,96.6,98.4,101.3,96.8,70.6,105.4,168.9,100.5,95.8,93.4,101.2,95.4,96.8,97.2,68.4,88.5,102.5,127.9,181.3,106.7,98.7,99.3,106.8,97.1,,,,,,,,,,,,
199506,101.3,106.1,99.2,95.7,126.5,108.7,99.3,108.5,79.4,130.7,101.9,92.6,96.7,98.3,101.4,96.8,70.6,105.3,168.9,100.5,95.9,93.4,101.2,95.7,96.7,97.3,68.5,88.5,102.2,127.7,180.8,106.4,98.4,99.2,106.6,97.1,,,,,,,,,,,,
199507,100.8,104.8,95.8,91.7,126.7,108.0,99.2,105.1,79.1,130.6,101.7,92.5,96.7,98.4,101.3,96.8,70.6,105.5,168.9,100.5,95.9,93.4,101.4,95.9,96.5,97.1,68.5,88.4,101.8,127.8,180.1,104.1,97.5,99.3,105.9,97.0,,,,,,,,,,,,
199508,100.9,104.9,98.4,94.7,127.0,107.4,99.2,102.5,78.9,130.3,101.7,92.7,96.9,98.5,101.4,96.8,70.6,105.7,168.9,100.5,96.1,93.4,101.5,96.0,96.8,97.3,68.5,88.4,102.7,128.2,179.5,102.3,98.2,99.4,105.6,97.2,,,,,,,,,,,,
199509,101.5,106.0,100.3,96.9,126.1,108.4,99.0,109.0,78.7,130.1,101.8,92.7,97.0,99.3,101.4,96.8,70.6,108.0,168.9,100.5,96.1,93.4,101.5,96.1,96.7,97.2,68.6,88.5,102.2,127.3,178.6,106.7,98.5,99.8,106.4,97.4,,,,,,,,,,,,
199510,101.2,105.4,97.2,93.6,124.2,108.4,99.0,109.7,78.5,129.9,101.8,92.6,97.1,99.3,101.7,96.9,70.6,108.2,168.9,100.5,96.1,93.4,101.7,96.3,96.7,97.2,68.7,88.5,102.3,125.2,177.9,107.1,97.7,100.0,106.4,97.4,,,,,,,,,,,,
199511,100.9,104.7,93.1,89.1,123.9,108.4,98.9,110.0,78.2,129.7,101.8,92.9,97.1,99.3,102.1,96.9,70.6,108.1,168.9,100.5,96.1,93.4,101.7,96.3,96.7,97.3,68.7,88.5,102.3,125.0,177.2,107.4,96.7,100.0,106.4,97.5,,,,,,,,,,,,
199512,100.9,104.7,94.3,90.5,123.7,108.1,98.8,109.5,77.9,129.4,101.8,92.8,97.1,99.3,102.6,96.9,70.6,108.2,168.9,100.5,96.1,93.4,101.8,96.3,96.6,97.4,68.7,88.5,101.7,124.9,176.7,107.0,96.9,100.0,106.2,97.4,,,,,,,,,,,,
199601,100.8,104.4,98.3,95.2,123.1,106.9,98.8,103.2,77.6,129.0,99.9,93.1,97.2,99.6,103.0,97.2,70.6,108.5,168.9,100.5,96.2,92.7,101.8,96.3,97.0,97.9,68.7,88.5,102.6,124.2,176.1,102.9,97.6,99.5,105.0,97.5,,,,,,,,,,,,
199602,100.6,104.1,98.0,94.8,123.2,106.3,98.9,101.0,77.4,128.9,99.9,93.3,97.3,99.6,103.0,97.2,70.6,108.5,168.9,100.5,96.3,93.5,101.9,96.5,96.8,98.0,68.7,88.5,101.7,124.3,175.4,101.4,97.5,99.5,104.7,97.6,,,,,,,,,,,,
199603,100.8,104.4,97.6,94.4,123.0,107.0,98.9,104.4,77.2,128.9,99.9,93.0,97.4,99.6,103.2,97.2,70.6,108.6,168.9,100.5,96.3,93.6,102.0,96.5,96.8,98.0,68.7,88.9,101.5,124.2,175.0,103.6,97.4,99.6,105.1,97.7,,,,,,,,,,,,
199604,101.4,105.2,100.0,97.1,122.8,107.5,98.8,108.2,76.9,128.6,100.3,93.1,97.7,99.9,103.5,97.8,71.5,108.2,173.8,100.6,96.7,93.6,102.1,96.8,97.6,98.1,70.9,90.3,102.3,124.0,174.7,106.0,98.0,99.8,105.6,98.1,,,,,,,,,,,,
199605,101.6,105.4,100.5,97.6,122.8,107.8,98.9,109.5,76.9,128.5,100.3,93.0,97.8,99.9,103.7,98.0,71.5,108.2,173.8,100.6,96.8,93.7,102.2,96.8,97.7,98.1,71.0,90.3,102.8,124.0,174.0,106.9,98.1,99.8,105.8,98.2,,,,,,,,,,,,
199606,101.3,104.8,97.1,93.7,122.8,107.6,98.9,109.5,76.9,128.2,100.3,93.3,97.9,100.0,103.8,98.0,71.5,108.2,173.8,100.6,96.9,93.6,102.2,97.1,97.7,98.1,71.0,90.3,102.6,124.0,173.4,106.7,97.3,99.8,105.6,98.2,,,,,,,,,,,,
199607,101.2,104.6,98.7,95.6,122.8,106.9,98.7,106.3,76.8,127.7,101.3,93.2,97.9,100.1,103.8,98.2,71.5,108.3,173.8,100.6,96.9,93.6,102.3,97.2,97.5,98.1,71.0,90.2,102.2,124.0,172.9,104.6,97.7,100.1,105.1,98.2,,,,,,,,,,,,
199608,101.1,104.3,99.2,96.3,122.7,106.2,98.8,103.2,76.5,127.4,101.3,93.3,98.1,100.2,103.9,98.2,71.5,108.5,173.8,100.6,97.1,93.6,102.4,97.3,97.9,98.1,71.0,90.2,103.2,123.8,172.3,102.5,97.8,100.2,104.6,98.4,,,,,,,,,,,,
199609,101.5,105.0,98.8,95.8,122.4,107.4,98.9,110.0,76.3,127.4,101.3,93.1,98.1,100.0,103.9,98.2,71.5,108.2,173.8,100.6,97.1,93.7,102.5,97.5,97.7,98.1,71.0,90.3,102.6,123.6,172.0,106.9,97.7,100.1,105.6,98.3,,,,,,,,,,,,
199610,101.7,105.3,99.6,96.7,122.5,107.6,99.0,111.0,76.3,127.3,101.7,93.1,98.1,100.1,104.1,98.3,71.5,108.2,173.8,100.6,97.1,93.7,102.6,97.6,97.7,98.1,71.0,90.3,102.7,123.7,171.4,107.6,98.0,100.2,105.9,98.3,,,,,,,,,,,,
199611,101.4,104.7,95.8,92.3,123.4,107.8,99.0,111.5,76.7,127.2,101.8,93.3,98.2,100.0,104.0,98.3,71.5,108.2,173.8,100.6,97.2,93.7,102.6,97.7,97.9,98.2,71.0,90.3,103.1,124.6,171.3,107.9,97.1,100.2,105.9,98.4,,,,,,,,,,,,
199612,101.5,105.2,99.0,95.9,123.7,107.6,98.9,111.0,77.3,126.9,101.8,93.1,98.0,99.8,104.1,98.3,71.5,107.6,173.8,100.6,97.0,92.9,102.7,97.8,97.6,98.3,71.0,90.3,102.2,124.9,170.5,107.5,97.9,100.0,106.0,98.0,,,,,,,,,,,,
199701,101.4,104.6,100.6,97.7,123.7,106.3,99.0,103.9,77.8,126.6,102.0,93.6,98.1,99.8,103.9,98.3,71.5,107.7,173.8,100.6,97.3,93.8,102.8,97.9,97.7,98.4,71.0,90.3,102.2,124.9,170.0,102.9,98.4,100.2,105.0,98.2,,,,,,,,,,,,
199702,101.2,104.3,100.1,97.1,123.6,105.9,99.0,101.4,78.4,126.5,102.0,93.8,98.2,99.8,104.0,98.3,71.5,107.8,173.8,100.6,97.3,93.8,102.8,98.0,97.7,98.5,71.1,90.3,102.2,124.7,169.6,101.2,98.4,100.2,104.7,98.3,,,,,,,,,,,,
199703,101.3,104.4,98.2,95.0,123.4,106.6,98.9,105.2,78.6,126.4,102.0,93.7,98.2,99.9,104.0,98.3,71.5,107.9,173.8,100.6,97.3,93.8,102.8,98.0,97.8,98.6,71.1,90.3,102.3,124.5,169.4,103.7,97.9,100.2,105.2,98.3,,,,,,,,,,,,
199704,103.4,107.1,101.6,98.6,124.4,109.3,101.1,110.6,79.7,128.8,104.4,95.6,99.6,101.1,104.2,98.7,71.8,109.6,177.1,102.3,98.9,96.4,103.0,98.3,100.2,100.5,72.2,92.3,105.8,125.5,172.7,107.9,100.1,101.6,107.7,100.1,,,,,,,,,,,,
199705,103.6,107.3,101.4,98.4,124.0,109.5,101.1,112.1,79.5,128.7,105.4,95.3,99.7,100.8,104.3,97.4,71.8,109.8,177.1,102.3,99.0,96.5,103.2,98.5,100.3,100.6,72.3,92.3,106.1,125.1,172.5,109.0,100.2,101.7,108.0,100.2,,,,,,,,,,,,
199706,103.6,107.3,101.4,98.5,123.8,109.4,101.2,111.9,78.9,128.6,105.7,95.6,99.8,100.9,104.3,97.7,71.8,109.7,177.1,102.3,99.1,96.6,103.3,98.8,100.3,100.7,72.3,92.3,105.8,124.9,172.2,108.9,100.2,101.8,107.9,100.2,,,,,,,,,,,,
199707,103.2,106.4,99.0,95.9,123.6,108.7,101.2,108.4,78.6,128.5,106.2,95.6,99.8,101.0,104.3,97.8,71.8,109.9,177.1,102.3,99.1,96.7,103.3,98.8,100.3,100.8,72.3,92.3,105.8,124.7,171.8,106.6,99.7,102.1,107.4,100.2,,,,,,,,,,,,
199708,103.3,106.5,101.9,99.2,123.4,108.1,101.3,105.5,78.1,128.2,106.2,96.0,100.0,101.1,104.3,97.9,71.8,110.2,177.1,102.3,99.3,96.7,103.3,98.9,100.6,100.8,72.4,92.3,106.7,124.5,171.3,104.6,100.3,102.2,106.9,100.4,,,,,,,,,,,,
199709,104.0,107.3,101.4,98.7,122.4,109.4,101.2,113.0,77.8,128.2,106.2,95.8,100.6,104.3,104.3,97.9,93.6,109.8,177.1,102.3,99.2,96.2,103.3,99.0,100.4,100.9,72.4,92.4,106.1,123.5,171.1,109.5,100.1,104.4,108.0,101.3,,,,,,,,,,,,
199710,104.3,107.5,102.7,100.7,118.4,109.4,101.1,114.0,77.2,128.1,106.2,95.9,100.9,104.4,104.6,98.0,93.6,109.9,177.1,102.3,99.5,96.9,103.3,99.0,100.8,100.9,72.4,92.4,107.0,119.3,170.5,110.2,100.3,104.3,107.9,101.6,,,,,,,,,,,,
199711,103.6,106.3,95.4,92.6,117.3,109.4,101.1,114.6,76.8,127.9,106.2,96.0,100.8,104.4,104.5,98.0,93.6,109.9,177.1,102.3,99.4,96.9,103.3,99.0,100.6,100.9,72.5,92.4,106.3,118.1,170.2,110.6,98.6,104.3,107.8,101.5,,,,,,,,,,,,
199712,103.4,106.0,94.5,91.6,116.7,109.2,101.0,114.3,76.3,127.7,106.2,95.9,100.7,104.3,104.6,98.1,93.6,109.7,177.1,102.3,99.2,96.3,103.3,99.1,100.3,101.0,72.5,92.4,105.6,117.6,169.6,110.3,98.3,104.3,107.7,101.2,,,,,,,,,,,,
199801,103.3,105.9,100.0,98.0,116.6,107.6,101.0,106.4,75.9,127.5,105.5,96.1,100.7,104.4,104.6,98.1,93.6,109.8,177.1,102.3,99.3,96.4,103.4,99.3,100.2,101.0,72.5,92.4,105.2,117.5,169.6,105.1,99.5,104.1,106.4,101.2,,,,,,,,,,,,
199802,103.2,105.5,101.6,99.8,116.4,107.2,101.0,104.3,75.3,127.4,102.9,96.1,100.7,104.0,104.6,98.2,93.6,109.0,177.1,102.3,99.3,96.5,103.5,99.3,100.2,101.0,72.5,92.4,105.2,117.2,169.3,103.7,99.5,103.1,105.8,101.2,,,,,,,,,,,,
199803,103.6,106.4,103.5,102.0,116.0,107.8,101.0,108.1,74.5,127.4,102.9,96.1,100.6,104.1,104.6,98.2,93.6,109.1,177.1,102.3,99.3,96.1,103.6,99.4,100.2,101.0,72.5,92.5,105.2,116.8,169.1,106.3,99.8,103.1,106.3,101.1,,,,,,,,,,,,
199804,103.8,106.6,102.4,100.7,115.9,108.5,101.2,112.1,73.7,127.4,103.0,96.2,100.9,104.0,100.1,98.7,92.8,109.1,180.9,102.2,99.5,96.7,103.6,99.2,100.9,101.0,74.0,93.9,105.6,116.7,168.7,109.0,99.6,103.1,106.7,101.5,,,,,,,,,,,,
199805,104.1,107.3,105.8,104.7,115.8,108.6,101.1,113.3,73.3,127.2,103.0,96.2,100.8,103.8,99.4,97.8,92.8,109.1,180.9,102.2,99.6,96.7,103.6,99.3,101.0,101.0,74.1,94.0,105.7,116.6,168.4,109.7,100.3,103.0,106.8,101.4,,,,,,,,,,,,
199806,103.7,106.6,101.8,100.0,115.9,108.5,101.2,113.3,73.0,127.1,103.0,96.4,100.8,103.6,99.3,97.5,92.8,109.1,180.9,102.2,99.6,96.8,103.7,99.4,100.8,101.0,74.1,94.0,105.3,116.7,168.4,109.7,99.4,102.9,106.7,101.3,,,,,,,,,,,,
199807,103.1,105.2,97.6,95.3,116.4,107.6,101.2,109.3,73.0,126.8,103.0,96.2,100.7,103.7,99.0,97.6,92.8,109.1,180.9,102.2,99.5,96.3,103.7,99.4,100.7,101.1,74.1,94.0,104.8,117.2,167.8,106.9,98.4,102.9,106.0,101.2,,,,,,,,,,,,
199808,103.0,104.9,97.7,95.5,116.4,107.2,101.1,106.9,72.8,126.6,103.1,96.3,100.9,103.9,99.0,97.6,92.8,109.5,180.9,102.2,99.7,96.8,103.7,99.5,100.9,101.1,74.1,94.0,105.5,117.2,167.8,105.3,98.3,103.0,105.8,101.4,,,,,,,,,,,,
199809,103.8,106.6,102.6,100.8,116.7,108.4,101.2,113.5,72.9,126.6,103.1,96.2,100.8,103.7,98.9,97.6,92.8,109.1,180.9,102.2,99.6,96.8,103.6,99.5,100.7,101.1,74.1,94.0,105.0,117.6,167.6,109.7,99.5,102.8,106.7,101.3,,,,,,,,,,,,
199810,104.5,108.1,110.5,109.4,120.1,108.5,101.3,114.5,72.6,126.6,102.4,96.2,100.9,103.7,98.7,97.6,92.8,109.1,180.9,102.2,99.7,96.8,103.6,99.5,101.0,101.1,74.1,94.0,105.8,121.0,167.1,110.3,101.3,102.7,106.9,101.4,,,,,,,,,,,,
199811,104.4,108.0,109.7,108.4,121.2,108.5,101.4,114.5,72.5,126.5,102.4,96.3,100.8,103.6,98.8,97.6,92.8,109.1,180.9,102.2,99.6,96.8,103.5,99.4,100.9,101.1,74.1,94.0,105.5,122.3,166.9,110.3,101.1,102.8,107.0,101.4,,,,,,,,,,,,
199812,104.0,107.3,105.7,103.9,121.1,108.6,101.4,114.0,72.3,127.0,102.4,96.3,100.6,103.6,98.6,97.6,92.8,108.9,180.9,102.2,99.4,96.2,103.5,99.4,100.6,101.1,74.1,94.0,104.6,122.2,166.9,110.0,100.3,102.8,107.2,101.1,,,,,,,,,,,,
199901,103.5,106.3,104.8,102.9,120.9,107.3,101.6,107.0,72.2,126.9,102.1,96.4,100.7,103.8,98.7,97.6,92.8,109.3,180.9,102.2,99.4,96.7,103.4,99.3,100.4,101.1,74.2,94.0,104.0,121.9,166.9,105.3,100.1,102.9,106.0,101.2,,,,,,,,,,,,
199902,103.1,105.5,103.0,100.7,121.0,106.8,101.6,104.4,72.0,126.6,102.0,96.4,100.6,103.7,98.6,97.6,92.8,109.2,180.9,102.2,99.3,96.7,103.3,99.2,100.4,101.1,74.2,94.0,103.8,122.1,166.6,103.6,99.7,102.7,105.7,101.1,,,,,,,,,,,,
199903,103.2,105.5,101.1,98.6,120.9,107.4,101.6,107.9,71.8,126.5,102.0,96.4,100.7,103.7,98.4,97.6,92.8,109.3,180.9,102.2,99.4,96.8,103.4,99.4,100.4,101.0,74.2,94.0,104.0,121.9,166.4,105.8,99.2,102.8,106.1,101.2,,,,,,,,,,,,
199904,103.7,106.3,102.7,100.4,120.5,108.2,101.7,112.0,71.4,126.5,101.2,96.5,100.9,103.9,99.5,97.7,93.6,109.2,183.4,102.2,99.6,96.9,103.4,99.4,100.8,100.9,74.3,95.2,104.1,121.5,166.2,108.5,99.5,102.7,106.4,101.4,,,,,,,,,,,,
199905,103.7,106.4,102.3,100.1,120.1,108.4,101.7,113.2,71.4,126.6,101.2,96.4,100.9,104.0,99.6,97.7,93.6,109.2,183.4,102.2,99.6,96.9,103.4,99.4,100.9,100.8,74.3,95.2,104.5,121.2,166.4,109.3,99.4,102.7,106.7,101.5,,,,,,,,,,,,
199906,103.4,105.8,98.5,95.9,119.4,108.3,101.7,113.0,71.8,126.5,101.2,96.6,101.0,104.0,100.5,97.7,93.6,109.1,183.4,102.2,99.7,97.0,103.6,99.6,100.9,100.7,74.3,95.2,104.7,120.4,166.2,109.1,98.5,102.6,106.5,101.5,,,,,,,,,,,,
199907,103.0,104.9,97.5,94.6,119.2,107.5,101.7,109.1,72.4,126.2,100.8,96.3,100.9,103.6,100.4,97.7,90.5,109.4,183.4,102.2,99.7,97.0,103.5,99.6,100.8,100.6,74.3,95.2,104.5,120.3,165.8,106.3,98.2,102.4,105.9,101.4,,,,,,,,,,,,
199908,103.3,105.4,101.6,99.4,119.4,107.2,101.8,106.7,73.0,125.9,100.8,96.6,101.0,103.7,100.3,97.7,90.5,109.7,183.4,102.2,99.8,97.0,103.5,99.7,101.0,100.6,74.3,95.2,104.9,120.4,165.5,104.8,99.3,101.7,105.6,101.5,,,,,,,,,,,,
199909,103.6,106.3,101.9,99.8,118.8,108.3,101.6,113.1,73.7,125.9,100.8,96.6,100.9,103.5,100.3,97.7,90.5,109.1,183.4,102.2,99.7,97.0,103.5,99.6,100.8,100.6,74.3,95.2,104.5,119.8,164.9,109.1,99.4,101.5,106.5,101.3,,,,,,,,,,,,
199910,103.8,106.6,102.7,100.9,117.0,108.5,101.6,114.3,74.4,125.7,101.3,96.7,100.9,103.5,100.1,97.8,90.5,109.2,183.4,102.2,99.8,97.0,103.5,99.7,101.1,100.6,74.3,95.2,105.3,118.0,164.6,109.8,99.7,101.6,106.7,101.4,,,,,,,,,,,,
199911,103.2,105.4,96.3,93.7,116.4,108.5,101.5,114.1,75.0,125.6,101.3,96.7,100.9,103.4,99.1,97.8,90.5,109.1,183.4,102.2,99.7,97.0,103.5,99.6,100.9,100.6,74.3,95.2,104.9,117.3,164.4,109.7,98.2,101.6,106.6,101.3,,,,,,,,,,,,
199912,102.9,104.8,93.4,90.6,115.9,108.3,101.4,113.5,75.5,125.2,101.2,96.7,100.8,103.5,98.6,97.8,90.5,109.3,183.4,102.2,99.7,97.0,103.5,99.7,100.6,100.6,74.3,95.2,104.0,116.8,163.7,109.3,97.5,101.6,106.5,101.2,,,,,,,,,,,,
200001,102.8,104.8,96.6,94.2,115.8,107.4,101.4,106.8,75.5,124.9,101.9,96.7,100.6,103.4,98.5,97.9,90.2,108.8,183.4,102.1,99.6,97.0,103.5,99.6,99.9,100.5,74.3,95.3,103.7,116.6,165.9,105.0,98.3,101.8,105.8,100.9,,,,,,,,,,,,
200002,102.5,104.3,95.9,93.3,116.1,106.9,101.4,104.2,75.5,124.4,101.9,96.6,100.6,103.3,98.5,97.9,90.2,108.4,183.4,102.1,99.7,96.9,103.5,99.8,99.9,100.5,74.3,95.3,103.5,116.7,164.6,103.5,98.1,101.7,105.3,100.8,,,,,,,,,,,,
200003,102.7,104.7,97.1,94.8,115.8,107.3,101.3,107.2,75.8,124.1,101.9,96.6,100.7,103.6,98.5,97.9,90.2,109.1,183.4,102.1,99.6,95.9,103.4,99.8,100.3,100.4,74.4,95.3,104.8,116.6,163.6,105.3,98.4,101.9,105.7,100.9,,,,,,,,,,,,
200004,102.9,105.0,96.2,93.7,115.7,107.9,101.3,110.9,76.3,124.0,102.7,96.6,100.6,103.3,98.9,98.3,90.8,107.9,186.2,101.5,99.6,95.7,103.3,99.6,100.6,100.4,77.0,96.1,104.9,116.3,163.5,107.4,98.3,101.9,106.1,100.9,,,,,,,,,,,,
200005,103.0,105.0,95.4,92.8,115.6,107.9,101.3,112.2,76.4,123.5,102.7,96.7,101.0,103.4,100.0,98.3,90.8,108.1,186.2,101.5,100.1,95.7,103.3,100.1,101.4,100.4,77.0,96.1,107.1,116.2,162.2,108.1,98.2,102.0,106.2,101.2,,,,,,,,,,,,
200006,102.8,104.7,94.8,92.2,115.7,107.7,101.2,112.0,76.7,123.0,102.7,96.7,100.8,103.3,100.1,98.4,90.8,107.7,186.2,101.4,99.9,95.9,103.3,100.2,100.7,100.4,77.0,96.1,105.0,116.2,161.1,107.9,98.0,101.9,105.9,100.9,,,,,,,,,,,,
200007,102.5,104.0,92.9,90.1,115.4,106.9,101.0,108.1,76.9,122.7,103.5,96.7,101.0,103.3,100.0,98.4,90.8,107.9,186.2,101.2,100.1,95.8,103.3,100.1,101.4,100.4,77.0,96.1,107.2,116.0,160.4,105.4,97.6,102.1,105.3,101.2,,,,,,,,,,,,
200008,102.8,104.0,95.2,92.7,115.0,106.4,100.9,105.6,77.2,122.2,103.5,96.8,101.5,103.7,100.0,98.4,90.8,108.8,186.2,101.2,100.7,95.9,103.2,100.1,102.8,100.3,77.0,96.1,111.1,115.8,159.5,103.8,98.1,102.4,105.0,101.9,,,,,,,,,,,,
200009,102.7,104.5,95.8,93.5,114.1,107.0,100.9,110.5,77.3,121.8,103.5,96.8,100.9,103.3,100.1,98.4,90.8,107.7,186.2,101.4,100.1,95.7,103.2,100.1,101.3,100.4,77.0,96.1,106.8,114.8,157.9,106.9,98.2,102.1,105.5,101.1,,,,,,,,,,,,
200010,102.7,104.6,96.7,94.7,112.6,107.2,100.9,111.8,78.7,121.2,101.2,96.8,100.7,103.1,100.3,98.5,90.8,107.0,186.2,101.5,99.8,95.7,103.3,100.1,100.6,100.4,77.0,96.1,104.8,113.2,156.3,107.7,98.3,101.4,105.3,100.8,,,,,,,,,,,,
200011,102.4,104.2,94.3,92.2,111.6,107.2,100.8,111.9,79.3,121.1,101.2,96.6,100.6,103.0,100.2,98.5,90.8,106.9,186.2,101.6,99.7,95.7,103.3,100.3,100.2,100.3,77.0,96.1,103.8,112.1,155.6,107.7,97.8,101.3,105.2,100.6,,,,,,,,,,,,
200012,102.5,104.3,96.5,94.7,111.2,106.9,100.7,111.3,79.6,120.6,101.2,96.7,100.7,103.0,100.1,98.5,90.8,107.0,186.2,101.6,99.8,95.7,103.2,100.1,100.6,100.4,77.0,96.1,104.8,111.8,154.7,107.4,98.2,101.3,105.1,100.8,,,,,,,,,,,,
200101,102.5,104.4,101.4,100.2,111.1,105.7,100.6,104.8,79.6,120.2,101.6,96.9,100.5,103.2,100.2,98.5,92.9,106.5,186.2,101.6,99.5,95.7,103.2,100.0,99.8,100.5,77.0,96.1,102.6,111.7,153.5,103.3,99.3,101.6,104.3,100.5,,,,,,,,,,,,
200102,102.1,103.8,100.6,99.2,111.1,105.2,100.5,102.2,79.4,119.9,101.5,96.8,100.4,103.1,100.1,98.5,92.9,106.3,186.2,101.6,99.4,95.7,103.2,100.1,99.6,100.4,77.0,96.1,102.0,111.6,152.6,101.7,99.0,101.5,103.9,100.4,,,,,,,,,,,,
200103,101.9,103.4,97.6,95.9,110.9,105.4,100.6,104.2,79.2,119.7,101.5,96.8,100.5,102.9,100.1,98.5,92.9,105.8,186.2,101.6,99.6,95.7,103.2,100.1,100.0,100.4,77.0,96.2,103.1,111.5,151.9,103.0,98.4,101.3,104.1,100.5,,,,,,,,,,,,
200104,102.1,103.5,95.6,93.7,110.9,105.8,100.4,108.2,78.9,119.5,102.2,96.9,100.7,103.1,100.6,99.9,92.9,105.1,188.8,101.7,99.9,95.5,103.1,100.5,100.4,100.4,77.3,97.1,103.6,111.4,151.5,105.5,97.9,101.6,104.4,100.7,,,,,,,,,,,,
200105,102.2,103.8,96.6,94.8,110.8,105.9,100.3,109.6,78.6,119.2,102.4,97.0,100.7,102.8,100.3,99.9,92.9,104.4,188.8,101.7,100.0,95.5,103.0,100.5,100.8,100.3,77.3,97.1,104.8,111.3,150.6,106.4,98.0,101.4,104.4,100.7,,,,,,,,,,,,
200106,101.9,103.1,94.0,91.8,110.8,105.7,100.3,109.4,78.4,118.7,102.4,97.0,100.7,102.9,100.0,101.2,92.9,104.1,188.8,101.7,100.0,95.5,103.0,100.6,100.7,100.3,77.3,97.1,104.5,111.3,149.5,106.2,97.4,101.5,104.2,100.7,,,,,,,,,,,,
200107,101.6,102.3,92.1,89.8,110.9,104.9,100.1,105.4,78.4,118.3,102.2,97.0,100.9,103.1,99.8,101.2,92.9,104.5,188.8,101.4,100.2,95.5,103.0,100.7,101.2,100.2,77.3,97.1,106.0,111.4,148.7,103.7,96.9,101.6,103.6,100.9,,,,,,,,,,,,
200108,102.0,102.6,96.3,94.3,111.2,104.3,100.1,102.6,78.3,118.0,102.2,97.1,101.4,103.5,99.8,101.2,92.9,105.5,188.8,101.2,100.7,95.3,103.0,100.7,102.7,100.2,77.3,97.1,110.3,111.8,148.1,101.9,97.8,101.9,103.2,101.6,,,,,,,,,,,,
200109,101.8,102.9,94.8,92.8,111.4,105.1,100.0,108.3,78.2,117.9,102.4,97.0,100.8,102.9,99.8,101.2,92.9,104.2,188.8,101.5,100.1,95.3,103.0,100.7,100.9,100.2,77.2,97.1,105.3,111.8,147.4,105.5,97.4,101.6,103.8,100.8,,,,,,,,,,,,
200110,101.8,102.9,95.6,93.7,111.5,105.0,99.6,108.9,78.1,117.6,102.8,97.1,100.8,103.2,99.7,102.3,92.9,104.1,188.8,101.7,99.9,95.2,103.0,100.8,100.4,100.2,77.2,97.1,103.8,112.0,146.8,105.9,97.5,101.8,103.8,100.7,,,,,,,,,,,,
200111,101.3,102.0,90.7,88.1,111.2,104.7,99.6,109.1,77.5,117.3,102.8,97.0,100.6,103.0,99.6,102.3,92.9,104.1,188.8,99.4,99.7,95.2,103.0,100.7,99.9,100.2,77.2,97.1,102.6,111.8,145.8,105.8,96.3,101.7,103.6,100.4,,,,,,,,,,,,
200112,101.2,101.6,90.4,87.8,111.0,104.2,99.4,108.1,76.7,116.9,102.8,97.3,100.7,103.1,99.7,102.3,92.9,104.4,188.8,99.4,99.9,95.2,103.0,100.8,100.4,100.2,77.2,97.1,103.8,111.6,145.4,105.1,96.0,101.7,103.2,100.6,,,,,,,,,,,,
200201,101.0,101.5,94.4,92.4,111.0,103.0,99.4,101.5,76.2,116.5,102.7,97.2,100.5,103.0,99.7,102.3,92.9,104.2,188.8,99.4,99.6,95.2,103.0,100.8,99.8,100.2,77.2,97.1,102.0,111.5,144.6,100.9,96.9,101.7,102.3,100.3,,,,,,,,,,,,
200202,100.5,100.5,91.6,89.1,110.8,102.5,99.2,99.0,75.8,116.2,102.7,97.1,100.5,103.0,99.7,102.3,92.9,104.2,188.8,99.4,99.6,95.9,103.0,100.8,99.3,100.2,77.2,97.1,100.9,111.3,143.8,99.4,96.1,101.7,101.9,100.3,,,,,,,,,,,,
200203,100.7,100.7,91.4,88.9,110.8,102.9,99.4,101.5,75.6,116.0,102.6,96.9,100.7,103.1,99.6,102.3,92.9,104.5,188.8,99.4,99.8,95.9,102.9,100.8,99.8,100.1,77.2,97.2,102.2,111.3,143.1,101.1,96.0,101.7,102.2,100.5,,,,,,,,,,,,
200204,101.0,101.4,93.1,90.9,110.7,103.6,99.3,105.7,75.8,116.0,101.0,97.0,100.7,102.9,99.9,102.6,91.3,104.1,191.6,99.6,99.9,95.4,102.9,100.8,100.3,100.0,77.3,98.1,103.0,111.3,143.1,103.7,96.2,101.1,102.4,100.5,,,,,,,,,,,,
200205,101.3,102.0,96.0,94.1,110.9,103.7,99.3,106.5,76.8,115.9,101.0,97.1,100.6,102.9,99.5,102.6,91.3,104.2,191.6,99.6,99.8,95.9,102.8,100.5,100.3,100.0,77.3,98.2,103.0,111.3,142.9,104.1,96.9,101.2,102.6,100.6,,,,,,,,,,,,
200206,101.2,101.7,95.2,93.2,110.7,103.5,99.1,106.2,76.9,115.7,101.0,97.2,100.7,102.8,99.4,102.6,91.3,104.1,191.6,99.5,100.0,95.9,102.8,100.6,100.6,100.0,77.3,98.2,103.8,111.2,142.6,104.0,96.7,101.1,102.4,100.7,,,,,,,,,,,,
200207,100.8,100.7,93.4,91.3,110.7,102.6,98.9,102.4,76.6,115.3,100.6,97.1,100.9,102.8,99.4,102.6,91.3,104.2,191.6,99.0,100.2,95.9,102.8,100.6,101.2,100.0,77.3,98.2,105.5,111.2,142.0,101.4,96.0,101.0,101.7,100.9,,,,,,,,,,,,
200208,101.1,100.9,96.7,95.1,110.4,102.0,98.7,99.9,76.1,114.8,100.6,97.3,101.4,103.4,99.3,102.6,91.3,105.5,191.6,99.0,100.7,95.5,102.8,100.6,102.7,100.0,77.4,98.1,109.7,111.0,141.0,99.9,96.7,101.4,101.3,101.6,,,,,,,,,,,,
200209,101.1,101.4,96.3,94.5,110.4,102.8,98.8,105.6,75.9,114.8,100.3,97.2,100.8,102.8,99.3,102.6,91.3,103.9,191.6,99.3,100.1,95.5,102.8,100.6,101.0,99.9,77.4,98.1,105.1,110.9,140.4,103.4,96.6,100.9,102.0,100.8,,,,,,,,,,,,
200210,100.9,101.1,95.3,93.4,110.4,102.9,98.8,106.3,76.1,114.6,99.3,97.4,100.7,103.2,99.4,102.6,94.0,103.9,191.6,99.5,99.8,95.5,102.7,100.6,100.4,99.9,77.4,98.1,103.5,110.8,140.1,103.9,96.2,101.0,101.9,100.7,,,,,,,,,,,,
200211,100.9,101.2,96.0,94.2,110.4,102.8,98.7,106.3,76.5,114.3,99.3,97.2,100.6,103.2,99.3,102.6,94.0,103.8,191.6,99.6,99.7,95.5,102.7,100.5,100.0,99.9,77.4,98.1,102.4,110.9,139.4,103.8,96.3,100.9,101.9,100.5,,,,,,,,,,,,
200212,100.9,101.0,95.8,94.0,110.3,102.6,98.5,105.8,76.6,114.0,99.3,97.3,100.8,103.3,99.3,102.6,94.0,104.2,191.6,99.6,99.9,95.5,102.7,100.7,100.5,99.9,77.3,98.1,103.7,110.8,138.9,103.6,96.2,101.0,101.7,100.8,,,,,,,,,,,,
200301,100.6,100.5,97.8,96.2,110.2,101.4,98.5,98.9,76.7,113.7,99.2,97.3,100.6,103.3,99.3,102.6,94.0,104.1,191.6,99.6,99.6,95.5,102.6,100.7,99.6,99.8,77.4,98.1,101.2,110.6,138.1,99.2,96.6,101.0,100.7,100.4,,,,,,,,,,,,
200302,100.3,100.1,96.6,95.0,110.2,101.1,98.4,96.6,77.2,113.5,99.2,97.2,100.5,103.2,99.0,102.6,94.0,103.9,191.6,99.6,99.6,95.5,102.6,100.7,99.6,99.8,77.4,98.1,101.2,110.5,137.5,97.8,96.4,100.9,100.4,100.4,,,,,,,,,,,,
200303,100.6,100.4,96.5,94.9,110.0,101.5,98.3,99.4,78.4,113.5,99.2,97.2,100.7,103.4,99.0,102.6,94.0,104.5,191.6,99.6,99.8,95.6,102.6,100.7,100.1,99.7,77.4,98.1,102.6,110.3,137.0,99.7,96.5,101.1,100.8,100.6,,,,,,,,,,,,
200304,100.9,100.9,96.5,94.9,109.9,102.2,98.3,103.3,79.2,113.3,99.7,97.1,101.0,104.6,98.9,102.7,101.0,104.1,194.5,99.7,99.7,95.3,102.6,100.8,99.9,99.7,77.9,98.3,102.0,110.2,137.0,102.1,96.6,102.0,101.3,101.0,,,,,,,,,,,,
200305,101.1,101.1,97.9,96.3,110.3,102.3,98.3,104.2,78.9,113.2,99.7,97.2,101.0,104.6,99.3,102.7,101.0,104.1,194.5,99.6,99.8,95.4,102.6,100.8,100.1,99.7,78.0,98.3,102.5,110.7,136.7,102.6,96.8,102.0,101.4,101.0,,,,,,,,,,,,
200306,100.8,100.5,95.5,93.7,110.3,102.0,98.1,103.9,78.3,113.0,99.7,97.1,101.1,104.5,99.1,102.7,100.8,104.1,194.5,99.6,99.9,95.4,102.6,100.9,100.3,99.7,78.0,98.3,103.2,110.6,136.2,102.3,96.1,102.0,101.1,101.1,,,,,,,,,,,,
200307,100.6,99.8,93.0,90.9,110.4,101.4,98.0,100.1,77.9,113.3,99.9,97.3,101.5,104.7,99.2,102.7,100.8,104.6,194.5,99.0,100.3,95.7,102.6,100.9,101.3,99.7,78.0,98.3,105.8,110.8,135.9,99.9,95.7,102.4,100.7,101.6,,,,,,,,,,,,
200308,100.8,99.7,94.6,92.7,110.4,100.9,97.8,97.5,77.9,113.1,99.9,97.6,102.0,105.0,98.9,102.1,100.8,105.8,194.5,99.0,100.9,95.7,102.5,100.9,102.8,99.6,78.0,98.3,110.2,110.8,135.4,98.3,96.0,102.7,100.3,102.3,,,,,,,,,,,,
200309,100.9,100.5,95.9,93.9,111.8,101.9,97.9,103.6,77.9,113.1,99.9,97.4,101.3,104.4,98.9,102.1,100.8,103.9,194.5,99.4,100.2,95.7,102.5,100.8,101.1,99.6,78.0,98.3,105.4,112.3,134.9,102.3,96.3,102.2,101.1,101.4,,,,,,,,,,,,
200310,100.9,100.6,96.3,92.8,123.2,101.9,97.9,104.2,77.6,113.0,99.8,97.4,101.1,104.5,99.1,102.1,100.8,104.2,194.5,99.6,99.9,95.7,102.5,100.7,100.5,99.6,78.1,98.3,103.6,123.9,134.3,102.7,96.3,102.2,101.4,101.2,,,,,,,,,,,,
200311,100.4,99.9,92.5,87.9,129.5,101.7,97.8,104.3,77.4,112.5,99.8,97.3,100.9,104.5,99.1,102.1,100.8,104.2,194.5,99.7,99.7,95.7,102.5,100.7,99.8,99.6,78.0,98.3,101.6,130.5,133.8,102.6,95.4,102.2,101.3,100.9,,,,,,,,,,,,
200312,100.5,100.1,94.4,89.6,132.6,101.5,97.7,104.0,77.3,112.2,99.8,97.4,101.0,104.6,99.0,102.1,100.8,104.4,194.5,99.7,99.8,95.7,102.5,100.7,100.1,99.6,78.1,98.3,102.6,133.7,133.2,102.3,95.7,102.3,101.3,101.1,,,,,,,,,,,,
200401,100.3,99.9,98.8,94.1,136.6,100.2,97.6,96.9,77.0,111.9,99.6,97.6,100.7,104.3,99.0,100.7,100.8,104.4,194.5,99.7,99.4,95.7,102.3,100.6,99.1,99.6,78.0,98.3,99.9,137.6,132.5,97.9,96.6,102.1,100.4,100.6,,,,,,,,,,,,
200402,100.3,99.9,100.1,95.5,137.3,99.9,97.7,95.2,77.0,111.7,99.6,97.6,100.7,104.0,98.7,100.2,100.8,104.1,194.5,99.7,99.5,96.0,102.3,100.8,99.1,99.6,78.1,98.3,99.8,138.3,132.0,96.9,96.9,101.9,100.2,100.5,,,,,,,,,,,,
200403,100.5,100.0,99.2,94.8,134.6,100.4,97.6,98.1,77.2,111.5,99.6,97.4,100.9,104.2,98.7,100.2,100.8,104.7,194.5,99.7,99.7,96.2,102.2,100.8,99.6,99.5,78.0,98.3,101.4,135.6,131.4,98.8,96.7,102.1,100.5,100.9,,,,,,,,,,,,
200404,100.5,100.1,96.9,92.7,131.0,101.0,97.6,102.1,78.3,111.4,99.2,97.7,100.9,103.7,98.8,99.8,99.6,103.9,196.4,99.6,99.9,96.6,102.2,100.8,99.9,99.6,78.3,99.0,101.6,131.8,131.2,101.1,96.2,101.6,100.9,100.8,,,,,,,,,,,,
200405,100.6,100.3,97.8,94.0,129.0,101.0,97.5,103.4,78.6,111.0,99.2,97.7,100.9,103.7,98.7,99.8,99.6,104.1,196.4,99.6,99.9,96.6,102.1,100.6,100.2,99.6,78.4,99.0,102.2,129.6,130.9,101.9,96.4,101.6,100.9,100.9,,,,,,,,,,,,
200406,100.8,100.6,99.2,95.6,127.5,101.2,97.4,103.1,81.2,110.9,99.2,97.7,101.0,103.6,98.5,99.6,99.6,104.1,196.4,99.6,100.0,96.6,102.1,100.7,100.3,99.6,78.4,99.0,102.6,128.1,130.4,101.7,97.0,101.5,101.0,100.9,,,,,,,,,,,,
200407,100.5,99.7,96.2,92.3,126.4,100.6,97.4,99.2,81.6,110.6,99.4,97.6,101.3,103.9,98.5,99.8,99.6,104.6,196.4,99.0,100.3,96.6,102.1,100.6,101.2,99.6,78.4,99.0,105.2,126.9,130.1,99.0,96.3,101.7,100.5,101.4,,,,,,,,,,,,
200408,100.6,99.5,96.4,92.8,125.2,100.1,97.2,97.2,81.6,110.4,99.4,97.9,101.7,104.2,98.4,99.9,99.6,105.4,196.4,99.0,100.8,96.6,102.0,100.5,102.7,99.6,78.4,99.0,109.3,125.9,129.6,97.8,96.3,102.0,100.2,102.1,,,,,,,,,,,,
200409,100.9,100.6,98.1,95.1,121.9,101.5,97.4,103.7,84.5,110.4,99.4,97.7,101.1,103.7,98.3,99.9,99.6,104.1,196.4,99.3,100.2,96.6,102.0,100.5,101.1,99.5,78.4,99.0,104.9,122.3,129.3,101.9,97.1,101.6,101.2,101.3,,,,,,,,,,,,
200410,101.4,101.8,104.1,102.5,116.1,101.7,97.4,105.0,84.8,110.4,98.9,97.8,101.0,103.7,98.4,99.9,99.6,104.2,196.4,99.5,100.0,96.4,102.0,100.6,100.6,99.5,78.5,99.0,103.5,116.2,129.2,102.7,98.4,101.5,101.3,101.1,,,,,,,,,,,,
200411,101.2,101.9,104.3,103.1,114.0,101.9,97.4,105.6,85.7,110.1,98.9,97.7,100.5,102.8,98.3,99.9,99.6,101.7,196.4,99.6,99.7,96.4,102.0,100.6,99.8,99.6,78.6,99.0,101.2,114.0,128.8,102.9,98.5,100.8,101.4,100.4,,,,,,,,,,,,
200412,100.7,100.8,98.7,96.9,112.5,101.6,97.4,104.8,85.5,109.9,98.9,97.9,100.7,103.0,98.3,99.9,99.6,102.3,196.4,99.6,99.8,96.4,102.0,100.6,100.1,99.5,78.6,99.0,102.2,112.8,128.3,102.5,97.2,101.0,101.2,100.6,,,,,,,,,,,,
200501,100.5,100.5,100.2,98.8,111.6,101.0,97.5,98.0,84.5,111.0,98.2,98.0,100.4,102.3,98.2,100.2,99.8,100.7,196.4,99.6,99.7,96.5,101.9,100.8,99.6,99.4,79.3,99.1,101.1,111.9,131.3,98.7,97.3,100.4,100.6,100.2,,,,,100.7,100.8,100.6,100.8,103.1,100.7,101.0,101.1
200502,100.2,100.0,99.4,97.9,111.2,100.4,97.4,95.1,84.0,110.6,98.2,97.7,100.4,102.1,98.1,100.2,99.8,100.1,196.4,99.6,99.7,96.5,101.9,100.8,99.7,99.4,79.3,99.1,101.2,111.4,130.0,97.0,97.1,100.3,100.2,100.1,,,,,100.8,100.8,100.7,100.8,102.9,100.8,100.7,101.1
200503,100.5,100.4,99.6,98.2,110.3,100.9,97.5,99.6,84.1,110.3,98.2,97.7,100.6,102.6,98.1,100.2,99.8,101.5,196.4,99.7,99.8,96.5,101.8,100.8,99.9,99.4,79.3,99.1,101.8,110.5,129.5,99.5,97.1,100.6,100.6,100.4,,,,,100.8,100.8,100.8,100.8,102.8,100.8,100.8,101.1
200504,100.6,100.5,97.5,95.9,109.7,101.7,97.3,103.1,87.8,110.3,97.6,97.7,100.6,102.5,98.6,100.7,99.9,100.3,199.6,99.6,100.0,96.4,101.8,100.8,100.4,99.5,79.6,99.5,102.6,109.9,129.2,101.6,97.0,100.3,101.1,100.5,,,,,100.7,100.9,100.6,100.9,102.8,100.5,100.7,101.1
200505,100.7,100.7,97.9,96.3,109.7,101.8,97.4,104.1,88.8,109.9,97.6,97.8,100.8,102.6,98.9,101.1,99.9,100.4,199.6,99.5,100.1,96.5,101.7,100.8,100.6,99.5,79.6,99.5,103.0,109.9,128.6,102.1,97.1,100.4,101.2,100.7,,,,,100.5,100.8,100.5,100.9,102.8,100.3,100.8,101.0
200506,100.3,99.8,93.5,91.5,109.4,101.5,97.4,103.7,88.1,109.4,97.6,97.9,100.7,102.5,98.8,101.1,99.9,100.0,199.6,99.5,100.1,96.5,101.6,100.7,100.7,99.5,79.6,99.5,103.2,109.7,127.1,101.8,96.1,100.3,100.8,100.7,,,,,100.2,100.6,100.1,100.7,102.7,99.7,100.7,100.6
200507,100.2,99.4,93.8,91.8,109.4,100.9,97.3,99.3,89.3,109.1,97.4,97.9,100.9,102.7,98.7,101.1,99.9,100.7,199.6,99.2,100.3,96.5,101.6,100.7,101.2,99.5,79.6,99.5,104.2,109.5,126.7,99.1,96.2,100.4,100.4,100.9,,,,,100.3,100.5,100.1,100.6,102.7,99.8,100.3,100.4
200508,100.3,99.3,93.9,91.9,109.9,100.7,97.2,97.4,91.3,108.6,97.4,98.4,101.2,103.0,98.6,101.1,99.9,101.8,199.6,99.2,100.6,96.5,101.6,100.7,102.0,99.5,79.6,99.5,106.1,110.2,125.7,97.9,96.5,100.7,100.2,101.4,,,,,99.9,100.5,99.8,100.4,102.6,99.0,100.3,100.3
200509,100.6,100.3,95.5,93.7,109.9,101.8,97.3,104.5,92.7,108.5,97.4,98.2,100.9,102.6,98.5,101.1,99.9,100.3,199.6,99.4,100.3,96.6,101.7,100.8,101.1,99.5,79.6,99.5,104.0,110.1,125.3,102.1,97.0,100.3,101.1,100.9,,,,,100.2,100.6,100.0,100.6,102.7,99.6,100.7,100.6
200510,100.6,100.3,94.6,92.8,108.5,101.8,97.2,105.6,93.2,108.2,98.3,98.2,100.9,102.7,98.5,101.1,100.5,100.3,199.6,99.6,100.2,96.5,101.6,100.8,100.9,99.6,79.6,99.5,103.6,108.7,124.5,102.7,96.9,100.7,101.2,100.8,,,,,100.2,100.7,100.1,100.6,102.6,99.7,100.7,100.7
200511,100.2,100.0,93.0,91.1,107.8,101.7,97.1,106.1,93.2,107.9,98.3,98.1,100.4,102.6,98.6,100.8,100.5,100.1,199.6,99.6,99.6,96.5,101.6,100.9,99.4,99.5,79.7,99.5,100.4,108.0,123.5,103.0,96.6,100.6,101.1,100.2,,,,,100.3,100.6,100.2,100.6,102.3,100.1,100.8,100.8
200512,100.3,100.0,93.8,92.1,107.0,101.6,97.1,105.8,92.8,107.7,98.3,98.3,100.6,102.8,98.6,100.8,100.5,101.0,199.6,99.6,99.7,96.5,101.7,101.0,99.5,99.5,79.7,99.5,100.7,107.5,123.4,103.0,96.6,100.8,101.0,100.3,,,,,100.4,100.7,100.2,100.6,102.4,100.2,101.0,100.9
200601,100.4,100.5,100.4,99.5,106.7,100.7,97.1,98.2,93.8,107.7,99.6,98.4,100.4,102.7,98.6,100.8,100.5,100.6,199.6,99.6,99.5,96.7,101.6,101.0,98.9,99.6,79.7,99.5,99.3,107.1,123.0,98.5,98.4,101.1,100.4,100.0,,,,,100.6,100.7,100.5,100.7,102.3,100.8,100.8,100.9
200602,100.1,99.9,97.2,95.9,106.8,100.5,97.0,96.1,95.3,107.4,99.6,98.2,100.3,102.5,98.5,100.8,100.5,100.0,199.6,99.6,99.5,96.6,101.6,101.1,98.8,99.5,79.7,99.5,99.2,107.1,122.0,97.4,97.8,100.9,100.3,99.9,,,,,100.7,100.8,100.6,100.8,102.3,100.8,101.1,101.2
200603,100.3,100.1,95.9,94.5,106.5,101.0,97.0,100.2,95.9,107.3,99.5,98.3,100.5,103.0,98.4,100.8,100.5,101.4,199.6,99.6,99.6,96.7,101.5,100.9,99.2,99.5,79.7,99.5,100.0,106.9,121.5,99.8,97.6,101.2,100.7,100.3,,,,,100.6,100.8,100.5,100.8,102.3,100.5,101.1,101.2
200604,100.5,100.4,96.4,95.2,106.2,101.5,97.0,103.8,96.0,107.4,99.1,98.3,100.5,102.4,99.0,101.1,98.7,100.2,200.8,99.7,99.8,96.7,101.5,100.9,99.8,99.6,80.4,100.2,100.9,106.6,121.5,102.0,97.7,100.7,101.1,100.3,,,,,100.5,100.8,100.5,100.8,102.2,100.4,101.1,101.1
200605,100.8,101.0,98.7,97.6,106.1,101.8,96.9,104.5,98.8,107.2,99.1,98.3,100.7,102.4,99.6,101.1,98.7,100.3,200.8,99.7,100.0,97.0,101.6,100.9,100.2,99.6,80.5,100.2,101.7,106.5,121.1,102.5,98.4,100.7,101.3,100.5,,,,,100.6,100.8,100.6,100.8,102.3,100.7,101.2,101.1
200606,100.8,101.0,98.6,97.5,106.1,101.8,97.0,104.4,98.9,107.1,99.1,98.5,100.7,102.3,99.6,101.1,98.7,99.8,200.8,99.7,100.1,97.1,101.5,100.9,100.5,99.6,80.5,100.2,102.4,106.5,120.3,102.4,98.4,100.6,101.2,100.6,,,,,100.7,100.8,100.7,100.8,102.3,100.8,101.3,100.9
200607,100.5,100.3,95.9,94.6,106.0,101.4,97.0,100.3,99.4,107.3,98.9,98.5,100.8,102.5,99.5,101.2,98.7,100.6,200.8,99.4,100.2,97.1,101.5,100.8,100.6,99.6,80.5,100.2,102.7,106.4,119.8,100.1,98.1,101.0,100.9,100.7,,,,,100.6,100.7,100.6,100.7,102.4,100.6,101.4,100.9
200608,101.2,101.3,102.3,101.8,105.6,101.5,96.9,98.4,103.3,107.0,98.9,98.7,101.1,102.8,99.4,101.0,98.7,101.6,200.8,99.4,100.4,97.1,101.5,100.6,101.5,99.6,80.4,100.3,104.6,105.9,118.9,98.9,99.7,101.2,101.0,101.2,,,,,100.8,100.8,100.8,100.8,102.2,101.0,101.3,101.1
200609,101.2,101.7,100.9,100.3,105.6,102.3,97.1,104.8,103.4,106.9,98.9,98.4,100.7,102.3,99.2,101.1,98.7,100.0,200.8,99.6,100.1,97.2,101.5,100.5,100.7,99.6,80.4,100.3,102.9,106.0,118.6,102.7,99.5,100.9,101.7,100.7,,,,,100.8,100.8,100.8,100.8,102.2,101.0,101.3,101.2
200610,101.0,101.3,98.9,98.0,105.5,102.2,97.0,106.2,101.6,106.7,99.0,98.5,100.7,102.6,99.2,101.1,100.2,100.0,200.8,99.7,100.0,97.2,101.5,100.5,100.4,99.6,80.5,100.3,102.3,105.8,118.2,103.4,98.9,101.2,101.6,100.7,,,,,100.6,100.8,100.7,100.8,102.2,100.7,101.4,101.1
200611,100.5,100.5,94.5,93.2,105.4,102.0,97.1,106.4,98.8,106.7,98.9,98.5,100.5,102.6,99.1,101.1,100.2,99.9,200.8,99.7,99.8,97.3,101.4,100.5,99.9,99.7,80.8,100.3,101.1,105.7,117.7,103.5,97.8,101.1,101.4,100.5,,,,,100.6,100.8,100.6,100.9,102.1,100.6,101.3,101.1
200612,100.6,100.5,96.1,94.9,104.9,101.6,97.0,106.1,97.7,106.3,98.9,98.7,100.6,102.8,99.0,101.1,100.2,100.4,200.8,99.7,99.9,97.4,101.4,100.6,100.0,99.6,80.8,100.3,101.3,105.4,116.9,103.4,97.9,101.2,101.2,100.6,,,,,100.7,100.8,100.6,100.9,102.1,100.7,101.5,101.2
200701,100.4,100.3,99.6,98.9,104.9,100.5,97.0,98.6,97.0,106.1,99.9,98.9,100.5,102.7,99.0,101.1,100.2,100.3,200.8,99.7,99.6,97.5,101.4,100.6,99.4,99.4,80.8,100.4,100.0,105.4,116.6,99.1,98.6,101.5,100.4,100.3,,,,,100.7,100.8,100.6,100.8,102.0,100.6,101.4,101.0
200702,99.9,99.5,96.7,95.7,104.9,100.0,97.0,96.1,94.7,106.1,99.9,98.6,100.4,102.6,98.9,101.1,100.2,100.0,200.8,99.7,99.6,97.4,101.4,100.7,99.1,99.5,80.8,100.4,99.4,105.3,116.3,97.8,97.9,101.4,99.9,100.2,,,,,100.5,100.7,100.5,100.7,102.0,100.4,101.4,100.8
200703,100.2,100.0,98.1,97.2,104.9,100.4,97.0,100.1,94.6,106.0,99.9,98.7,100.4,102.8,98.9,101.1,100.2,100.6,200.8,99.7,99.5,97.5,101.3,100.6,99.2,99.5,80.8,100.4,99.6,105.3,115.8,100.1,98.1,101.5,100.3,100.3,,,,,100.5,100.5,100.4,100.6,101.8,100.4,101.4,100.7
200704,100.5,100.4,98.2,97.3,104.6,101.0,97.0,104.0,95.4,106.0,99.5,98.7,100.6,102.8,99.4,100.9,100.4,100.4,202.0,99.7,99.8,97.5,101.3,100.5,99.8,99.6,82.3,100.9,100.6,104.9,115.9,102.4,98.2,101.4,100.7,100.5,,,,,100.5,100.6,100.4,100.7,102.0,100.3,101.5,100.6
200705,100.8,100.8,99.1,98.4,104.6,101.4,97.0,104.7,98.5,105.9,99.5,98.7,100.7,102.8,99.8,100.9,100.4,100.4,202.0,99.9,100.0,97.5,101.3,100.5,100.2,99.6,82.4,100.9,101.4,104.9,115.5,102.8,98.6,101.4,101.0,100.7,,,,,100.7,100.7,100.6,100.8,102.0,100.4,101.5,100.8
200706,100.6,100.5,96.9,95.9,104.6,101.4,97.0,104.3,100.3,105.6,99.5,98.8,100.7,102.7,99.7,100.9,100.3,100.1,202.0,99.9,99.9,97.5,101.3,100.5,100.1,99.6,82.5,100.9,101.2,104.9,114.5,102.6,98.4,101.3,101.0,100.6,,,,,100.5,100.7,100.4,100.7,101.9,100.3,101.5,100.7
200707,100.5,100.1,96.3,95.3,104.4,101.0,97.1,100.4,101.4,105.4,99.3,98.7,100.8,102.9,99.8,100.9,100.3,100.9,202.0,99.5,100.1,97.6,101.3,100.6,100.5,99.5,82.6,100.9,102.0,104.7,114.4,100.4,98.4,101.4,100.6,100.9,,,,,100.6,100.6,100.5,100.6,101.8,100.4,101.6,100.6
200708,101.0,100.7,100.4,99.8,104.5,100.9,97.0,98.7,103.7,105.1,99.3,99.0,101.3,103.4,99.6,101.3,100.3,102.1,202.0,99.5,100.5,97.9,101.2,100.5,101.6,99.6,82.6,100.9,104.4,104.8,113.7,99.3,99.4,101.8,100.6,101.6,,,,,100.6,100.7,100.6,100.7,102.1,100.4,101.7,100.7
200709,101.0,101.2,101.1,100.6,104.2,101.6,96.9,104.8,103.1,105.0,99.3,98.7,100.9,102.9,99.5,101.3,100.3,100.3,202.0,99.8,100.2,97.9,101.2,100.5,100.6,99.6,82.9,100.9,102.3,104.4,113.6,102.9,99.4,101.4,101.2,101.0,,,,,100.6,100.7,100.6,100.7,101.9,100.5,101.5,100.7
200710,101.3,101.6,101.2,100.9,103.5,102.0,97.2,106.1,103.9,105.2,100.0,98.8,100.9,102.9,99.4,101.3,100.3,100.4,202.0,99.9,100.1,97.9,101.2,100.6,100.5,99.7,83.0,100.9,101.8,103.7,113.7,103.7,99.7,101.6,101.6,100.9,,,,,100.9,100.9,100.9,100.9,101.9,101.0,101.7,101.1
200711,101.1,101.4,97.0,96.2,103.0,102.6,97.4,106.5,107.9,105.2,100.0,98.8,100.7,102.9,99.5,101.3,100.3,100.2,202.0,99.9,100.0,98.0,101.2,100.6,100.1,99.7,82.9,100.9,101.0,103.1,113.1,104.1,99.4,101.6,102.0,100.7,,,,,101.2,101.2,101.2,101.4,102.0,101.5,101.9,101.7
200712,101.3,101.8,97.5,96.9,102.4,103.1,97.7,106.0,112.5,105.0,100.0,98.9,100.9,103.1,99.4,101.3,100.3,101.0,202.0,99.9,100.0,98.1,101.2,100.7,100.2,99.8,83.0,100.9,101.1,102.6,112.7,103.7,100.1,101.7,102.4,100.9,,,,,101.4,101.7,101.6,101.7,102.0,102.1,101.9,102.5
200801,101.1,101.5,98.6,98.0,102.4,102.2,98.1,98.5,112.1,105.0,100.9,98.8,100.8,103.2,99.4,101.3,100.3,101.2,202.0,99.9,99.9,98.1,101.2,100.7,99.8,99.8,83.2,101.0,100.2,102.6,112.3,99.6,100.6,102.0,101.9,100.8,,,,,101.4,101.6,101.5,101.9,101.9,101.9,102.0,102.5
200802,100.9,101.1,97.9,97.3,102.6,101.9,98.3,96.0,111.3,104.9,100.9,98.7,100.7,102.9,99.4,101.3,100.3,100.5,202.0,99.9,99.9,98.3,101.2,100.7,99.6,99.8,83.3,101.1,99.9,102.7,111.9,98.2,100.5,101.9,101.6,100.6,,,,,101.5,101.6,101.5,101.8,101.8,101.9,101.7,102.5
200803,101.4,101.9,98.8,98.3,102.5,102.7,99.0,100.0,111.8,104.9,100.8,98.7,100.9,103.1,99.4,101.3,100.3,101.1,202.0,99.9,100.1,98.6,101.2,100.7,100.0,99.9,83.2,101.1,100.7,102.7,111.6,100.6,101.0,102.0,102.3,100.9,,,,,101.6,101.7,101.7,101.9,101.8,102.2,101.8,102.7
200804,101.3,101.8,98.7,98.1,102.5,102.4,99.9,103.8,102.0,104.9,102.3,99.1,100.9,102.4,99.9,99.4,99.7,101.0,204.0,100.0,100.3,98.8,101.2,100.5,100.6,100.0,86.5,101.6,101.5,102.6,111.1,102.9,100.4,101.9,102.3,101.0,,,,,101.3,101.5,101.4,101.7,101.9,101.6,102.0,102.1
200805,102.1,103.3,99.3,98.9,102.3,104.5,100.7,104.5,115.8,104.9,102.2,99.0,101.0,102.5,100.6,99.4,99.7,101.1,204.0,99.9,100.5,99.1,101.2,100.6,100.9,100.1,86.5,101.6,102.0,102.5,111.1,103.3,102.3,101.9,103.8,101.1,,,,,102.0,102.2,102.1,102.5,101.9,102.9,102.0,103.5
200806,102.6,104.2,99.8,99.4,102.7,105.6,101.4,104.3,124.2,104.8,102.2,99.1,101.1,102.4,100.6,99.4,99.7,100.8,204.0,99.9,100.6,99.2,101.1,100.6,101.1,100.2,86.6,101.6,102.4,102.9,110.5,103.3,103.6,101.9,104.7,101.2,,,,,102.5,102.6,102.7,103.0,102.0,103.9,102.2,104.3
200807,102.8,104.4,98.6,97.9,102.7,106.0,101.8,100.3,130.7,104.8,103.6,99.0,101.3,102.7,100.4,99.4,99.7,101.6,204.0,99.8,100.8,99.4,101.1,100.6,101.6,100.3,86.6,101.6,103.3,103.0,110.2,101.1,104.5,102.4,105.2,101.5,,,,,102.9,103.0,103.3,103.4,102.1,104.7,102.3,105.1
200808,103.1,104.6,99.8,99.4,102.7,106.0,102.0,98.6,132.8,104.6,103.6,99.2,101.7,103.0,100.3,99.4,99.7,102.6,204.0,99.8,101.2,99.6,101.1,100.5,102.6,100.4,86.8,101.6,105.5,102.9,109.5,100.0,105.0,102.6,105.3,102.1,,,,,102.8,103.1,103.2,103.5,102.1,104.4,102.3,105.4
200809,103.1,104.9,100.0,99.5,102.8,106.4,102.2,104.9,127.5,104.8,103.4,99.0,101.3,102.5,100.2,99.5,99.7,101.0,204.0,100.0,100.9,99.8,101.0,100.5,101.8,100.4,86.8,101.6,103.9,103.2,109.5,103.9,104.5,102.3,105.5,101.6,,,,,102.7,103.0,103.1,103.4,102.1,104.3,102.5,105.0
200810,103.0,104.7,100.6,100.1,103.8,105.9,102.7,106.2,119.5,104.8,104.2,99.1,101.3,102.4,100.2,99.5,99.7,100.9,204.0,99.9,100.9,100.0,101.0,100.5,101.7,100.4,86.9,101.6,103.6,104.1,109.5,104.7,104.1,102.4,105.2,101.6,,,,,102.6,102.8,103.0,103.2,102.1,104.2,102.8,104.8
200811,102.1,103.0,98.3,97.5,104.3,104.0,102.7,106.5,103.8,104.5,104.2,99.1,101.1,102.4,100.1,99.5,99.7,100.6,204.0,100.0,100.7,100.0,101.0,100.5,101.2,100.5,86.8,101.6,102.4,104.6,109.0,104.8,101.9,102.4,103.8,101.3,,,,,102.2,102.3,102.4,102.6,102.0,103.2,102.6,103.6
200812,101.7,102.1,99.4,98.8,104.5,102.4,102.5,106.1,92.9,104.0,104.2,99.2,101.2,102.5,99.9,99.5,99.7,101.2,204.0,100.0,100.8,100.1,100.9,100.5,101.3,100.5,87.0,101.6,102.6,104.7,108.6,104.3,100.9,102.5,102.6,101.5,,,,,101.9,101.9,102.0,102.2,102.0,102.5,102.6,102.8
200901,101.1,101.3,100.4,99.8,104.3,100.6,102.6,97.5,85.9,104.0,107.7,99.2,101.0,102.6,99.9,99.6,99.7,101.2,204.0,100.0,100.4,100.1,100.8,100.4,100.5,100.5,95.7,101.7,100.3,104.6,108.5,99.2,100.9,103.5,101.5,101.1,,,,,101.4,101.6,101.5,101.8,101.7,101.7,101.6,102.2
200902,100.8,100.8,97.8,96.9,104.5,100.4,102.4,95.6,87.3,103.9,107.7,99.6,100.9,102.4,99.9,99.6,99.7,100.8,204.0,100.0,100.3,100.1,100.8,100.3,100.5,100.5,95.7,101.8,100.2,104.7,107.6,98.4,100.4,103.4,101.3,101.1,,,,,101.3,101.6,101.4,101.8,101.6,101.5,101.7,102.1
200903,101.1,101.2,98.0,97.2,104.4,101.0,102.8,99.4,87.4,103.7,107.7,99.6,101.1,102.6,99.8,99.6,99.7,101.4,204.0,100.0,100.5,100.2,100.8,100.4,100.8,100.4,95.7,101.6,101.0,104.6,107.4,100.6,100.6,103.5,101.8,101.3,,,,,101.2,101.5,101.4,101.7,101.5,101.4,101.6,102.0
200904,101.2,101.4,98.2,97.4,103.9,101.3,102.5,103.6,88.5,103.2,107.3,99.9,100.9,102.3,99.8,99.7,99.8,100.1,205.2,100.1,100.4,100.2,100.7,100.3,100.7,100.4,96.7,102.3,100.4,104.1,106.5,103.0,100.5,103.2,102.0,101.1,,,,,101.1,101.4,101.2,101.6,101.4,101.0,102.0,101.7
200905,101.0,101.2,98.8,98.2,103.8,101.4,102.2,104.2,89.7,103.0,103.1,99.7,101.0,102.4,100.2,99.7,99.8,100.2,205.2,100.1,100.4,100.3,100.6,100.3,100.7,100.3,97.1,102.3,100.4,104.0,106.1,103.3,100.1,102.1,101.5,101.1,,,,,100.8,101.1,100.9,101.2,101.3,100.8,102.1,101.1
200906,100.8,100.7,97.4,96.6,103.6,101.3,102.0,103.7,91.6,102.6,101.7,99.8,100.9,102.2,100.1,99.8,99.8,99.8,205.2,99.9,100.4,100.2,100.6,100.3,100.6,100.3,97.1,102.3,100.3,103.7,105.5,103.0,99.7,101.6,101.3,101.1,,,,,100.7,100.9,100.8,101.1,101.2,100.4,101.9,100.9
200907,100.5,100.0,95.4,94.3,103.4,100.9,101.9,99.4,94.2,102.3,100.1,99.8,101.0,102.3,100.1,99.4,99.8,100.5,205.2,99.6,100.5,100.1,100.5,100.3,100.9,100.2,97.1,102.3,100.9,103.5,104.8,100.3,99.3,101.2,100.7,101.2,,,,,100.6,100.7,100.7,100.9,101.1,100.3,101.5,100.7
200908,100.8,100.3,99.8,99.3,103.2,100.4,101.6,97.7,94.2,102.1,99.4,99.9,101.3,102.6,100.1,99.4,99.8,101.6,205.2,99.6,100.8,100.1,100.5,100.3,101.6,100.2,97.1,102.3,102.6,103.4,104.3,99.3,100.0,101.3,100.3,101.6,,,,,100.6,100.6,100.5,100.7,101.1,100.3,101.6,100.5
200909,100.8,100.7,99.1,98.5,103.3,101.4,101.7,103.6,96.3,102.0,98.4,99.8,100.9,102.1,100.0,99.4,99.8,100.0,205.0,99.7,100.4,100.1,100.5,100.3,100.8,100.2,97.1,102.3,100.8,103.4,104.2,102.7,99.9,100.7,101.0,101.1,,,,,100.5,100.6,100.5,100.7,101.0,100.2,101.3,100.6
200910,100.4,100.1,95.5,94.5,102.6,101.3,101.4,104.7,95.9,101.6,97.9,99.8,100.8,102.2,100.0,99.4,99.8,100.0,205.0,100.1,100.3,100.1,100.5,100.3,100.6,100.1,97.2,102.3,100.3,102.7,103.9,103.1,98.9,100.5,100.8,101.0,,,,,100.0,100.5,100.0,100.6,100.9,99.6,101.3,100.5
200911,100.2,99.6,93.6,92.4,102.4,101.0,101.2,104.9,95.1,101.4,98.1,99.8,100.7,102.1,99.9,99.4,99.8,99.8,205.0,100.1,100.2,100.0,100.4,100.3,100.2,100.1,97.8,102.3,99.6,102.5,103.3,103.3,98.4,100.6,100.7,100.8,,,,,100.3,100.6,100.3,100.7,100.9,99.8,101.3,100.6
200912,100.0,99.3,93.9,92.9,102.1,100.5,100.7,104.0,95.3,100.7,98.5,99.8,100.8,102.3,99.9,99.3,99.8,100.4,205.0,100.1,100.2,100.0,100.3,100.2,100.4,100.2,98.1,102.3,99.8,102.1,102.5,102.7,98.2,100.8,100.3,100.9,,,,,100.2,100.6,100.3,100.7,100.8,99.8,101.2,100.5
201001,100.1,100.0,98.4,98.0,102.2,100.5,100.8,97.0,95.3,102.4,99.0,100.0,100.1,101.6,99.9,99.6,100.0,100.5,187.0,100.0,99.7,99.7,100.2,100.1,99.1,100.1,99.8,101.1,97.7,102.2,105.4,98.7,99.3,100.5,100.3,100.1,100.0,100.3,100.1,100.2,100.4,100.6,100.4,100.7,100.9,100.4,101.0,101.0
201002,100.0,99.9,97.9,97.4,102.1,100.4,100.7,96.1,97.5,102.0,99.4,100.0,100.2,101.4,99.8,99.6,100.0,99.8,187.0,100.2,99.8,99.9,100.1,100.1,99.4,100.1,99.8,101.2,98.2,102.1,104.9,98.0,99.4,100.5,100.3,100.2,100.0,100.1,100.1,100.0,100.4,100.6,100.4,100.7,100.8,100.4,101.1,101.0
201003,100.3,100.3,98.9,98.5,101.7,100.6,100.5,99.7,98.0,101.6,99.8,99.8,100.4,101.7,99.8,99.6,100.0,100.7,187.0,100.3,99.9,99.9,100.1,100.0,99.8,100.1,99.8,101.2,99.2,101.8,103.9,100.0,99.7,100.8,100.5,100.5,100.0,100.1,100.0,100.0,100.4,100.5,100.5,100.6,100.7,100.4,100.8,100.6
201004,100.4,101.0,101.8,101.7,101.9,101.2,100.3,102.1,100.3,101.9,99.0,100.0,99.7,99.2,100.2,99.7,100.0,99.4,71.0,100.0,99.9,99.9,100.0,100.0,99.8,100.0,100.0,99.6,99.6,101.9,104.4,101.4,100.3,98.9,100.8,99.6,100.1,100.0,100.0,100.0,100.2,100.2,100.2,100.2,100.3,100.5,100.4,100.5
201005,100.3,100.9,101.0,101.0,101.8,101.1,100.0,101.9,103.7,101.1,99.4,100.0,99.8,99.2,100.4,99.7,100.0,99.6,71.0,100.1,99.9,99.9,100.0,100.0,99.8,99.9,100.0,99.6,99.8,101.8,103.0,101.2,100.4,99.1,100.8,99.6,100.0,100.0,100.0,99.9,100.1,100.1,100.2,100.1,100.0,100.4,100.1,100.4
201006,100.1,100.5,100.2,100.0,101.4,100.7,100.1,101.5,102.8,100.4,99.7,100.0,99.7,99.1,100.2,99.7,100.0,99.1,71.0,100.0,99.9,100.0,100.0,100.0,99.8,100.0,100.1,99.6,99.8,101.4,101.4,100.9,100.2,99.1,100.5,99.6,100.1,100.0,100.0,100.0,100.0,100.0,100.0,100.0,99.9,100.3,99.9,100.2
201007,99.5,99.2,97.4,97.0,100.6,99.4,99.8,97.4,101.5,99.2,100.1,100.1,99.8,99.0,100.2,99.2,100.0,99.5,71.0,99.8,100.0,99.9,100.0,100.0,100.1,100.0,100.1,99.6,100.5,100.6,98.9,98.5,99.5,99.1,99.6,99.7,100.0,100.0,100.0,100.0,99.6,99.7,99.6,99.6,99.6,99.5,99.6,99.6
201008,99.7,99.0,99.5,99.4,100.2,98.7,99.6,95.6,100.7,98.2,100.8,100.1,100.3,99.7,100.0,99.2,100.0,101.9,71.0,99.8,100.5,100.0,100.0,100.0,101.3,100.0,100.1,99.6,102.8,100.2,97.0,97.4,99.8,99.7,99.0,100.4,100.0,100.0,100.0,100.0,99.5,99.6,99.4,99.5,99.6,99.1,99.6,99.2
201009,99.9,99.9,102.2,102.5,99.9,99.2,99.8,102.0,100.0,97.8,101.1,100.0,99.9,98.9,99.9,99.2,100.0,99.0,71.0,99.9,100.2,100.2,99.9,99.9,100.4,100.0,100.1,99.6,101.0,100.0,96.2,101.0,100.3,99.3,99.5,99.8,99.9,99.9,99.9,100.0,99.6,99.5,99.5,99.3,99.3,99.5,99.7,99.1
201010,100.2,100.2,102.7,103.4,97.6,99.6,99.6,102.0,99.7,98.9,101.0,100.0,100.2,100.0,99.9,101.5,100.0,99.9,71.0,100.0,100.3,100.2,99.9,99.9,100.7,100.0,100.1,99.6,101.6,97.5,95.6,101.0,100.9,101.1,99.7,100.3,100.0,99.9,99.9,100.0,99.9,99.8,99.9,99.7,99.7,99.8,99.4,99.4
201011,99.9,99.8,101.1,101.8,95.9,99.5,99.6,102.8,99.8,98.4,100.5,100.0,99.9,99.9,99.9,101.5,100.0,99.6,71.0,100.0,100.0,100.2,99.9,99.9,99.9,99.9,100.1,99.6,100.0,95.8,94.7,101.3,100.5,100.9,99.6,100.0,100.0,99.9,100.0,100.0,100.0,99.8,100.1,99.7,99.7,100.0,99.5,99.5
201012,99.6,99.3,98.9,99.4,94.8,99.2,99.2,102.0,100.7,98.0,100.2,100.1,100.0,100.2,99.8,101.4,100.0,101.0,71.0,100.0,99.9,100.2,99.8,99.9,99.9,100.0,100.1,99.6,100.0,94.8,94.5,100.6,99.9,101.0,99.3,100.1,99.9,99.8,99.9,99.9,99.8,99.8,99.9,99.7,99.6,99.8,99.3,99.6
201101,99.5,99.2,101.4,102.3,94.4,98.7,99.3,95.3,103.3,97.8,99.8,100.2,99.9,100.2,99.8,101.4,100.0,100.8,71.0,99.9,99.8,100.2,99.8,99.9,99.5,99.9,100.1,99.7,99.1,94.4,94.0,96.9,100.6,100.8,98.8,99.9,99.9,99.8,99.9,99.9,99.8,99.8,99.8,99.8,99.5,99.5,99.2,99.5
201102,99.5,99.2,101.4,102.3,94.3,98.7,99.4,95.1,104.9,97.5,99.5,100.1,99.8,100.0,99.7,101.4,100.0,99.9,71.0,99.9,99.8,100.2,99.8,99.9,99.6,99.9,100.1,99.8,99.3,94.2,93.5,96.6,100.8,100.6,98.8,99.8,99.9,99.8,99.9,99.9,99.8,99.8,99.8,99.8,99.4,99.6,99.4,99.4
201103,99.8,99.6,100.3,101.1,94.0,99.4,99.5,98.7,110.3,97.0,99.6,100.0,100.0,100.2,99.6,101.4,100.0,100.7,71.0,100.3,99.9,100.2,99.8,99.8,99.9,99.9,99.9,99.7,100.0,93.9,92.7,98.7,101.0,100.8,99.4,100.0,99.8,99.7,99.8,99.9,99.8,99.7,99.8,99.7,99.3,99.6,99.3,99.4
201104,99.9,99.9,98.7,99.3,94.3,100.1,100.3,101.4,113.0,96.4,100.0,100.1,100.0,100.2,99.8,101.8,100.0,100.2,71.0,100.2,99.9,100.2,99.7,99.8,99.9,99.8,100.0,99.8,100.0,94.2,91.4,100.2,101.4,100.9,100.0,100.1,99.8,99.7,99.8,99.9,99.7,99.9,99.7,99.9,99.1,99.4,99.2,99.6
201105,99.9,99.7,97.2,97.6,94.2,100.0,99.9,101.2,113.3,96.6,100.8,100.3,100.1,100.2,100.0,101.9,100.0,100.2,71.0,100.2,100.1,100.2,99.7,99.9,100.2,99.8,100.1,99.8,100.6,94.1,91.3,100.3,101.2,101.2,100.1,100.2,99.9,99.6,99.9,99.9,99.7,99.9,99.7,99.9,99.2,99.2,99.3,99.6
201106,99.7,99.5,98.0,98.4,94.4,99.5,99.7,100.8,110.9,96.1,101.5,100.3,100.0,100.1,99.8,101.9,100.0,99.9,71.0,99.8,99.9,100.2,99.6,99.8,100.0,99.9,100.1,99.8,100.2,94.3,90.3,100.1,101.1,101.3,99.7,100.1,99.8,99.6,99.9,99.8,99.7,99.7,99.7,99.7,99.1,99.3,99.2,99.4
201107,99.7,99.2,98.4,98.9,94.2,98.9,99.6,97.5,111.4,95.5,102.4,100.3,100.2,100.5,99.8,101.9,100.0,101.2,71.0,99.7,100.2,100.3,99.6,99.8,100.6,99.9,100.1,99.8,101.4,94.1,89.5,98.1,101.2,101.8,99.3,100.4,99.8,99.5,99.8,99.8,99.8,99.8,99.9,99.8,99.1,99.6,99.2,99.4
201108,99.9,99.0,98.5,99.0,94.8,98.5,99.6,96.0,112.4,94.8,103.3,100.4,100.6,100.8,99.7,101.9,100.0,102.4,71.0,99.6,100.6,100.2,99.5,99.8,101.7,99.9,100.1,99.8,103.7,94.7,88.2,97.1,101.5,102.3,99.1,101.0,99.8,99.4,99.8,99.7,99.8,99.8,99.8,99.7,99.1,99.3,99.2,99.4
201109,99.9,99.4,99.0,99.4,95.9,98.8,99.7,101.9,109.6,94.5,104.1,100.3,100.3,100.2,99.7,101.9,100.0,100.3,71.0,99.9,100.3,100.2,99.5,99.7,101.0,99.9,100.1,99.8,102.3,95.9,87.5,100.4,101.4,102.1,99.5,100.5,99.7,99.5,99.7,99.8,99.7,99.7,99.6,99.6,98.9,99.1,99.1,99.2
201110,100.0,99.7,102.0,102.4,99.6,98.4,99.7,102.4,107.4,94.0,104.9,100.3,100.3,100.4,99.7,102.2,100.0,100.3,71.0,100.0,100.3,100.3,99.5,99.7,100.9,99.9,100.1,99.8,102.0,99.6,86.7,100.5,101.9,102.5,99.3,100.5,99.7,99.4,99.7,99.7,99.7,99.6,99.7,99.6,98.7,99.4,99.0,99.0
201111,99.4,98.9,96.8,96.3,101.2,98.3,99.6,102.6,107.2,93.7,105.4,100.3,99.9,100.3,99.6,102.4,100.0,99.9,71.0,100.0,99.7,100.3,99.4,99.7,99.6,99.9,100.3,99.8,99.4,101.3,86.1,100.6,100.9,102.6,99.3,100.0,99.7,99.4,99.7,99.7,99.5,99.6,99.5,99.6,98.6,99.1,98.9,99.2
201112,99.4,98.8,98.0,97.6,101.1,98.0,99.4,101.8,108.1,93.2,105.5,100.4,100.0,100.5,99.6,102.4,100.0,100.6,71.0,100.0,99.9,100.2,99.4,99.7,100.0,100.0,100.3,99.8,100.1,101.3,85.1,100.2,101.1,102.7,99.1,100.2,99.6,99.3,99.7,99.6,99.6,99.7,99.6,99.6,98.6,99.2,99.0,99.3
201201,99.6,99.4,104.6,105.0,101.9,97.5,99.5,95.9,107.8,93.7,105.3,100.4,99.9,100.9,99.6,103.2,100.0,100.7,71.0,100.0,99.6,100.2,99.4,99.6,99.4,99.9,100.3,99.9,98.8,102.0,86.3,96.9,102.4,102.9,98.7,100.0,99.5,99.3,99.6,99.6,99.9,99.7,100.0,99.8,98.7,99.6,99.1,99.4
201202,99.8,99.9,105.0,105.4,102.4,98.2,99.5,95.9,108.0,95.2,105.3,100.5,99.7,100.6,99.5,103.2,100.0,99.8,71.0,100.0,99.4,100.2,99.3,99.6,99.0,99.9,100.2,100.0,98.1,102.5,89.7,97.0,102.5,102.7,99.2,99.8,99.6,99.2,99.6,99.6,100.1,99.9,100.2,99.9,98.9,100.2,99.6,99.7
201203,100.3,100.7,105.5,106.0,102.3,99.1,99.6,99.2,115.0,94.7,105.3,100.5,99.9,100.8,99.5,103.2,100.0,100.6,71.0,100.0,99.7,100.3,99.3,99.6,99.6,99.9,100.2,100.0,99.2,102.5,88.8,98.8,103.3,102.9,100.0,100.1,99.5,99.2,99.6,99.5,100.3,100.1,100.4,100.1,98.9,100.7,99.3,100.0
201204,100.4,100.7,102.7,102.7,102.7,99.6,99.6,101.5,117.4,94.7,105.6,100.8,100.1,100.9,100.1,103.3,100.3,100.4,71.0,100.0,99.8,100.2,99.2,99.5,100.0,100.0,100.4,100.1,100.1,102.8,88.7,100.1,103.0,103.0,100.4,100.3,99.5,99.0,99.6,99.4,100.2,100.0,100.3,100.2,98.8,100.2,99.2,100.1
201205,100.1,100.1,101.7,101.5,102.9,99.0,99.5,101.4,115.0,94.0,105.5,100.9,100.1,100.9,100.4,103.3,100.3,100.5,71.0,100.0,99.8,100.3,99.1,99.5,100.2,99.9,100.5,100.1,100.4,103.0,87.2,99.9,102.5,103.0,99.9,100.4,99.4,98.9,99.5,99.4,99.9,99.8,99.9,99.8,98.6,99.6,98.9,99.4
201206,99.6,99.1,98.7,98.2,103.2,98.1,99.5,101.0,109.0,93.5,106.0,100.9,100.0,100.8,100.2,103.3,100.3,100.1,71.0,99.9,99.8,100.3,99.1,99.4,100.0,100.0,100.6,100.1,100.0,103.3,86.2,99.7,101.4,103.1,99.2,100.3,99.4,98.9,99.5,99.4,99.6,99.5,99.6,99.6,98.6,99.0,98.9,98.9
201207,99.3,98.4,97.1,96.2,104.0,97.4,99.5,97.9,106.9,93.0,106.7,100.8,100.1,101.1,100.2,103.3,100.3,101.1,71.0,99.7,99.9,100.2,99.0,99.4,100.4,99.9,100.6,100.1,100.7,104.2,85.5,97.8,100.9,103.5,98.7,100.5,99.4,98.9,99.4,99.3,99.4,99.5,99.4,99.5,98.5,98.7,98.8,98.8
201208,99.4,98.2,97.2,96.3,104.4,96.8,99.1,96.0,107.8,92.4,108.0,101.0,100.6,101.5,100.1,103.3,100.3,102.7,71.0,99.5,100.4,100.2,99.0,99.4,101.7,100.0,100.6,100.1,103.5,104.6,84.2,96.7,101.1,104.1,98.5,101.2,99.3,98.8,99.4,99.3,99.3,99.5,99.3,99.5,98.4,98.6,98.8,98.8
201209,99.6,99.0,96.5,95.4,105.6,97.9,99.2,101.9,111.6,92.4,109.7,101.0,100.1,100.8,100.1,103.3,100.3,100.2,71.0,99.7,99.9,100.2,98.9,99.3,100.4,100.0,100.6,100.1,100.8,105.9,84.1,100.1,101.6,104.2,99.6,100.4,99.3,98.8,99.4,99.3,99.4,99.6,99.3,99.7,98.3,98.7,98.8,99.3
201210,99.6,99.1,97.2,95.7,108.3,97.9,99.0,102.4,111.6,92.3,109.4,101.0,100.1,100.8,100.1,103.9,100.3,100.3,71.0,96.8,99.9,100.2,98.9,99.3,100.5,100.0,100.7,100.1,100.9,108.6,84.1,100.3,101.6,104.1,99.5,100.4,99.3,98.7,99.4,99.2,99.4,99.6,99.3,99.6,98.2,98.8,98.8,99.2
201211,99.2,98.6,96.3,94.7,108.9,97.5,98.9,102.3,110.2,91.7,109.0,101.0,99.8,100.8,100.1,103.9,100.3,100.1,71.0,96.9,99.6,100.2,98.9,99.3,99.7,100.0,100.5,100.1,99.4,109.2,83.0,100.2,101.2,103.9,99.2,100.1,99.3,98.7,99.4,99.2,99.3,99.5,99.4,99.6,98.1,98.8,98.6,99.0
201212,99.3,98.7,99.0,97.8,108.5,97.1,98.4,101.6,111.4,91.2,108.7,101.1,99.8,101.0,100.1,103.9,100.3,100.7,71.0,97.0,99.5,100.2,98.8,99.3,99.6,100.0,100.5,100.1,99.1,108.9,82.4,99.7,101.5,104.0,98.9,100.1,99.3,98.6,99.4,99.1,99.4,99.5,99.5,99.5,98.0,99.0,98.6,99.0
201301,99.3,99.0,104.2,103.6,108.6,96.6,98.4,96.2,113.0,91.1,108.0,101.1,99.7,100.8,100.1,103.9,100.3,100.2,71.0,97.1,99.3,100.2,98.7,99.2,99.2,100.0,100.5,100.2,98.3,109.0,81.9,96.6,102.6,103.7,98.4,99.9,99.2,98.5,99.3,99.1,99.5,99.5,99.7,99.5,98.0,99.2,98.7,99.1
201302,99.2,98.7,100.2,99.1,108.5,97.0,98.5,95.5,116.6,91.4,107.5,101.0,99.6,100.8,100.0,103.9,100.3,100.1,71.0,97.0,99.3,100.2,98.7,99.2,99.2,100.1,100.5,100.3,98.2,108.8,82.5,96.2,102.2,103.5,98.7,99.9,99.2,98.5,99.3,99.0,99.5,99.6,99.5,99.7,98.0,98.9,98.6,99.2
201303,99.4,99.0,98.6,97.4,108.3,97.8,98.5,99.0,117.0,92.1,107.5,101.0,99.7,101.0,100.0,103.9,100.3,100.9,71.0,96.8,99.3,100.2,98.7,99.1,99.3,100.1,100.5,100.3,98.3,108.6,83.5,98.6,102.0,103.6,99.3,100.0,99.1,98.5,99.2,99.0,99.5,99.6,99.5,99.7,98.1,99.0,99.0,99.4
201304,99.7,99.2,98.4,97.1,108.2,97.9,98.5,101.5,116.3,92.0,108.6,101.2,100.1,101.9,100.8,106.5,100.3,100.4,71.0,97.2,99.5,100.1,98.6,99.1,99.9,100.0,100.4,100.6,99.6,108.5,83.5,99.9,102.0,104.6,99.5,100.5,99.1,98.4,99.2,99.0,99.5,99.7,99.6,99.8,98.3,98.8,99.0,99.2
201305,99.8,99.4,97.9,96.5,108.4,97.9,98.4,101.2,114.6,92.4,112.1,101.3,100.1,101.9,101.1,106.3,100.3,100.4,71.0,97.3,99.6,100.5,98.5,99.1,100.0,100.0,100.7,100.6,99.7,108.7,84.0,100.0,102.2,105.6,99.9,100.6,99.0,98.3,99.2,98.9,99.6,99.8,99.6,99.9,98.3,98.9,99.1,99.4
201306,99.8,99.5,97.0,95.5,108.1,97.9,98.7,100.9,114.5,92.3,113.6,101.3,100.1,101.8,101.0,106.4,100.3,100.1,71.0,97.0,99.5,100.5,98.5,99.0,99.9,100.1,100.7,100.6,99.5,108.3,83.8,99.8,102.3,105.9,100.0,100.5,99.0,98.3,99.1,98.8,99.8,99.9,99.9,100.1,98.3,99.4,99.1,99.7
201307,100.0,99.8,99.0,97.9,107.6,97.7,98.6,98.5,116.0,92.3,114.6,101.2,100.2,102.0,100.9,106.4,100.3,101.1,71.0,96.6,99.7,100.7,98.4,99.0,100.3,100.0,100.7,100.6,100.3,107.9,83.6,98.6,103.0,106.4,100.0,100.8,98.9,98.2,99.1,98.8,100.1,100.1,100.3,100.3,98.3,100.1,99.6,100.0
201308,100.3,99.9,99.5,98.6,106.5,97.7,98.7,96.5,119.2,92.0,115.1,101.3,100.7,102.4,100.8,106.4,100.3,102.4,71.0,96.4,100.2,100.7,98.4,98.9,101.5,100.1,100.7,100.6,102.8,106.8,83.0,97.4,103.6,106.8,100.1,101.5,98.9,98.2,99.1,98.7,100.2,100.3,100.4,100.5,98.4,100.3,99.4,100.4
201309,100.6,101.1,102.8,102.4,106.2,98.6,98.9,102.5,120.1,92.1,116.3,101.3,100.2,101.8,100.7,106.5,100.3,100.2,71.0,96.4,99.7,100.7,98.4,98.9,100.3,100.0,100.7,100.7,100.2,106.5,83.0,100.8,104.6,106.8,100.9,100.7,98.9,98.1,99.0,98.7,100.4,100.3,100.7,100.6,98.4,100.7,99.5,100.6
201310,100.7,101.0,101.7,101.4,104.4,98.6,99.1,102.6,118.7,92.2,116.3,101.3,100.5,102.8,100.7,108.8,100.3,100.3,71.0,97.0,99.8,100.7,98.3,98.9,100.6,100.1,100.7,100.7,100.9,104.5,83.0,100.9,104.3,107.4,100.9,101.2,98.9,98.1,99.0,98.6,100.5,100.5,100.8,100.7,98.5,100.7,99.4,100.6
201311,100.8,101.1,102.4,102.4,102.9,98.8,99.3,102.9,118.8,92.3,115.7,101.3,100.4,102.7,100.6,108.8,100.3,100.1,71.0,96.9,99.7,100.8,98.3,98.9,100.4,100.1,100.7,100.7,100.3,103.0,83.3,101.1,104.4,107.2,101.0,101.1,98.9,98.0,99.0,98.6,100.9,100.6,101.2,100.9,98.6,101.3,99.5,100.8
201312,100.9,101.3,105.0,105.4,102.0,98.6,99.2,102.3,118.7,92.2,115.1,101.3,100.4,102.8,100.5,108.8,100.3,100.6,71.0,96.8,99.7,100.9,98.3,98.9,100.4,100.2,100.7,100.7,100.4,102.1,83.1,100.9,104.8,107.1,100.9,101.1,98.8,98.0,99.0,98.6,101.0,100.6,101.3,101.1,98.7,101.5,99.9,101.0
201401,100.7,101.2,106.2,106.8,101.3,98.3,99.5,96.3,120.0,92.5,114.6,101.5,100.2,102.7,100.5,108.8,100.3,100.1,71.0,96.8,99.4,101.0,98.2,98.8,99.7,100.2,100.7,100.8,98.8,101.4,83.7,97.5,105.2,106.9,100.6,100.8,98.8,98.0,99.0,98.5,101.0,100.9,101.3,101.3,98.7,101.4,99.6,101.3
201402,100.7,101.2,105.0,105.4,101.1,98.5,99.5,96.2,120.1,93.0,114.8,101.5,100.2,102.7,100.4,108.8,100.3,100.0,71.0,97.4,99.4,101.0,98.2,98.8,99.8,100.3,100.7,101.0,99.0,101.2,84.6,97.4,105.0,106.9,100.7,100.9,98.8,97.9,99.0,98.5,101.0,100.9,101.4,101.3,98.7,101.5,99.7,101.3
201403,101.0,101.5,104.5,104.9,101.0,99.0,99.7,99.0,120.3,93.1,115.7,101.4,100.4,103.0,100.4,108.8,100.3,101.0,71.0,97.5,99.6,101.1,98.2,98.8,100.2,100.3,100.6,101.1,99.7,101.1,84.4,99.2,105.2,107.4,101.2,101.1,98.8,97.9,99.0,98.4,101.1,100.9,101.5,101.4,98.7,101.6,99.6,101.4
201404,103.1,104.4,105.9,106.3,103.1,102.3,102.8,103.5,123.7,96.3,117.0,104.2,101.8,104.6,100.6,108.9,101.1,104.7,80.6,100.0,101.0,103.5,98.1,98.7,102.9,102.9,102.1,102.3,103.2,103.3,87.1,103.0,107.9,109.0,104.3,103.2,98.8,97.8,98.9,98.4,103.0,102.9,103.7,103.7,100.5,104.1,102.1,104.1
201405,103.5,105.1,106.6,107.0,103.4,102.4,102.8,103.5,125.3,96.1,122.7,104.1,101.9,104.9,100.7,109.4,101.1,105.2,80.6,100.1,101.0,103.6,98.1,98.7,102.8,103.0,102.2,102.3,103.0,103.5,87.0,103.0,108.9,110.9,105.0,103.3,98.7,97.8,98.9,98.3,103.3,103.2,104.1,104.0,100.5,104.6,102.1,104.5
201406,103.4,105.0,105.1,105.5,102.0,102.5,102.9,102.9,125.9,96.3,122.9,104.3,101.8,104.8,100.6,109.5,101.1,104.9,80.6,100.1,100.9,103.6,98.1,98.7,102.6,103.0,102.3,102.3,102.4,102.0,87.4,102.7,108.8,110.9,105.1,103.2,98.6,97.8,98.9,98.3,103.4,103.3,104.3,104.2,100.6,104.9,102.1,104.8
201407,103.4,104.8,104.3,104.7,101.6,102.4,103.2,100.6,127.4,96.1,122.7,104.3,102.1,105.6,100.5,110.2,101.1,106.7,80.6,99.7,101.0,103.7,98.0,98.7,103.0,103.0,102.4,102.3,103.2,101.7,87.3,101.3,108.8,111.3,105.0,103.6,98.6,97.8,98.9,98.3,103.5,103.4,104.4,104.3,100.6,105.1,102.3,105.0
201408,103.7,104.8,106.9,107.7,101.1,101.9,103.1,98.9,127.0,95.6,122.3,104.4,102.5,105.9,100.4,110.2,101.1,108.0,80.6,99.7,101.4,103.8,98.0,98.7,104.1,103.1,102.4,102.3,105.5,101.1,86.1,100.4,109.2,111.5,104.7,104.2,98.6,97.7,98.9,98.2,103.6,103.4,104.5,104.3,100.6,105.2,102.4,105.0
201409,103.9,105.8,111.0,112.3,100.5,102.5,103.2,105.1,126.1,95.5,122.0,104.3,102.0,105.5,100.3,110.4,101.1,106.0,80.6,99.8,101.0,104.0,98.0,98.6,102.9,103.1,102.4,102.4,103.0,100.5,85.8,104.0,109.9,111.0,105.1,103.6,98.6,97.7,98.9,98.2,103.6,103.3,104.6,104.2,100.6,105.3,102.7,104.8
201410,103.6,105.0,105.0,106.1,96.7,102.6,103.4,105.9,124.7,95.7,121.4,104.4,102.3,106.0,100.3,111.7,101.1,106.2,80.6,100.1,101.1,104.1,98.0,98.6,103.2,103.1,102.8,102.4,103.6,96.6,86.0,104.6,108.6,111.3,105.1,103.9,98.6,97.7,98.9,98.2,103.4,103.3,104.2,104.3,100.6,104.7,103.1,104.8
201411,103.2,104.4,102.6,103.5,95.3,102.2,103.4,106.4,121.3,95.4,121.6,104.5,102.1,106.0,100.2,111.7,101.1,106.2,80.6,100.1,100.9,104.1,97.9,98.6,102.7,103.2,102.9,102.4,102.4,95.1,85.5,104.9,107.8,111.3,104.8,103.7,98.6,97.6,98.9,98.1,103.3,103.3,104.2,104.2,100.7,104.5,103.2,104.5
201412,103.3,104.4,106.3,107.8,94.2,101.6,103.4,105.3,117.8,95.1,121.4,104.4,102.2,106.2,100.2,111.7,101.1,106.7,80.6,100.1,101.0,104.1,97.9,98.6,102.9,103.3,103.2,102.4,102.8,94.1,85.1,104.3,108.0,111.3,104.3,103.8,98.6,97.6,98.9,98.1,103.4,103.2,104.3,104.1,100.8,104.5,103.3,104.3
201501,103.1,104.3,111.5,113.8,93.8,100.4,103.7,99.9,109.8,95.3,121.6,104.5,101.9,106.0,100.2,111.7,101.1,106.1,80.6,100.1,100.7,104.4,97.9,98.6,102.0,103.5,102.9,102.5,100.8,93.6,85.0,101.4,108.5,111.3,103.4,103.4,98.6,97.5,98.9,98.0,103.4,103.1,104.3,104.0,100.7,104.6,103.5,104.1
201502,102.9,103.8,110.0,112.2,93.4,99.9,103.7,99.9,104.8,95.3,122.3,104.6,102.0,106.0,100.2,111.8,101.1,106.0,80.6,100.1,100.8,104.5,97.8,98.5,102.3,103.5,102.9,102.6,101.4,93.2,85.1,101.3,107.8,111.5,103.1,103.5,98.6,97.5,98.8,97.9,103.2,102.9,104.0,103.8,100.7,104.1,103.6,103.8
201503,103.3,104.4,109.9,112.0,92.9,100.6,103.8,102.9,107.9,95.4,123.2,104.6,102.2,106.2,100.1,111.8,101.1,106.9,80.6,100.1,101.0,104.5,97.8,98.5,102.9,103.5,102.7,102.7,102.6,92.7,85.3,103.2,108.2,111.9,103.8,103.9,98.6,97.5,98.8,97.9,103.4,103.2,104.4,104.0,100.8,104.6,103.6,104.1
201504,103.7,105.2,112.0,114.5,92.4,101.4,104.5,105.2,107.1,96.3,122.9,104.7,102.3,106.2,100.8,111.7,100.9,106.3,91.2,100.1,101.1,104.9,97.7,98.5,103.0,103.7,102.8,103.2,102.4,92.1,86.4,104.6,108.9,111.8,104.4,104.0,98.6,97.4,98.8,97.8,103.6,103.2,104.6,104.2,100.9,105.0,103.7,104.3
201505,104.0,105.8,113.8,116.4,92.8,101.8,104.7,105.2,108.3,96.7,123.1,104.8,102.3,106.3,101.0,111.7,100.9,106.4,91.2,100.1,101.1,105.0,97.7,98.4,103.1,103.7,103.0,103.2,102.7,92.5,86.8,104.7,109.5,111.9,104.7,104.1,98.5,97.3,98.8,97.7,103.7,103.2,104.8,104.1,100.9,105.3,103.8,104.3
201506,103.8,105.3,109.9,112.2,92.6,102.1,104.8,104.8,109.7,97.2,121.0,104.9,102.3,106.2,101.0,111.7,100.9,106.0,91.2,100.1,101.1,105.5,97.7,98.4,103.0,103.8,103.0,103.2,102.5,92.3,87.9,104.6,108.6,111.3,104.7,104.1,98.5,97.3,98.8,97.7,103.8,103.3,104.8,104.2,101.1,105.2,104.1,104.3
201507,103.7,104.8,109.1,111.2,92.4,102.1,105.0,102.2,110.0,97.5,118.2,104.9,102.6,106.4,100.8,111.8,100.9,107.0,91.2,99.8,101.4,105.5,97.7,98.4,103.7,103.8,103.0,103.1,103.9,92.1,88.3,103.3,108.2,110.6,104.4,104.5,98.5,97.3,98.7,97.7,103.8,103.3,104.8,104.3,101.2,105.1,104.3,104.3
201508,103.9,104.7,112.0,114.6,92.0,101.7,105.2,100.7,107.3,97.4,116.1,105.1,103.1,106.8,100.7,111.8,101.1,108.3,91.2,99.8,101.9,105.7,97.7,98.4,105.0,103.9,103.0,103.1,106.4,91.7,87.9,102.5,108.3,110.3,103.8,105.1,98.5,97.3,98.7,97.7,103.8,103.3,104.8,104.2,101.3,105.1,104.5,104.1
201509,103.9,105.3,113.9,116.6,93.3,102.4,105.4,106.9,104.7,97.9,114.1,105.0,102.6,106.3,100.7,111.8,101.1,106.3,91.2,99.9,101.5,105.7,97.7,98.4,103.8,103.9,103.0,103.2,104.0,93.1,89.1,106.0,108.2,109.3,104.3,104.5,98.5,97.3,98.7,97.7,103.6,103.3,104.6,104.2,101.5,104.8,104.7,104.0
201510,103.9,105.1,112.1,114.3,95.1,102.5,105.8,107.4,103.3,97.9,114.1,105.2,102.7,106.4,100.7,111.7,101.1,107.0,91.2,100.1,101.5,105.8,97.7,98.4,103.9,103.9,105.1,103.2,104.1,94.9,89.3,106.1,107.8,109.4,104.3,104.6,98.5,97.3,98.8,97.8,103.6,103.2,104.6,104.1,101.4,104.7,104.6,104.0
201511,103.5,104.5,107.5,109.0,95.6,102.4,105.9,108.2,102.0,97.8,114.4,105.2,102.6,106.4,100.6,111.7,101.1,106.7,91.2,100.2,101.5,105.9,97.6,98.4,103.7,104.0,105.8,103.2,103.7,95.4,89.1,106.6,106.9,109.5,104.3,104.5,98.4,97.3,98.7,97.8,103.6,103.3,104.6,104.3,101.5,104.6,104.9,104.0
201512,103.5,104.3,109.4,111.1,95.5,101.8,105.7,106.9,99.0,97.6,114.4,105.2,102.6,106.5,100.5,111.7,101.1,107.2,91.2,100.2,101.4,105.9,97.6,98.4,103.7,104.1,105.8,103.2,103.6,95.3,88.6,106.1,106.8,109.6,103.9,104.5,98.4,97.3,98.7,97.7,103.5,103.3,104.5,104.2,101.5,104.4,105.1,103.8
201601,103.0,103.8,112.9,115.1,95.8,100.6,105.9,101.5,93.5,97.2,114.0,105.2,102.3,106.4,100.5,111.7,101.1,106.7,91.2,100.2,101.0,106.0,97.6,98.3,102.6,104.1,105.9,103.3,101.4,95.6,87.5,103.2,107.0,109.4,102.9,104.0,98.3,97.2,98.6,97.7,103.3,103.1,104.3,104.0,101.5,104.1,105.3,103.6
201602,103.2,103.9,115.1,117.6,95.9,100.3,105.9,102.0,90.3,97.2,113.4,105.2,102.5,106.3,100.5,111.7,101.1,106.6,91.2,100.2,101.3,106.0,97.5,98.3,103.4,104.2,105.7,103.8,102.6,95.7,87.5,103.5,107.0,109.2,102.6,104.3,98.2,97.2,98.6,97.7,103.6,103.0,104.5,103.9,101.6,104.3,105.7,103.3
201603,103.3,103.9,114.9,117.3,95.9,100.5,105.9,104.5,89.3,97.3,112.5,105.2,102.6,106.6,100.5,111.7,101.1,107.5,91.2,100.2,101.4,106.1,97.5,98.3,103.6,104.2,105.5,103.9,103.1,95.7,87.3,105.2,106.7,109.1,102.7,104.6,98.3,97.2,98.6,97.6,103.4,102.9,104.4,103.8,101.5,104.1,105.6,103.0
201604,103.4,104.0,113.5,115.7,96.1,101.1,105.9,106.8,91.7,97.6,111.3,105.3,102.8,107.0,101.2,112.2,101.9,106.9,101.7,100.2,101.5,106.3,97.5,98.2,103.9,104.5,105.7,104.0,103.6,95.9,87.9,106.6,106.5,109.1,103.0,104.9,98.2,97.2,98.5,97.6,103.4,102.9,104.3,103.8,101.6,103.9,105.7,102.9
201605,103.6,104.2,114.1,116.5,95.9,101.2,105.8,106.8,92.6,97.7,111.7,105.2,102.9,107.0,101.2,112.2,101.9,106.9,101.7,100.2,101.6,106.3,97.5,98.2,104.2,104.5,105.9,104.0,104.1,95.7,87.9,106.6,106.8,109.2,103.2,105.0,98.2,97.1,98.5,97.5,103.3,102.8,104.3,103.7,101.6,103.7,105.7,102.8
201606,103.3,103.8,111.3,113.3,95.9,101.4,106.1,106.1,95.5,97.4,110.1,105.2,102.8,107.0,101.1,112.2,101.9,106.7,101.7,100.2,101.6,106.4,97.4,98.1,104.1,104.6,105.9,104.0,103.8,95.7,87.4,106.2,106.4,108.7,103.1,104.9,98.2,97.1,98.4,97.5,103.3,102.9,104.3,103.7,101.6,103.7,105.7,102.7
201607,103.2,103.3,111.0,112.9,95.9,101.0,106.1,103.5,95.2,97.1,109.0,105.2,103.1,107.2,101.0,112.2,101.9,107.7,101.7,100.1,101.8,106.4,97.4,98.1,104.7,104.6,105.9,104.0,105.0,95.8,86.8,104.7,106.1,108.6,102.6,105.3,98.1,97.1,98.4,97.5,103.3,102.8,104.2,103.7,101.5,103.6,105.8,102.5
201608,103.3,103.1,112.1,114.1,95.9,100.6,106.1,102.0,94.5,96.7,107.8,105.3,103.5,107.5,100.9,112.2,101.9,108.6,101.7,100.1,102.2,106.5,97.4,98.1,105.8,104.7,106.0,104.0,107.2,95.7,86.1,103.9,106.1,108.4,102.2,105.8,98.1,97.0,98.4,97.4,103.2,102.8,104.1,103.6,101.5,103.5,105.9,102.5
201609,103.3,103.8,114.2,116.4,96.9,101.2,106.2,107.5,95.0,96.6,107.1,105.3,102.9,107.0,100.8,112.2,101.9,106.8,101.7,100.1,101.7,106.4,97.3,98.1,104.4,104.6,106.0,104.0,104.4,96.8,85.5,107.1,106.5,107.8,102.7,105.1,98.1,97.0,98.4,97.4,103.0,102.7,104.0,103.6,101.4,103.3,105.8,102.4
201610,103.9,104.8,120.0,122.7,99.2,101.5,106.2,107.9,95.1,97.0,107.0,105.2,103.0,107.0,100.8,112.3,101.9,107.0,101.7,100.2,101.8,106.4,97.3,98.0,104.8,104.7,106.2,104.0,105.2,99.1,86.4,107.3,107.7,107.8,102.9,105.3,98.1,96.9,98.4,97.3,103.6,102.7,104.7,103.6,101.5,104.4,105.9,102.6
201611,103.9,105.0,120.7,123.4,99.6,101.7,106.2,108.5,96.9,96.9,107.2,105.2,102.7,107.0,100.7,112.3,101.9,106.6,101.7,100.2,101.4,106.1,97.3,98.0,104.0,104.7,106.2,104.0,103.5,99.5,86.3,107.6,108.0,107.8,103.1,104.8,98.1,96.9,98.4,97.3,104.0,102.8,104.9,103.7,101.4,105.1,105.9,102.8
201612,103.7,104.7,118.0,120.3,100.0,101.7,106.2,107.1,99.4,96.7,107.6,105.4,102.8,107.1,100.7,112.3,101.9,107.1,101.7,100.2,101.5,106.1,97.2,98.0,104.2,104.8,106.3,104.0,103.8,100.0,86.3,107.0,107.7,108.0,103.2,104.9,98.0,96.9,98.4,97.3,103.7,102.9,104.9,103.9,101.4,104.8,106.0,103.1
