類・品目,被服及び履物,衣料,和服,婦人着物,婦人帯,洋服,男子洋服,背広服（夏物，中級品）,背広服（夏物，普通品）,背広服（冬物，中級品）,背広服（冬物，普通品）,男子上着,男子ズボン（夏物）,男子ズボン（冬物）,男子ズボン（ジーンズ）,男子コート,男子学生服,婦人洋服,婦人スーツ（春夏物，中級品）,婦人スーツ（春夏物，普通品）,婦人スーツ（秋冬物，中級品）,婦人スーツ（秋冬物，普通品）,ワンピース（春夏物）,ワンピース（秋冬物）,婦人上着,スカート（春夏物）,スカート（秋冬物）,婦人スラックス（冬物）,婦人スラックス（ジーンズ）,婦人コート,女子学生服,子供洋服,男児ズボン,女児スカート,乳児服,シャツ・セーター・下着類,シャツ・セーター類,男子シャツ・セーター類,ワイシャツ（長袖）,ワイシャツ（半袖）,スポーツシャツ（長袖）,スポーツシャツ（半袖）,男子セーター,婦人シャツ・セーター類,ブラウス（長袖）,ブラウス（半袖）,婦人Ｔシャツ（長袖）,婦人Ｔシャツ（半袖）,婦人セーター（長袖）,婦人セーター（半袖）,子供シャツ・セーター類,子供Ｔシャツ（長袖）,子供Ｔシャツ（半袖）,下着類,男子下着類,男子シャツ,男子パンツ,男子パジャマ,婦人下着類,ブラジャー,婦人ショーツ,ランジェリー,子供下着類,子供シャツ,履物類,男子靴,婦人靴,子供靴,運動靴,サンダル,スリッパ,他の被服類,帽子,ネクタイ,マフラー,男子靴下,婦人ストッキング,婦人ソックス,ベルト,被服関連サービス,洗濯代（ワイシャツ）,洗濯代（背広服上下）,履物修理代,被服賃借料,保健医療,医薬品・健康保持用摂取品,感冒薬,解熱鎮痛剤,胃腸薬,ビタミン剤Ａ,ビタミン剤Ｂ,ドリンク剤,皮膚病薬,はり薬,目薬,漢方薬,鼻炎薬,サプリメント,保健医療用品・器具,紙おむつ（乳幼児用）,紙おむつ（大人用）,生理用ナプキン,浴用剤,コンタクトレンズ用剤,眼鏡,コンタクトレンズ,ヘルスメーター,体温計,血圧計,保健医療サービス,診療代,出産入院料,マッサージ料金,人間ドック受診料,予防接種料,交通・通信,交通,鉄道運賃（ＪＲ）,普通運賃（ＪＲ）,料金（ＪＲ，在来線）,料金（ＪＲ，新幹線）,通学定期（ＪＲ）,通勤定期（ＪＲ）,鉄道運賃（ＪＲ以外）,普通運賃（ＪＲ以外）,通学定期（ＪＲ以外）,通勤定期（ＪＲ以外）,一般路線バス代,高速バス代,タクシー代,航空運賃,高速道路料金,高速自動車国道料金,都市高速道路料金,自動車等関係費,自動車,軽乗用車,小型乗用車Ａ,小型乗用車Ｂ,小型乗用車（輸入品）,普通乗用車,普通乗用車（輸入品）,自転車,自転車,自動車等維持,ガソリン,自動車タイヤ,自動車バッテリー,自動車ワックス,カーナビゲーション,ＥＴＣ車載器,自動車整備費（定期点検）,自動車整備費（パンク修理）,自動車オイル交換料,車庫借料,駐車料金,自動車免許手数料,レンタカー料金,洗車代,自動車保険料（自賠責）,自動車保険料（任意）,通信,はがき,封書,固定電話通信料,携帯電話通信料,運送料,固定電話機,携帯電話機,教育,授業料等,ＰＴＡ会費（小学校）,ＰＴＡ会費（中学校）,私立中学校授業料,公立高校授業料,私立高校授業料,国立大学授業料,私立大学授業料,私立短期大学授業料,公立幼稚園保育料,私立幼稚園保育料,専門学校授業料,教科書・学習参考教材,教科書,学習参考教材,補習教育,補習教育（小学校）,補習教育（中学校）,補習教育（高校・予備校）
Group/Item,Clothes & footwear,Clothes,Japanese clothing,"Women's ""Kimono""","Women's ""Obi""",Clothing,Men's clothing,"Men's suits (for summer, medium)","Men's suits (for summer, ordinary)","Men's suits (for winter, medium)","Men's suits (for winter, ordinary)",Men's jackets,Men's slacks (for summer),Men's slacks (for winter),Men's slacks (jeans),Men's coats,Boys' school uniforms,Women's clothing,"Women's suits (for spring & summer, medium)","Women's suits (for spring & summer, ordinary)","Women's suits (for autumn & winter, medium)","Women's suits (for autumn & winter, ordinary)",One-piece dresses (for spring & summer),One-piece dresses (for autumn & winter),Women's jackets,Skirts (for spring & summer),Skirts (for autumn & winter),Women's slacks (for winter),Women's slacks (jeans),Women's coats,Girls' school uniforms,Children's clothing,Boys' short pants,Girls' skirts,Babies' clothes,"Shirts, sweaters & underwear",Shirts & sweaters,Men's shirts & sweaters,Men's business shirts (long sleeves),Men's business shirts (short sleeves),Sport shirts (long sleeves),Sport shirts (short sleeves),Men's sweaters,Women's shirts & sweaters,Blouses (long sleeves),Blouses (short sleeves),Women's T-shirts (long sleeves),Women's T-shirts (short sleeves),Women's sweaters (long sleeves),Women's sweaters (short sleeves),Children's shirts & sweaters,Children's T-shirts (long sleeves),Children's T-shirts (short sleeves),Underwear,Men's underwear,Men's undershirts,Men's underpants,Men's pajamas,Women's underwear,Brassieres,Panties,Lingeries,Children's underwear,Children's undershirts,Footwear,Men's shoes,Women's shoes,Children's shoes,Canvas shoes,Sandals,Slippers,Other clothing,Hats & caps,Neckties,Mufflers,Men's socks,Women's stockings,Women's socks,Belts,Services related to clothing,Laundry charges (men's business shirts),Dry cleaning charges (men's suits),Footwear repair charges,Charges for clothing rent,Medical care,Medicines & health fortification,Medicines for cold,Antipyretic & analgesic medicines,Gastrointestinal medicines,Vitamin preparations-A,Vitamin preparations-B,Health drinks,Dermal medicines,Plasters,Eyewashes,Chinese medicines,Medicines for rhinitis,Supplements,Medical supplies & appliances,Disposable diapers (for babies),Disposable diapers (for adults),Sanitary napkins,Bath preparation,Contact lenses cleaning solution,Spectacles,Contact lenses,Bathroom scales,Thermometers,Sphygmomanometers,Medical services,Medical treatment,Delivery fees in national & public hospital,Charges for massage,Fees for complete medical checkup,Fees for vaccination,Transportation & communication,Public transportation,Railway fares (JR),(ordinary fares),"(special fares, excluding ""Shinkansen"")","(special fares, for ""Shinkansen"")",(students' season tickets),(commuters' season tickets),Railway fares (excluding JR),(ordinary fares),(students' season tickets),(commuters' season tickets),Fixed route bus fares,Expressway bus fares,Taxi fares,Airplane fares,Expressway tolls charges,National expressway tolls,City expressway tolls,Private transportation,Automobiles,(less than 660cc),"(more than 660cc, but less than 1,500cc)","(more than 1,500cc, but less than 2,000cc)","(less than 2,000cc(imported))","(more than 2,000cc)","(more than 2,000cc (imported))",Bicycles,Bicycles,Automotive maintenance,Gasoline,Tires,Automobile batteries,Car wax,Automobile navigation,Electronic Toll Collection system tool,Regular inspection,Puncture repairs,Motor oil replacement,Charges for garage rental,Charges for parking,Charges for driving license,Charges for rental car,Car wash fees,Automotive insurance premium (compulsion),Automotive insurance premium (option),Communication,Postcards,Letters,Telephone charges,Mobile telephone charges,Forwarding charges,Telephone set,Cellular phones,Education,School fees,PTA membership fees (elementary school),PTA membership fees (junior high school),"Junior high school fees, private","High school fees, public","High school fees, private","College & university fees, national","College & university fees, private","Junior college fees, private","Kindergarten fees, public","Kindergarten fees, private",Vocational school fees,School textbooks & reference books for study,School textbooks,Reference books for study,Tutorial fees,(elementary school),(junior high school),(high school & preparatory school)
類・品目符号(Group/Item code),0082,0083,0084,5011,5041,0085,0086,5101,5103,5102,5104,5111,5122,5121,5123,5131,5141,0087,5166,5167,5162,5168,5161,5163,5183,5169,5172,5181,5179,5182,5184,0088,5191,5192,5193,0089,0090,0091,5202,5203,5211,5212,5221,0092,5231,5232,5233,5234,5241,5242,0093,5243,5244,0094,0095,5301,5311,5331,0096,5341,5351,5361,0097,5372,0098,5601,5611,5641,5631,5671,5652,0103,5501,5511,5572,5521,5531,5541,5571,0106,5711,5712,5721,5731,0107,0108,6001,6002,6012,6021,6022,6031,6051,6061,6062,6091,6003,6090,0109,6141,6142,6101,6095,6181,6121,6161,4393,6131,6171,0110,6200,6210,6221,6222,6223,0111,0112,7026,7527,7528,7530,7029,7030,7007,7008,7009,7010,7050,7057,7060,7070,7360,7363,7364,0113,0114,7105,7106,7107,7110,7113,7115,0115,7201,0116,7301,7311,7312,7322,7313,7314,7331,7335,7341,7342,7343,7351,7344,7347,7370,7390,0117,7401,7402,7410,7430,7433,7441,7446,0118,0119,8001,8002,8010,8020,8030,8040,8060,8070,8080,8090,8077,0120,8110,8100,0121,8203,8201,8204
含類総連番(Serial number),389,390,391,392,393,394,395,396,397,398,399,400,401,402,403,404,405,406,407,408,409,410,411,412,413,414,415,416,417,418,419,420,421,422,423,424,425,426,427,428,429,430,431,432,433,434,435,436,437,438,439,440,441,442,443,444,445,446,447,448,449,450,451,452,453,454,455,456,457,458,459,460,461,462,463,464,465,466,467,468,469,470,471,472,473,474,475,476,477,478,479,480,481,482,483,484,485,486,487,488,489,490,491,492,493,494,495,496,497,498,499,500,501,502,503,504,505,506,507,508,509,510,511,512,513,514,515,516,517,518,519,520,521,522,523,524,525,526,527,528,529,530,531,532,533,534,535,536,537,538,539,540,541,542,543,544,545,546,547,548,549,550,551,552,553,554,555,556,557,558,559,560,561,562,563,564,565,566,567,568,569,570,571,572,573,574,575,576,577
ウエイト(Weight),127975371,56698422,2697210,1951133,746077,54001212,16735395,2060835,1716864,1716864,1372819,2438259,1700350,1700350,850984,1608687,1569383,29836442,2403159,961148,2403159,961148,1441770,1441770,4658890,1148545,1148545,3777542,3777542,4027165,1686059,7429375,3215365,3215365,998645,37076380,25479865,7794825,1582870,678129,1566280,2350389,1617157,15523172,1592561,1592561,2932731,4398415,4004720,1002184,2161868,1080934,1080934,11596515,3806902,1460296,1460296,886310,6457764,1022912,2717426,2717426,1331849,1331849,15517761,3279361,6329242,1022479,3492425,705939,688315,10307727,1693981,774121,1488848,2263432,823696,2471556,792093,8375081,3381471,3381471,632734,979405,135270948,40885968,3601936,1542889,2959605,1389009,1389009,8805422,1625871,1826674,1826674,2247994,2247994,11422891,24165360,1882221,1882221,3276093,1638398,1638398,6439107,3185141,844755,2111946,1267080,70219620,61953375,1095006,3234445,2624523,1312271,448665375,66332395,23532811,10078493,2566761,5050586,1701934,4135037,14108198,7473703,1579258,5055237,5867331,1466427,5773221,6997065,8587342,6482846,2104496,258833545,56039140,11207370,14007925,5605151,1402453,18211090,5605151,2596471,2596471,200197934,72299743,9060640,2264287,910329,5462109,910329,10283861,5998623,2677401,20264811,2516408,771433,1241782,1928092,10634940,52973146,123499435,1014493,2611662,29385331,67934336,4680995,888433,16984185,105619069,72064482,5703276,5453363,4022207,2130230,4991497,3951740,30723179,1617089,825336,7409418,5237147,2856923,1310973,1545950,30697664,9826783,12513216,8357665
ウエイト１万分比(Weight per 10000),405,180,9,6,2,171,53,7,5,5,4,8,5,5,3,5,5,94,8,3,8,3,5,5,15,4,4,12,12,13,5,24,10,10,3,117,81,25,5,2,5,7,5,49,5,5,9,14,13,3,7,3,3,37,12,5,5,3,20,3,9,9,4,4,49,10,20,3,11,2,2,33,5,2,5,7,3,8,3,27,11,11,2,3,428,129,11,5,9,4,4,28,5,6,6,7,7,36,77,6,6,10,5,5,20,10,3,7,4,222,196,3,10,8,4,1421,210,75,32,8,16,5,13,45,24,5,16,19,5,18,22,27,21,7,820,177,35,44,18,4,58,18,8,8,634,229,29,7,3,17,3,33,19,8,64,8,2,4,6,34,168,391,3,8,93,215,15,3,54,334,228,18,17,13,7,16,13,97,5,3,23,17,9,4,5,97,31,40,26
197001,28.7,26.1,23.1,21.2,20.9,27.5,33.4,,,38.7,,,,34.1,,31.4,24.3,18.8,,,19.5,,,,,,,,,21.4,,,,,,31.9,30.5,32.7,40.5,,,,,27.0,,,,,27.8,,,,,32.5,41.2,38.0,42.1,,25.3,,44.9,18.8,43.5,,29.0,31.8,27.8,22.5,35.3,28.3,,37.7,20.6,33.0,,39.0,128.8,45.1,,25.8,21.6,34.9,14.1,,36.8,47.2,32.0,,,64.8,,,29.9,30.5,,,,,49.6,,,65.0,,,,,,23.0,,26.8,32.3,,,,,39.9,21.1,26.3,,,,,,18.1,,,,13.0,,17.4,46.6,,,,48.4,63.8,,,,,,,63.7,63.7,39.9,38.2,53.3,,,,,47.8,15.0,35.9,,,18.2,,,138.8,,78.9,,,95.0,,,,,13.9,12.0,21.9,26.2,11.3,28.5,13.5,2.15,10.3,,11.3,10.5,,29.1,,26.4,,,,
197002,28.4,25.5,22.9,21.0,20.9,26.6,32.2,,,36.7,,,,33.2,,28.4,24.6,18.3,,,19.6,,,,,,,,,18.3,,,,,,31.9,30.2,33.1,40.7,,,,,26.7,,,,,27.4,,,,,32.7,41.4,38.5,42.2,,25.5,,44.9,19.1,43.6,,29.0,32.1,28.0,22.7,35.4,28.4,,37.8,20.5,33.1,,39.1,128.8,45.2,,25.9,21.6,35.1,14.2,,39.1,47.2,32.0,,,64.8,,,29.9,30.5,,,,,49.6,,,65.0,,,,,,23.0,,29.3,35.4,,,,,40.1,21.2,26.3,,,,,,18.1,,,,13.2,,17.5,46.6,,,,48.4,63.8,,,,,,,64.2,64.2,39.9,38.2,53.5,,,,,47.8,15.0,35.9,,,18.2,,,138.8,,78.9,,,95.0,,,,,13.9,12.0,21.9,26.2,11.3,28.5,13.5,2.15,10.3,,11.3,10.5,,29.1,,26.4,,,,
197003,28.5,25.6,23.0,21.0,20.9,26.7,32.3,,,36.2,,,,32.9,,,24.7,18.4,,,19.2,,,,,,,,,,,,,,,31.9,30.2,33.3,41.0,,,,,26.5,,,,,27.3,,,,,32.9,41.4,38.8,42.3,,25.7,,44.9,19.4,43.7,,29.4,32.3,28.3,23.3,36.1,28.7,,37.8,20.7,33.1,,39.3,128.7,45.4,,26.0,21.8,35.3,14.2,,39.1,47.3,32.0,,,64.8,,,29.9,30.5,,,,,49.8,,,65.7,,,,,,23.0,,29.3,35.4,,,,,40.1,21.4,26.3,,,,,,18.1,,,,13.3,,18.2,46.6,,,,48.6,63.8,,,,,,,64.4,64.4,40.0,38.3,53.5,,,,,47.8,15.0,35.9,,,18.2,,,138.8,,78.9,,,95.0,,,,,13.9,12.0,21.9,26.2,11.3,28.5,13.5,2.15,10.3,,11.3,10.5,,29.1,,26.4,,,,
197004,29.0,26.4,22.8,20.9,20.8,27.9,32.4,,,36.4,,,,32.9,,,24.7,20.2,,,,,,,,,,,,,,,,,,32.0,30.3,33.7,41.5,,,,,26.6,,,,,27.3,,,,,33.1,41.8,39.3,42.5,,25.7,,44.8,19.4,44.0,,29.7,32.4,28.4,23.7,36.7,28.9,,38.2,21.0,33.8,,39.7,128.2,45.8,,26.4,22.3,35.5,14.5,,39.2,47.3,32.0,,,64.8,,,29.9,30.5,,,,,50.2,,,66.0,,,,,,23.0,,29.3,35.4,,,,,40.3,21.5,26.3,,,,,,18.2,,,,13.7,,18.2,46.6,,,,48.8,64.0,,,,,,,65.7,65.7,40.3,38.6,53.5,,,,,47.9,15.1,35.9,,,18.2,,,138.8,,78.9,,,95.0,,,,,14.5,12.5,22.5,26.6,12.2,28.5,14.4,2.15,10.6,,12.0,11.6,,29.1,,26.4,,,,
197005,29.5,27.2,22.6,20.4,20.7,29.2,35.6,40.6,,,,,32.5,,,,24.8,19.8,,,,,,,,,,,,,,,,,,32.2,30.2,33.9,41.8,,,,,26.3,,,,,27.1,,,,,33.6,42.9,39.7,42.9,,25.8,,44.9,19.4,44.3,,29.9,32.7,28.5,23.8,37.2,29.1,,38.3,21.1,34.2,,39.9,128.1,45.8,,26.6,22.6,35.7,14.5,,39.2,47.3,32.0,,,64.8,,,29.9,30.5,,,,,50.4,,,66.5,,,,,,22.9,,29.3,35.4,,,,,40.4,21.5,26.3,,,,,,18.2,,,,13.7,,18.3,46.6,,,,48.9,64.0,,,,,,,67.3,67.3,40.5,38.6,53.5,,,,,48.1,15.8,36.9,,,18.2,,,138.8,,78.9,,,95.0,,,,,14.5,12.5,22.5,26.6,12.2,28.5,14.4,2.15,10.6,,12.0,11.6,,29.1,,26.4,,,,
197006,29.6,27.3,23.0,20.9,20.5,29.2,35.6,40.6,,,,,32.5,,,,24.8,19.8,,,,,,,,,,,,,,,,,,32.1,30.0,34.1,41.9,,,,,26.1,,,,,26.9,,,,,33.7,42.9,39.6,43.0,,25.9,,44.9,19.6,44.7,,30.0,32.7,28.6,23.9,37.3,29.1,,38.6,21.2,34.6,,40.0,128.3,45.9,,26.8,22.7,36.0,14.6,,39.3,47.4,32.0,,,64.8,,,29.9,30.5,,,,,50.8,,,67.0,,,,,,23.0,,29.3,35.4,,,,,40.4,21.6,26.3,,,,,,18.2,,,,13.7,,18.5,46.6,,,,48.9,64.0,,,,,,,68.0,68.0,40.4,38.5,53.5,,,,,48.1,15.8,37.3,,,18.2,,,138.8,,78.9,,,95.0,,,,,14.5,12.5,22.5,26.6,12.2,28.5,14.4,2.15,10.6,,12.0,11.6,,29.1,,26.4,,,,
197007,30.1,28.3,23.5,21.5,21.2,30.4,35.6,40.5,,,,,32.4,,,,24.8,22.0,,,,,15.9,,,,,,,,,,,,,32.2,29.9,34.3,42.2,,,,,25.9,,,,,26.7,,,,,33.7,42.9,39.4,43.3,,26.2,,45.2,19.8,44.9,,30.1,32.7,28.6,24.1,37.6,29.3,,38.6,21.2,34.7,,40.1,128.2,46.0,,26.9,22.8,36.1,14.9,,39.5,47.5,32.0,,,64.8,,,29.9,30.7,,,,,51.4,,,67.7,,,,,,23.7,,29.7,35.7,,,,,40.5,21.6,26.3,,,,,,18.2,,,,13.7,,18.5,46.6,,,,49.0,64.0,,,,,,,68.5,68.5,40.5,38.6,54.3,,,,,48.1,15.8,37.3,,,18.2,,,138.8,,78.9,,,95.1,,,,,14.5,12.5,22.5,26.6,12.2,28.5,14.4,2.15,10.6,,12.0,11.6,,29.1,,26.4,,,,
197008,29.3,26.4,23.6,21.6,21.5,27.5,33.9,38.0,,,,,30.4,,,,25.0,18.4,,,,,12.7,,,,,,,,,,,,,32.5,30.4,34.3,42.2,,,,,26.5,,,,,27.3,,,,,33.9,43.0,39.7,43.5,,26.2,,45.2,19.9,45.2,,30.2,32.8,28.6,24.2,37.7,29.5,,38.8,21.6,35.0,,40.1,128.1,46.0,,27.1,23.0,36.2,15.0,,39.4,47.5,32.0,,,64.8,,,29.9,31.2,,,,,52.1,,,68.2,,,,,,24.3,,29.5,35.5,,,,,40.5,21.6,26.3,,,,,,18.2,,,,13.9,,18.5,46.6,,,,49.0,64.0,,,,,,,68.8,68.8,40.5,38.8,54.3,,,,,48.1,16.3,37.3,,,18.2,,,138.8,,78.9,,,95.1,,,,,14.5,12.5,22.5,26.6,12.2,28.5,14.4,2.15,10.6,,12.0,11.6,,29.1,,26.4,,,,
197009,30.7,28.6,25.2,23.1,22.2,30.2,35.7,36.5,,44.4,,,29.5,36.2,,,25.6,21.4,,,,,,,,,,,,,,,,,,33.9,32.7,34.6,42.5,,,,,29.1,,,,,30.0,,,,,34.5,43.6,41.5,44.3,,26.4,,45.2,20.0,46.9,,30.5,33.1,29.0,24.5,37.9,29.6,,39.3,21.7,36.0,,40.7,128.2,46.5,,27.4,23.0,36.3,15.0,,39.4,47.7,32.0,,,64.8,,,29.9,33.5,,,,,52.6,,,68.5,,,,,,24.8,,29.5,35.5,,,,,40.5,21.6,26.3,,,,,,18.2,,,,13.9,,18.6,46.6,,,,49.1,64.0,,,,,,,69.0,69.0,40.7,38.9,54.3,,,,,48.1,16.4,37.3,,,18.2,,,138.8,,78.9,,,95.1,,,,,14.5,12.5,22.5,26.6,12.2,28.5,14.4,2.15,10.6,,12.0,11.6,,29.1,,26.4,,,,
197010,31.4,29.5,25.6,23.5,22.9,31.2,37.1,,,44.6,,,,36.2,,33.9,26.3,22.0,,,23.6,,,,,,,,,,,,,,,34.5,32.8,35.0,42.9,,,,,29.1,,,,,30.0,,,,,35.3,45.4,42.4,44.7,,26.6,,45.2,20.2,47.5,,30.7,33.1,29.1,24.7,37.9,29.8,,39.8,22.0,36.7,,41.2,128.1,46.8,,27.7,23.3,36.4,15.3,,39.5,48.0,32.0,,,64.8,,,30.3,34.8,,,,,53.2,,,69.4,,,,,,25.3,,29.5,35.5,,,,,41.1,22.4,26.3,,,,,,22.4,,,,14.0,,18.6,46.6,,,,49.4,64.0,,,,,,,69.1,69.1,41.0,39.4,55.8,,,,,48.1,16.6,37.4,,,18.2,,,138.8,,79.0,,,95.1,,,,,14.5,12.5,22.5,26.6,12.2,28.5,14.4,2.15,10.6,,12.0,11.6,,29.1,,26.4,,,,
197011,31.6,29.7,25.6,23.3,22.9,31.5,37.4,,,44.8,,,,36.3,,35.3,26.4,22.3,,,23.8,,,,,,,,,26.6,,,,,,34.7,33.1,35.3,43.2,,,,,29.2,,,,,30.1,,,,,35.6,45.7,42.6,45.0,,26.8,,45.3,20.4,48.2,,30.8,33.2,29.2,25.0,38.1,30.1,,40.0,22.2,36.9,,41.7,127.6,47.5,,28.1,23.7,36.7,15.5,,39.6,48.4,32.0,,,64.8,,,31.1,37.7,,,,,53.8,,,69.7,,,,,,25.7,,29.5,35.5,,,,,41.2,22.4,26.3,,,,,,22.4,,,,14.0,,18.6,46.6,,,,49.4,64.0,,,,,,,69.2,69.2,41.1,39.5,55.8,,,,,48.1,16.6,37.4,,,18.2,,,138.8,,79.0,,,95.1,,,,,14.5,12.5,22.5,26.6,12.2,28.5,14.4,2.15,10.6,,12.0,11.6,,29.1,,26.4,,,,
197012,31.8,29.9,25.5,23.1,22.9,31.6,37.5,,,44.8,,,,36.3,,35.5,26.7,22.5,,,24.1,,,,,,,,,26.5,,,,,,34.9,33.3,35.6,43.5,,,,,29.5,,,,,30.4,,,,,35.7,46.0,43.0,45.3,,26.5,,43.5,20.6,48.6,,31.1,33.5,29.4,25.1,38.2,30.4,,40.5,22.2,38.6,,42.1,127.4,47.5,,28.2,24.0,36.7,15.6,,39.7,48.5,32.0,,,64.8,,,32.7,37.7,,,,,54.5,,,70.9,,,,,,26.0,,29.5,35.5,,,,,41.3,22.5,26.3,,,,,,22.4,,,,14.0,,18.9,46.6,,,,49.7,64.4,,,,,,,69.3,69.3,41.3,39.5,55.8,,,,,48.7,17.8,37.4,,,18.2,,,138.8,,79.0,,,95.1,,,,,14.5,12.5,22.5,26.6,12.2,28.5,14.4,2.15,10.6,,12.0,11.6,,29.1,,26.4,,,,
197101,31.7,29.3,25.6,23.2,22.9,30.9,36.9,,,43.8,,,,36.2,,33.6,26.9,21.2,,,22.6,,,,,,23.1,,,23.1,,52.8,82.3,49.6,,35.4,33.5,35.6,43.5,,,,,29.7,,,,,30.5,,,,,36.5,46.7,44.0,45.4,,27.5,,47.8,20.6,49.7,,31.3,33.6,29.8,26.1,38.4,30.4,,40.7,22.5,39.4,,42.5,127.3,48.0,,28.5,24.4,37.1,15.8,,39.7,48.6,32.1,,,64.7,,,35.1,37.7,,,,,54.5,,,70.7,,,,,,26.1,,29.5,35.5,,,,,41.4,22.5,26.3,,,,,,22.4,,,,14.1,,19.3,46.6,,,,49.7,64.4,,,,,,,69.6,69.6,41.4,39.5,55.8,,,,,48.7,17.8,37.4,,,18.2,,,138.8,,79.0,,,95.1,,,,,14.5,12.5,22.5,26.6,12.2,28.5,14.4,2.15,10.6,,12.0,11.6,,29.1,,26.4,,,,
197102,31.1,27.9,25.2,22.6,22.8,29.0,35.7,,,41.6,,,,35.4,,30.9,26.9,18.0,,,18.4,,,,,,22.1,,,20.3,,52.9,82.1,50.1,,35.2,33.1,35.6,43.5,,,,,29.2,,,,,30.1,,,,,36.6,46.8,44.2,45.6,,27.3,,46.6,20.8,49.8,,31.5,33.6,29.9,26.4,38.5,30.4,,40.8,22.6,39.7,,42.5,127.3,48.0,,28.7,24.5,37.2,16.0,,39.7,48.7,32.1,,,64.7,,,36.0,37.8,,,,,54.5,,,70.5,,,,,,26.3,,29.5,35.5,,,,,41.5,22.5,26.3,,,,,,22.4,,,,14.3,,19.2,46.6,,,,49.9,64.6,,,,,,,69.6,69.6,41.5,39.6,55.8,,,,,48.7,17.8,37.4,,,18.2,,,138.8,,79.0,,,95.1,,,,,14.9,12.5,22.5,26.6,12.2,28.5,14.4,2.15,10.6,,12.0,11.6,,33.8,,30.7,,,,
197103,31.2,28.1,24.8,22.3,22.8,29.5,36.1,,,41.5,,,,35.4,,,27.1,18.6,,,19.5,,,,,,22.0,,,,,52.8,81.9,50.0,,35.1,32.9,35.6,43.5,,,,,29.0,,,,,29.9,,,,,36.5,47.1,44.5,45.8,,27.0,,44.7,20.8,49.7,,31.7,33.8,30.1,26.7,38.7,30.6,,41.2,22.9,40.3,,42.7,127.4,48.4,,28.8,24.7,37.3,16.2,,39.8,48.8,32.1,,,64.7,,,37.0,37.9,,,,,54.6,,,70.5,,,,,,26.4,,29.5,35.5,,,,,41.6,22.5,26.3,,,,,,22.4,,,,14.3,,19.1,46.6,,,,50.2,64.8,,,,,,,69.9,69.9,41.8,40.3,55.8,,,,,48.7,17.8,37.4,,,18.2,,,138.8,,79.0,,,95.1,,,,,14.9,12.5,22.5,26.6,12.2,28.5,14.4,2.15,10.6,,12.0,11.6,,33.8,,30.7,,,,
197104,31.8,28.9,25.0,22.4,22.6,30.7,37.1,45.9,,41.4,,,35.1,35.4,,,27.2,20.5,,,21.7,,,,,,,,,,,52.6,81.3,49.8,,35.5,33.7,35.6,43.7,,,,,29.8,,,,,29.9,40.2,,,,36.6,47.3,44.8,45.8,,27.0,,43.7,21.0,49.7,51.2,32.0,33.8,30.1,27.1,39.4,30.7,,41.5,23.6,40.9,,42.9,126.9,48.5,,29.4,25.4,37.8,16.4,,39.8,48.9,32.1,,,64.7,,,37.6,38.0,,,,,54.6,,,70.5,,,,,,26.5,,29.5,35.5,,,,,41.9,22.5,26.3,,,,,,22.5,,,,14.3,,19.1,46.6,,,,51.1,64.8,,,,,,,70.1,70.1,43.1,42.1,56.8,,,,,49.2,18.5,38.0,,,18.2,,,138.8,,79.1,,,95.4,,,,,15.7,13.4,23.7,28.0,13.7,28.3,15.9,2.15,10.9,,12.8,13.2,,33.8,,30.7,,,,
197105,32.7,30.4,25.9,23.2,22.6,32.5,37.0,46.2,,40.9,,,35.1,35.0,,,27.3,24.9,,,,,18.0,,,,,,,,,52.4,80.8,,,35.7,34.0,35.8,43.9,,,,,30.2,,,,,,39.7,,,,36.5,47.3,44.8,46.0,,26.9,,43.4,21.1,49.7,51.3,32.1,34.0,30.2,27.5,39.5,30.7,,41.8,23.8,41.2,,43.1,127.0,48.9,,29.6,25.8,38.1,16.7,,39.8,48.9,32.1,,,64.7,,,38.0,38.0,,,,,54.6,,,70.4,,,,,,26.7,,29.5,35.5,,,,,42.1,22.5,26.3,,,,,,22.5,,,,14.3,,19.2,46.6,,,,51.1,64.9,,,,,,,70.1,70.1,43.2,42.1,56.8,,,,,49.2,19.2,38.0,,,18.2,,,138.8,,80.7,,,95.4,,,,,15.7,13.4,23.7,27.9,13.7,28.3,15.9,2.15,10.9,,12.8,13.2,,33.8,,30.7,,,,
197106,33.5,32.4,28.0,26.6,22.9,34.2,39.8,46.4,,,,,35.3,,,,27.1,26.9,,,,,19.9,,,,,,,,,52.3,80.6,,,35.7,33.9,35.9,44.0,,,,,30.1,,,,,,39.5,,,,36.6,47.4,44.9,46.2,,27.0,,43.4,21.2,49.7,51.3,32.3,34.2,30.3,27.8,40.0,31.0,,41.9,23.8,41.5,,43.1,127.3,49.0,,29.8,25.9,38.3,16.8,,39.8,48.9,32.1,,,64.7,,,38.4,37.9,,,,,54.8,,,70.5,,,,,,26.8,,29.5,35.5,,,,,42.1,22.5,26.3,,,,,,22.5,,,,14.3,,19.2,46.6,,,,51.3,64.9,,,,,,,70.3,70.3,43.3,42.2,56.8,,,,,49.2,19.2,41.2,,,18.2,,,138.8,,80.7,,,95.4,,,,,15.7,13.4,23.7,27.8,13.7,28.3,15.9,2.15,10.9,,12.8,13.2,,33.8,,30.7,,,,
197107,33.4,31.8,28.6,27.1,23.3,33.3,39.5,46.1,,,,,35.0,,,,27.2,25.0,,,,,18.1,,,,,,,,,52.0,80.4,,,35.7,33.8,36.0,44.1,,,,,29.9,,,,,,39.4,,,,37.0,47.8,45.1,46.3,,27.4,,45.3,21.2,49.7,51.5,32.5,34.3,30.3,27.8,40.3,31.0,,42.0,23.9,41.8,,43.1,127.6,49.0,,29.9,26.1,38.4,17.1,,39.8,48.9,32.1,,,64.7,,,38.5,37.9,,,,,54.9,,,70.4,,,,,,27.0,,29.5,35.5,,,,,42.3,22.5,26.3,,,,,,22.5,,,,14.3,,19.2,46.6,,,,51.4,64.9,,,,,,,70.3,70.3,43.6,42.2,56.8,,,,,49.8,19.2,41.8,,,18.2,,,138.8,,81.8,,,95.4,,,,,15.7,13.4,23.7,27.8,13.7,28.3,15.9,2.15,10.9,,12.8,13.2,,33.8,,30.7,,,,
197108,32.3,29.9,28.6,27.5,23.4,30.6,37.1,41.7,,,,,32.7,,,,27.2,20.9,,,,,15.1,,,,,,,,,51.3,79.3,,,34.3,31.1,36.0,44.1,,,,,26.8,,,,,,35.4,,,,36.9,47.7,45.3,46.4,,27.4,,45.3,21.2,49.7,51.5,32.5,34.5,30.3,27.9,40.3,31.0,,42.0,23.9,42.0,,43.1,127.6,48.8,,30.1,26.2,38.7,17.2,,39.8,48.9,32.1,,,64.7,,,38.6,38.0,,,,,54.9,,,70.4,,,,,,27.0,,29.5,35.5,,,,,42.3,22.6,26.3,,,,,,22.5,,,,14.3,,19.2,46.6,,,,51.4,64.9,,,,,,,70.3,70.3,43.6,42.2,56.8,,,,,49.8,19.2,41.8,,,18.2,,,138.8,,81.9,,,95.6,,,,,15.7,13.4,23.7,27.8,13.7,28.3,15.9,2.15,10.9,,12.8,13.2,,33.8,,30.7,,,,
197109,33.7,32.0,29.0,28.1,23.8,33.3,39.3,41.4,,49.0,,,32.4,38.1,,,27.9,24.3,,,26.9,,,,,,23.9,,,,,54.1,80.0,53.5,,36.2,34.0,36.2,44.2,,,,,30.1,,,,,33.0,36.9,,,,37.7,48.9,46.0,47.9,,27.5,,45.2,21.3,51.6,51.7,32.8,34.7,30.7,28.5,40.5,31.2,,42.4,24.0,42.9,,43.3,127.3,48.9,,30.3,26.3,38.7,17.4,,39.9,49.3,32.1,,,64.7,,,39.9,38.0,,,,,55.0,,,70.5,,,,,,27.2,,29.5,35.5,,,,,42.3,22.6,26.3,,,,,,22.6,,,,14.3,,19.2,46.6,,,,51.5,64.8,,,,,,,70.4,70.4,43.7,42.2,57.0,,,,,49.8,19.2,42.0,,,18.2,,,138.8,,81.9,,,95.6,,,,,15.7,13.4,23.7,27.8,13.7,28.3,15.9,2.15,10.9,,12.8,13.2,,33.8,,30.7,,,,
197110,33.9,32.1,29.2,28.2,24.1,33.3,39.8,,,49.2,,,,38.2,,29.1,27.7,23.9,,,25.7,,,,,,23.9,,,28.1,,54.5,81.3,53.3,,37.4,35.9,36.4,44.4,,,,,32.2,,,,,33.2,,,,,38.0,48.9,46.2,48.0,,27.6,,45.2,21.4,53.2,,32.9,34.8,30.8,28.7,40.7,31.5,,42.8,24.3,43.3,,43.9,127.4,49.4,,30.5,26.5,38.9,17.7,,40.0,49.5,32.1,,,64.8,,,40.2,38.0,,,,,55.2,,,70.7,,,,,,27.2,,29.5,35.5,,,,,42.3,22.6,26.3,,,,,,22.6,,,,14.3,,19.2,46.6,,,,51.5,64.8,,,,,,,70.6,70.6,43.7,42.2,57.0,,,,,49.8,19.2,42.4,,,18.2,,,138.8,,81.9,,,95.6,,,,,15.7,13.4,23.7,28.0,13.7,28.3,15.9,2.15,10.9,,12.8,13.2,,33.8,,30.7,,,,
197111,34.2,32.4,29.3,28.2,24.1,33.7,40.6,,,49.3,,,,38.3,,37.6,28.0,24.0,,,26.0,,,,,,23.9,,,28.5,,54.6,81.7,53.1,,37.4,35.9,36.5,44.5,,,,,32.2,,,,,33.1,,,,,38.1,49.1,46.5,48.2,,27.7,,45.2,21.5,53.2,,33.1,34.9,30.8,29.0,40.7,31.5,,42.7,24.1,43.5,,43.8,127.1,49.6,,30.7,26.7,39.0,17.8,,40.0,49.7,32.1,,,64.8,,,40.4,38.0,,,,,55.2,,,70.7,,,,,,27.3,,29.5,35.5,,,,,42.3,22.6,26.3,,,,,,22.6,,,,14.3,,19.2,46.6,,,,51.5,64.8,,,,,,,70.6,70.6,43.7,42.2,57.0,,,,,49.8,19.2,42.4,,,18.2,,,138.8,,81.9,,,95.6,,,,,15.7,13.4,23.7,28.0,13.7,28.3,15.9,2.15,10.9,,12.8,13.2,,33.8,,30.7,,,,
197112,34.1,32.1,29.0,27.6,24.0,33.5,40.4,,,49.1,,,,38.2,,37.2,28.0,23.8,,,25.6,,,,,,23.6,,,28.4,,54.8,82.1,53.7,,37.5,35.9,36.5,44.6,,,,,32.2,,,,,33.1,,,,,38.3,49.4,46.7,48.3,,27.7,,45.2,21.6,53.4,,33.2,35.0,30.9,29.2,40.8,31.7,,42.8,24.1,43.7,,43.9,127.0,49.6,,30.9,26.9,39.1,18.0,,40.0,49.9,32.1,,,64.8,,,40.5,38.0,,,,,55.2,,,70.5,,,,,,27.3,,29.5,35.5,,,,,42.4,22.7,26.3,,,,,,22.6,,,,14.4,,19.5,46.6,,,,51.5,64.8,,,,,,,70.6,70.6,43.7,42.2,57.0,,,,,49.8,19.2,42.4,,,18.2,,,138.8,,81.9,,,95.6,,,,,15.7,13.4,23.7,28.0,13.7,28.3,15.9,2.15,10.9,,12.8,13.2,,33.8,,30.7,,,,
197201,33.8,31.3,28.6,27.2,23.7,32.5,39.8,,,47.8,,,,38.5,,35.4,28.1,21.4,,,22.8,,,,,,22.8,,,24.1,,55.9,,52.9,,36.9,34.8,36.7,44.8,,,,,31.9,,,,,32.9,,,,,38.3,49.4,46.8,48.6,,27.8,,45.2,21.7,53.6,,33.5,35.0,31.3,29.5,40.9,31.7,,42.9,24.5,44.1,,44.1,125.8,49.4,,31.1,27.2,39.4,18.2,,40.0,50.0,32.0,39.6,57.3,64.7,,,41.0,38.0,,,,,55.0,,,70.4,,,,,,27.3,,29.5,35.5,,,,,42.5,22.8,26.3,,,,,,22.6,,,,14.4,,19.7,46.6,,,,51.4,64.8,,,,,,,70.9,70.9,43.6,42.2,57.0,,,,,49.8,19.2,42.4,,,18.2,,,138.8,,81.9,,,95.6,,,,,15.7,13.4,23.7,28.0,13.7,28.3,15.9,2.15,10.9,,12.8,13.2,,33.8,,30.7,,,,
197202,33.2,30.2,28.1,26.5,23.7,31.1,38.4,,,45.6,,,,37.3,,34.5,28.2,19.1,,,20.2,,,,,,22.0,,,20.2,,56.4,,53.3,,36.7,34.3,36.9,45.0,,,,,30.9,,,,,31.9,,,,,38.3,49.4,46.9,48.7,,27.7,,44.5,21.7,53.7,,33.6,35.2,31.5,29.9,40.8,31.8,,43.0,24.5,44.4,,44.1,125.7,49.3,,31.3,27.5,39.5,18.5,,43.5,50.2,32.0,40.9,57.2,64.7,,,40.9,38.0,,,,,55.2,,,70.7,,,,,,27.3,,33.2,40.0,,,,,43.1,23.4,26.3,,,,,,22.6,,,,14.4,,22.5,46.6,,,,51.5,65.0,,,,,,,71.2,71.2,43.6,42.1,57.0,,,,,50.0,19.2,42.4,,,18.2,,,138.8,,84.4,,,95.7,,,,,15.7,13.4,23.7,28.0,13.7,28.3,15.9,2.15,10.9,,12.8,13.2,,33.8,,30.7,,,,
197203,33.3,30.3,28.1,26.6,24.0,31.2,38.8,,,45.8,,,,37.4,,35.2,28.8,19.4,,,20.0,,,,,,22.0,,,,,56.0,86.0,53.3,,36.6,34.1,37.0,45.1,,,,,30.2,,,,,31.1,,,,,38.3,49.4,47.0,48.6,,27.8,,44.7,21.8,53.8,,33.7,35.4,31.5,30.5,40.9,31.8,,43.2,25.0,44.7,,44.4,124.4,49.4,,31.6,27.5,39.7,18.9,,43.6,50.4,32.0,41.8,57.2,64.6,,,41.0,38.0,,,,,55.2,,,70.5,,,,,,27.3,,33.2,40.0,,,,,43.2,23.4,26.3,,,,,,22.6,,,,14.5,,22.5,46.6,,,,51.5,65.0,,,,,,,71.4,71.4,43.7,42.1,57.0,,,,,50.2,19.2,42.4,,,18.2,,,138.8,,84.5,,,95.7,,,,,15.7,13.4,23.7,28.0,13.7,28.3,15.9,2.15,10.9,,12.8,13.2,,33.8,,30.7,,,,
197204,33.4,30.0,27.5,25.4,24.0,31.2,39.6,49.2,,45.7,,,37.3,37.0,,34.6,28.8,18.5,,,,,,,,,,,,,,56.3,86.7,53.2,,36.9,34.5,37.3,45.3,,,,,30.7,,,,,31.6,,,,,38.6,50.1,47.5,49.0,,28.3,,45.1,22.3,52.7,53.4,33.9,35.5,31.5,30.7,40.9,32.0,,43.6,25.1,45.1,,44.5,124.3,49.5,,32.0,28.1,40.0,19.2,,43.6,50.6,32.0,42.8,57.2,64.6,,,41.2,38.0,,,,,55.2,,,70.5,,,,,,27.3,,33.2,40.0,,,,,43.3,23.4,26.3,,,,,,22.8,,,,14.5,,22.6,46.6,,,,51.5,65.0,,,,,,,71.4,71.4,43.8,42.2,57.4,,,,,50.3,19.7,43.0,,,18.2,,,138.8,,84.7,,,95.9,,,,,16.8,14.6,24.2,28.4,15.6,30.1,17.9,2.15,11.7,,14.1,15.1,,33.8,,30.7,,,,
197205,33.9,31.3,28.6,26.8,24.3,32.5,39.2,49.0,,44.5,,,36.9,36.2,,,28.8,22.3,,,,,,,,,,,,,,54.7,84.5,,,37.1,35.0,37.3,45.3,,,,,31.7,,,,,,41.8,,,,38.3,49.8,47.4,48.6,,28.2,,44.9,22.2,51.5,53.4,34.0,35.5,31.6,30.6,41.2,32.1,,43.5,25.1,44.9,,44.5,124.3,49.5,,32.1,28.3,40.1,19.4,,43.8,50.7,32.0,43.7,57.2,64.6,,,41.0,38.0,,,,,61.2,,,81.4,,,,,,27.3,,33.2,40.0,,,,,43.4,23.5,26.3,,,,,,22.9,,,,14.8,,22.6,46.6,,,,51.5,65.0,,,,,,,71.3,71.3,43.8,42.1,57.4,,,,,50.3,19.7,43.0,,,18.2,,,138.8,,84.7,,,95.9,,,,,16.9,14.7,25.3,29.3,15.6,30.1,17.9,2.15,11.7,,14.1,15.1,,33.8,,30.7,,,,
197206,35.0,33.7,30.3,28.6,25.2,35.2,41.8,49.1,,,,,37.1,,,,28.8,26.3,,,,,19.2,,,,,,,,,55.1,84.9,,,37.1,34.8,37.3,45.3,,,,,31.3,,,,,,41.2,,,,38.7,50.2,48.0,49.1,,28.8,,46.8,22.5,51.3,53.0,34.1,35.7,31.6,30.8,41.3,32.2,,43.7,25.3,45.4,,45.0,123.4,49.9,,32.3,28.5,40.1,19.7,,43.9,50.9,32.0,44.6,57.4,64.6,,,41.2,37.9,,,,,61.5,,,81.8,,,,,,27.3,,33.2,40.0,,,,,43.5,23.5,26.3,,,,,,22.9,,,,14.8,,22.8,46.6,,,,51.7,65.0,,,,,,,71.3,71.3,44.0,42.3,58.1,,,,,51.2,19.4,42.8,,,18.2,,,138.8,,84.7,,,95.9,,,,,16.9,14.7,25.5,29.5,15.6,30.1,17.9,2.15,11.7,,14.1,15.1,,33.8,,30.7,,,,
197207,35.2,34.0,31.7,30.9,25.4,35.1,41.6,48.9,,,,,37.1,,,,28.8,26.1,,,,,19.0,,,,,,,,,54.9,84.9,,,37.1,34.8,37.3,45.2,,,,,31.3,,,,,,41.2,,,,38.5,50.0,47.6,49.0,,28.6,,46.9,22.3,51.4,53.1,34.2,35.8,31.6,31.0,41.4,32.4,,43.7,25.5,45.4,,44.9,122.9,49.6,,32.4,28.5,40.2,19.9,,44.0,50.9,32.0,44.8,57.4,64.6,,,41.3,37.9,,,,,61.6,,,81.9,,,,,,27.3,,33.2,40.0,,,,,43.6,23.8,26.3,,,,,,23.1,,,,15.5,,22.8,46.6,,,,51.7,65.0,,,,,,,71.3,71.3,44.2,42.4,58.1,,,,,52.1,19.7,42.8,,,18.2,,,138.8,,84.7,,,95.9,,,,,16.9,14.7,25.5,29.5,15.6,30.1,17.9,2.15,11.7,,14.1,15.1,,33.8,,30.7,,,,
197208,34.5,32.5,31.9,31.4,25.2,32.8,40.1,46.1,,,,,35.3,,,,28.7,22.7,,,,,16.3,,,,,,,,,53.8,83.4,,,36.2,33.3,37.3,45.1,,,,,28.4,,,,,,37.4,,,,38.3,49.6,47.4,48.7,,28.6,,47.2,22.2,51.0,52.9,34.4,36.0,32.0,31.5,41.6,32.4,,43.7,25.6,46.0,,44.9,121.7,49.3,,32.4,28.6,40.2,20.2,,44.0,51.0,32.0,44.9,57.4,64.6,,,41.4,37.9,,,,,61.7,,,82.1,,,,,,27.5,,33.2,40.0,,,,,43.9,24.1,26.3,,,,,,24.0,,,,15.8,,22.8,51.0,,,,51.9,65.0,,,,,,,71.3,71.3,44.3,42.5,58.1,,,,,52.1,19.7,42.9,,,18.2,,,138.8,,84.7,,,95.9,,,,,16.9,14.7,25.5,29.5,15.6,30.1,17.9,2.15,11.7,,14.1,15.1,,33.8,,30.7,,,,
197209,35.6,34.2,32.3,32.6,26.0,35.1,41.3,45.2,,51.4,,,35.2,39.5,,,29.0,26.3,,,29.8,,,,,,24.6,,,,,55.2,84.3,52.8,,37.5,35.1,37.6,45.6,,,,,31.6,,,,,35.6,37.8,,,,39.2,51.0,47.7,48.8,,28.7,,47.2,22.2,53.1,52.9,35.0,36.9,32.8,32.3,41.7,33.0,,44.0,25.6,47.1,,45.1,120.2,49.5,,32.7,28.6,40.3,20.4,,44.0,51.1,32.0,45.2,57.4,64.6,,,41.5,37.9,,,,,61.9,,,82.3,,,,,,27.5,,33.2,40.0,,,,,43.9,24.2,26.3,,,,,,24.0,,,,15.9,,22.8,51.0,,,,51.9,65.0,,,,,,,71.4,71.4,44.5,42.6,58.1,,,,,52.1,19.7,42.9,,,18.2,,,138.8,,84.7,,,95.9,,,,,16.9,14.7,25.5,29.5,15.6,30.1,17.9,2.15,11.7,,14.1,15.1,,33.8,,30.7,,,,
197210,36.1,34.4,32.4,32.6,26.1,35.3,42.0,,,51.6,,,,39.5,,37.3,29.6,26.2,,,29.1,,,,,,24.6,,,30.2,,55.7,85.2,53.3,,38.5,36.5,37.7,45.6,,,,,34.4,,,,,35.5,,,,,39.7,50.9,47.8,49.2,,28.9,,47.6,22.4,55.9,,35.4,37.3,33.2,33.1,41.7,33.2,,44.2,25.6,47.4,,45.3,120.1,49.4,,33.0,28.8,40.5,21.0,,44.0,51.2,32.0,45.4,57.3,64.6,,,41.7,37.9,,,,,61.9,,,82.3,,,,,,27.6,,33.2,40.0,,,,,44.1,24.3,26.3,,,,,,24.0,,,,16.3,,23.0,51.0,,,,51.9,65.0,,,,,,,71.4,71.4,44.5,42.6,58.1,,,,,52.1,19.7,42.9,,,18.2,,,138.8,,84.7,,,95.9,,,,,17.0,14.8,25.5,29.5,15.6,30.1,17.9,3.14,11.7,,14.1,15.1,,33.8,,30.7,,,,
197211,36.2,34.5,32.7,32.8,26.1,35.3,42.4,,,51.9,,,,39.7,,38.8,29.8,26.0,,,28.8,,,,,,25.0,,,30.2,,55.5,85.2,52.8,,38.7,36.8,38.0,45.9,,,,,34.7,,,,,35.8,,,,,39.7,50.9,47.9,49.2,,29.0,,47.7,22.5,56.2,,35.8,37.9,33.9,33.6,41.7,33.4,,44.4,25.9,48.0,,45.4,119.3,49.8,,33.2,28.9,40.7,21.3,,44.1,51.3,32.0,45.7,57.3,64.5,,,41.7,37.9,,,,,61.9,,,82.3,,,,,,27.6,,33.2,40.0,,,,,44.1,24.3,26.3,,,,,,24.0,,,,16.4,,23.2,51.0,,,,51.9,65.0,,,,,,,71.5,71.5,44.5,42.6,58.1,,,,,52.1,19.7,42.9,,,18.2,,,138.8,,85.0,,,96.2,,,,,17.0,14.8,25.5,29.5,15.6,30.1,17.9,3.14,11.7,,14.1,15.1,,33.8,,30.7,,,,
197212,36.4,34.6,32.5,32.7,26.0,35.6,42.6,,,51.9,,,,39.8,,39.2,29.9,26.1,,,29.0,,,,,,25.0,,,30.1,,56.4,,53.3,,38.8,37.0,38.3,46.2,,,,,34.7,,,,,35.9,,,,,39.9,51.1,48.2,49.6,,28.9,,47.6,22.5,56.3,,36.2,38.2,34.2,34.3,41.8,33.8,,44.4,25.9,48.3,,45.3,119.2,49.9,,33.3,29.1,40.8,21.6,,44.1,51.4,32.0,45.8,57.4,64.5,,,41.7,37.9,,,,,61.9,,,82.3,,,,,,27.6,,33.2,40.0,,,,,44.3,24.5,26.3,,,,,,24.0,,,,16.4,,23.7,51.0,,,,52.0,65.0,,,,,,,71.7,71.7,44.5,42.8,58.1,,,,,52.1,19.7,42.9,,,18.2,,,138.8,,85.0,,,96.2,,,,,17.0,14.8,25.5,29.5,15.6,30.1,17.9,3.14,11.7,,14.1,15.1,,33.8,,30.7,,,,
197301,36.7,34.5,32.7,33.0,26.0,35.2,42.7,,,52.0,,,,39.9,,39.2,30.2,25.2,,,27.8,,,,,,25.0,,,28.4,,56.6,,53.7,,39.7,38.2,40.7,46.3,,,,39.9,34.6,,,,,35.6,,,,,40.4,51.9,49.1,50.4,,29.1,,47.9,22.6,57.0,,36.6,38.8,35.0,35.0,41.0,34.1,,44.7,26.1,49.0,,45.6,118.4,50.0,,33.6,29.4,40.9,22.1,,44.1,51.5,32.0,46.0,57.4,64.6,,,41.9,37.9,,,,,61.9,,,82.3,,,,,,27.6,,33.2,40.0,,,,,44.6,24.8,26.3,,,,,,24.1,,,,17.1,,24.5,51.0,,,,52.0,65.0,,,,,,,71.6,71.6,44.6,42.8,58.3,,,,,52.1,19.9,43.4,,,18.2,,,138.8,,85.0,,,96.2,,,,,17.0,14.8,25.5,29.5,15.6,30.1,17.9,3.14,11.7,,14.1,15.1,,33.8,,30.7,,,,
197302,36.7,34.2,33.3,33.6,26.7,34.5,42.1,,,51.1,,,,39.5,,37.4,30.9,23.8,,,26.3,,,,,,24.4,,,25.1,,56.4,,53.4,,39.8,37.9,40.4,46.8,,,,39.1,34.4,,,,,35.4,,,,,40.8,52.7,50.3,51.5,,29.1,,48.0,22.5,57.6,,37.4,40.2,36.2,35.9,40.7,34.4,,45.2,26.4,50.6,,45.8,117.6,50.5,,34.0,29.6,41.0,23.1,,44.1,51.7,32.0,46.3,57.4,64.6,,,42.0,37.9,,,,,62.0,,,82.5,,,,,,27.7,,33.2,40.0,,,,,45.2,25.1,26.3,,,,,,24.1,,,,17.6,,24.6,51.0,,,,53.4,65.0,,,,,,,71.7,71.7,46.5,45.6,58.6,,,,,53.7,20.2,43.4,,,18.2,,,138.8,,85.0,,,96.3,,,,,17.0,14.8,25.5,29.5,15.6,30.1,17.9,3.14,11.7,,14.1,15.1,,33.8,,30.7,,,,
197303,38.5,35.7,34.1,34.5,27.4,36.4,42.7,,,51.7,,,,40.0,,37.8,31.5,26.6,,,29.4,,,,,,24.6,,,,,59.3,93.8,54.8,,40.7,38.8,41.7,47.7,,,,40.5,34.9,,,,,35.9,,,,,41.6,53.7,51.5,53.5,,29.9,,50.1,22.9,58.6,,38.4,41.3,37.4,37.0,41.0,35.2,,46.1,26.8,52.5,,46.4,118.1,51.6,,34.7,30.3,41.4,24.0,,44.1,51.8,32.0,46.4,57.6,64.6,,,42.1,37.9,,,,,62.0,,,82.3,,,,,,27.8,,33.2,40.0,,,,,45.6,25.3,26.3,,,,,,24.1,,,,18.6,,24.4,51.0,,,,53.8,65.0,,,,,,,71.9,71.9,47.1,46.4,59.2,,,,,53.7,20.2,43.4,,,18.2,,,138.8,,85.4,,,96.9,,,,,17.4,14.8,25.5,29.5,15.6,30.1,17.9,3.14,11.7,,14.1,15.1,,37.8,,34.4,,,,
197304,40.0,36.9,35.4,36.0,28.5,37.6,44.6,56.5,,52.3,,,41.3,40.3,,38.1,32.7,27.3,,,30.9,,,,,,,,,,,60.7,97.5,55.3,,41.4,39.4,42.4,49.0,,,,40.9,35.5,,,,,35.8,47.5,,,,42.4,55.2,53.0,54.6,,30.4,,51.5,23.3,59.2,61.1,39.3,42.0,37.9,38.7,42.4,35.8,,47.2,27.4,54.1,,46.8,117.2,53.8,,35.6,31.0,42.1,24.7,,44.1,51.9,32.0,46.5,57.6,64.6,,,42.1,37.9,,,,,62.0,,,82.3,,,,,,27.9,,33.2,40.0,,,,,45.9,25.6,26.3,,,,,,24.1,,,,19.4,,24.3,51.0,,,,54.2,65.0,,,,,,,72.4,72.4,47.8,46.7,59.3,,,,,54.8,20.6,43.7,,,27.3,,,138.8,,85.4,,,97.1,,,,,18.8,16.4,25.9,29.1,17.5,32.4,20.3,4.47,12.7,,15.1,17.2,,37.8,,34.4,,,,
197305,42.5,41.7,36.5,36.7,29.3,44.0,47.2,56.2,,,,,41.4,,,,33.3,39.4,,,,,34.1,,,,,,,,,62.9,97.3,,,41.7,39.6,41.5,49.7,,,,,36.7,,,,,,48.3,,,,42.8,55.8,52.2,55.3,,30.8,,51.5,23.6,59.0,61.1,39.9,42.5,38.3,39.5,43.0,36.6,,47.9,27.6,55.1,,47.2,117.1,54.6,,36.1,31.5,42.4,25.1,,44.2,52.0,32.0,46.7,57.6,64.6,,,42.2,37.9,,,,,62.0,,,82.3,,,,,,27.9,,33.2,40.0,,,,,46.0,25.6,26.3,,,,,,24.1,,,,19.6,,24.3,51.0,,,,54.5,65.4,,,,,,,72.7,72.7,47.9,46.7,59.3,,,,,55.6,20.9,44.2,,,27.3,,,138.8,,85.6,,,97.1,,,,,19.0,16.5,27.1,30.6,17.5,32.4,20.3,4.47,12.7,,15.1,17.2,,37.8,,34.4,,,,
197306,43.2,42.8,39.2,39.1,30.4,44.3,47.7,56.7,,,,,41.8,,,,33.5,39.1,,,,,29.8,,,,,,,,,64.9,100.1,,,41.7,39.9,41.8,50.2,,,,,37.0,,,,,,48.7,,,,42.8,55.9,52.0,55.5,,30.7,,50.8,23.7,58.6,60.8,40.2,42.8,38.5,40.0,43.8,36.8,,48.3,27.9,56.2,,47.4,117.1,54.4,,36.7,32.1,42.9,25.7,,44.2,52.2,32.0,46.7,57.6,64.6,,,42.2,38.5,,,,,62.1,,,82.5,,,,,,27.9,,33.2,40.0,,,,,46.4,25.7,26.3,,,,,,24.1,,,,19.7,,24.4,51.0,,,,55.3,66.1,,,,,,,73.6,73.6,48.9,46.9,66.1,,,,,60.0,21.8,45.1,,,27.3,,,138.8,,85.9,,,97.5,,,,,19.0,16.5,27.7,30.6,17.5,32.4,20.3,4.47,12.7,,15.1,17.2,,37.8,,34.4,,,,
197307,43.3,42.8,39.8,39.5,31.6,44.1,47.4,56.4,,,,,41.6,,,,33.3,38.9,,,,,29.5,,,,,,,,,64.6,99.9,,,42.1,39.7,42.1,50.5,,,,,36.2,,,,,,47.8,,,,43.5,57.0,53.2,56.8,,31.0,,52.2,23.8,60.1,62.3,40.5,43.0,38.6,40.2,44.1,37.2,,48.8,28.4,56.4,,47.7,117.5,54.8,,36.9,32.2,43.0,25.8,,44.2,52.4,32.0,46.9,57.6,64.6,,,42.2,40.6,,,,,62.4,,,82.6,,,,,,28.0,,33.2,40.0,,,,,46.5,25.8,26.3,,,,,,24.1,,,,20.1,,24.5,51.0,,,,55.4,66.2,,,,,,,74.7,74.7,49.0,47.0,66.1,,,,,60.0,22.0,45.1,,,27.3,,,138.8,,86.3,,,98.0,,,,,19.0,16.5,27.7,30.6,17.5,32.4,20.3,4.47,12.7,,15.1,17.2,,37.8,,34.4,,,,
197308,42.8,41.4,41.7,41.9,33.5,41.3,46.0,53.9,,,,,39.9,,,,33.6,33.3,,,,,25.0,,,,,,,,,64.4,99.2,,,42.1,38.8,42.8,51.1,,,,,33.7,,,,,,44.3,,,,44.4,58.3,55.3,58.5,,31.6,,52.7,24.3,61.1,63.3,40.7,43.2,38.6,40.6,44.2,37.6,,49.5,28.7,57.1,,48.0,117.2,55.1,,37.2,32.6,43.1,25.9,,44.3,52.6,32.0,47.0,57.6,64.6,,,42.3,42.5,,,,,62.5,,,82.8,,,,,,28.0,,33.2,40.0,,,,,46.5,25.8,26.3,,,,,,24.2,,,,20.1,,24.7,51.0,,,,55.5,66.3,,,,,,,75.1,75.1,49.1,47.1,66.1,,,,,60.0,22.3,45.1,,,27.3,,,138.8,,86.4,,,98.1,,,,,19.0,16.5,27.7,30.6,17.5,32.4,20.3,4.47,12.7,,15.1,17.2,,37.8,,34.4,,,,
197309,45.2,43.5,43.4,44.7,35.4,43.6,50.3,53.3,,64.7,,,40.3,48.7,,,36.3,34.4,,,38.9,,,,,,38.8,,,,,66.4,104.4,62.2,,48.0,46.9,50.7,53.7,,,,51.2,41.7,,,,,49.6,46.4,,,,48.2,65.3,61.9,61.8,,32.5,,54.8,24.8,65.7,64.2,42.2,44.5,39.9,42.6,45.3,38.8,,50.8,29.2,60.5,,49.1,117.3,57.3,,38.0,32.9,43.4,26.6,,44.4,52.9,32.0,47.2,57.6,64.6,,,42.4,43.7,,,,,62.5,,,83.0,,,,,,28.0,,33.2,40.0,,,,,46.7,25.8,26.3,,,,,,24.2,,,,20.1,,24.7,51.0,,,,56.0,67.4,,,,,,,75.2,75.2,49.2,47.2,66.7,,,,,60.0,22.3,46.8,,,27.3,,,138.8,,86.4,,,98.1,,,,,19.0,16.6,27.7,30.6,17.5,32.4,20.4,4.47,12.7,,16.2,17.2,,37.8,,34.4,,,,
197310,46.8,45.2,44.1,45.2,36.5,45.6,52.8,,,65.2,,,,49.1,,45.4,38.9,36.2,,,40.5,,,,,,39.4,,,40.1,,68.9,107.5,64.6,,50.7,50.7,51.4,55.1,,,,51.4,48.8,,,,,50.3,,,,,49.7,65.8,62.6,63.0,,33.3,,55.5,25.7,71.7,,43.3,45.3,40.8,44.1,46.2,40.6,,51.7,30.1,61.4,,49.8,117.3,57.6,,38.9,33.8,44.2,27.6,,39.4,52.9,31.9,47.2,57.4,64.6,,,42.5,44.3,,,,,62.7,,,83.5,,,,,,28.0,,27.8,33.4,,,,,46.9,25.8,26.3,,,,,,24.2,,,,20.1,,24.7,51.0,,,,56.6,68.1,,,,,,,75.5,75.5,49.9,47.6,72.2,,,,,60.7,22.5,47.1,,,29.6,,,138.8,,86.4,,,98.1,,,,,19.0,16.6,27.7,30.6,17.5,32.4,20.4,4.47,12.7,,16.2,17.2,,37.8,,34.4,,,,
197311,47.4,45.6,43.8,44.4,36.6,46.5,53.5,,,65.5,,,,49.5,,46.6,40.2,36.7,,,41.5,,,,,,39.1,,,41.0,,70.9,110.3,66.9,,51.3,50.9,51.5,56.4,,,,51.0,49.1,,,,,50.5,,,,,50.9,67.7,64.5,64.6,,33.8,,56.0,26.1,73.3,,44.6,46.3,41.4,45.6,48.5,42.8,,52.4,31.0,62.9,,50.3,117.1,58.4,,39.9,34.8,45.1,28.8,,39.4,53.2,31.9,47.4,57.6,64.6,,,42.7,44.8,,,,,63.3,,,84.5,,,,,,28.0,,27.8,33.4,,,,,47.8,25.9,26.3,,,,,,24.2,,,,20.2,,24.7,51.0,,,,59.1,69.9,,,,,,,77.0,77.0,52.7,51.7,78.1,,,,,61.9,23.2,47.5,,,29.6,,,138.8,,86.4,,,98.1,,,,,19.0,16.6,27.8,30.6,17.5,32.4,20.4,4.47,12.7,,16.2,17.2,,37.8,,34.4,,,,
197312,48.4,46.3,44.2,44.7,36.9,47.3,54.6,,,66.5,,,,50.1,,47.7,41.5,37.6,,,41.9,,,,,,40.4,,,41.9,,71.8,,68.0,,52.4,51.8,52.8,57.3,,,,52.6,49.6,,,,,51.2,,,,,52.0,68.8,65.8,65.4,,34.8,,58.7,26.7,75.0,,46.7,47.4,42.6,47.5,52.5,45.2,,53.3,32.4,63.9,,51.1,116.8,59.4,,41.1,36.6,46.5,31.1,,39.6,53.3,31.9,47.5,57.7,64.6,,,42.8,45.4,,,,,66.6,,,89.5,,,,,,28.7,,27.8,33.4,,,,,49.6,25.9,26.3,,,,,,24.2,,,,20.3,,24.8,51.0,,,,64.5,72.9,,,,,,,80.2,80.2,59.4,61.2,86.8,,,,,63.3,23.6,51.8,,,29.6,,,135.3,,86.4,,,98.1,,,,,19.0,16.6,27.8,30.6,17.5,32.4,20.4,4.47,12.7,,16.2,17.2,,37.8,,34.4,,,,
197401,49.2,46.0,44.8,45.2,38.0,46.6,54.7,,,66.0,,,,50.3,,46.7,43.2,36.0,,,39.8,,,,,,39.8,,,39.1,,71.5,,67.8,,53.8,52.1,53.6,58.5,,,,53.4,49.3,,,,,50.8,,,,,54.5,72.9,71.3,69.3,,36.0,,61.8,27.3,78.4,,49.6,48.9,44.0,51.3,60.0,48.0,,54.7,35.1,64.6,,52.1,116.7,60.8,,43.2,39.3,49.3,32.9,,40.0,53.8,31.9,47.8,57.9,64.5,,,43.3,46.2,,,,,73.5,,,98.6,,,,,,31.8,,27.8,33.4,,,,,50.2,26.1,26.3,,,,,,24.2,,,,20.4,,25.3,51.0,,,,66.1,73.8,,,,,,,88.2,88.2,61.1,62.5,99.4,,,,,68.5,25.4,55.6,,,29.6,,,135.3,,86.4,,,98.1,,,,,19.4,16.6,27.8,30.6,17.5,32.4,20.4,4.47,12.7,,16.2,17.2,,40.8,,37.0,,,,
197402,49.3,44.9,44.7,45.0,38.0,44.9,54.2,,,64.7,,,,49.8,,44.4,45.7,32.2,,,35.5,,,,,,37.7,,,32.2,,72.5,,68.7,,54.8,51.8,53.3,59.6,,,,52.3,48.7,,,,,50.2,,,,,56.7,76.8,76.4,72.8,,36.7,,64.2,27.6,81.0,,51.7,50.0,45.3,54.3,63.1,50.7,,56.6,37.0,65.5,,53.1,117.3,63.0,,44.4,40.9,50.1,34.1,,45.1,53.9,31.8,48.1,57.9,64.5,,,43.5,46.5,,,,,80.8,,,109.2,,,,,,34.2,,32.9,39.6,,,,,51.8,27.2,26.3,,,,,,24.2,,,,20.7,,30.6,51.0,,,,68.5,79.5,,,,,,,96.4,96.4,61.5,61.9,107.3,,,,,72.1,26.4,57.7,,,29.6,,,135.3,,86.4,,,98.1,,,,,19.4,16.6,27.8,30.6,17.5,32.4,20.4,4.47,12.7,,16.2,17.2,,40.8,,37.0,,,,
197403,50.0,45.4,44.6,44.9,38.2,45.8,54.8,,,64.7,,,,50.5,,46.0,46.4,32.6,,,35.2,,,,,,38.4,,,,,75.1,120.5,68.4,,55.5,52.3,54.4,61.0,,,,53.2,48.7,,,,,50.3,,,,,57.4,77.9,78.1,74.6,,37.2,,65.2,27.9,81.3,,53.0,51.2,46.3,57.7,62.8,52.5,,57.6,38.3,66.5,,53.4,117.1,63.2,,45.0,41.4,50.6,34.8,,45.3,54.5,31.6,48.1,57.9,64.5,,,43.9,46.5,,,,,82.2,,,111.0,,,,,,35.1,,32.9,39.6,,,,,52.0,27.4,26.3,,,,,,24.2,,,,20.9,,30.8,51.0,,,,68.9,80.1,,,,,,,97.7,97.7,61.7,62.0,104.7,,,,,73.6,27.8,57.9,,,29.6,,,135.3,,86.4,,,98.1,,,,,19.4,16.6,27.8,30.6,17.5,32.4,20.4,4.47,12.7,,16.2,17.2,,40.8,,37.0,,,,
197404,50.4,45.9,44.8,45.4,38.3,46.3,56.9,72.0,,65.0,,,51.5,50.6,,47.3,47.0,32.0,,,33.9,,,,,,,,,,,75.3,123.5,66.8,,55.1,50.9,54.4,61.9,,,,52.6,46.1,,,,,50.0,57.3,,,,58.1,78.6,79.5,76.0,,37.8,,66.1,28.4,83.2,87.0,53.9,52.0,46.7,58.6,63.2,54.6,,58.8,40.9,66.6,,53.9,116.5,63.6,,45.9,42.3,51.5,35.5,,45.4,54.6,31.6,48.1,57.9,64.6,,,45.0,46.6,,,,,82.9,,,111.7,,,,,,35.5,,32.9,39.6,,,,,53.9,27.5,26.3,,,,,,24.2,,,,21.2,,31.0,51.0,,,,74.6,80.1,,,,,,,99.2,99.2,70.3,74.7,102.9,,,,,74.2,28.7,59.8,,,29.6,,,135.3,,86.4,,,98.1,,,,,21.9,19.4,29.2,31.7,22.0,34.5,25.2,5.46,14.0,,17.0,22.7,,40.8,,37.0,,,,
197405,53.1,51.4,45.9,45.8,38.9,53.8,59.2,72.6,,,,,51.7,40.2,,,46.8,45.5,,,,,37.7,,,,,,,,,80.4,124.4,,,55.3,48.9,52.9,62.9,,,,,43.6,,,,,,57.5,,,,60.3,83.3,80.9,77.2,,38.2,,66.7,28.7,84.5,87.5,54.4,52.4,46.9,59.2,63.7,55.4,,59.5,42.0,67.5,,54.8,115.8,63.3,,46.2,42.4,51.7,35.7,,45.4,54.8,31.6,48.1,58.0,64.5,,,46.8,46.6,,,,,83.4,,,111.8,,,,,,36.2,,32.9,39.6,,,,,54.1,27.6,26.3,,,,,,24.5,,,,21.7,,31.0,51.0,,,,74.8,80.2,,,,,,,99.3,99.3,70.5,74.8,103.9,,,,,75.0,29.2,62.0,,,29.6,,,135.3,,86.4,,,98.1,,,,,22.1,19.6,30.7,33.7,22.0,34.5,25.3,5.46,14.0,,17.2,22.7,,40.8,,37.0,,,,
197406,54.4,54.0,47.8,46.8,39.2,56.8,60.9,72.4,,,,,51.6,,,,47.0,51.0,,,,,38.6,,,,,,,,,80.8,125.0,,,55.5,48.9,53.3,63.2,,,,,43.0,,,,,,56.7,,,,60.8,83.9,81.5,77.8,,38.7,,67.5,29.1,85.2,88.2,54.6,52.5,47.0,59.5,64.1,55.9,,59.9,42.4,67.5,,55.2,116.1,63.7,,46.8,43.2,52.4,36.2,,45.4,54.9,31.6,48.1,60.4,64.5,,,47.7,46.6,,,,,84.1,,,112.7,,,,,,36.5,,32.9,39.6,,,,,54.3,27.6,26.3,,,,,,24.5,,,,21.7,,31.0,51.0,,,,75.3,81.8,,,,,,,99.3,99.3,70.7,74.7,104.1,,,,,76.4,29.6,62.6,,,29.6,,,135.3,,86.4,,,98.1,,,,,22.1,19.6,30.9,34.3,22.0,34.5,25.3,5.46,14.0,,17.2,22.7,,40.8,,37.0,,,,
197407,54.2,53.6,48.1,47.0,39.3,55.9,60.1,71.0,,,,,51.3,,,,47.1,49.7,,,,,37.5,,,,,,,,,80.2,124.2,,,55.5,48.7,53.4,63.3,,,,,42.5,,,,,,55.9,,,,60.9,84.1,81.5,78.2,,38.8,,68.0,29.1,85.0,88.0,54.8,52.7,47.0,59.6,64.3,56.6,,60.4,43.3,67.6,,55.6,115.9,63.6,,47.3,43.7,52.8,36.6,,45.7,55.1,31.6,48.1,63.3,64.6,,,48.1,46.6,,,,,88.5,,,120.6,,,,,,36.6,,32.9,39.6,,,,,54.5,27.9,26.3,,,,,,24.5,,,,22.2,,31.0,51.0,,,,75.4,81.8,,,,,,,99.8,99.8,70.7,74.5,103.5,,,,,77.9,30.1,62.9,,,29.6,,,135.3,,86.4,,,98.1,,,,,22.1,19.6,30.9,34.3,22.0,34.5,25.3,5.46,14.0,,17.2,22.7,,40.8,,37.0,,,,
197408,51.7,48.9,47.8,47.2,39.7,49.2,56.2,64.4,,,,,47.4,,,,47.2,38.2,,,,,27.9,,,,,,,,,78.9,121.8,,,53.7,46.1,53.4,63.1,,,,,37.3,,,,,,49.2,,,,60.0,82.3,80.7,76.5,,38.7,,67.3,29.1,84.3,87.3,55.0,52.8,47.0,60.2,64.4,57.0,,60.7,43.9,67.6,,56.3,115.8,63.8,,47.6,44.0,53.3,37.1,,45.9,55.3,31.6,48.1,64.8,64.6,,,49.0,46.6,,,,,92.0,,,126.1,,,,,,36.9,,32.9,39.6,,,,,55.4,29.0,26.3,,,,,,31.0,,,,22.4,,31.0,51.0,,,,75.3,81.8,,,,,,,100.0,100.0,70.6,74.3,103.6,,,,,78.3,30.2,63.1,,,29.6,,,135.3,,86.4,,,98.1,,,,,22.1,19.6,30.9,34.3,22.0,34.5,25.3,5.46,14.0,,17.2,22.7,,40.8,,37.0,,,,
197409,52.9,49.8,47.1,48.5,40.1,50.8,60.4,63.3,,78.1,,,46.5,56.2,,,47.7,38.3,,,42.6,,,,,,44.1,,,,,78.4,125.0,72.1,,57.6,54.0,59.9,63.9,,,,60.1,46.6,,,,,55.5,51.9,,,,59.8,80.7,80.1,75.5,,39.0,,67.9,29.4,85.1,86.6,55.5,53.2,47.7,61.1,64.4,57.7,,61.3,44.2,68.8,,57.2,115.4,65.1,,48.2,44.4,53.6,37.4,,46.2,56.3,36.7,48.2,66.1,64.5,,,50.5,46.7,,,,,94.2,,,130.1,,,,,,36.9,,32.9,39.6,,,,,55.7,29.4,26.3,,,,,,31.3,,,,23.2,,31.0,66.0,,,,75.5,81.8,,,,,,,100.3,100.3,70.7,74.1,103.5,,,,,80.4,30.6,63.3,,,29.6,,,135.3,,86.4,,,98.1,,,,,22.2,19.7,30.9,34.3,22.1,34.5,25.5,5.46,13.9,,17.2,22.8,,40.8,,37.0,,,,
197410,54.1,51.0,47.1,48.6,40.2,52.6,63.5,,,78.5,,,,56.4,,57.8,48.1,39.4,,,43.2,,,,,,44.8,,,44.5,,80.2,127.4,73.8,,59.5,57.8,59.7,64.0,,,,59.9,54.4,,,,,56.0,,,,,59.9,80.0,79.0,74.9,,39.0,,67.5,29.4,87.4,,56.0,53.6,48.2,61.7,64.6,58.4,,61.6,44.4,69.0,,57.2,115.2,66.2,,49.0,45.4,54.2,38.0,,51.3,57.1,38.9,48.3,67.0,64.6,,,52.0,46.6,,,,,95.2,,,131.5,,,,,,37.3,,38.2,46.0,,,,,58.5,32.5,32.0,,,,,,32.3,,,,25.2,,31.1,66.0,,,,75.8,81.8,,,,,,,100.3,100.3,71.3,74.8,104.1,,,,,81.6,30.7,64.2,,,29.6,,,135.3,,88.6,,,98.1,,,,,23.7,19.7,30.9,34.3,22.1,34.5,25.5,5.46,13.9,,17.2,22.8,,55.4,,50.3,,,,
197411,54.1,50.9,46.9,48.3,40.0,52.6,63.7,,,78.4,,,,56.5,,58.5,48.7,39.1,,,42.5,,,,,,44.8,,,44.8,,80.6,126.8,75.1,,59.4,57.7,59.3,64.2,,,,59.0,54.6,,,,,56.2,,,,,59.9,80.1,78.5,74.7,,39.0,,67.1,29.5,87.7,,56.3,53.9,48.3,62.5,64.8,58.8,,61.9,45.1,69.1,,57.2,115.0,66.4,,49.8,46.3,55.1,38.7,,51.4,57.2,39.0,48.3,67.7,64.6,,,53.1,46.7,,,,,96.0,,,133.0,,,,,,37.3,,38.2,46.0,,,,,60.2,33.7,32.0,,,,,,32.4,,,,26.6,,35.3,66.0,,,,78.4,81.8,,,,,,,100.3,100.3,75.5,80.5,104.0,,,,,82.0,31.0,64.3,,,29.6,,,135.3,,88.6,,,98.1,,,,,23.7,19.7,30.9,34.3,22.1,34.5,25.5,5.46,13.9,,17.2,22.8,,55.4,,50.3,,,,
197412,54.0,50.5,46.5,47.7,40.0,52.3,63.5,,,78.0,,,,56.7,,58.5,48.7,38.8,,,42.2,,,,,,44.8,,,44.8,,79.0,,74.9,,59.4,57.6,59.5,64.2,,,,59.3,54.3,,,,,56.0,,,,,59.9,79.8,78.1,74.7,,39.0,,67.2,29.5,87.7,,56.6,54.2,48.5,63.0,64.7,59.1,,62.1,45.4,69.3,,57.8,114.8,66.3,,50.3,46.8,55.5,39.1,,51.4,57.4,39.2,48.5,67.7,64.6,,,53.8,46.7,,,,,96.3,,,133.5,,,,,,37.3,,38.2,46.0,,,,,60.5,34.0,32.0,,,,,,32.4,,,,27.3,,35.9,66.0,,,,78.6,81.9,,,,,,,100.3,100.3,75.6,80.9,105.7,,,,,82.3,31.6,64.4,,,29.6,,,135.3,,88.6,,,98.1,,,,,23.7,19.7,30.9,34.3,22.1,34.5,25.5,5.46,13.9,,17.2,22.8,,55.4,,50.3,,,,
197501,53.8,50.7,46.9,47.3,39.9,52.3,62.2,,,76.4,,48.8,,55.6,42.7,57.6,49.1,40.0,,,38.6,,,,,,42.1,37.1,,37.7,,80.9,,75.4,55.4,56.8,53.2,57.2,64.2,,,,57.8,48.0,38.6,,,,54.3,,69.8,,,59.4,79.8,77.9,74.7,,39.1,,67.2,29.6,85.2,,57.0,54.3,48.8,63.2,64.6,60.1,,62.1,45.7,69.3,,58.2,114.6,66.8,,51.0,47.4,56.0,39.6,,51.5,58.0,39.2,48.6,68.2,65.1,,,54.6,46.7,,,,,95.9,,,134.3,,,71.9,,,37.4,,38.2,46.0,,,,,60.9,34.3,32.0,30.8,36.2,37.1,18.2,32.4,32.5,34.5,29.5,29.9,27.3,,38.4,66.1,34.1,,,78.8,81.8,,,,,,,101.9,101.9,76.1,80.5,104.6,,,,,83.6,32.8,65.7,,,29.6,,,135.3,,88.6,,,98.1,,,,,24.3,20.1,31.1,34.3,22.6,34.3,25.6,5.46,14.0,,17.7,22.8,,55.4,,50.3,,,,
197502,53.1,49.4,46.8,47.4,39.9,50.6,60.5,,,73.3,,47.1,,54.4,43.5,54.7,49.2,37.4,,,36.9,,,,,,39.8,34.3,,30.6,,82.2,,76.4,56.4,55.9,51.8,56.0,64.2,,,,55.7,46.8,38.5,,,,52.0,,65.4,,,59.3,79.5,78.0,74.9,,39.3,,67.5,29.8,84.9,,57.2,54.3,49.0,63.4,64.9,60.3,,62.1,45.9,69.1,,58.2,114.4,66.6,,51.4,47.9,56.5,39.9,,51.6,58.1,39.3,48.6,68.1,65.4,,,54.9,46.7,,,,,96.4,,,134.5,,,72.6,,,37.4,,38.2,46.0,,,,,61.0,34.4,32.0,30.8,36.2,37.1,18.2,32.4,32.7,34.6,29.8,30.0,27.3,,38.5,66.1,34.1,,,79.0,82.0,,,,,,,102.9,102.9,76.1,80.4,104.5,,,,,83.9,32.9,65.7,,,29.6,,,135.3,,88.6,,,98.1,,,,,24.3,20.1,31.1,34.3,22.6,34.3,25.6,5.46,14.0,,17.7,22.8,,55.4,,50.3,,,,
197503,53.3,49.9,47.3,48.2,39.7,51.1,60.4,,,72.7,,46.8,,54.9,43.8,55.6,49.4,38.4,,,36.3,,,,,,39.3,35.0,,,,81.9,129.0,76.7,55.2,56.0,51.8,55.5,64.6,,,,54.5,47.3,39.4,,,,52.0,,66.1,,,59.3,79.1,78.0,74.3,,39.3,,67.0,29.9,85.3,,57.2,54.5,49.2,63.9,64.9,60.1,,62.4,46.4,69.8,,57.9,114.0,66.7,,51.6,48.2,56.5,40.1,,51.7,58.7,39.3,48.8,68.2,66.5,,,55.4,46.9,,,,,96.4,,,134.8,,,72.6,,,37.4,,38.2,46.0,,,,,61.1,34.3,32.0,30.8,36.2,37.1,18.2,32.4,32.7,34.7,30.0,30.0,27.3,,38.5,66.1,34.1,,,79.2,82.0,,,,,,,104.0,104.0,76.4,81.3,105.7,,,,,84.2,33.2,65.7,,,29.6,,,135.3,,88.6,,,98.1,,,,,24.3,20.1,31.1,34.3,22.6,34.3,25.6,5.46,14.0,,17.7,22.8,,55.4,,50.3,,,,
197504,54.0,51.1,47.4,48.6,39.9,52.6,62.3,77.6,,73.0,,46.7,52.5,54.9,45.5,56.1,49.5,40.0,,,38.5,,,,,,,35.2,,,,82.1,130.2,76.4,54.3,56.6,52.9,55.3,64.7,,65.3,,54.2,49.1,39.2,,,,51.6,60.1,68.1,,,59.2,78.8,77.3,74.0,,39.3,,66.8,29.9,85.9,85.5,57.4,54.8,49.5,64.1,64.7,60.4,,62.6,46.8,69.9,,58.3,113.9,67.1,,52.0,48.6,56.8,40.5,,52.0,61.1,39.3,48.7,69.2,69.3,108.5,,55.7,48.2,,,,,96.8,,,135.2,,,72.7,,,37.4,,38.0,46.0,17.1,,,,61.7,35.0,32.0,30.8,36.2,37.1,18.2,32.4,32.7,34.7,30.0,30.0,27.8,,38.7,66.1,62.0,,,80.1,83.0,,,,,,,104.7,104.7,77.1,81.7,106.6,,,,,85.1,33.5,65.7,,,38.8,,,135.3,,88.9,,,98.5,,,,,28.5,25.0,34.0,37.3,31.0,35.0,35.8,8.04,17.3,,19.0,31.8,,55.4,,50.3,,,,
197505,55.4,53.4,48.1,49.6,40.3,55.4,64.6,77.8,,,,47.5,52.5,,45.6,,49.4,44.5,,,,,44.5,,,,,35.1,,,,81.6,130.0,75.7,54.0,57.8,55.1,57.6,64.6,,,,,50.9,38.8,,,,,60.7,,,,59.1,78.6,77.4,73.6,,39.3,,66.7,29.9,85.4,84.0,57.4,54.8,49.6,64.3,65.0,60.5,,62.8,47.1,70.1,,58.3,113.3,67.9,,52.2,49.1,56.9,40.9,,52.2,61.8,39.3,48.8,70.1,72.1,108.5,,56.4,49.5,,,,,97.0,,,135.5,,,73.0,,,37.4,,38.1,46.0,17.1,,,,61.8,35.0,32.0,30.8,36.2,37.1,18.2,32.4,32.7,34.7,30.0,30.0,27.8,,38.7,66.1,62.0,,,80.1,83.3,,,,,,,105.0,105.0,77.2,81.6,106.5,,,,,86.1,33.9,66.0,,,38.8,,,135.3,,88.9,,,98.5,,,,,28.5,25.0,34.0,37.3,31.0,35.0,35.8,8.04,17.3,,19.0,31.8,,55.4,,50.3,,,,
197506,56.1,54.5,49.2,50.6,40.6,56.6,64.9,77.6,,,,,52.5,,45.4,,49.4,46.8,,,,,44.7,,,,,,,,,81.2,129.4,75.3,54.1,58.3,56.1,57.4,64.5,,,,,52.7,,,,,,59.9,,,,59.1,78.7,77.3,73.5,,39.4,,66.7,30.0,85.1,83.8,57.4,55.0,49.6,64.6,64.9,60.4,,63.0,47.4,70.6,,58.3,113.1,67.9,,52.3,49.2,57.0,41.1,,52.6,63.3,39.3,49.6,70.5,79.3,108.5,,56.5,51.0,,,,,98.2,,,136.0,,,74.5,,,37.3,,38.1,46.0,17.2,,,,61.8,35.1,32.0,30.8,36.2,37.1,18.2,32.4,32.7,34.7,30.0,30.0,27.8,,39.2,66.1,62.0,,,80.1,83.4,,,,,,,105.0,105.0,77.1,81.4,105.7,,,,,86.6,34.1,66.0,,,38.8,,,135.3,,88.9,,,98.5,,,,,28.5,25.0,34.0,37.3,31.0,35.0,35.8,8.04,17.3,,19.0,31.8,,55.4,,50.3,,,,
197507,56.0,54.5,49.8,51.6,40.6,56.4,64.4,76.5,,,,,52.2,,45.4,,49.4,46.7,,,,,44.5,,,,,,,,,81.1,129.2,75.2,54.3,57.8,55.2,57.5,64.6,,,,,51.1,,,,,,58.1,,,,59.1,78.6,77.5,73.5,,39.4,,66.4,30.1,84.9,83.6,57.4,54.9,49.6,64.7,64.8,60.5,,63.2,47.9,70.8,,57.9,113.3,67.5,,52.5,49.3,57.1,41.5,,52.9,64.0,39.3,51.1,72.1,80.4,108.5,,56.7,51.8,,,,,98.4,,,136.5,,,74.8,,,37.4,,38.3,46.0,17.3,,,,61.9,35.1,32.0,30.8,36.2,37.1,18.2,32.4,32.7,34.7,30.0,30.0,27.8,,39.8,66.1,62.0,,,80.3,83.8,,,,,,,105.0,105.0,77.1,81.2,105.6,,,,,87.5,34.4,66.3,,,38.8,,,135.3,,88.9,,,98.5,,,,,28.5,25.0,34.0,37.3,31.0,35.0,35.8,8.04,17.3,,19.0,31.8,,55.4,,50.3,,,,
197508,53.2,49.4,49.9,52.0,40.8,49.8,60.5,70.3,,,,,47.8,,45.7,,49.5,36.3,,,,,32.7,,,,,,,,,79.1,126.1,72.7,55.1,55.4,51.0,57.2,64.3,,,,,44.6,,,,,,50.7,,,,58.9,78.2,77.2,73.4,,39.4,,66.4,30.2,84.6,83.3,57.4,54.8,49.6,64.7,64.8,60.4,,63.0,47.9,70.6,,58.1,113.3,66.9,,52.6,49.6,57.1,41.6,,53.0,64.5,39.3,52.7,72.2,81.0,108.5,,56.9,52.6,,,,,98.4,,,136.5,,,74.7,,,37.4,,38.3,46.0,17.4,,,,62.0,35.3,32.0,30.8,36.2,37.1,18.2,32.4,33.0,34.9,30.4,30.2,27.8,,40.2,66.1,62.0,,,80.3,84.0,,,,,,,104.6,104.6,77.0,81.0,105.6,,,,,87.5,34.5,66.5,,,38.8,,,135.3,,88.9,,,98.5,,,,,28.5,25.0,34.0,37.3,31.0,35.0,35.8,8.04,17.3,,19.0,31.8,,55.4,,50.3,,,,
197509,56.6,55.5,52.2,54.1,42.2,57.0,63.5,68.9,,82.3,,52.7,46.9,56.2,45.8,,49.8,48.4,,,48.5,,,,,,46.4,42.2,,,,81.2,127.3,76.1,55.5,58.1,55.9,59.0,64.8,,71.3,,60.2,51.4,42.7,,,,60.9,52.3,73.4,,,58.8,77.6,77.7,73.3,,39.8,,66.7,30.5,84.7,82.8,57.7,55.2,50.3,65.4,64.7,60.6,,63.4,48.3,72.5,,58.3,112.7,67.0,,53.0,49.8,57.3,41.9,,53.1,65.0,39.4,54.0,77.7,81.4,108.5,,56.8,53.2,,,,,98.7,,,136.7,,,74.8,,,37.4,,38.3,46.0,17.5,,,,62.1,35.6,32.0,30.8,36.2,37.1,18.2,32.4,33.1,35.1,30.8,30.3,28.7,,40.2,68.6,62.0,,,80.3,84.2,,,,,,,104.8,104.8,76.8,80.8,105.5,,,,,87.6,34.7,66.5,,,38.8,,,135.3,,88.9,,,98.5,,,,,28.5,25.0,34.0,37.3,31.0,35.0,35.8,8.04,17.3,,19.0,31.8,,55.4,,50.3,,,,
197510,57.6,56.6,52.7,54.3,42.6,58.4,65.8,,,82.3,,52.3,,56.8,45.9,60.1,49.8,49.2,,,48.0,,,,,,47.6,41.9,,50.5,,82.8,129.6,78.1,55.9,59.1,57.3,59.3,65.1,,71.4,,60.4,53.3,42.7,,,,60.5,,75.0,,,59.3,78.1,77.6,73.2,,40.0,,66.4,30.9,85.2,,57.9,55.2,50.6,65.9,65.1,60.7,,64.8,49.2,74.1,,58.7,112.6,67.0,,53.3,50.1,57.5,42.3,,53.3,65.3,39.4,55.1,78.5,81.4,108.5,,56.9,53.6,,,,,98.8,,,136.5,,,74.9,,,37.4,,38.4,46.0,17.5,,,,62.2,35.8,32.0,30.8,36.2,37.1,18.2,32.4,33.1,35.1,30.8,30.3,29.6,,40.2,68.6,62.0,,,80.3,84.2,,,,,,,104.8,104.8,76.8,80.4,105.5,,,,,88.0,34.8,66.5,,,38.8,,,135.3,,88.9,,,98.5,,,,,28.5,25.0,34.0,37.3,31.0,35.0,35.8,8.04,17.3,,19.0,31.8,,55.4,,50.3,,,,
197511,57.9,57.0,52.8,54.6,42.7,58.9,66.1,,,82.7,,52.3,,56.9,46.0,61.9,50.0,50.0,,,49.3,,,,,,47.5,42.0,,50.4,,83.1,130.9,78.1,55.8,59.2,57.5,59.3,65.3,,72.4,,60.4,53.5,42.7,,,,61.1,,75.0,,,59.5,78.6,77.5,73.4,,40.1,,66.5,31.0,85.2,,58.1,55.4,50.7,66.0,65.1,60.9,,65.0,49.4,74.9,,58.7,112.6,66.9,,53.5,50.4,57.8,42.6,,53.3,65.4,39.4,55.7,78.8,81.6,108.5,,56.8,53.9,,,,,99.0,,,136.7,,,75.0,,,37.4,,38.4,46.0,17.5,,,,62.8,35.9,32.0,30.8,36.2,37.1,18.2,32.4,33.1,35.1,30.8,30.3,30.2,,40.2,68.6,62.0,,,81.4,87.6,,,,,,,104.8,104.8,76.7,80.3,105.5,,,,,88.0,35.0,66.5,,,38.8,,,135.3,,88.9,,,98.5,,,,,28.5,25.0,34.0,37.3,31.0,35.0,35.8,8.04,17.3,,19.0,31.8,,55.4,,50.3,,,,
197512,58.0,57.1,52.8,54.7,42.5,58.9,66.1,,,82.4,,52.3,,56.7,46.1,62.5,50.3,50.0,,,49.2,,,,,,47.4,42.0,,50.6,,83.6,,78.1,56.1,59.1,57.5,59.5,65.5,,72.7,,60.4,53.4,42.7,,,,60.7,,75.1,,,59.4,78.4,77.3,73.3,,40.1,,66.4,31.0,85.2,,58.4,55.6,51.2,67.3,65.1,61.0,,65.2,49.4,75.2,,59.0,112.6,66.7,,53.8,50.6,58.0,42.9,,53.3,65.4,39.3,56.2,78.8,81.6,108.3,,56.9,54.1,,,,,99.1,,,136.5,,,75.5,,,37.5,,38.4,46.0,17.5,,,,63.8,37.5,35.1,30.8,47.2,48.3,18.2,32.4,33.1,35.1,30.8,30.3,31.6,,40.3,68.6,62.0,,,82.0,88.0,,,,,,,104.7,104.7,77.4,81.4,105.8,,,,,88.1,35.3,66.6,,,38.8,,,135.3,,88.9,,,98.5,,,,,28.5,25.0,34.0,37.3,31.0,35.0,35.8,8.04,17.3,,19.0,31.8,,55.4,,50.3,,,,
197601,57.1,55.0,52.7,54.6,42.3,56.2,64.6,,,79.4,,50.7,,55.9,46.3,59.6,51.1,45.2,,,44.4,,,,,,45.7,40.4,,41.3,,84.7,,79.3,56.2,58.7,56.5,59.0,66.0,,73.2,,59.3,52.5,42.9,,,,58.9,,72.3,,,59.5,78.3,77.7,73.1,,40.3,,66.1,31.3,85.3,,58.7,55.9,51.7,67.7,65.1,61.2,,65.3,49.4,75.6,,59.0,112.6,67.4,,54.1,51.0,58.3,43.2,,53.7,65.6,39.3,56.3,78.8,81.6,108.3,,57.4,54.4,,,,,99.9,,,136.7,,,76.5,,,37.6,,38.7,46.0,18.6,,,,64.9,39.4,35.1,30.8,47.2,48.3,18.2,32.4,40.7,43.0,37.5,37.7,32.1,,41.1,68.6,62.0,,,82.9,88.9,,,,,,,104.7,104.7,78.4,82.9,106.0,,,,,88.9,35.8,67.3,,,38.8,,,135.3,,88.9,,,98.5,,,,,28.6,25.0,34.0,37.3,31.0,35.0,35.8,8.04,17.3,,19.0,31.8,,55.4,,50.3,30.0,,30.7,
197602,56.0,53.1,52.5,54.5,42.5,53.9,63.0,,,76.3,,49.3,,55.2,46.3,57.9,51.7,41.1,,,40.4,,,,,,43.8,38.0,,33.8,,86.1,,80.8,56.3,58.0,55.4,58.3,66.4,,73.9,,57.7,51.4,42.9,,,,56.4,,69.1,,,59.5,78.1,78.0,73.1,,40.4,,66.2,31.5,85.2,,58.6,55.4,51.5,67.9,65.1,61.7,,65.5,49.4,75.8,,59.3,112.6,67.1,,54.3,51.5,58.6,43.7,,53.7,65.6,39.3,56.7,78.8,81.5,108.3,,57.5,54.8,,,,,100.3,,,136.7,,,77.1,,,37.6,,38.7,46.0,18.6,,,,66.2,39.6,35.1,30.8,47.2,48.3,18.2,32.4,41.8,44.1,38.3,38.9,32.1,,41.1,68.6,62.0,,,83.1,88.9,,,,,,,104.6,104.6,78.6,83.2,106.0,,,,,89.1,36.0,67.4,,,38.8,,,135.3,,95.6,,,98.5,,,,,28.6,25.0,34.0,37.3,31.0,35.0,35.8,8.04,17.3,,19.0,31.8,,55.4,,50.3,30.0,,30.7,
197603,56.8,54.5,52.7,54.8,43.1,55.6,62.5,,,75.1,,49.5,,55.2,46.4,56.1,51.8,44.4,,,41.2,,,,,,45.1,39.6,,,,88.0,140.8,81.8,56.4,58.0,55.3,58.4,66.5,,73.6,,57.8,51.1,42.9,,,,55.6,,69.9,,,59.5,77.6,78.1,73.1,,40.7,,66.3,31.9,85.4,,59.2,56.6,52.9,67.5,65.1,62.0,,65.7,49.7,76.3,,59.4,112.3,67.3,,54.6,51.8,58.7,44.1,,53.7,65.6,39.3,57.0,78.8,81.5,108.3,,57.6,54.8,,,,,100.4,,,136.9,,,77.3,,,37.6,,38.7,46.0,18.6,,,,66.2,39.5,35.1,30.8,47.2,48.3,18.2,32.4,41.8,44.1,38.3,38.9,32.1,,40.7,68.6,62.0,,,83.1,88.9,,,,,,,104.3,104.3,78.9,83.2,106.8,,,,,90.1,36.0,67.7,,,38.8,,,135.3,,95.6,,,98.5,,,,,28.7,25.0,34.0,37.3,31.0,35.0,35.8,8.04,17.3,,19.0,31.8,,55.9,,50.8,30.0,,30.7,
197604,57.6,55.2,53.5,56.6,43.4,56.2,65.8,85.7,,76.4,,50.3,56.5,55.3,46.6,57.3,52.0,43.1,,,39.4,,,,,,,40.2,,,,89.0,142.4,82.7,56.8,59.1,56.9,57.9,66.6,,72.6,,56.9,54.3,43.0,,,,53.6,71.5,68.7,,,59.9,77.7,78.4,73.3,,41.2,,66.2,32.4,86.1,85.9,59.7,57.2,53.3,67.6,65.2,62.5,,66.2,50.5,77.4,,59.5,112.4,68.0,,55.4,52.9,59.5,44.6,,57.4,65.7,39.3,57.1,78.8,81.7,108.3,,57.6,55.1,,,,,100.4,,,136.5,,,77.3,,,37.5,,42.9,49.9,23.5,,,,66.5,40.1,35.1,30.8,47.2,48.3,18.2,32.4,41.8,44.1,38.3,38.9,34.9,,40.2,68.6,62.0,,,83.1,88.9,,,,,,,103.9,103.9,79.0,83.2,107.2,,,,,90.4,36.3,68.3,,,38.8,,,135.3,,95.6,,,98.5,,,,,33.4,31.0,36.1,38.4,37.4,60.5,44.1,8.04,21.1,,29.8,37.6,,55.9,,50.8,32.7,,33.4,
197605,59.6,58.4,53.7,56.9,43.9,60.4,66.4,85.5,,78.1,,51.4,56.5,53.1,46.7,,52.1,51.3,,,,,52.4,,,,,40.2,,,,88.6,141.8,82.2,57.1,61.5,60.4,59.6,66.8,,,,,58.2,42.9,,,,,70.9,,,,60.6,78.6,78.8,73.3,,41.5,,66.7,32.7,87.6,86.3,60.0,57.7,53.8,67.9,65.3,62.6,,66.5,50.9,78.0,,59.7,112.0,68.3,,55.7,53.4,59.7,45.0,,57.5,65.7,39.3,57.1,78.8,81.7,108.2,,57.6,55.2,,,,,100.4,,,136.7,,,77.4,,,37.5,,42.9,49.9,23.5,,,,66.7,40.2,35.1,30.8,47.2,48.3,18.2,32.4,41.8,44.1,38.3,38.9,35.6,,40.2,68.6,62.0,,,83.3,89.1,,,,,,,103.5,103.5,79.0,83.1,107.4,,,,,90.9,36.9,68.5,,,38.8,,,135.3,,95.6,,,98.5,,,,,33.6,31.2,37.6,40.2,37.4,60.5,44.1,8.04,21.1,,29.8,37.6,,55.9,,50.8,32.7,,33.4,
197606,61.3,61.5,55.3,57.6,44.3,63.9,70.4,85.5,,,,,56.5,,46.7,,52.1,55.6,,,,,54.0,,,,,,,,,88.7,143.0,81.8,57.1,62.7,62.6,60.0,67.1,,,,,61.4,,,,,,69.8,,,,60.7,79.0,79.0,73.4,,41.8,,66.8,32.9,87.2,85.9,60.1,58.0,53.9,67.9,65.9,62.8,,66.8,51.1,78.4,,60.0,112.0,68.2,,55.9,53.8,59.9,45.4,,57.5,65.8,39.3,57.1,78.8,81.7,108.2,,57.6,55.5,,,,,100.4,,,136.7,,,77.4,,,37.5,,42.9,49.9,23.5,,,,66.7,40.2,35.1,30.8,47.2,48.3,18.2,32.4,41.8,44.1,38.3,38.9,35.6,,40.2,68.6,62.0,,,83.3,89.3,,,,,,,103.6,103.6,79.0,83.0,107.1,,,,,91.2,36.9,68.3,,,38.8,,,135.3,,95.6,,,98.5,,,,,33.6,31.2,37.9,40.4,37.4,60.5,44.1,8.04,21.1,,29.8,37.6,,55.9,,50.8,32.7,,33.4,
197607,61.2,61.4,56.3,58.9,44.8,63.3,69.4,83.6,,,,,56.1,,46.7,,52.2,55.3,,,,,52.5,,,,,,,,,88.1,141.8,81.1,57.5,62.0,61.4,60.1,67.3,,,,,59.4,,,,,,67.5,,,,60.9,79.2,79.0,73.7,,41.9,,67.4,33.1,87.2,85.9,60.4,58.1,54.3,67.8,66.2,62.9,,67.0,51.5,78.8,,60.0,111.9,68.6,,56.2,54.1,60.0,45.7,,57.7,66.1,39.7,57.2,78.8,81.7,108.2,,57.7,56.5,,,,,100.6,,,136.7,,,77.4,,,37.5,,43.1,49.9,23.5,,,,67.7,40.2,35.1,30.8,47.2,48.3,18.2,32.4,41.8,44.1,38.3,38.9,35.6,,40.2,68.6,62.0,,,85.8,89.8,,,,,,,103.6,103.6,82.6,89.2,107.1,,,,,91.5,36.9,68.6,,,38.8,,,135.3,,95.6,,,98.5,,,,,33.6,31.2,37.9,40.4,37.4,60.5,44.1,8.04,21.1,,29.8,37.6,,55.9,,50.8,32.7,,33.4,
197608,57.7,55.2,56.6,59.6,45.0,55.2,65.0,76.4,,,,,51.5,,46.7,,52.2,42.5,,,,,38.4,,,,,,,,,85.4,140.6,76.4,57.6,59.3,56.3,60.1,67.2,,,,,51.2,,,,,,58.2,,,,61.2,79.5,78.9,74.6,,42.3,,68.3,33.3,87.2,85.9,60.4,58.1,54.0,67.5,66.3,63.0,,67.1,51.5,78.6,,60.2,112.0,68.7,,56.5,54.6,60.4,45.9,,57.8,66.5,40.0,57.3,78.5,81.7,108.2,,57.7,59.1,,,,,100.6,,,136.7,,,77.4,,,37.5,,43.3,49.9,23.5,,,,67.7,40.2,35.1,30.8,47.2,48.3,18.2,32.4,41.8,44.1,38.3,38.9,35.6,,40.2,68.6,62.0,,,86.1,89.8,,,,,,,103.5,103.5,83.0,89.5,107.3,,,,,91.6,36.9,68.6,,,38.8,,,135.3,,95.6,,,98.5,,,,,33.6,31.2,37.9,40.4,37.4,60.5,44.1,8.04,21.1,,29.8,37.6,,55.9,,50.8,32.7,,33.4,
197609,61.9,61.8,58.5,61.7,46.8,63.3,69.9,76.8,,90.1,,60.2,51.6,63.8,48.5,,53.3,54.4,,,54.3,,,,,,55.2,48.2,,,,89.2,144.9,81.5,58.6,63.1,62.2,65.1,68.6,,78.4,,68.3,57.3,47.7,,,,68.6,58.1,82.4,,,61.9,79.9,79.0,75.8,,43.3,,69.2,34.2,88.3,86.3,61.8,59.9,56.3,69.1,66.6,63.3,,68.1,51.8,81.5,,61.1,112.1,69.4,,57.1,54.9,60.6,46.1,,58.0,66.9,41.1,57.4,78.5,81.7,108.2,,57.7,60.3,,,,,100.7,,,136.7,,,77.5,,,37.6,,43.3,49.9,23.7,,,,67.8,40.5,35.1,30.8,47.2,48.3,18.2,32.4,41.8,44.1,38.3,38.9,36.6,,40.2,68.6,62.0,,,86.1,89.8,,,,,,,103.5,103.5,83.0,89.5,107.5,,,,,92.1,37.2,68.6,,,38.8,,,135.3,,95.6,,,98.5,,,,,33.6,31.2,37.9,40.4,37.4,61.2,44.1,8.04,21.1,,29.8,37.7,,55.9,,50.8,32.7,,33.4,
197610,63.2,63.5,59.1,62.3,47.5,65.5,72.7,,,90.3,,60.3,,63.9,49.2,71.2,53.8,56.9,,,56.7,,,,,,55.7,47.7,,59.0,,89.8,145.1,82.4,58.8,64.2,63.7,65.6,69.2,,76.5,,68.9,60.0,48.0,,,,68.2,,80.9,,,62.8,80.8,79.1,76.2,,43.8,,69.6,34.7,89.8,,62.4,60.6,57.3,69.5,67.0,63.6,,68.5,51.7,81.9,,61.7,111.9,69.7,,57.7,55.3,61.2,46.4,,58.2,67.3,42.2,57.6,78.5,81.6,108.2,,57.7,61.4,,,,,100.8,,,136.9,,,77.6,,,37.6,,43.3,49.9,23.7,,,,68.0,40.8,35.1,30.8,47.2,48.3,18.2,32.4,41.9,44.2,38.4,38.9,37.7,,40.2,68.6,62.0,,,86.1,89.8,,,,,,,103.4,103.4,83.0,89.4,107.5,,,,,92.2,37.2,68.6,,,38.8,,,135.3,,95.6,,,98.5,,,,,33.7,31.3,37.9,40.4,37.4,61.2,44.1,10.5,21.1,,29.8,37.7,,55.9,,50.8,32.7,,33.4,
197611,63.7,64.0,59.8,63.3,47.5,65.9,73.0,,,90.3,,60.7,,64.1,49.7,71.4,54.4,57.6,,,57.9,,,,,,56.5,48.5,,58.6,,89.6,145.5,81.7,58.9,64.5,63.9,65.7,69.5,,76.5,,69.0,60.4,48.3,,,,68.6,,80.4,,,63.1,81.3,79.1,76.3,,44.0,,69.7,35.0,89.9,,63.0,61.2,58.0,70.5,67.3,63.8,,68.7,51.8,82.4,,62.3,111.9,70.1,,58.1,56.0,61.8,46.6,,58.2,67.8,43.4,57.6,78.5,81.6,108.2,,57.8,62.9,,,,,101.0,,,137.2,,,77.7,,,37.7,,43.3,49.9,23.7,,,,71.3,47.9,52.9,47.7,68.7,70.4,28.3,48.5,41.9,44.2,38.5,38.9,37.7,,40.2,68.6,62.0,,,86.0,89.9,,,,,,,103.5,103.5,82.9,89.3,106.4,,,,,92.2,37.2,68.6,,,38.8,,,135.3,,95.8,,,98.6,,,,,33.7,31.3,37.9,40.4,37.4,61.2,44.1,10.5,21.1,,29.8,37.7,,55.9,,50.8,32.7,,33.4,
197612,63.7,63.7,59.1,62.1,47.6,65.7,73.0,,,89.7,,60.9,,64.1,49.9,71.1,54.7,57.5,,,57.7,,,,,,56.8,48.5,,58.1,,88.2,,82.4,59.4,64.7,64.2,66.2,70.0,,77.1,,69.5,60.5,48.5,,,,68.6,,80.9,,,63.2,81.4,79.3,76.5,,44.3,,70.0,35.3,89.9,,63.6,61.8,58.9,71.0,67.6,64.2,,69.1,52.1,82.4,,62.9,111.9,70.9,,58.6,56.3,62.2,47.2,,58.3,68.2,43.8,57.7,78.5,81.9,109.0,,57.9,63.5,,,,,101.5,,,137.0,,,77.8,,,38.8,,43.3,49.9,23.8,,,,77.5,48.0,52.9,47.7,68.7,70.4,28.3,48.5,42.0,44.2,38.5,38.9,38.1,,40.7,68.6,62.0,,,86.0,90.0,,,,,,,103.8,103.8,82.6,89.1,106.1,,,,,92.6,37.4,68.0,,,38.8,,,135.3,,134.7,,,145.3,,,,,33.7,31.3,37.9,40.4,37.4,61.2,44.1,10.5,21.1,,29.8,37.7,,55.9,,50.8,32.7,,33.4,
197701,62.1,60.7,59.1,62.5,47.6,61.6,71.1,,,86.5,,57.7,,63.2,50.3,68.1,54.9,50.5,,,50.7,,,,,,53.1,45.3,,46.3,,88.1,,82.1,60.0,63.9,62.6,64.7,70.3,,76.3,,66.6,59.0,48.3,,,,65.7,,78.3,,,63.4,81.4,79.5,77.0,,44.6,,69.7,35.7,90.0,,63.7,61.8,59.3,70.9,67.9,63.9,,69.4,53.1,82.5,,62.9,111.8,70.9,,58.8,56.8,62.4,47.6,,58.6,69.1,44.5,57.9,78.7,81.9,111.9,,58.0,66.2,,,,,102.7,,,137.0,,,78.3,,,41.0,,43.3,49.9,23.8,,,,77.7,48.3,52.9,47.7,68.7,70.4,28.3,48.5,42.0,44.2,38.5,38.9,38.9,,41.1,68.6,62.0,,,86.2,90.4,,,,,,,103.8,103.8,82.6,88.8,106.1,,,,,93.5,37.4,68.0,,,38.8,,,135.3,,134.7,,,145.3,,,,,33.8,31.3,37.9,40.4,37.4,61.2,44.1,10.5,21.1,,29.8,37.7,,56.3,,51.2,33.5,,34.2,
197702,60.6,57.9,59.5,63.3,47.8,57.8,67.8,,,80.4,,53.6,,61.3,51.1,63.0,55.5,44.9,,,44.5,,,,,,49.1,42.5,,38.4,,89.5,,83.6,59.9,62.5,60.0,61.9,70.5,,72.7,,61.7,56.6,49.0,,,,60.2,,74.2,,,63.5,81.1,79.0,76.8,,44.9,,69.9,36.0,90.0,,63.7,61.9,59.5,70.1,68.1,64.0,,69.5,53.6,82.5,,63.3,111.6,71.3,,59.0,57.0,62.6,47.8,,58.9,69.9,44.9,57.9,78.5,81.9,116.2,,58.1,66.2,,,,,103.8,,,136.9,,,78.6,,,43.0,,43.3,49.9,23.9,,,,78.0,48.3,52.9,47.7,68.7,70.4,28.3,48.5,42.1,44.3,38.9,39.0,38.9,,41.2,68.6,62.0,,,86.1,90.4,,,,,,,104.1,104.1,82.6,88.5,106.4,,,,,94.0,38.0,68.1,,,38.8,,,135.3,,137.0,,,148.1,,,,,33.8,31.3,37.9,40.4,37.4,61.2,44.1,10.5,21.1,,29.8,37.7,,56.3,,51.2,33.5,,34.2,
197703,61.6,59.6,59.6,63.8,48.1,60.2,67.6,,,79.7,,54.1,,61.1,51.5,62.1,55.8,47.8,,,45.4,,,,,,51.2,43.1,,,,96.6,159.5,87.3,60.3,62.8,60.4,62.2,70.5,,73.3,,62.0,56.8,49.1,,,,60.3,,77.0,,,63.6,81.4,79.8,76.5,,45.0,,70.1,36.2,90.0,,64.4,62.9,60.5,70.7,68.5,64.3,,70.2,54.6,83.1,,63.7,111.6,71.7,,59.3,57.4,62.9,48.4,,59.1,70.6,45.4,57.9,78.5,81.9,119.2,,58.1,66.3,,,,,105.0,,,136.7,,,79.7,,,44.5,,43.3,49.9,23.9,,,,78.0,48.3,52.9,47.7,68.7,70.4,28.3,48.5,42.2,44.4,39.1,39.0,38.9,,40.9,68.6,62.0,,,86.2,90.5,,,,,,,104.7,104.7,82.6,88.5,106.0,,,,,94.3,38.4,68.0,,,38.8,,,135.3,,137.0,,,148.1,,,,,33.8,31.3,37.9,40.4,37.4,61.2,44.1,10.5,21.1,,29.8,37.7,,56.3,,51.2,33.4,,34.1,
197704,62.6,60.5,59.5,63.9,48.1,61.4,71.1,92.0,,79.9,,55.3,62.0,60.5,52.2,64.6,56.1,48.0,,,45.7,,,,,,,42.3,,,,95.6,159.8,85.4,60.5,64.6,63.1,62.3,71.1,,72.4,,62.1,61.5,49.3,,,,61.6,78.6,78.0,,,64.3,82.1,81.6,76.8,,45.4,,70.1,36.5,91.7,91.8,64.6,63.5,60.6,70.8,68.8,64.8,,70.9,55.4,83.6,,64.2,111.5,72.4,,59.7,58.4,63.2,48.7,,59.7,71.2,45.6,58.0,78.5,82.0,121.7,,58.4,66.3,,,,,106.3,,,136.9,,,80.1,,,47.0,,43.8,49.9,25.0,,,,80.8,48.3,52.9,47.7,68.7,70.4,28.3,48.5,42.2,44.4,39.1,39.0,39.4,,40.5,68.6,62.0,,,86.6,90.6,,,,,,,105.0,105.0,83.3,89.2,105.2,,,,,96.1,39.0,68.0,,,38.8,,,135.3,,154.1,,,168.6,,,,,37.8,36.1,39.3,42.9,42.3,82.5,49.9,13.0,25.1,,32.8,41.9,,56.3,,51.2,37.4,,38.2,
197705,63.9,62.6,59.8,64.4,48.5,63.9,76.0,92.1,,,,56.8,62.1,,52.5,,56.0,49.7,,,,,48.1,,,,,43.6,,,,95.4,158.5,85.4,60.8,66.1,65.4,63.6,71.3,,,,,63.6,48.8,,,,,75.2,,,,64.9,82.3,82.0,77.1,,45.7,,70.3,36.9,93.5,92.1,65.0,63.7,61.0,71.4,69.1,64.9,,71.3,56.5,83.5,,64.3,111.4,72.6,,60.1,59.1,63.5,48.9,,59.8,71.4,45.7,58.0,78.7,82.0,123.0,,58.4,66.3,,,,,106.9,,,136.7,,,80.4,,,48.2,,43.8,49.9,25.0,,,,81.3,49.3,52.9,47.7,68.7,70.4,28.3,48.5,43.8,45.9,40.1,40.9,40.3,,42.9,68.6,62.0,,,86.6,90.6,,,,,,,104.9,104.9,83.4,89.4,105.1,,,,,96.2,39.3,68.1,,,38.8,,,135.3,,154.1,,,168.6,,,,,38.0,36.3,40.8,44.2,42.3,82.5,49.9,13.0,25.1,,32.8,41.9,,56.3,,51.2,37.4,,38.2,
197706,64.6,63.8,61.2,64.5,48.5,65.1,76.2,91.9,,,,,61.9,,52.6,,56.1,52.1,,,,,49.1,,,,,,,,,95.0,159.1,84.1,61.2,66.5,65.9,63.8,71.4,,,,,64.1,,,,,,72.8,,,,65.3,83.2,82.4,76.9,,46.0,,70.4,37.2,93.6,92.2,65.2,64.0,61.1,71.6,69.9,65.1,,71.6,57.0,83.6,,64.6,111.2,72.8,,60.4,59.3,63.9,49.1,,59.9,71.7,45.8,58.1,78.7,82.1,123.8,,58.4,66.3,,,,,107.5,,,136.7,,,80.8,,,49.1,,43.8,49.9,25.0,,,,81.4,49.7,52.9,47.7,68.7,70.4,28.3,48.5,43.8,45.9,40.1,40.9,40.3,,45.0,68.6,62.0,,,86.6,90.8,,,,,,,105.0,105.0,83.3,89.2,104.8,,,,,96.5,39.5,68.6,,,38.8,,,135.3,,154.1,,,168.6,,,,,38.0,36.3,41.1,44.4,42.3,82.5,49.9,13.0,25.1,,32.8,41.9,,56.3,,51.2,37.4,,38.2,
197707,64.3,63.4,61.4,64.7,48.7,64.6,74.8,89.4,,,,,61.0,,52.6,,56.0,52.1,,,,,47.7,,,,,,,,,95.2,160.2,83.6,61.2,65.6,64.2,63.8,71.5,,,,,61.4,,,,,,69.7,,,,65.3,83.3,82.4,77.0,,46.1,,70.4,37.3,93.6,92.2,65.3,64.1,61.3,71.5,70.5,65.3,,71.6,57.2,83.3,,64.6,111.2,73.1,,60.5,59.5,64.0,49.5,,60.0,71.8,45.7,58.1,78.7,82.1,124.2,,58.4,66.3,,,,,107.9,,,136.7,,,80.9,,,50.0,,43.9,49.9,25.0,,,,81.4,49.7,52.9,47.7,68.7,70.4,28.3,48.5,43.8,45.9,40.1,40.9,40.4,,45.0,68.6,62.0,,,86.6,90.8,,,,,,,104.7,104.7,83.3,89.0,105.2,,,,,96.7,39.6,68.6,,,38.8,,,135.3,,154.1,,,168.6,,,,,38.0,36.3,41.1,44.4,42.3,82.5,49.9,13.0,25.1,,32.8,41.9,,56.3,,51.2,37.4,,38.2,
197708,60.5,56.9,61.3,65.0,48.7,56.0,69.5,80.7,,,,,55.3,,52.6,,56.1,39.2,,,,,34.0,,,,,,,,,91.6,155.4,79.2,61.7,62.2,58.0,63.7,71.3,,,,,51.7,,,,,,58.8,,,,65.3,83.4,82.5,77.1,,46.2,,70.4,37.4,93.4,91.9,65.2,64.0,61.0,71.2,70.8,64.9,,71.2,57.2,81.9,,64.6,111.4,73.1,,60.7,59.7,63.9,49.8,,60.0,71.8,45.9,58.1,78.7,82.1,124.5,,58.4,66.3,,,,,108.2,,,136.9,,,81.0,,,50.3,,43.9,49.9,25.0,,,,81.6,49.8,52.9,47.7,68.7,70.4,28.3,48.5,43.8,45.9,40.1,40.9,40.4,,45.6,68.6,62.0,,,86.6,91.1,,,,,,,104.6,104.6,83.1,88.5,104.9,,,,,97.2,39.6,68.6,,,38.8,,,135.3,,154.1,,,168.6,,,,,38.0,36.3,41.1,44.4,42.3,82.5,49.9,13.0,25.1,,32.8,41.9,,56.3,,51.2,37.4,,38.2,
197709,65.2,64.8,62.0,66.7,49.9,66.2,73.4,80.1,,92.8,,66.0,53.7,66.8,53.0,,56.3,56.5,,,57.4,,,,,,58.4,50.3,,,,94.2,156.7,83.6,62.4,65.9,65.1,68.2,71.9,,72.5,,72.9,60.6,51.7,,,,71.6,59.3,81.0,,,64.9,82.3,82.6,77.1,,46.5,,70.4,37.9,91.7,92.1,65.9,64.6,62.5,71.6,71.3,65.1,,72.3,57.2,84.8,,65.0,111.9,73.6,,60.9,59.8,64.0,50.4,,60.1,72.0,45.9,58.1,78.5,82.2,125.3,,58.3,66.3,,,,,108.3,,,136.7,,,81.1,,,50.8,,43.9,49.9,25.1,,,,81.7,49.8,52.9,47.7,68.7,70.4,28.3,48.5,43.8,45.9,40.1,40.9,40.4,,45.8,68.6,62.0,,,86.7,91.5,,,,,,,104.7,104.7,83.0,88.3,104.4,,,,,97.2,39.6,68.7,,,38.8,,,135.3,,154.1,,,168.6,,,,,38.0,36.3,41.3,44.4,42.3,82.5,49.9,13.0,25.1,,32.8,41.9,,56.3,,51.2,37.4,,38.2,
197710,66.0,66.1,62.4,66.9,50.2,67.8,76.1,,,93.3,,64.5,,66.7,53.1,75.9,56.6,58.0,,,57.7,,,,,,58.6,50.2,,59.0,,94.5,157.9,83.6,62.4,66.8,66.7,68.2,72.1,,72.8,,72.6,63.2,51.4,,,,71.0,,82.4,,,64.8,82.5,82.5,77.5,,46.8,,70.4,38.2,89.9,,66.5,65.2,63.4,72.1,71.7,65.4,,72.0,56.9,85.3,,65.7,112.0,74.1,,61.2,59.9,64.1,50.6,,60.1,72.2,45.9,58.2,79.0,82.2,125.5,,58.4,66.3,,,,,108.7,,,136.7,,,81.2,,,51.3,,43.9,49.9,25.1,,,,81.7,49.9,52.3,47.7,66.4,68.0,28.3,48.5,43.8,45.9,40.1,40.9,41.4,,46.5,68.6,62.0,,,86.7,91.9,,,,,,,104.7,104.7,82.8,88.0,104.3,,,,,97.6,39.6,69.0,,,38.8,,,135.3,,154.1,,,168.6,,,,,38.0,36.3,41.3,44.4,42.3,82.7,49.9,13.0,25.1,,32.8,41.9,,56.3,,51.2,37.4,,38.2,
197711,66.3,66.4,62.3,66.7,50.1,68.2,76.0,,,92.9,,64.9,,66.7,53.0,75.3,56.6,58.4,,,58.7,,,,,,58.6,50.1,,59.3,,95.5,158.5,85.3,62.5,66.8,66.7,68.6,72.4,,73.9,,73.0,63.1,51.3,,,,70.8,,82.9,,,64.7,82.4,82.5,77.4,,46.8,,70.4,38.2,89.8,,67.0,65.6,64.1,73.4,72.0,65.5,,72.4,57.2,85.9,,66.0,111.6,74.5,,61.3,60.2,64.1,51.0,,60.1,72.2,45.9,58.4,80.0,82.3,125.7,,58.4,66.3,,,,,109.0,,,136.7,,,81.4,,,51.9,,43.9,49.9,25.1,,,,81.7,50.0,52.3,47.7,66.4,68.0,28.3,48.5,44.5,46.1,40.9,42.2,41.4,,46.7,68.6,62.0,,,86.6,92.0,,,,,,,104.5,104.5,82.6,87.7,105.7,,,,,97.6,39.8,69.0,,,38.8,,,135.3,,154.1,,,168.6,,,,,38.0,36.3,41.3,44.4,42.3,82.7,49.9,13.0,25.1,,32.8,41.9,,56.3,,51.2,37.4,,38.2,
197712,65.9,65.7,62.4,66.7,50.2,67.3,75.4,,,91.9,,64.0,,66.2,52.9,74.5,56.6,58.0,,,59.0,,,,,,57.6,50.2,,58.3,,92.0,,85.8,62.4,66.6,66.4,68.2,72.4,,74.1,,72.2,63.0,51.3,,,,70.6,,81.4,,,64.9,82.4,82.5,77.3,,47.0,,70.4,38.4,90.0,,67.1,65.9,64.3,73.4,72.2,65.7,,72.4,57.4,85.7,,66.2,111.4,74.9,,61.3,60.2,64.1,51.3,,60.2,72.4,46.0,58.4,82.5,82.3,125.7,,58.4,66.3,,,,,109.2,,,136.9,,,81.5,,,52.3,,43.9,49.9,25.1,,,,81.8,50.3,52.3,47.7,66.4,68.0,28.3,48.5,44.6,46.2,41.3,42.3,42.0,,47.4,68.6,62.0,,,86.4,92.0,,,,,,,104.8,104.8,82.2,86.9,105.3,,,,,97.7,39.8,69.0,,,38.8,,,135.3,,154.1,,,168.6,,,,,38.0,36.3,41.3,44.4,42.3,82.7,49.9,13.0,25.1,,32.8,41.9,,56.3,,51.2,37.4,,38.2,
197801,64.4,62.7,62.4,67.0,50.2,63.3,72.8,,,87.3,,60.9,,65.0,53.0,71.1,56.5,51.8,,,52.0,,,,,,53.5,48.2,,48.1,,91.5,,85.3,62.4,65.6,64.7,66.8,72.3,,74.0,,69.6,61.4,51.2,,,,67.4,,76.5,,,64.9,82.3,82.5,77.1,,47.0,,70.5,38.5,89.9,,67.2,65.8,64.6,73.2,72.2,65.9,,72.6,57.2,86.7,,66.5,111.5,75.1,,61.6,60.4,64.1,52.3,,61.2,72.7,46.9,58.4,84.2,82.3,125.8,,58.4,66.3,,,,,109.6,,,136.7,,,81.6,,,52.8,,44.9,51.5,25.1,,,,81.7,50.6,52.3,47.7,66.4,68.0,28.3,48.5,44.7,46.5,41.4,42.4,42.4,,47.9,68.6,62.0,,,86.1,92.0,,,,,,,105.4,105.4,81.6,85.8,105.2,,,,,97.7,40.2,69.0,,,38.8,,,135.3,,154.1,,,168.6,,,,,38.0,36.3,41.3,44.4,42.3,82.7,49.9,13.0,25.1,,32.8,41.9,,56.3,,51.2,37.4,,38.2,
197802,62.6,59.6,62.3,67.3,50.4,59.4,69.8,,,82.1,,57.7,,62.2,53.1,67.1,57.1,45.6,,,44.9,,,,,,49.8,45.3,,37.5,,93.5,,87.2,63.3,64.0,61.7,63.8,72.4,,73.3,,63.8,59.1,50.9,,,,63.1,,70.2,,,64.8,82.4,82.5,77.2,,47.0,,70.6,38.4,89.7,,67.0,65.4,64.5,72.7,72.3,66.2,,72.4,57.3,86.0,,66.2,111.4,75.2,,61.7,60.4,64.1,52.7,,65.5,72.8,46.9,58.4,86.0,82.3,125.8,,58.4,66.2,,,,,109.8,,,136.5,,,82.0,,,53.1,,49.7,56.4,28.6,,,,81.6,50.6,52.3,47.7,66.4,68.0,28.3,48.5,44.7,46.5,41.5,42.4,42.5,,47.9,68.6,62.0,,,85.6,92.2,,,,,,,105.3,105.3,80.7,84.4,106.9,,,,,97.8,40.4,69.1,,,38.8,,,135.3,,154.1,,,168.6,,,,,38.3,36.3,41.3,44.4,42.3,82.7,49.9,13.0,25.1,,32.8,41.9,,58.6,,53.2,37.4,,38.2,
197803,63.5,61.1,62.6,67.9,50.8,61.2,69.7,,,81.8,,57.2,,63.0,53.1,67.4,56.9,48.1,,,45.1,,,,,,50.1,46.3,,,,97.5,158.7,88.4,64.6,64.5,62.4,64.1,72.4,,71.6,,64.6,59.3,51.4,,,,63.1,,74.9,,,64.9,82.5,82.7,77.1,,47.0,,70.4,38.5,89.6,,67.6,66.3,65.5,72.8,72.3,66.4,,73.1,58.3,87.0,,66.8,111.0,75.5,,61.8,60.5,64.2,53.0,,65.6,72.8,46.8,58.4,87.2,82.3,125.8,,58.4,66.2,,,,,110.2,,,136.5,,,82.3,,,53.3,,49.8,56.4,28.6,,,,81.4,50.6,52.3,47.7,66.4,68.0,28.3,48.5,45.4,47.1,42.2,43.0,42.5,,47.3,68.6,62.0,,,85.0,92.3,,,,,,,105.4,105.4,79.9,83.0,107.1,,,,,97.8,40.4,69.2,,,38.8,,,135.3,,154.1,,,168.6,,,,,38.3,36.3,41.3,44.4,42.3,82.7,49.9,13.0,25.1,,32.8,41.9,,58.6,,53.2,37.4,,38.2,
197804,64.4,62.2,62.8,68.2,51.3,62.6,72.5,92.6,,81.7,,56.4,63.7,62.9,53.2,68.1,57.1,48.9,,,46.4,,,,,,,45.3,,,,97.6,160.6,87.6,64.1,66.1,64.9,64.2,72.6,,72.0,,64.6,63.3,51.5,,,,63.2,79.3,78.2,,,65.3,82.6,83.0,77.0,,47.4,,70.6,38.9,91.5,91.8,67.8,66.5,65.8,72.8,72.4,66.6,,74.1,59.5,87.2,,67.3,110.9,75.9,,62.0,60.8,64.6,53.1,,65.8,72.8,46.8,58.4,87.7,82.3,125.7,,58.4,66.2,,,,,110.0,,,136.5,,,82.0,,,53.4,,50.1,56.4,29.7,,,,81.1,50.6,52.3,47.7,66.4,68.0,28.3,48.5,45.4,47.1,42.2,43.0,42.6,,46.9,68.6,62.0,,,84.6,92.3,,,,,,,105.4,105.4,79.2,81.7,103.6,,,,,98.1,40.5,69.6,,,38.8,,,135.3,,154.1,,,168.6,,,,,42.4,41.5,42.9,44.7,46.1,115.2,53.9,17.9,29.0,,38.2,44.9,,58.6,,53.2,40.1,,41.0,
197805,66.5,65.8,62.8,68.4,51.5,67.3,76.7,92.8,,,,56.2,63.7,,53.2,,57.1,55.8,,,,,57.1,,,,,44.7,,,,97.0,158.9,87.5,64.7,67.6,67.4,65.2,73.0,,,,,65.6,51.7,,,,,76.2,,,,65.9,83.1,83.0,77.2,,47.4,,70.7,38.9,93.4,91.9,67.8,66.5,65.9,72.8,72.5,67.0,,74.3,59.8,87.2,,67.6,110.8,76.0,,62.2,60.8,64.7,53.5,,65.8,72.8,46.8,58.1,88.5,82.3,125.7,,58.4,66.2,,,,,110.1,,,136.4,,,82.1,,,53.5,,50.1,56.4,29.8,,,,80.9,50.6,52.3,47.7,66.4,68.0,28.3,48.5,45.4,47.1,42.2,43.0,42.6,,46.9,68.6,62.0,,,84.1,92.3,,,,,,,105.2,105.2,78.3,80.3,103.9,,,,,98.1,40.6,69.7,,,38.8,,,135.3,,154.1,,,168.6,,,,,42.5,41.6,43.9,46.2,46.1,115.2,53.9,17.9,29.0,,38.2,44.9,,58.6,,53.2,40.4,,41.2,
197806,67.3,67.3,64.9,68.7,51.3,68.7,76.9,91.9,,,,,63.9,,53.5,,57.2,58.5,,,,,56.5,,,,,,,,,96.2,157.5,86.5,64.3,67.7,67.2,65.2,73.0,,,,,65.4,,,,,,74.2,,,,66.2,83.9,82.9,77.4,,47.7,,70.8,39.2,93.2,91.8,67.9,66.5,65.8,72.6,72.5,67.1,,74.4,59.8,87.3,,67.8,109.9,76.3,,62.2,60.8,64.7,53.6,,65.9,73.0,47.0,58.1,89.1,82.4,125.8,,58.7,66.2,,,,,110.2,,,136.4,,,82.3,,,53.5,,50.1,56.4,29.8,,,,80.7,50.6,52.3,47.7,66.4,68.0,28.3,48.5,45.4,47.1,42.2,43.0,42.9,,46.9,68.6,62.0,,,83.5,92.3,,,,,,,105.5,105.5,77.4,78.8,103.3,,,,,98.6,40.9,69.7,,,38.8,,,135.3,,154.1,,,168.6,,,,,42.5,41.6,44.0,46.4,46.1,115.2,53.9,17.9,29.0,,38.2,44.9,,58.6,,53.2,40.4,,41.2,
197807,67.0,67.0,65.1,68.9,51.6,68.2,75.5,89.2,,,,,62.9,,53.5,,57.1,58.7,,,,,55.1,,,,,,,,,95.8,157.9,85.7,64.4,66.7,65.2,65.2,73.0,,,,,62.3,,,,,,70.8,,,,66.3,84.0,83.1,77.3,,47.9,,71.0,39.5,93.1,91.7,68.0,66.6,66.4,72.4,72.5,67.0,,74.4,60.3,86.6,,67.7,109.9,76.6,,62.3,60.9,64.8,53.7,,65.9,73.1,47.3,58.1,89.5,82.4,125.8,,59.9,66.0,,,,,110.1,,,136.2,,,82.2,,,53.5,,50.1,56.4,29.8,,,,81.7,52.9,58.3,56.5,66.4,68.0,34.1,54.9,45.4,47.1,42.2,43.0,42.9,,46.9,68.6,62.0,,,82.9,92.4,,,,,,,105.5,105.5,76.2,77.5,103.2,,,,,98.8,41.0,69.8,,,38.8,,,130.8,,154.1,,,168.6,,,,,42.5,41.6,44.0,46.4,46.1,115.2,53.9,17.9,29.0,,38.2,44.9,,58.6,,53.2,40.4,,41.2,
197808,62.6,59.5,65.0,68.9,51.8,58.3,69.9,79.6,,,,,57.7,,53.6,,57.1,43.4,,,,,38.6,,,,,,,,,92.7,155.0,80.7,65.0,63.2,58.9,65.0,72.7,,,,,52.2,,,,,,59.3,,,,66.4,84.0,83.0,77.3,,48.1,,71.0,39.6,92.9,91.5,67.8,66.3,66.1,72.1,72.5,67.0,,73.6,60.3,84.1,,67.4,109.9,76.6,,62.3,61.1,64.8,53.9,,66.0,73.4,47.5,58.1,89.7,82.7,125.8,,60.9,66.1,,,,,110.2,,,136.2,,,82.3,,,53.5,,50.1,56.4,29.9,,,,81.4,53.0,58.3,56.5,66.4,68.0,34.1,54.9,45.4,47.2,42.3,43.0,43.0,,46.9,68.6,62.0,,,82.5,92.4,,,,,,,105.5,105.5,75.6,76.2,103.1,,,,,98.9,41.1,69.7,,,38.8,,,130.8,,154.1,,,168.6,,,,,42.6,41.6,44.0,46.5,46.1,115.2,53.9,17.9,29.0,,38.2,44.9,,58.6,,53.2,40.4,,41.2,
197809,67.3,66.9,65.7,71.1,53.2,67.8,73.5,78.8,,92.0,,65.5,55.1,67.4,53.9,,57.3,59.6,,,60.2,,,,,,59.5,50.7,,,,94.9,156.2,84.4,65.7,68.1,68.2,70.4,73.1,,75.7,,75.5,64.4,56.1,,,,73.8,62.4,84.0,,,65.9,83.1,82.9,77.4,,48.2,,71.1,39.8,91.5,91.4,68.2,66.7,67.1,72.9,72.3,67.0,,74.8,60.8,87.3,,68.4,110.0,76.8,,62.5,61.2,64.9,53.9,,66.1,73.6,48.3,58.1,90.0,82.8,125.8,,62.4,66.1,,,,,110.1,,,136.2,,,82.2,,,53.5,,50.1,56.4,29.9,,,,81.4,53.1,58.3,56.5,66.4,68.0,34.1,54.9,45.4,47.2,42.3,43.0,43.5,,46.9,68.6,62.0,,,82.3,93.0,,,,,,,105.8,105.8,74.7,74.8,103.1,,,,,99.0,41.1,69.8,,,38.8,,,130.8,,154.1,,,168.6,,,,,42.6,41.6,44.0,46.4,46.1,115.2,53.9,17.9,29.0,,38.2,44.9,,58.6,,53.2,40.4,,41.2,
197810,68.1,68.2,66.2,71.7,53.9,69.4,76.2,,,92.4,,64.8,,67.5,53.9,77.2,57.5,60.8,,,61.0,,,,,,60.8,51.6,,61.6,,94.9,156.3,84.2,65.6,68.9,69.8,69.9,73.3,,76.2,,74.6,67.6,56.1,,,,74.6,,84.0,,,65.6,83.1,83.1,77.4,,48.3,,71.2,39.9,90.0,,68.3,66.8,67.4,73.2,72.3,67.0,,74.4,60.9,88.2,,68.6,110.0,77.3,,62.6,61.2,64.9,54.0,,66.1,73.9,49.2,58.2,90.5,82.8,125.8,,63.6,66.0,,,,,110.1,,,136.0,,,82.3,,,53.5,,50.1,56.4,29.9,,,,82.2,54.6,60.4,56.5,74.1,75.8,34.1,54.9,45.6,47.3,42.6,43.2,46.2,,46.9,68.6,62.0,,,81.9,93.0,,,,,,,105.4,105.4,74.2,73.8,103.3,,,,,99.5,41.2,69.7,,,38.8,,,130.8,,154.1,,,168.6,,,,,42.6,41.6,44.0,46.4,46.1,115.2,53.9,17.9,29.0,,38.2,44.9,,58.6,,53.2,40.4,,41.3,
197811,68.6,68.7,67.0,72.7,54.0,69.8,76.1,,,91.7,,65.5,,67.6,53.9,76.2,57.5,61.4,,,62.5,,,,,,60.3,51.4,,62.2,,96.5,158.1,86.3,65.9,69.0,69.8,69.9,73.5,,75.1,,74.6,67.7,56.1,,,,74.7,,83.3,,,65.8,83.1,83.0,77.6,,48.4,,71.4,40.0,90.1,,68.7,67.3,68.2,73.2,72.2,67.0,,74.5,60.9,88.5,,68.4,110.0,77.4,,62.8,61.4,64.9,54.2,,66.1,74.3,50.0,59.1,90.9,82.8,125.8,,65.1,65.9,,,,,110.4,,,135.9,,,82.6,,,53.5,,50.1,56.4,29.9,,,,82.1,54.7,60.4,56.5,74.1,75.8,34.1,54.9,45.6,47.4,42.6,43.2,46.4,,46.9,68.6,62.0,,,81.8,93.4,,,,,,,105.5,105.5,73.7,73.0,102.8,,,,,99.9,41.3,69.7,,,38.8,,,130.8,,154.1,,,168.6,,,,,42.6,41.6,44.0,46.4,46.1,115.2,53.9,17.9,29.0,,38.2,44.9,,58.6,,53.2,40.4,,41.3,
197812,68.4,68.5,67.7,73.7,54.4,69.4,75.7,,,91.1,,65.3,,67.5,53.9,75.6,57.5,61.0,,,62.1,,,,,,60.2,51.4,,61.5,,95.0,,88.1,65.8,68.9,69.6,70.1,73.5,,76.9,,74.5,67.4,56.3,,,,73.9,,81.8,,,65.9,83.1,83.1,77.6,,48.6,,71.4,40.2,90.2,,68.8,67.3,68.5,73.2,72.3,67.0,,74.6,60.7,88.7,,68.6,110.0,77.5,,62.9,61.5,65.0,54.4,,66.2,74.6,50.5,60.0,91.2,82.8,125.8,,65.8,66.0,,,,,110.2,,,135.9,,,82.5,,,53.5,,50.1,56.4,29.9,,,,82.2,54.8,60.4,56.5,74.1,75.8,34.1,54.9,45.6,47.4,42.7,43.2,46.7,,47.3,68.6,62.0,,,81.7,93.4,,,,,,,105.4,105.4,73.6,72.1,102.4,,,,,99.4,41.3,69.8,,,54.6,,,130.8,,154.1,,,168.6,,,,,42.7,41.6,44.0,46.4,46.1,115.2,53.9,17.9,29.0,,38.2,44.9,,59.5,,54.1,40.4,,41.3,
197901,67.0,65.6,67.9,74.3,54.6,65.3,73.9,,,87.7,,63.6,,66.5,53.9,72.8,57.7,54.6,,,54.2,,,,,,58.1,49.0,,51.3,,93.9,,87.1,65.4,68.0,68.0,68.7,73.6,,75.6,,72.0,66.4,56.3,,,,71.9,,75.6,,,66.0,83.1,83.2,77.6,,48.8,,71.3,40.5,90.2,,68.7,67.3,68.4,73.1,72.3,67.0,,74.4,60.7,88.4,,68.5,110.1,77.6,,63.1,61.7,65.1,54.7,,66.3,74.8,50.6,60.7,91.2,82.8,125.7,,66.5,66.0,,,,,110.2,,,135.7,,,82.6,,,53.4,,50.1,56.4,29.9,,,,82.6,56.0,60.4,56.5,74.1,75.8,36.2,54.9,49.9,51.8,46.8,47.0,47.2,,47.8,68.6,62.0,,,81.6,93.4,,,,,,,105.5,105.5,73.5,71.7,102.3,,,,,100.4,41.3,69.9,,,54.6,,,130.8,,154.1,,,168.6,,,,,42.7,41.6,44.0,46.4,46.1,115.2,53.9,17.9,29.0,,38.2,44.9,,59.5,,54.1,40.5,,41.4,
197902,64.9,62.1,68.7,75.4,55.8,60.5,70.5,,,81.7,,59.0,,64.6,53.9,67.5,58.0,46.3,,,44.6,,,,,,54.1,45.8,,39.5,,97.6,,91.0,65.8,66.6,65.3,66.2,73.5,,75.5,,67.3,64.1,56.1,,,,67.3,,69.1,,,66.1,83.1,83.1,77.6,,49.2,,71.4,40.9,90.1,,68.5,67.2,68.0,72.7,72.4,67.0,,74.2,60.4,87.9,,68.4,110.2,77.8,,63.1,61.8,65.1,54.8,,66.3,75.0,50.9,61.5,91.4,82.8,125.7,,67.6,66.0,,,,,110.1,,,135.7,,,82.4,,,53.5,,50.1,56.4,29.9,,,,82.6,56.0,60.4,56.5,74.1,75.8,36.2,54.9,49.9,51.9,46.9,47.1,47.3,,47.8,68.6,62.0,,,81.3,93.4,,,,,,,105.3,105.3,73.3,71.3,101.9,,,,,100.7,41.4,69.9,,,54.6,,,130.8,,154.1,,,168.6,,,,,42.7,41.6,44.0,46.4,46.1,115.2,53.9,17.9,29.0,,38.2,44.9,,59.5,,54.1,40.5,,41.4,
197903,66.0,64.2,68.9,76.3,56.1,63.3,69.8,,,80.2,,58.3,,64.8,54.0,66.9,58.0,51.4,,,48.9,,,,,,53.5,47.8,,,,100.1,162.7,91.0,66.1,66.8,65.5,65.7,73.5,,74.4,,66.5,64.4,57.3,,,,66.5,,72.4,,,66.0,83.1,83.1,77.4,,49.2,,70.4,41.2,89.8,,68.7,67.3,68.2,72.5,72.4,67.0,,74.7,61.7,89.1,,67.8,110.1,78.3,,63.3,62.1,65.1,55.1,,66.4,75.4,51.1,62.0,91.6,82.6,125.5,,68.0,66.0,,,,,110.1,,,135.7,,,82.4,,,53.4,,50.1,56.4,29.9,,,,82.9,55.9,60.4,56.5,74.1,75.8,36.2,54.9,50.1,52.0,47.1,47.3,47.3,,47.3,68.6,62.0,,,82.3,93.7,,,,,,,105.2,105.2,74.6,73.4,101.8,,,,,101.1,41.4,69.9,,,54.6,,,130.8,,154.1,,,168.6,,,,,42.7,41.6,44.0,46.4,46.1,115.2,53.9,17.9,29.0,,38.2,44.9,,59.5,,54.1,40.5,,41.4,
197904,66.7,64.6,69.2,76.3,56.2,63.7,73.0,93.7,,79.4,,58.5,65.4,65.0,54.0,65.0,58.2,50.4,,,46.3,,,,,,,48.5,,,,99.4,161.8,90.2,65.9,68.2,67.8,65.6,73.6,,73.7,,66.3,68.6,57.4,,,,65.9,84.4,72.7,,,66.6,83.2,83.2,77.5,,49.3,,70.4,41.4,92.1,92.3,68.7,67.3,68.6,72.5,72.3,67.0,,76.1,62.0,89.2,,68.0,110.1,78.8,,63.5,62.3,65.2,55.3,,67.0,75.5,51.3,62.3,91.9,82.2,125.3,,68.5,66.0,,,,,110.2,,,135.9,,,82.4,,,53.5,,50.7,56.4,32.3,,,,84.1,56.0,60.4,56.5,74.1,75.8,36.2,54.9,50.3,52.2,47.5,47.6,47.3,,47.0,68.6,62.0,,,85.2,94.3,,,,,,,105.4,105.4,79.0,80.5,101.7,,,,,102.0,41.6,69.9,,,54.6,,,130.8,,154.4,,,168.9,,,,,45.9,45.4,44.8,47.3,48.7,139.5,55.5,23.2,32.9,,41.1,46.5,,59.5,,54.1,43.8,,44.8,
197905,69.8,70.1,69.5,76.9,56.3,70.9,78.3,93.6,,,,60.4,65.7,,54.0,,58.5,61.4,,,,,65.2,,,,,48.4,,,,98.6,161.8,88.6,66.3,70.2,71.0,66.4,73.7,,,,,70.7,56.8,,,,,80.9,,,,66.9,83.1,83.0,77.5,,49.5,,70.4,41.5,93.5,92.1,69.2,67.8,69.1,72.8,72.4,67.4,,76.4,62.2,89.6,,68.2,110.1,79.1,,63.7,62.6,65.6,55.5,,67.1,75.7,51.3,62.5,91.9,82.2,125.3,,68.8,66.0,,,,,110.4,,,135.7,,,82.6,,,53.5,,50.8,56.4,32.3,,,,84.3,56.0,60.4,56.5,74.1,75.8,36.2,54.9,50.3,52.2,47.5,47.6,47.3,,47.0,68.6,62.0,,,86.0,94.3,,,,,,,105.4,105.4,80.2,82.4,102.0,,,,,102.1,41.6,69.9,,,54.6,,,130.8,,154.4,,,168.9,,,,,46.1,45.6,45.8,49.6,48.7,139.5,55.5,23.2,32.9,,41.1,46.5,,59.5,,54.1,43.9,,44.9,
197906,71.0,72.8,72.2,77.1,56.5,73.6,78.3,93.1,,,,,65.8,,54.1,,58.7,67.0,,,,,65.7,,,,,,,,,98.4,162.2,87.9,66.4,69.8,70.4,66.5,73.7,,,,,69.6,,,,,,79.1,,,,67.2,83.8,82.9,77.5,,49.7,,70.7,41.7,93.4,91.9,69.3,68.0,69.4,72.9,72.5,67.4,,76.5,62.4,89.8,,68.3,110.2,79.3,,63.9,62.8,65.8,55.7,,67.1,75.9,51.3,62.9,92.0,82.2,125.4,,69.0,66.0,,,,,110.5,,,135.7,,,82.7,,,53.9,,50.8,56.4,32.3,,,,87.3,58.1,65.8,63.3,74.1,75.8,46.2,64.6,50.3,52.2,47.5,47.6,47.6,,47.0,68.6,62.0,,,90.9,94.4,,,,,,,105.3,105.3,88.0,95.5,102.0,,,,,102.4,41.8,69.9,,,54.6,,,130.8,,154.4,,,168.9,,,,,46.1,45.7,46.2,50.0,48.7,139.5,55.5,23.2,32.9,,41.1,46.5,,59.5,,54.1,43.9,,44.9,
197907,70.7,72.3,72.4,77.2,56.9,72.9,77.7,91.8,,,,,65.6,,54.1,,58.7,66.0,,,,,63.2,,,,,,,,,98.2,162.2,87.3,66.6,68.9,68.6,66.5,73.7,,,,,66.7,,,,,,75.9,,,,67.2,83.7,82.9,77.3,,49.8,,70.8,41.9,93.3,91.8,69.8,68.8,69.7,72.6,72.6,67.7,,76.8,62.8,90.0,,68.3,110.2,79.3,,64.4,63.3,66.0,56.2,,67.1,76.1,51.5,63.7,92.0,82.2,125.4,,69.4,65.9,,,,,110.5,,,135.7,,,82.9,,,53.9,,50.9,56.4,32.3,,,,87.8,58.1,65.8,63.3,74.1,75.8,46.2,64.6,50.3,52.2,47.5,47.6,47.7,,47.0,68.6,62.0,,,92.1,94.4,,,,,,,105.7,105.7,90.1,98.4,102.4,,,,,103.5,42.2,70.5,,,54.6,,,130.8,,154.4,,,168.9,,,,,46.1,45.7,46.2,50.0,48.7,139.5,55.5,23.2,32.9,,41.1,46.5,,59.5,,54.1,43.9,,44.9,
197908,65.7,63.5,72.0,77.2,57.0,61.5,72.5,83.3,,,,,59.7,,54.1,,58.7,47.1,,,,,42.6,,,,,,,,,95.6,159.3,83.7,66.8,64.6,60.8,66.7,74.1,,,,,54.1,,,,,,61.6,,,,67.2,83.6,82.8,76.9,,49.9,,70.9,41.9,93.5,92.0,70.1,69.4,70.5,72.7,73.1,67.7,,76.3,62.8,88.5,,68.2,110.1,79.2,,64.6,63.6,66.2,56.3,,67.2,76.3,51.5,63.9,92.0,82.3,125.4,,69.6,65.9,,,,,110.6,,,135.9,,,83.1,,,53.9,,50.9,56.4,32.3,,,,88.5,58.4,65.8,63.3,74.1,75.8,46.2,64.6,50.3,52.2,47.5,47.6,47.7,,47.3,68.6,74.3,,,93.6,94.4,,,,,,,105.7,105.7,92.4,102.2,102.5,,,,,103.6,42.6,70.7,,,54.6,,,130.8,,154.4,,,168.9,,,,,46.1,45.7,46.2,50.0,48.7,139.5,55.5,23.2,32.9,,41.1,46.5,,59.5,,54.1,43.7,,44.7,
197909,70.9,71.2,71.9,78.8,58.6,71.7,75.9,77.6,,95.7,,70.8,58.0,71.5,54.4,,59.0,65.1,,,66.7,,,,,,66.4,55.7,,,,97.3,160.6,86.6,66.6,70.5,71.6,71.9,75.5,,76.6,,76.8,69.7,63.0,,,,80.1,62.1,82.5,,,66.9,83.1,83.1,77.0,,50.2,,71.0,42.3,91.5,91.9,71.7,71.8,73.6,73.3,73.2,67.8,,77.3,62.5,91.8,,68.5,110.4,79.5,,64.8,64.0,66.4,56.3,,67.2,76.3,51.6,63.9,92.2,82.3,125.4,,69.8,65.9,,,,,110.8,,,135.7,,,83.1,,,53.9,,50.9,56.4,32.4,,,,88.8,58.7,65.8,63.3,74.1,75.8,46.2,64.6,50.3,52.2,47.5,47.6,47.7,,49.4,68.6,74.3,,,94.0,94.4,,,,,,,105.7,105.7,93.1,103.4,102.8,,,,,103.6,42.6,70.9,,,54.6,,,130.8,,154.4,,,168.9,,,,,46.1,45.7,46.2,50.0,48.7,139.5,55.5,23.2,32.9,,41.2,46.5,,59.5,,54.1,44.0,,45.0,
197910,72.2,73.4,72.4,79.4,58.8,74.3,79.7,,,96.0,,70.9,,71.5,54.6,79.3,59.8,67.4,,,67.1,,,,,,65.6,56.0,,73.7,,98.2,160.8,88.1,67.2,71.6,73.7,71.6,75.8,,75.2,,76.0,73.8,62.9,,,,79.5,,82.5,,,66.9,83.1,83.1,76.8,,50.8,,70.9,43.0,90.0,,72.5,72.9,74.5,74.1,73.9,68.4,,75.5,62.8,92.3,,68.5,110.4,79.7,,65.2,64.2,66.7,56.7,,67.3,76.5,51.7,64.1,93.5,82.3,125.4,,70.0,65.9,,,,,110.9,,,135.9,,,83.3,,,53.9,,50.9,56.4,32.4,,,,89.1,58.9,65.8,63.3,74.1,75.8,46.2,64.6,50.3,52.2,47.5,47.6,48.2,,49.6,68.6,74.3,,,94.6,94.7,,,,,,,105.4,105.4,94.1,104.8,103.6,,,,,103.2,42.9,71.3,,,54.6,,,130.8,,154.4,,,168.9,,,,,46.1,45.7,46.2,50.0,48.7,139.5,55.5,23.2,32.9,,41.2,46.5,,59.5,,54.1,44.0,,45.0,
197911,72.1,73.0,72.8,79.7,58.7,73.7,79.9,,,96.1,,71.1,,71.8,54.9,79.0,60.0,66.2,,,66.7,,,,,,66.1,55.8,,66.2,,98.3,160.8,88.3,67.1,71.4,73.3,71.4,76.4,,73.6,,75.2,73.6,62.5,,,,79.5,,79.4,,,67.0,83.1,83.2,76.9,,50.8,,70.9,43.0,90.2,,73.3,73.6,75.6,74.3,74.8,69.0,,76.1,63.1,92.6,,68.9,110.4,79.8,,65.5,64.8,67.0,57.3,,67.3,76.7,51.8,64.1,95.7,82.3,125.5,,70.2,65.9,,,,,111.2,,,136.0,,,83.4,,,54.3,,50.9,56.4,32.4,,,,89.4,59.5,65.8,63.3,74.1,75.8,46.2,64.6,50.3,52.2,47.5,47.6,49.0,,51.9,68.6,74.3,,,94.8,95.0,,,,,,,105.4,105.4,94.1,104.9,104.0,,,,,102.1,43.1,71.7,,,54.6,,,130.8,,154.4,,,168.9,,,,,46.1,45.7,46.2,50.0,48.7,139.5,55.5,23.2,32.9,,41.2,46.5,,59.5,,54.1,44.0,,45.0,
197912,72.0,72.5,72.8,79.6,59.0,73.1,79.6,,,95.6,,70.2,,72.0,54.9,79.3,60.2,65.5,,,66.1,,,,,,65.9,55.2,,65.2,,96.8,,89.6,67.9,71.4,73.3,71.4,76.5,,73.9,,75.5,73.6,62.5,,,,79.7,,78.4,,,67.0,83.1,83.1,76.8,,51.0,,71.0,43.3,89.9,,73.8,74.1,76.1,74.5,75.8,69.6,,76.2,63.1,93.4,,68.8,110.1,80.0,,66.2,65.7,67.5,58.0,,67.4,77.0,51.7,64.1,97.9,82.3,125.5,,70.4,65.9,,,,,111.2,,,135.7,,,83.4,,,54.2,,50.9,56.4,32.4,,,,90.3,59.8,65.8,63.3,74.1,75.8,46.2,64.6,50.4,52.4,47.8,47.7,49.8,,53.3,68.6,74.3,,,96.5,95.0,,,,,,,105.5,105.5,96.9,109.5,104.7,,,,,102.1,43.5,72.2,,,54.6,,,130.8,,154.4,,,168.9,,,,,46.1,45.7,46.2,50.0,48.7,139.5,55.5,23.2,32.9,,41.2,46.5,,59.5,,54.1,44.0,,45.0,
198001,70.9,70.3,72.7,79.0,59.1,70.0,78.8,,,92.6,,67.1,,71.2,55.1,76.1,60.2,59.1,,,55.7,,,,62.2,,63.3,53.9,,55.4,,100.9,,89.4,68.6,70.4,70.9,70.1,76.7,,73.0,,73.5,70.1,61.6,,,,75.9,,75.0,,,67.6,83.1,83.3,76.8,93.6,51.7,57.3,71.5,43.7,91.1,,73.9,74.1,75.9,74.4,76.5,70.0,,77.1,62.8,93.3,,68.8,110.8,80.3,,66.2,66.1,67.6,58.6,,67.4,77.4,51.9,64.1,100.2,82.3,125.5,86.9,70.7,65.9,,,,,111.2,,,136.2,,,83.6,,,53.9,,50.8,56.0,32.4,,,,90.4,60.1,65.8,63.3,74.3,76.1,46.2,64.6,50.8,52.8,48.0,47.9,50.4,,54.5,69.1,74.3,,,96.7,95.0,98.5,92.6,95.2,,,,105.2,105.2,97.6,110.2,104.8,,,,,101.7,45.2,72.8,,,54.6,,,130.8,,154.2,40.0,62.5,168.9,,,,,46.5,46.4,46.3,50.0,49.4,141.1,55.7,23.2,33.0,,41.6,46.6,,59.6,,54.1,44.1,,45.1,
198002,68.1,65.3,72.7,79.3,59.4,63.9,75.4,,,86.5,,61.9,,68.1,55.6,71.4,60.8,50.1,,,45.1,,,,60.1,,55.2,51.9,,43.6,,100.3,,88.6,68.9,68.6,68.1,67.6,77.2,,73.8,,67.8,67.6,60.7,,,,70.0,,70.4,,,67.7,83.1,83.2,76.8,93.7,51.9,56.9,71.7,44.0,91.3,,74.1,73.9,75.9,74.4,77.0,70.1,,77.1,63.3,92.8,,68.6,111.0,80.5,,66.8,66.8,68.1,59.7,,67.5,77.6,52.0,64.2,101.6,82.3,125.7,86.9,70.8,65.9,,,,,111.3,,,136.5,,,83.9,,,54.0,,50.8,56.0,32.4,,,,91.5,60.1,65.8,63.3,74.3,76.1,46.2,64.6,50.8,52.8,48.1,47.9,50.4,,54.6,69.1,74.3,,,98.9,95.0,98.5,92.6,95.2,,,,105.5,105.5,100.9,115.9,105.2,,,,,102.1,45.3,73.1,,,54.6,,,130.8,,154.2,40.0,62.5,168.9,,,,,46.5,46.4,46.3,50.0,49.4,141.1,55.7,23.2,33.0,,41.6,46.6,,59.6,,54.1,44.1,,45.1,
198003,69.2,67.0,73.1,79.9,59.8,66.0,75.3,,,85.7,,62.4,,68.4,56.6,69.8,61.3,54.1,,,45.4,,,,62.4,,53.8,52.7,,,,99.7,167.0,88.9,69.8,68.9,68.5,67.6,78.1,,74.0,,67.2,67.7,61.5,,,,68.7,,72.8,,,67.8,83.1,83.2,76.8,93.6,52.3,57.0,71.8,44.7,91.2,,75.0,75.4,77.1,74.8,77.5,70.5,,77.5,63.4,94.6,,68.7,111.1,81.0,,67.1,67.5,68.6,60.1,,67.8,77.8,52.1,64.4,103.3,82.4,125.7,86.9,71.1,65.9,,,,,111.6,,,136.7,,,84.1,,,54.0,,51.1,56.5,32.4,,,,91.8,60.9,65.8,63.3,74.3,76.1,46.2,64.6,50.8,52.8,48.1,47.9,50.4,,54.1,86.9,74.3,,,99.0,95.0,98.5,92.6,95.2,,,,106.0,106.0,101.0,116.0,105.5,,,,,102.4,45.5,73.2,,,54.6,,,130.8,,154.2,40.0,62.5,168.9,,,,,46.5,46.4,46.3,50.0,49.4,141.1,55.7,23.2,33.0,,41.6,46.6,,60.9,,55.3,44.4,,45.4,
198004,70.4,68.3,73.7,80.4,60.1,67.4,77.7,100.5,,85.3,,60.9,73.5,67.5,57.0,69.7,61.9,55.3,,,46.9,,,,62.1,,,52.7,,,,99.8,167.8,88.6,70.8,70.2,70.4,68.0,78.6,61.9,73.5,,67.5,70.4,62.0,,,,70.1,89.1,76.0,,,68.1,83.4,83.6,77.1,94.8,52.5,56.9,72.0,45.0,91.8,93.5,75.4,75.6,77.7,75.2,78.1,71.1,,78.5,63.6,95.4,,69.3,111.1,81.4,,68.5,69.3,70.3,60.9,,68.0,77.9,52.1,64.4,104.0,82.4,125.7,86.9,71.2,65.9,,,,,111.7,,,136.9,,,84.2,,,54.1,,51.4,56.5,33.1,,,,92.1,60.9,65.8,63.3,74.3,76.1,46.2,64.6,50.8,52.8,48.1,47.9,50.6,,53.6,86.9,74.3,,,99.7,95.0,98.5,92.6,95.2,,,,106.6,106.6,101.9,117.8,106.2,,,,,102.6,46.4,73.5,,,54.6,,,130.8,,154.2,40.0,62.5,168.9,,,,,50.5,50.4,48.2,53.0,51.3,173.1,58.2,26.7,36.6,,48.7,48.0,,60.9,,55.3,48.6,,49.7,
198005,73.9,74.4,74.0,80.8,60.4,74.9,82.9,100.6,,,,,73.1,,57.5,,62.0,65.6,,,,,69.8,,,,,50.5,,,,99.4,168.0,87.6,70.8,72.0,72.7,73.1,79.0,67.6,,,,70.8,60.6,,,,,85.0,,,,68.6,83.7,83.7,77.1,94.4,52.6,57.1,72.3,45.0,93.7,93.6,75.9,75.9,77.9,75.3,79.8,71.7,,78.7,63.6,95.4,,69.7,111.5,81.6,,69.3,70.4,71.1,61.3,,68.1,78.0,52.7,64.4,104.6,82.4,125.7,86.9,71.4,65.9,,,,,111.8,,,136.9,,,84.4,,,54.3,,51.4,56.5,33.1,,,,93.1,62.0,68.7,66.9,75.6,77.4,51.5,67.8,51.0,53.0,48.3,48.1,50.6,,53.6,86.7,74.3,,,100.5,95.0,98.5,92.6,95.0,,,,107.2,107.2,103.1,119.6,107.1,,,,,103.0,46.5,73.9,,,54.6,,,130.8,,154.4,40.0,62.5,168.9,,,,,50.5,50.4,48.2,53.0,51.3,173.1,58.2,26.7,36.6,,48.7,48.0,,60.9,,55.3,48.7,,49.7,
198006,75.2,75.6,74.7,81.4,60.7,76.1,82.8,100.4,,,,,73.0,,57.7,,62.0,67.9,,,,,70.7,,,,,,,,,99.4,168.8,87.1,70.9,74.7,77.0,73.5,79.2,68.2,,,,78.0,,,,,,84.3,,,,68.7,83.9,83.7,77.2,,52.6,57.3,72.3,45.0,93.8,93.7,76.5,76.1,77.7,75.6,82.0,72.1,,78.9,63.8,95.9,,69.8,111.2,81.7,,69.7,70.9,71.6,61.6,,68.1,78.1,53.3,64.4,104.7,82.3,125.7,86.9,71.4,66.0,,,,,112.0,,,137.0,,,84.5,,,54.4,,51.4,56.5,33.1,,,,93.1,62.0,68.7,66.9,75.6,77.4,51.5,67.8,51.0,53.0,48.3,48.1,50.6,,53.6,86.7,74.3,,,100.5,95.0,99.3,92.6,95.0,,,,108.2,108.2,103.0,119.3,106.9,,,,,103.1,46.8,74.7,,,54.6,,,130.8,,154.5,40.0,62.5,168.9,,,,,50.5,50.4,48.2,53.0,51.3,173.1,58.2,26.7,36.6,,48.7,48.0,,60.9,,55.3,48.7,,49.7,
198007,74.2,74.3,74.6,81.3,60.5,74.4,81.8,97.9,,,,,72.0,,58.1,,61.8,65.7,,,,,68.3,,,,,,,,,98.5,169.0,85.2,71.5,73.0,74.4,73.7,79.6,68.1,,,,73.1,,,,,,79.1,,,,68.7,84.0,83.7,77.4,,52.7,57.2,72.4,45.0,93.7,93.6,76.8,76.2,77.8,75.8,83.2,72.4,,78.9,64.1,95.7,,70.0,111.1,81.7,,70.0,71.1,71.9,61.9,,68.3,78.3,53.9,64.4,105.0,82.3,125.7,86.9,71.5,66.1,,,,,113.4,,,144.6,,,84.6,,,54.3,,51.4,56.5,33.1,,,,92.6,62.0,68.7,66.9,75.6,77.4,51.5,67.8,51.0,53.0,48.3,48.1,50.6,,53.6,86.7,74.3,,,99.4,95.0,99.3,92.6,95.0,,,,108.5,108.5,101.4,116.4,107.4,,,,,103.0,47.1,74.8,,,54.6,,,130.8,,154.5,40.0,62.5,168.9,,,,,50.5,50.4,48.2,53.0,51.3,173.1,58.2,26.7,36.6,,48.7,48.0,,60.9,,55.3,48.6,,49.7,
198008,67.6,63.6,74.6,81.5,60.7,61.4,76.2,85.7,,,,,64.3,,58.3,,61.8,46.2,,,,,46.7,,,,,,,,,95.5,166.2,80.7,71.1,66.7,64.4,70.1,79.3,59.1,,,,58.5,,,,,,63.3,,,,68.7,83.9,83.4,77.3,,52.8,57.7,72.5,45.0,93.5,93.3,77.1,76.1,78.2,75.9,84.2,72.2,,78.4,64.3,94.4,,69.3,111.0,81.1,,70.2,71.4,72.1,62.0,,68.3,78.4,54.6,64.4,105.3,82.3,125.7,86.9,71.6,66.1,,,,,114.2,,,145.3,,,85.3,,,54.6,,51.3,56.4,33.2,,,,92.2,62.0,68.7,66.9,75.6,77.4,51.5,67.8,51.0,53.0,48.3,48.1,50.7,,53.6,86.7,74.3,,,98.4,95.0,99.3,92.6,95.0,,,,108.7,108.7,100.0,113.8,107.9,,,,,103.0,47.2,74.8,,,54.6,,,130.8,,154.5,40.0,62.5,168.9,,,,,50.5,50.4,48.2,53.0,51.3,173.1,58.2,26.7,36.6,,48.7,48.0,,60.9,,55.3,48.7,,49.7,
198009,74.8,74.4,75.9,82.7,61.6,74.4,80.8,83.3,,100.5,,73.4,62.2,77.4,58.9,,62.9,66.5,,,67.4,,,,70.0,,69.3,60.2,,,,98.0,169.0,84.1,71.2,74.2,75.5,73.8,80.7,57.4,77.3,,79.8,73.5,65.3,,,,84.7,63.0,85.2,,,70.1,85.8,86.0,79.4,95.5,53.7,58.8,74.0,45.7,95.5,94.9,77.9,76.4,79.2,76.4,84.7,72.9,,79.4,64.4,97.4,,70.1,111.4,82.1,,70.5,71.7,72.3,62.3,,68.3,78.6,55.4,64.4,105.6,82.3,125.7,86.9,71.8,66.1,,,,,114.4,,,145.3,,,85.6,,,54.6,,51.4,56.4,33.2,,,,92.0,62.1,68.7,66.9,75.6,77.4,51.5,67.8,51.0,53.0,48.3,48.1,51.3,,53.6,86.7,74.3,,,97.9,95.2,99.3,92.8,95.2,,,,109.0,109.0,99.1,112.0,108.2,,,,,103.0,48.0,74.9,,,54.6,,,130.8,,154.5,40.0,62.5,168.9,,,,,50.4,50.3,48.2,53.0,50.5,173.1,57.6,26.7,36.6,,48.9,48.0,,60.9,,55.3,48.7,,49.8,
198010,76.4,76.6,76.5,83.2,62.6,77.0,85.1,,,100.7,,72.7,,77.4,59.3,85.7,63.7,68.2,,,67.4,,,,70.3,,68.4,60.0,,65.3,,98.9,168.2,86.0,71.7,75.4,77.0,75.7,81.1,,76.6,,81.2,75.9,65.9,,,,83.9,,83.3,,,70.8,86.6,86.7,80.2,95.8,54.0,58.9,74.6,46.0,97.0,,78.4,77.1,80.0,76.5,85.0,73.6,,80.3,64.7,97.7,,70.9,112.0,82.3,,70.7,71.8,72.6,62.7,,68.4,79.1,56.7,64.7,106.1,82.3,125.7,86.9,73.4,66.2,,,,,114.6,,,145.8,,,85.7,,,54.5,,51.4,56.4,33.2,,,,92.0,62.3,68.7,66.9,75.6,77.4,51.5,67.8,51.0,53.0,48.4,48.1,52.3,,53.7,86.7,74.3,,,97.6,95.3,99.3,92.8,95.5,,,,109.1,109.1,98.6,110.8,108.9,,,,,103.2,48.0,75.1,,,54.6,,,130.8,,154.9,40.0,62.5,168.9,,,,,50.4,50.3,48.2,53.0,50.5,173.1,57.6,26.7,36.6,,48.9,48.0,,60.9,,55.3,48.7,,49.8,
198011,76.8,77.3,76.8,83.3,62.8,77.8,85.6,,,100.8,,73.4,,77.7,59.8,85.9,64.2,69.1,,,67.7,,,,70.0,,68.8,59.5,,69.1,,100.6,169.3,88.9,71.4,75.6,77.0,76.0,81.7,,76.5,,81.3,76.0,65.8,,,,84.4,,82.5,,,71.2,87.3,87.2,80.8,97.1,54.3,59.1,74.7,46.4,97.2,,78.8,77.3,80.3,77.2,85.4,73.9,,80.6,64.8,98.5,,71.4,112.0,82.6,,70.8,72.0,72.6,62.9,,68.6,79.6,57.6,64.7,106.5,82.3,125.9,86.9,75.1,66.2,,,,,115.0,,,146.3,,,86.1,,,54.9,,51.4,56.4,33.2,,,,91.9,62.3,68.7,66.9,75.6,77.4,51.5,67.8,51.1,53.1,48.5,48.2,52.5,,53.7,86.7,74.3,,,97.3,95.4,99.3,92.9,95.5,,,,109.3,109.3,98.4,110.3,108.8,,,,,103.5,48.3,75.2,,,54.6,,,130.8,,154.9,40.0,62.5,168.9,,,,,50.5,50.3,48.2,53.0,50.5,173.1,57.6,26.7,36.6,,48.9,48.0,,63.3,,57.5,48.7,,49.8,
198012,76.7,77.0,76.9,83.5,63.1,77.4,85.2,,,99.8,,73.1,,77.7,60.5,84.8,64.7,68.5,,,66.5,,,,69.3,,68.4,59.7,,69.0,,101.0,,88.6,72.3,75.6,77.0,76.4,81.9,,77.8,,81.5,75.7,65.6,,,,84.3,,81.9,,,71.3,87.4,87.5,80.8,97.1,54.4,58.4,74.7,46.8,97.2,,78.8,77.1,80.1,77.4,85.5,74.1,,80.9,64.8,99.0,,71.4,111.9,83.3,,71.1,72.3,72.9,63.3,,68.7,79.7,58.0,64.7,106.6,82.3,125.9,86.9,76.1,66.2,,,,,115.0,,,146.3,,,86.1,,,55.0,,51.4,56.4,33.2,,,,91.5,62.5,68.7,66.9,75.6,77.4,51.5,67.8,51.1,53.1,48.6,48.2,52.6,,54.1,86.7,74.3,,,97.1,95.4,99.3,92.9,95.5,,,,109.4,109.4,98.0,109.7,109.1,,,,,103.8,48.3,75.4,,,54.6,,,130.8,,151.3,40.0,62.5,164.3,,,,,50.5,50.3,48.2,53.0,50.5,173.1,57.6,26.7,36.6,,48.9,48.0,,63.3,,57.5,48.8,,49.8,
198101,74.1,72.3,77.1,84.0,63.3,71.4,82.6,,,95.1,,69.4,,74.8,60.9,81.5,65.1,59.7,,,55.9,,,,65.7,,62.4,56.0,,57.8,,100.1,,87.7,72.2,74.1,74.6,73.6,82.0,,76.8,,76.3,73.8,65.0,,,,79.2,,79.6,,,71.3,87.0,87.7,81.0,94.8,54.6,59.0,74.7,46.9,97.5,,79.0,77.0,80.7,77.1,85.7,74.1,,80.8,65.0,97.8,,71.7,111.8,83.5,,71.2,72.4,73.0,63.8,,68.8,80.6,58.6,64.7,106.8,82.3,125.8,87.0,77.2,66.0,,,,,115.6,,,146.8,,,86.5,,,55.7,,51.4,56.4,33.2,,,,91.5,62.7,68.7,66.9,75.6,77.4,51.5,67.8,51.1,53.1,48.6,48.2,53.4,,54.9,86.7,74.3,,,96.9,95.4,99.3,92.9,95.5,,,,109.4,109.4,97.6,108.8,109.1,,,,,104.1,48.5,75.5,,,59.2,,,130.8,,151.3,40.0,62.5,164.3,,,,,50.5,50.3,48.2,53.0,50.5,173.1,57.6,26.7,36.6,,48.9,48.0,,63.3,,57.5,48.8,,49.8,
198102,71.5,67.9,77.4,84.9,63.6,66.1,79.7,,,90.5,,65.6,,71.9,61.3,76.4,65.6,51.7,,,46.6,,,,64.3,,55.5,52.4,,47.2,,99.5,,86.9,72.8,72.0,71.3,70.8,82.1,,74.2,,71.6,71.8,64.6,,,,73.9,,71.0,,,71.4,87.0,87.8,80.9,94.2,54.9,59.5,74.7,47.2,97.4,,79.1,77.0,80.8,76.9,85.9,74.1,,80.6,65.6,97.8,,71.3,111.8,83.7,,71.4,72.6,73.0,64.1,,68.9,80.9,58.9,64.7,106.9,82.3,126.0,87.7,78.0,66.0,,,,,115.7,,,146.9,,,86.3,,,56.0,,51.4,56.4,33.2,,,,91.8,63.0,68.7,66.9,75.6,77.4,51.5,67.8,51.6,53.6,49.4,48.6,54.4,,54.8,86.7,74.3,,,96.8,95.4,99.3,92.9,95.5,,,,109.1,109.1,97.4,108.5,109.1,,,,,104.1,48.5,75.5,,,59.2,,,130.8,,154.2,60.0,75.0,164.3,,,,,50.5,50.3,48.2,53.0,50.5,173.1,57.6,26.7,36.6,,48.9,48.0,,63.3,,57.5,48.8,,49.8,
198103,72.4,69.5,78.0,85.6,64.4,67.8,79.6,,,90.0,,65.4,,72.2,61.4,75.3,66.0,54.7,,,47.2,,,,65.4,,54.2,52.3,,,,101.1,173.2,87.8,72.4,72.2,71.4,71.0,82.4,,74.4,,71.9,71.6,65.5,,,,71.4,,71.9,,,71.4,86.8,87.6,80.9,93.9,55.1,60.2,74.7,47.2,97.5,,79.8,77.9,82.0,77.9,85.8,74.6,,81.0,66.0,100.0,,72.1,111.7,83.7,,71.4,72.9,73.0,64.3,,68.7,81.3,59.3,64.7,106.9,82.3,126.0,89.1,78.7,66.0,,,,,116.1,,,146.6,,,86.5,,,56.7,,50.9,55.8,33.2,,,,91.9,62.9,68.7,66.9,75.6,77.4,51.5,67.8,51.6,53.6,49.4,48.6,54.4,,54.4,86.7,74.3,,,96.8,95.4,99.3,92.9,95.5,,,,109.3,109.3,97.6,108.7,108.9,,,,,104.1,48.5,75.6,,,59.2,,,130.8,,154.2,60.0,75.0,164.3,,,,,50.5,50.3,48.2,53.0,50.5,173.1,57.6,26.7,36.6,,48.9,48.0,,63.3,,57.5,48.9,,50.0,
198104,73.3,70.6,78.6,85.8,64.5,69.2,82.0,102.7,,90.5,,65.1,77.1,71.8,61.8,77.8,66.2,55.5,,,49.4,,,,64.8,,,49.7,,,,101.2,173.6,87.8,72.1,73.4,73.3,72.4,82.7,69.5,73.5,,73.4,73.4,64.9,,,,73.7,90.0,74.8,,,71.6,86.5,88.4,80.6,92.8,55.4,60.6,75.5,47.4,97.4,98.3,79.9,78.0,82.2,77.9,86.0,74.6,,81.9,66.5,101.2,,72.9,112.0,83.6,,71.8,73.2,73.4,64.6,,69.1,81.8,59.4,65.9,106.9,82.3,126.0,90.6,79.5,66.0,,,,,116.9,,,147.1,,,87.1,,,58.2,,51.1,55.8,33.9,,,,92.3,62.8,68.7,66.9,75.6,77.4,51.5,67.8,51.7,53.8,49.6,48.6,54.4,,53.8,86.7,74.3,,,97.2,95.4,99.3,92.9,95.6,,,,109.4,109.4,98.2,109.5,109.6,,,,,104.7,48.8,75.9,,,59.2,,,130.8,,156.0,80.0,75.0,164.3,,,,,53.9,53.6,48.9,54.2,52.6,194.6,59.9,31.0,40.0,,52.8,49.8,,68.5,,62.3,52.1,,53.3,
198105,77.0,77.3,78.7,85.7,64.7,77.4,86.6,102.8,,,,,77.2,,62.1,,66.1,67.7,,,,,73.0,,,,,49.3,,,,101.1,173.4,87.7,72.5,75.3,76.3,76.6,82.9,70.7,,,,74.1,63.9,,,,,87.1,,,,71.7,86.2,88.3,80.5,91.5,55.5,60.8,75.7,47.5,98.5,98.3,80.2,78.4,82.7,78.1,86.1,74.7,,81.9,66.5,101.4,,73.0,111.7,83.9,,72.0,73.5,73.6,64.9,,69.2,82.2,59.4,67.5,106.9,82.3,126.0,91.3,79.8,66.1,,,,,117.7,,,146.9,,,87.3,,,59.9,,51.2,55.8,34.0,,,,95.8,66.9,75.3,73.3,82.9,84.9,56.4,74.3,57.6,60.0,54.9,54.4,54.4,,54.2,86.7,74.3,,,100.6,97.3,99.3,94.8,97.5,,,,109.5,109.5,102.2,116.8,109.3,,,,,104.9,48.9,75.9,,,59.2,,,130.8,,156.3,80.0,75.0,164.3,,,,,54.1,53.8,50.4,55.7,52.6,194.6,59.9,31.0,40.0,,52.8,49.8,,68.5,,62.3,52.1,,53.3,
198106,77.9,77.4,78.9,85.8,64.7,77.4,86.3,102.3,,,,,76.9,,62.3,,65.6,68.0,,,,,70.9,,,,,,,,,101.0,173.4,87.2,72.7,78.0,80.1,77.0,83.2,71.1,,,,80.7,,,,,,87.4,,,,72.4,88.4,88.4,80.6,,55.6,60.8,76.1,47.5,98.7,98.5,80.2,78.4,82.7,78.1,86.2,74.8,,82.2,66.5,102.0,,73.2,111.9,84.1,,72.1,73.5,73.7,65.1,,70.4,82.6,59.5,68.9,107.2,82.3,126.0,91.8,80.2,66.6,,,,,118.3,,,146.9,,,87.6,,,60.7,,52.4,56.7,36.0,,,,96.0,67.1,75.3,73.3,82.9,84.9,56.4,74.3,58.1,60.4,55.3,54.8,55.6,,54.2,86.7,74.3,,,100.8,97.3,99.3,94.8,97.5,,,,109.5,109.5,102.5,117.1,109.3,,,,,105.0,48.9,76.1,,,59.2,,,130.8,,156.3,80.0,75.0,164.3,,,,,54.1,53.8,50.5,55.8,52.6,194.6,59.9,31.0,40.0,,52.8,49.8,,68.5,,62.3,52.3,,53.5,
198107,76.0,74.9,78.9,85.9,64.9,74.3,84.9,98.7,,,,,74.9,,62.4,,65.7,63.2,,,,,65.6,,,,,,,,,100.6,173.8,86.3,73.1,75.7,76.5,76.2,83.1,69.2,,,,74.8,,,,,,80.9,,,,72.5,88.6,88.5,80.7,,55.6,60.9,76.1,47.5,98.7,98.6,80.2,78.4,82.4,78.3,86.2,74.6,,81.9,66.5,100.4,,73.0,111.7,84.2,,72.2,73.6,73.8,65.4,,70.6,82.9,59.6,70.1,107.2,82.3,126.2,91.9,80.4,67.7,,,,,118.8,,,147.1,,,87.7,,,61.8,,52.5,56.7,36.2,,,,96.1,67.5,75.6,73.3,82.9,84.9,63.9,74.3,59.2,61.5,55.8,55.8,55.8,,54.2,86.7,74.3,,,100.5,97.3,99.3,94.8,97.5,,,,109.5,109.5,102.1,116.5,109.2,,,,,105.0,48.9,76.4,,,59.2,,,130.8,,156.3,80.0,75.0,164.3,,,,,54.1,53.8,50.5,55.8,52.6,194.6,59.9,31.0,40.0,,52.8,49.8,,68.5,,62.3,52.3,,53.5,
198108,69.8,65.3,78.9,85.8,65.3,62.6,80.0,88.4,,,,,68.2,,62.5,,65.6,45.6,,,,,46.2,,,,,,,,,98.5,169.9,84.0,73.4,69.3,66.2,72.9,82.8,60.9,,,,59.5,,,,,,64.3,,,,72.4,88.3,88.3,80.6,,55.6,61.1,76.1,47.5,98.7,98.5,80.0,78.1,82.1,78.0,86.1,74.4,,81.4,67.1,100.1,,71.3,111.7,83.9,,72.2,73.7,73.9,65.5,,70.7,83.3,59.6,70.7,107.2,82.3,126.2,92.2,80.8,68.9,,,,,119.1,,,146.9,,,87.6,,,62.8,,52.6,56.7,36.5,,,,96.5,67.6,75.6,73.3,82.9,84.9,63.9,74.3,59.2,61.5,55.8,55.8,55.9,,54.2,86.7,74.3,,,103.0,97.3,99.3,94.8,97.5,,,,109.7,109.7,105.6,122.7,109.5,,,,,105.2,49.0,76.4,,,59.2,,,130.8,,151.7,80.0,75.0,159.0,,,,,54.1,53.8,50.5,55.8,52.6,194.6,59.9,31.0,40.0,,52.8,49.8,,68.5,,62.3,52.3,,53.5,
198109,78.1,78.8,79.5,86.7,66.1,79.1,84.3,85.5,,103.2,,77.2,67.0,82.5,62.9,,66.0,72.0,,,77.5,,,,73.6,,71.8,66.3,,,,101.2,169.5,89.3,74.1,76.1,77.2,76.8,84.4,60.4,75.2,,84.7,76.2,68.6,,,,86.7,63.4,80.9,,,72.4,87.5,88.4,81.1,96.5,56.4,61.6,76.1,48.4,97.4,98.3,80.3,78.6,82.9,78.0,86.3,74.7,,82.4,67.2,102.2,,72.6,111.9,84.4,,72.3,73.8,73.9,65.6,,70.8,83.7,59.6,71.5,107.3,82.3,126.3,92.8,81.0,70.5,,,,,119.3,,,146.9,,,87.7,,,63.4,,52.6,56.7,36.7,,,,97.1,67.8,75.6,73.3,82.9,84.9,63.9,74.3,59.2,61.5,55.8,55.8,55.9,,56.3,86.7,74.3,,,104.0,98.7,99.7,96.7,98.7,,,,109.7,109.7,106.4,124.4,109.6,,,,,105.2,49.1,76.4,,,59.2,,,130.8,,151.7,80.0,75.0,159.0,,,,,54.1,53.8,50.5,55.8,52.6,194.6,59.9,31.0,40.0,,52.8,49.8,,68.5,,62.3,52.3,,53.5,
198110,80.3,82.6,79.5,86.4,66.5,83.6,88.5,,,102.6,,77.0,,82.0,62.8,91.4,66.4,77.3,,,75.3,,,,74.2,,71.9,65.6,,89.4,,103.9,172.1,93.3,74.2,77.9,79.8,78.0,85.0,,75.0,,84.6,79.1,69.0,,,,86.5,,86.3,,,72.4,87.8,88.6,81.1,97.2,56.5,61.3,76.3,48.8,97.2,,80.5,78.9,83.4,78.0,86.3,74.8,,82.3,67.4,103.0,,74.0,111.7,84.7,,72.6,73.9,74.0,65.6,,70.9,84.0,59.6,72.0,108.1,82.3,126.3,93.0,81.3,71.9,,,,,119.9,,,146.9,,,88.2,,,64.0,,52.6,56.7,36.7,,,,97.4,68.1,75.6,73.3,82.9,84.9,63.9,74.3,59.2,61.6,55.8,55.8,57.1,,56.8,86.7,74.3,,,104.3,99.3,100.2,97.6,99.0,,,,109.8,109.8,106.8,124.9,109.2,,,,,104.8,49.5,76.5,,,59.2,,,130.8,,151.7,80.0,75.0,159.0,,,,,54.1,53.8,50.5,55.8,52.6,194.6,59.9,31.0,40.0,,52.8,49.8,,68.5,,62.3,52.3,,53.5,
198111,79.7,81.2,79.9,86.7,66.4,81.8,88.7,,,102.3,,76.6,,82.2,62.9,91.5,66.7,73.9,,,73.3,,,,73.6,,70.9,64.5,,77.1,,103.7,172.3,92.7,74.2,77.6,79.4,77.3,85.2,,72.6,,84.0,79.4,69.4,,,,86.3,,84.4,,,72.6,88.1,88.7,81.0,98.0,56.5,61.3,76.3,48.8,97.3,,80.6,79.1,83.3,78.2,86.4,75.0,,82.6,68.1,103.4,,73.7,111.4,84.9,,72.7,74.1,74.2,65.6,,71.1,84.2,59.6,72.1,109.6,82.3,126.0,93.5,81.5,72.9,,,,,120.3,,,147.1,,,87.9,,,65.3,,52.6,56.7,36.7,,,,97.7,68.6,75.6,73.3,82.9,84.9,63.9,74.3,59.4,61.7,56.0,55.9,57.5,,59.4,86.7,74.3,,,104.3,99.3,100.2,97.6,99.0,,,,109.9,109.9,106.8,124.8,109.2,,,,,105.2,49.5,77.3,,,59.2,,,130.8,,151.7,80.0,75.0,159.0,,,,,54.1,53.8,50.5,55.8,52.6,194.6,59.9,31.0,40.0,,52.8,49.8,,68.5,,62.3,52.3,,53.5,
198112,79.7,81.1,79.6,86.4,66.1,81.8,88.5,,,101.8,,76.5,,82.0,62.8,91.0,66.9,73.5,,,72.6,,,,72.7,,71.1,63.9,,76.3,,106.2,,93.5,74.4,77.6,79.4,77.7,85.3,,74.1,,84.3,79.2,69.5,,,,85.6,,83.7,,,72.6,87.7,88.7,81.0,96.9,56.6,61.1,76.0,49.0,97.9,,80.6,79.4,83.2,78.2,86.4,75.2,,82.9,68.0,103.5,,74.1,111.4,85.2,,72.9,74.2,74.3,65.8,,71.1,84.4,59.6,72.5,111.0,82.3,126.0,93.5,81.6,73.4,,,,,120.5,,,147.1,,,88.0,,,65.9,,52.6,56.7,36.7,,,,97.9,69.0,75.6,73.3,82.9,84.9,63.9,74.3,59.4,61.9,56.2,55.9,58.8,,60.4,86.7,74.3,,,104.3,99.3,100.2,97.6,99.0,,,,109.9,109.9,106.8,124.7,109.5,,,,,105.5,49.6,77.8,,,59.2,,,130.8,,151.9,80.0,75.0,159.0,,,,,54.1,53.8,50.5,55.8,52.6,194.6,59.9,31.0,40.0,,52.8,49.8,,68.5,,62.3,52.3,,53.5,
198201,76.3,74.9,79.5,86.3,66.4,74.3,84.8,,,95.4,,72.1,,78.0,63.0,87.0,67.3,62.6,,,57.9,,,,65.1,,64.1,60.2,,65.0,,103.8,,91.2,73.9,75.6,76.1,74.9,85.5,,74.1,,78.3,76.2,68.1,,,,79.7,,78.2,,,72.8,87.5,88.7,81.0,95.6,57.0,61.3,76.0,49.5,98.1,,80.7,79.4,83.5,77.8,86.4,75.2,,82.8,68.2,102.0,,73.6,111.2,85.4,,73.0,74.4,74.3,65.9,,71.3,85.3,59.6,72.6,112.6,82.3,126.0,93.5,81.6,73.6,,,,,120.7,,,147.1,,,88.2,,,66.2,,52.6,56.7,36.7,,,,98.2,69.8,75.6,73.3,82.9,84.9,63.9,74.3,60.1,62.7,56.6,56.6,60.1,,62.9,86.7,74.3,,,104.3,99.4,100.2,97.6,99.4,,,,110.0,110.0,106.6,124.5,109.5,,,,,105.4,49.8,77.9,,,59.2,,,130.8,,151.9,80.0,75.0,159.0,,,,,54.1,53.8,50.5,55.8,52.6,194.6,59.9,31.0,40.0,,52.8,49.8,,68.5,,62.3,52.3,,53.5,
198202,73.3,69.9,79.9,87.4,66.6,68.0,81.1,,,88.4,,67.3,,75.3,63.1,82.1,67.6,53.9,,,48.5,,,,63.9,,57.1,54.1,,52.3,,102.4,,89.6,74.0,73.4,72.5,71.6,85.6,,71.3,,72.7,73.6,67.7,,,,72.2,,71.9,,,72.6,87.0,88.4,80.9,94.2,57.1,61.4,76.1,49.6,97.9,,80.4,79.2,82.9,77.5,86.4,75.3,,82.3,68.3,101.7,,72.8,111.1,85.1,,73.1,74.5,74.5,66.1,,71.5,85.3,59.6,72.8,113.1,82.3,126.0,93.6,81.6,74.2,,,,,120.8,,,147.6,,,88.1,,,66.4,,53.0,56.7,37.5,,,,98.5,70.4,75.6,73.3,82.9,84.9,63.9,74.3,60.2,62.7,56.6,56.7,60.7,,62.9,98.1,74.3,,,104.4,100.0,100.2,98.4,99.7,,,,110.1,110.1,106.4,124.2,109.5,,,,,105.5,49.8,78.2,,,59.2,,,130.8,,151.9,80.0,75.0,159.0,,,,,54.1,53.8,50.5,55.8,52.6,194.6,59.9,31.0,40.0,,52.8,49.8,,68.5,,62.3,52.3,,53.5,
198203,74.2,71.6,79.9,87.6,67.0,70.0,80.9,,,87.9,,66.6,,74.7,63.6,81.0,67.7,57.1,,,47.7,,,,67.6,,56.8,58.8,,,,104.6,179.4,90.7,74.7,73.3,72.4,71.9,86.1,,72.2,,73.0,73.6,68.5,,,,70.6,,70.2,,,72.7,86.7,88.7,80.9,92.7,57.4,62.1,76.2,49.9,97.8,,81.0,80.2,84.2,78.4,86.4,75.5,,82.5,68.5,103.8,,73.9,111.1,85.5,,73.2,74.6,74.6,66.3,,71.5,85.4,59.5,72.9,113.5,82.2,126.0,93.7,81.8,74.4,,,,,120.9,,,147.6,,,88.1,,,66.8,,53.0,56.7,37.5,,,,98.5,70.3,75.6,73.3,82.9,84.9,63.9,74.3,60.2,62.7,56.6,56.7,60.8,,62.4,98.1,74.3,,,104.3,100.0,100.2,98.4,99.7,,,,110.1,110.1,106.3,123.9,109.4,,,,,105.5,49.8,78.1,,,59.2,,,130.8,,151.9,80.0,75.0,159.0,,,,,54.1,53.8,50.5,55.8,52.6,194.6,59.9,31.0,40.0,,52.8,49.8,,68.5,,62.3,52.3,,53.5,
198204,74.9,72.5,80.8,87.9,67.1,71.0,83.6,105.6,,87.8,,65.1,80.2,75.6,63.6,82.7,67.9,57.3,,,47.5,,,,60.8,,,61.4,,,,104.4,179.4,90.3,74.7,74.0,73.5,72.5,86.6,67.5,69.5,,74.0,74.6,68.4,,,,71.0,88.1,72.7,,,72.8,86.0,88.8,80.8,89.4,58.0,62.4,76.5,50.6,98.5,98.7,81.1,80.2,84.3,78.5,86.4,75.4,,84.0,68.6,104.6,,74.6,111.1,85.7,,73.6,74.8,74.9,66.8,,72.0,85.5,59.5,73.1,114.0,82.2,126.0,93.8,81.9,74.6,,,,,121.6,,,148.1,,,88.9,,,67.1,,53.4,56.7,39.4,,,,98.8,70.2,75.6,73.3,82.9,84.9,63.9,74.3,60.2,62.7,56.7,56.7,60.9,,61.7,98.1,74.3,,,104.9,100.0,100.2,98.4,99.7,,,,109.8,109.8,107.4,125.7,110.0,,,,,105.9,50.1,78.4,,,59.2,,,130.8,,151.9,80.0,75.0,159.0,,,,,57.0,57.0,52.8,57.3,55.1,208.3,62.5,34.0,43.6,,56.9,51.6,,68.5,,62.3,54.8,,56.0,
198205,79.9,80.9,80.8,87.7,67.4,81.3,89.6,105.1,,,,,80.1,,63.8,,68.0,72.5,,,,,77.2,,,,,59.2,,,,103.7,179.0,89.0,74.7,78.1,80.0,80.0,87.0,73.1,,,,78.1,67.4,,,,,90.3,,,,73.1,86.1,88.8,80.8,90.0,58.2,62.7,76.1,50.9,98.9,98.7,81.0,80.0,84.4,78.3,86.4,75.6,,83.9,68.6,104.4,,74.2,111.1,85.7,,73.6,74.9,75.0,66.9,,72.0,85.6,59.5,73.1,114.2,82.2,126.2,93.8,81.9,74.8,,,,,121.9,,,148.1,,,89.1,,,67.1,,53.4,56.7,39.4,,,,99.8,72.2,80.4,78.3,87.3,89.4,68.1,79.6,60.4,62.9,56.8,56.8,60.9,,61.7,98.1,74.3,,,105.2,100.0,100.2,98.4,99.7,,,,110.0,110.0,107.7,126.1,109.6,,,,,106.2,50.3,78.7,,,59.2,,,130.8,,151.9,80.0,75.0,159.0,,,,,57.2,57.1,53.5,58.5,55.1,208.3,62.5,34.0,43.6,,56.9,51.6,,68.5,,62.3,54.8,,56.0,
198206,80.7,81.4,80.8,87.5,67.4,81.9,89.3,104.4,,,,,80.0,,63.6,,67.8,73.9,,,,,77.7,,,,,,,,,103.0,177.9,88.3,74.7,80.3,82.9,79.9,86.9,73.2,,,,83.1,,,,,,89.9,,,,73.9,88.6,88.8,80.7,,58.2,62.7,75.6,51.2,99.0,98.8,81.0,80.2,84.1,78.0,86.4,75.7,,84.1,68.8,105.1,,74.4,111.1,85.7,,73.7,75.0,75.0,67.0,,72.1,85.7,59.9,73.1,114.6,82.1,126.2,93.8,82.1,75.1,,,,,122.0,,,148.3,,,89.1,,,67.1,,53.4,56.7,39.4,,,,99.8,72.4,79.8,78.3,85.5,87.5,68.1,79.6,60.4,62.9,56.8,56.8,60.9,,61.7,98.1,85.9,,,105.2,100.0,100.2,98.4,99.7,,,,110.1,110.1,107.7,126.1,109.5,,,,,106.3,50.3,78.7,,,59.2,,,130.8,,151.9,80.0,75.0,159.0,,,,,57.2,57.2,53.7,59.1,55.1,208.3,62.5,34.0,43.6,,56.9,51.6,,68.5,,62.3,54.8,,56.0,
198207,77.8,76.9,80.3,87.1,66.8,76.6,86.6,98.4,,,,,76.8,,63.4,,67.8,66.0,,,,,69.0,,,,,,,,,101.9,178.3,85.9,75.6,77.1,77.8,79.2,87.1,70.8,,,,74.9,,,,,,81.0,,,,74.1,88.6,88.8,80.6,,58.5,62.8,75.7,51.5,99.0,98.8,81.0,80.1,83.7,78.2,86.5,76.1,,83.9,68.8,103.6,,74.4,111.2,86.3,,73.8,75.2,75.2,67.2,,72.1,85.7,60.1,73.1,114.9,82.1,126.3,93.8,82.0,75.5,,,,,122.0,,,148.5,,,89.2,,,67.3,,53.4,56.7,39.4,,,,100.0,72.6,80.4,78.3,87.3,89.4,68.1,79.6,60.5,63.0,56.9,56.9,61.0,,61.7,98.1,85.9,,,105.1,100.0,100.2,98.4,99.7,,,,110.2,110.2,107.7,126.0,109.7,,,,,106.3,50.6,78.9,,,59.2,,,130.8,,151.9,80.0,75.0,159.0,,,,,57.2,57.2,53.7,59.1,55.1,208.3,62.5,34.0,43.6,,56.9,51.6,,68.5,,62.3,54.8,,56.0,
198208,72.0,67.8,80.3,87.1,67.3,65.2,82.0,88.9,,,,,70.5,,63.5,,67.9,48.7,,,,,49.7,,,,,,,,,99.7,176.5,82.5,75.4,71.8,69.2,75.4,87.3,60.4,,,,62.8,,,,,,67.9,,,,74.1,88.6,88.8,80.5,,58.9,63.0,75.4,52.0,98.7,98.6,80.8,79.8,83.2,78.4,86.4,76.0,,83.4,70.1,101.9,,73.1,111.2,85.9,,73.9,75.1,75.2,67.3,,72.1,85.8,60.9,73.1,115.1,82.0,126.4,93.8,81.9,75.5,,,,,122.0,,,148.5,,,89.3,,,66.9,,53.4,56.7,39.4,,,,101.0,72.7,80.4,78.3,87.3,89.4,68.1,79.6,60.5,63.0,56.9,56.9,61.4,,61.7,98.1,85.9,,,107.2,100.0,100.2,98.4,99.7,,,,110.2,110.2,110.6,131.3,109.4,,,,,106.3,50.6,78.9,,,59.2,,,130.8,,151.9,80.0,75.0,159.0,,,,,57.2,57.2,53.7,59.1,55.1,208.3,62.5,34.0,43.6,,56.9,51.6,,68.5,,62.3,54.8,,56.0,
198209,80.1,80.5,81.4,88.7,67.7,80.6,87.0,86.5,,105.8,,80.9,68.9,86.5,63.8,,68.6,72.6,,,74.5,,,,77.2,,74.8,73.4,,,,104.4,180.6,89.4,76.3,79.2,81.2,78.6,87.8,60.1,74.4,,87.7,81.1,73.6,,,,92.1,65.2,87.1,,,73.8,87.8,88.8,80.6,97.5,58.9,63.4,75.3,52.0,98.3,98.5,81.4,80.0,84.3,78.4,86.2,76.1,,84.9,70.3,106.6,,74.5,111.4,86.4,,73.9,75.2,75.1,67.4,,72.3,86.1,61.6,73.1,115.4,82.0,126.4,93.8,82.5,75.7,,,,,122.7,,,149.8,,,89.9,,,67.1,,53.4,56.7,39.4,,,,101.1,72.8,80.2,78.3,85.8,87.9,75.8,79.6,60.5,63.0,56.9,56.9,62.0,,61.7,98.1,85.9,,,107.4,100.2,100.2,98.4,99.9,,,,110.5,110.5,110.8,131.6,109.6,,,,,106.6,50.9,79.1,,,59.2,,,130.8,,151.9,80.0,75.0,159.0,,,,,57.2,57.2,53.7,59.1,55.1,208.3,62.6,34.0,43.6,,57.3,51.6,,68.5,,62.3,54.8,,56.0,
198210,82.6,85.1,82.9,90.3,68.9,86.0,91.7,,,105.7,,79.9,,86.5,64.2,88.7,68.7,79.4,,,77.2,,,,76.5,,75.4,72.6,,87.8,,104.6,180.6,89.6,76.6,80.4,83.1,80.3,88.0,,73.5,,88.3,84.1,73.4,,,,92.3,,86.4,,,73.9,87.9,88.7,80.7,97.6,59.0,63.1,75.5,52.2,98.5,,81.7,80.3,84.7,78.4,86.2,76.2,,83.4,70.0,107.3,,75.1,111.1,86.2,,73.9,75.2,75.3,67.5,,72.4,86.4,62.4,73.4,115.7,82.0,126.3,93.9,83.1,75.8,,,,,123.5,,,153.5,,,89.7,,,67.3,,53.4,56.7,39.4,,,,101.3,73.1,80.7,78.3,87.3,89.4,75.8,79.6,60.5,63.1,57.0,56.9,63.2,,61.8,98.1,85.9,,,107.4,100.3,100.2,98.4,100.1,,,,110.2,110.2,110.8,131.6,109.7,,,,,106.6,51.3,79.1,,,59.2,,,130.8,,152.0,80.0,75.0,159.0,,,,,57.2,57.2,53.7,59.1,55.1,208.3,62.6,34.0,43.6,,57.3,51.6,,68.5,,62.3,54.8,,56.0,
198211,82.7,85.2,83.5,90.9,69.2,86.1,92.0,,,105.2,,80.1,,86.5,64.2,95.1,68.9,79.4,,,76.4,,,,75.4,,75.3,71.3,,88.4,,104.9,180.0,90.3,76.8,80.3,82.9,80.4,88.1,,74.1,,88.3,84.0,73.1,,,,92.2,,85.6,,,74.0,87.7,88.7,80.6,97.2,59.1,63.5,75.4,52.3,98.7,,81.6,80.4,84.4,78.3,86.4,76.0,,83.9,70.3,107.8,,75.5,111.4,86.6,,74.0,75.3,75.3,67.6,,72.5,86.7,63.1,73.4,115.7,82.0,126.3,93.9,84.7,76.0,,,,,124.2,,,154.7,,,90.3,,,67.6,,53.4,56.7,39.4,,,,101.3,73.0,80.2,78.3,85.8,87.9,75.8,79.6,60.5,63.1,57.0,56.9,63.4,,61.8,98.1,85.9,,,107.4,100.5,100.2,98.4,100.6,,,,110.1,110.1,110.8,131.5,109.6,,,,,106.6,51.4,79.3,,,59.2,,,130.8,,152.0,80.0,75.0,159.0,,,,,57.2,57.2,53.7,59.1,55.1,208.3,62.6,34.0,43.6,,57.3,51.6,,68.5,,62.3,54.8,,56.0,
198212,82.0,84.0,83.2,90.4,69.4,84.6,91.5,,,104.8,,79.5,,85.7,64.4,93.9,69.1,76.9,,,72.7,,,,73.8,,74.3,70.8,,84.9,,105.2,,91.8,76.8,80.0,82.3,79.8,88.6,,73.3,,87.1,83.4,72.9,,,,91.0,,85.3,,,74.1,87.7,88.7,80.6,97.2,59.3,63.9,75.3,52.4,98.7,,81.8,80.7,84.7,78.2,86.7,76.0,,84.0,70.4,108.5,,75.7,111.6,86.8,,74.2,75.5,75.4,67.9,,72.6,87.0,63.8,73.3,115.8,82.0,126.2,93.9,85.8,76.0,,,,,124.2,,,155.3,,,90.3,,,67.7,,53.5,56.7,39.4,,,,101.4,73.2,80.3,78.3,86.2,88.3,75.8,79.6,60.6,63.2,57.1,57.0,63.4,,62.6,98.1,85.9,,,107.4,100.5,100.2,98.4,100.6,,,,110.1,110.1,110.7,131.3,109.7,,,,,106.9,51.7,79.8,,,59.2,,,130.8,,152.2,80.0,75.0,159.2,,,,,57.2,57.2,53.7,59.1,55.1,208.3,62.6,34.0,43.6,,57.3,51.6,,68.5,,62.3,54.8,,56.0,
198301,78.6,78.2,83.9,91.8,69.5,77.1,87.3,,,97.8,,74.4,,81.9,64.5,86.9,69.3,66.2,,,58.9,,,,72.4,,67.3,63.8,,71.4,,104.6,,91.2,76.9,77.6,78.5,77.0,88.7,,73.3,,81.6,79.4,70.6,,,,83.7,,79.0,,,74.1,87.3,88.7,80.6,95.1,59.4,64.1,75.3,52.6,98.8,,81.8,80.6,84.7,78.4,87.0,75.8,,83.9,70.8,107.1,,75.6,111.6,86.9,,74.2,75.6,75.5,67.9,,72.3,87.3,64.5,73.2,116.1,82.1,126.2,93.9,87.2,76.4,,,,,124.8,,,157.9,,,90.5,,,68.0,,53.0,56.0,39.5,,,,101.3,73.4,80.4,78.3,86.6,88.7,75.8,79.6,60.6,63.2,57.1,57.0,64.2,,63.1,98.1,85.9,,,107.0,100.6,100.2,98.6,100.6,,,,110.2,110.2,110.2,130.2,109.7,,,,,107.0,51.8,79.8,,,59.2,,,130.8,,152.2,80.0,75.0,159.2,,,,,57.2,57.2,53.7,59.1,55.1,208.3,62.6,34.0,43.6,,57.3,51.6,,68.5,,62.3,54.9,,56.1,
198302,75.3,72.1,84.1,92.0,69.9,69.7,82.8,,,89.9,,70.9,,77.1,64.5,79.9,69.3,55.8,,,50.3,,,,68.7,,57.5,56.5,,55.2,,102.6,,89.1,76.4,75.3,75.1,74.4,89.0,,74.1,,75.6,76.6,70.7,,,,74.8,,72.7,,,73.8,86.5,88.8,80.7,91.7,59.6,64.3,75.3,52.7,98.0,,81.7,79.7,84.4,78.4,87.2,76.0,,83.2,70.8,104.5,,73.9,111.6,87.3,,74.3,75.6,75.6,68.1,,72.5,87.4,64.8,73.2,116.3,82.1,126.2,93.9,88.2,76.5,,,,,125.1,,,157.7,,,90.8,,,67.8,,53.1,56.1,39.5,,,,100.8,73.3,80.2,78.3,85.8,87.8,75.8,79.6,60.7,63.2,57.2,57.0,64.2,,63.1,98.1,85.9,,,106.1,100.6,100.2,98.6,100.6,,,,110.1,110.1,108.7,127.3,109.7,,,,,107.0,51.8,79.8,,,59.2,,,130.8,,152.2,80.0,75.0,159.2,,,,,57.2,57.2,53.7,59.1,55.1,208.3,62.6,34.0,43.6,,57.3,51.6,,68.5,,62.3,54.9,,56.1,
198303,75.9,73.4,84.0,91.7,70.0,71.3,82.6,,,89.6,,69.4,,77.4,64.5,79.0,70.0,58.3,,,49.7,,,,69.2,,56.5,60.5,,,,106.1,185.8,89.7,76.6,75.3,74.7,73.7,89.0,,73.9,,74.3,76.9,71.7,,,,73.5,,70.5,,,74.1,86.8,88.9,80.8,92.4,59.9,64.6,75.4,53.2,98.6,,82.0,80.8,84.8,78.4,87.5,75.9,,83.9,71.1,107.5,,75.3,111.0,87.3,,74.4,75.8,75.6,68.2,,72.5,87.5,65.1,73.2,116.4,82.1,126.0,93.9,88.5,76.5,,,,,125.2,,,157.7,,,90.9,,,67.8,,53.1,56.1,39.5,,,,100.4,73.5,80.7,78.3,87.3,89.4,75.8,79.6,60.7,63.2,57.3,57.0,64.2,,62.6,98.1,85.9,,,104.8,100.6,100.2,98.6,100.6,,,,110.0,110.0,107.0,124.3,109.7,,,,,106.8,52.9,80.0,,,59.2,,,130.8,,152.5,80.0,75.0,159.2,,,,,57.2,57.2,53.7,59.1,55.1,208.3,62.6,34.0,43.6,,57.3,51.6,,68.5,,62.3,55.3,,56.5,
198304,76.8,74.5,84.8,92.1,71.0,72.5,85.7,108.4,,89.4,,70.7,83.8,78.6,64.8,78.7,70.3,58.5,,,49.8,,,,65.2,,,59.5,,,,105.8,185.4,89.4,76.9,76.2,76.0,74.2,89.4,70.5,72.4,,74.6,78.8,71.9,,,,75.2,94.1,71.1,,,74.4,86.5,89.3,80.7,91.4,60.4,65.2,75.9,53.7,99.2,99.1,82.4,80.9,85.5,78.4,87.5,76.0,,86.1,71.3,108.5,,75.5,111.1,87.8,,74.6,76.0,75.8,68.4,,72.7,87.7,65.4,73.3,116.4,82.1,126.0,94.0,88.8,76.5,,,,,125.8,,,159.5,,,91.2,,,68.0,,53.3,56.1,40.0,,,,99.4,73.5,80.7,78.3,87.3,89.4,75.8,79.6,61.2,63.7,58.1,57.6,64.2,,61.9,98.1,86.3,,,102.7,100.6,100.2,98.6,100.6,,,,109.8,109.8,104.0,118.6,109.7,,,,,106.9,53.0,81.0,,,59.2,,,130.8,,152.5,80.0,75.0,159.2,,,,,59.8,60.0,55.0,60.1,57.3,215.0,65.6,37.8,47.2,,60.9,53.1,,68.5,,62.3,56.6,,57.8,
198305,81.9,83.2,85.3,92.8,71.2,83.1,92.1,108.4,,,,,84.2,,64.8,,70.3,73.7,,,,,78.5,,,,,58.8,,,,105.5,186.8,88.1,77.1,79.9,82.0,81.7,89.4,73.9,,,,80.3,69.8,,,,,90.6,,,,74.4,86.1,89.2,80.6,90.2,60.6,65.2,75.9,54.0,99.2,99.0,82.5,81.2,85.6,78.4,87.5,76.0,,86.2,71.3,108.9,,75.3,111.2,87.7,,74.5,76.0,75.7,68.6,,72.7,87.7,65.6,73.3,116.4,82.1,126.0,94.0,89.3,76.5,,,,,126.6,,,162.1,,,91.3,,,68.7,,53.2,56.1,39.9,,,,99.0,73.5,80.7,78.3,87.3,89.4,75.8,79.6,61.2,63.7,58.1,57.6,64.2,,61.9,98.1,86.3,,,101.9,100.7,100.5,98.9,100.6,,,,109.8,109.8,102.7,116.5,109.6,,,,,106.9,53.6,81.0,,,59.2,,,130.8,,152.2,80.0,75.0,159.2,,,,,59.8,60.1,56.0,61.4,57.3,215.0,65.6,37.8,47.2,,60.9,53.1,,68.5,,62.3,56.6,,57.8,
198306,81.8,82.5,84.9,92.5,70.9,82.2,91.8,108.0,,,,,84.3,,64.8,,69.9,72.7,,,,,75.9,,,,,,,,,104.6,185.6,86.8,77.1,81.1,83.2,82.2,89.8,74.4,,,,82.1,,,,,,88.9,,,,75.3,88.8,89.3,80.6,,60.9,65.0,75.8,54.4,99.0,98.8,82.5,81.4,85.3,78.2,87.5,76.0,,86.1,71.6,108.5,,75.2,111.6,87.8,,74.6,76.1,75.8,68.7,,72.9,87.7,65.8,73.2,116.7,82.1,126.0,94.0,89.6,76.5,,,,,127.1,,,164.7,,,91.1,,,69.2,,53.3,56.1,39.9,,,,98.7,73.3,80.1,78.3,85.5,87.5,75.8,79.6,61.2,63.7,58.1,57.6,64.2,,61.9,98.1,86.3,,,101.3,100.7,100.5,98.9,100.7,,,,109.7,109.7,101.8,114.6,109.7,,,,,106.8,54.0,81.0,,,59.2,,,130.8,,152.2,80.0,75.0,159.2,,,,,59.8,60.2,56.3,61.5,57.3,215.0,65.6,37.8,47.2,,60.9,53.1,,68.5,,62.3,56.6,,57.8,
198307,79.9,79.8,84.9,92.6,70.9,78.9,88.9,101.6,,,,,80.9,,64.8,,69.7,68.6,,,,,71.6,,,,,,,,,103.5,184.5,85.1,77.6,78.5,79.3,81.7,90.0,72.7,,,,75.6,,,,,,81.8,,,,75.2,88.7,89.2,80.4,,60.9,65.2,75.7,54.4,99.0,98.8,82.6,81.4,85.5,78.4,87.5,76.0,,86.0,71.6,107.6,,74.9,112.0,88.1,,74.7,76.1,75.9,68.7,,72.9,87.9,66.0,74.3,116.8,82.1,126.0,94.0,89.8,76.5,,,,,127.2,,,164.9,,,91.3,,,69.2,,53.3,56.1,39.9,,,,98.3,73.5,80.7,78.3,87.3,89.4,75.8,79.6,61.2,63.7,58.1,57.6,64.2,,61.9,98.1,86.3,,,100.3,100.7,100.5,98.9,100.7,,,,109.8,109.8,100.4,112.4,109.2,,,,,104.6,55.1,81.2,,,59.2,,,130.8,,152.2,80.0,75.0,159.2,,,,,59.8,60.2,56.3,61.5,57.3,215.0,65.6,37.8,47.2,,60.9,53.1,,68.5,,62.3,56.6,,57.8,
198308,73.3,69.4,84.9,92.6,71.2,66.2,83.9,91.5,,,,,72.8,,64.6,,69.6,49.2,,,,,50.7,,,,,,,,,100.6,181.0,81.3,77.5,72.4,69.4,78.2,89.8,63.8,,,,61.2,,,,,,66.2,,,,75.2,88.6,89.0,80.2,,61.0,65.6,76.0,54.4,98.8,98.7,82.5,81.1,85.1,78.4,87.5,75.9,,84.9,71.5,104.9,,73.1,112.0,87.7,,74.7,76.2,75.9,68.7,,73.0,88.1,66.1,75.6,117.0,82.0,126.0,94.0,90.0,76.5,,,,,127.8,,,165.1,,,91.3,,,70.2,,53.3,56.1,39.9,,,,97.6,73.6,80.7,78.3,87.3,89.4,75.8,79.6,61.4,63.9,58.3,57.8,64.2,,62.2,98.1,86.3,,,99.3,100.7,100.5,98.9,100.7,,,,109.7,109.7,99.1,109.9,109.2,,,,,104.2,55.2,81.2,,,59.2,,,130.8,,148.7,80.0,75.0,154.9,,,,,59.8,60.2,56.3,61.5,57.3,215.0,65.6,37.8,47.2,,60.9,53.1,,68.5,,62.3,56.6,,57.8,
198309,82.0,83.3,85.8,93.7,71.8,83.1,88.8,88.5,,107.8,,84.5,70.2,88.4,65.0,,70.3,76.1,,,75.8,,,,78.1,,74.9,77.0,,,,103.5,183.5,85.5,77.9,80.4,82.3,79.8,90.3,66.7,73.9,,87.3,82.6,74.6,,,,95.3,64.7,87.1,,,75.2,88.2,89.2,80.5,99.9,61.2,65.6,76.1,54.8,98.6,98.7,82.7,81.5,85.3,78.6,87.7,76.0,,86.5,71.3,109.7,,75.2,112.3,88.2,,74.9,76.2,76.0,68.8,,73.2,88.6,66.7,77.8,117.1,82.0,126.0,94.0,90.1,76.5,,,,,128.3,,,166.3,,,91.4,,,70.9,,53.4,56.1,39.9,,,,98.4,73.4,80.2,78.3,85.8,87.9,75.8,79.6,61.4,63.9,58.3,57.8,64.2,,62.2,98.1,86.3,,,101.4,101.4,100.7,98.9,101.7,,,,109.7,109.7,101.8,115.2,109.0,,,,,102.5,55.5,80.4,,,59.2,,,130.8,,148.7,80.0,75.0,154.9,,,,,59.8,60.2,56.3,61.5,57.3,215.0,65.6,37.8,47.2,,60.8,53.1,,68.5,,62.3,56.6,,57.8,
198310,83.9,86.5,86.2,94.5,72.4,87.1,93.8,,,107.9,,84.5,,88.7,65.0,89.7,70.5,80.0,,,76.2,,,,77.0,,75.6,76.1,,83.8,,104.9,184.1,88.0,78.2,82.0,84.6,81.1,90.5,,73.7,,88.8,86.0,75.0,,,,94.5,,88.7,,,75.5,88.2,89.1,80.4,100.0,61.6,65.8,76.1,55.3,98.7,,83.0,81.8,85.7,78.6,87.8,75.8,,84.5,71.3,110.0,,75.7,112.3,88.2,,74.9,76.3,76.0,68.9,,73.4,89.4,69.2,79.4,117.0,82.4,125.9,93.9,90.3,76.5,,,,,128.4,,,166.8,,,91.2,,,71.4,,53.4,56.1,40.0,,,,98.8,73.7,80.7,78.3,87.3,89.4,75.8,79.6,61.4,64.0,58.3,57.8,65.0,,62.2,98.1,86.3,,,102.0,101.4,100.7,98.9,101.7,,,,109.8,109.8,102.6,116.6,108.9,,,,,103.3,55.5,80.5,,,59.2,,,130.8,,148.7,80.0,75.0,154.9,,,,,59.8,60.2,56.3,61.5,57.3,215.0,65.6,37.8,47.2,,60.8,53.1,,68.5,,62.3,56.6,,57.8,
198311,84.8,88.3,86.9,95.1,73.1,89.0,94.0,,,107.9,,84.7,,88.9,64.8,93.1,70.5,83.3,,,77.2,,,,76.8,,75.7,73.7,,99.5,,105.2,184.1,88.4,78.1,81.9,84.5,80.7,90.5,,74.2,,87.7,86.1,74.7,,,,95.2,,88.0,,,75.6,88.6,89.2,80.3,101.3,61.7,66.0,76.2,55.4,98.7,,82.9,81.9,85.6,78.5,87.7,76.0,,84.9,71.6,110.4,,75.9,112.3,88.2,,75.0,76.3,76.0,68.9,,73.8,91.2,77.0,81.5,117.2,82.8,126.0,94.1,90.6,76.5,,,,,129.0,,,166.9,,,91.4,,,72.3,,53.4,56.1,40.0,,,,98.7,73.6,80.2,78.3,85.8,87.9,75.8,79.6,61.5,64.1,58.5,57.8,65.4,,62.2,98.1,86.3,,,102.0,102.3,100.7,99.6,102.9,,,,109.8,109.8,102.2,115.9,109.0,,,,,102.5,55.8,81.0,,,59.2,,,130.8,,148.7,80.0,75.0,154.9,,,,,59.8,60.2,56.3,61.5,57.3,215.0,65.6,37.8,47.2,,60.8,53.1,,68.5,,62.3,56.6,,57.8,
198312,83.9,86.4,87.4,95.6,74.0,86.6,93.0,,,105.7,,83.3,,88.4,64.9,92.6,70.7,80.0,,,75.9,,,,75.7,,74.6,72.3,,89.1,,103.4,,89.4,78.4,81.7,84.0,80.3,90.5,,73.6,,86.9,85.8,74.6,,,,94.5,,87.0,,,75.7,88.6,89.2,80.3,101.5,62.1,66.0,76.3,55.8,98.5,,83.0,82.3,85.6,78.5,87.5,76.0,,84.9,71.7,110.5,,75.9,112.1,88.3,,75.1,76.4,76.1,69.1,,74.0,92.6,82.7,82.1,117.1,83.4,126.0,94.1,90.8,76.5,,,,,129.1,,,166.6,,,91.1,,,73.1,,53.4,56.1,40.0,,,,98.6,74.0,80.3,78.3,86.2,88.3,75.8,79.6,61.6,64.1,58.5,57.9,66.3,,63.1,98.1,86.3,,,101.3,102.3,100.7,99.6,102.9,,,,109.6,109.6,101.1,114.1,109.0,,,,,102.1,56.3,81.0,,,59.2,,,130.8,,148.8,80.0,75.0,154.9,,,,,59.9,60.2,56.3,61.5,57.3,215.0,65.6,37.8,47.2,,60.8,53.1,,69.4,,63.0,56.6,,57.8,
198401,80.4,80.3,87.4,95.7,74.3,79.2,89.3,,,100.2,,77.3,,84.5,64.8,87.7,70.7,69.4,,,63.4,,,,70.0,,68.2,65.1,,75.3,,100.7,,86.4,78.5,79.5,80.7,78.3,90.4,,72.1,,83.7,82.1,72.4,,,,88.4,,82.0,,,75.6,88.1,89.1,80.2,99.4,62.0,66.1,76.1,55.8,98.5,,83.0,82.2,85.5,78.2,87.6,76.0,,84.6,71.0,108.9,,75.4,112.1,88.6,,75.1,76.5,76.2,69.2,,74.3,93.5,87.2,82.6,117.2,83.7,126.0,94.1,90.9,76.5,,,,,129.8,,,167.8,,,91.2,,,73.9,,53.4,56.1,40.0,,,,98.5,74.1,80.4,78.3,86.6,88.7,75.8,79.6,61.6,64.1,58.5,57.9,66.5,,63.9,98.1,86.3,,,100.9,102.3,100.7,99.6,102.9,,,,109.6,109.6,100.6,112.8,108.8,,,,,102.8,56.6,81.1,,,59.2,,,130.8,,148.8,80.0,75.0,154.9,,,,,59.9,60.2,56.3,61.5,57.3,215.0,65.6,37.8,47.2,,60.8,53.1,,69.4,,63.0,56.6,,57.8,
198402,77.3,74.9,87.7,96.1,74.3,72.4,84.4,,,92.5,,70.7,,79.5,65.4,80.9,70.8,60.4,,,52.4,,,,68.3,,59.2,61.7,,66.0,,99.1,,84.7,78.6,77.5,77.4,74.8,90.5,,71.0,,77.0,78.3,70.8,,,,80.1,,80.7,,,75.5,87.5,89.2,80.2,97.1,62.1,66.2,76.0,56.0,98.5,,82.8,81.8,85.3,78.0,87.5,76.0,,84.3,71.3,109.2,,74.0,112.0,88.5,,75.1,76.5,76.1,69.2,,74.4,94.3,90.2,83.5,117.0,83.7,126.0,94.1,91.2,76.5,,,,,130.2,,,167.6,,,91.4,,,74.8,,53.4,56.1,40.0,,,,98.9,75.1,80.2,78.3,85.8,87.8,75.8,79.6,66.3,68.9,63.2,62.5,66.5,,63.9,98.1,86.3,,,100.5,102.4,101.2,99.6,102.9,,,,109.6,109.6,100.1,111.8,108.8,,,,,102.8,56.7,81.4,,,59.2,,,130.8,,148.8,80.0,75.0,154.9,,,,,59.9,60.2,56.3,61.5,57.3,215.0,65.6,37.8,47.2,,60.8,53.1,,69.4,,63.0,56.6,,57.8,
198403,77.7,75.5,87.9,96.3,74.9,73.1,83.2,,,90.3,,68.8,,79.4,65.6,77.4,70.9,61.1,,,50.1,,,,70.3,,57.7,64.6,,,,104.6,187.8,85.3,78.8,77.7,77.7,75.2,90.6,,71.4,,77.6,79.2,71.8,,,,80.4,,78.8,,,75.7,87.9,89.2,80.2,98.5,62.5,66.7,76.4,56.3,98.3,,83.4,83.2,86.0,78.7,87.6,76.1,,84.6,71.7,110.4,,75.7,111.9,88.6,,75.2,76.5,76.2,69.3,,74.3,94.7,92.4,84.0,116.9,83.6,126.0,94.1,91.3,76.5,,,,,130.3,,,167.4,,,91.4,,,75.0,,53.0,55.3,40.5,,,,98.9,75.4,80.7,78.3,87.3,89.4,75.8,79.6,66.3,68.9,63.2,62.6,66.5,,64.4,98.1,86.3,,,100.6,102.4,101.2,99.6,102.9,,,,109.7,109.7,100.1,112.0,108.8,,,,,102.5,56.9,81.0,,,59.2,,,130.8,,148.8,80.0,75.0,154.9,,,,,59.9,60.2,56.3,61.5,57.3,215.0,65.6,37.8,47.2,,60.8,53.1,,69.4,,63.0,56.7,,58.0,
198404,78.9,76.9,88.8,96.8,75.1,74.5,86.1,109.5,,89.9,,67.1,84.8,79.4,66.0,78.0,71.0,62.1,,,51.7,,,,66.5,,,64.7,,,,104.7,188.4,85.1,79.0,78.9,79.4,76.9,91.0,75.2,71.2,,78.7,80.6,73.1,,,,80.7,90.6,81.7,,,75.8,87.9,89.3,80.2,98.3,62.5,66.7,76.5,56.4,98.9,99.0,83.5,83.0,86.3,78.8,87.5,76.4,,87.3,71.4,111.0,,76.3,112.1,88.8,,75.3,76.8,76.3,69.6,,75.0,95.9,98.0,84.8,116.8,83.6,126.0,94.1,91.3,76.5,,,,,130.6,,,167.6,,,91.5,,,75.5,,53.6,55.3,42.6,,,,99.0,75.5,80.7,78.3,87.3,89.4,75.8,79.6,66.3,68.9,63.2,62.6,66.5,,65.7,98.1,86.3,,,100.5,102.4,101.2,99.6,102.9,,,,109.7,109.7,100.0,111.7,108.8,,,,,102.8,57.0,81.0,,,59.2,,,130.8,,148.8,80.0,75.0,155.1,,,,,62.3,62.6,58.0,62.2,59.0,225.2,68.3,39.3,50.0,,63.7,54.5,,69.4,,63.0,59.2,,60.5,
198405,83.9,85.9,89.0,97.0,75.2,85.5,93.1,108.8,,,,,85.2,,66.1,,70.8,77.7,,,,,82.3,,,,,63.9,,,,105.1,190.5,84.8,78.8,81.8,84.2,84.1,91.1,77.3,,,,82.3,71.8,,,,,91.9,,,,75.6,87.0,89.4,80.2,94.3,62.5,66.7,76.3,56.3,99.2,99.0,83.7,83.4,86.4,79.2,87.5,76.6,,87.3,71.5,111.3,,76.1,112.1,88.8,,75.3,76.8,76.4,69.6,,75.0,96.0,98.0,84.8,116.8,83.6,126.0,94.1,91.5,76.5,,,,,130.8,,,167.8,,,91.8,,,75.8,,53.6,55.3,42.6,,,,100.3,78.2,86.8,85.1,92.3,94.5,82.0,86.2,66.8,69.3,64.0,63.0,66.8,,65.9,98.1,86.3,,,100.2,103.2,101.6,100.6,103.7,,,,109.8,109.8,99.2,110.4,108.6,,,,,102.6,57.0,80.9,,,59.2,,,130.8,,148.7,80.0,75.0,155.1,,,,,62.4,62.8,58.5,62.7,59.0,225.2,68.3,39.3,50.0,,63.7,54.5,,69.4,,63.0,59.2,,60.5,
198406,83.8,85.5,89.1,97.0,75.2,85.0,92.6,108.0,,,,,84.9,,66.1,,70.6,77.0,,,,,80.5,,,,,,,,,105.1,190.7,84.9,78.3,82.2,84.5,84.6,91.3,78.6,,,,82.3,,,,,,89.1,,,,76.2,88.6,89.4,80.2,,62.5,67.0,76.3,56.4,99.2,99.0,83.9,83.5,86.6,79.3,87.5,76.7,,87.3,71.6,110.9,,76.3,112.3,88.7,,75.3,76.8,76.4,69.5,,75.1,96.1,98.4,85.0,116.8,83.5,126.0,94.1,91.6,76.5,,,,,131.0,,,167.8,,,91.7,,,76.0,,53.6,55.3,42.7,,,,99.9,78.2,86.4,85.1,90.6,92.8,82.0,86.2,66.9,69.6,64.1,63.1,66.9,,66.2,98.1,86.3,,,99.6,103.2,101.6,100.6,103.7,,,,109.6,109.6,98.3,108.7,108.5,,,,,102.6,57.0,80.9,,,59.2,,,130.8,,148.7,80.0,75.0,155.1,,,,,62.4,62.8,58.6,62.9,59.0,225.2,68.3,39.3,50.0,,63.7,54.5,,69.4,,63.0,59.2,,60.5,
198407,81.7,82.5,88.9,96.8,75.1,81.5,90.8,103.5,,,,,83.1,,66.0,,70.7,72.0,,,,,74.9,,,,,,,,,104.3,189.7,83.8,78.2,79.3,79.8,83.9,91.2,76.9,,,,74.8,,,,,,80.9,,,,76.2,88.7,89.4,80.2,,62.6,67.1,76.3,56.4,99.3,99.1,83.7,83.1,86.5,79.1,87.6,76.7,,87.1,71.6,110.1,,76.1,112.1,88.6,,75.5,77.0,76.5,69.5,,75.1,96.1,98.4,85.1,116.4,83.5,125.9,94.1,91.6,76.5,,,,,131.4,,,167.6,,,92.1,,,76.5,,53.6,55.3,42.7,,,,100.4,78.9,86.8,85.1,92.3,94.5,82.0,86.2,67.7,70.4,64.5,63.9,67.7,,68.0,98.1,86.3,,,99.7,103.2,101.6,100.6,103.7,,,,109.6,109.6,98.6,108.9,108.5,,,,,102.6,57.8,80.9,,,59.2,,,130.8,,148.7,80.0,75.0,155.1,,,,,62.4,62.8,58.6,62.9,59.0,225.2,68.3,39.3,50.0,,63.7,54.5,,69.4,,63.0,59.2,,60.5,
198408,75.2,72.1,88.9,96.6,75.5,68.7,84.0,89.8,,,,,72.8,,66.0,,70.7,53.6,,,,,55.4,,,,,,,,,100.5,187.0,77.6,78.3,73.4,70.4,79.7,91.1,65.6,,,,61.6,,,,,,66.7,,,,76.2,88.7,89.4,80.2,,62.5,67.0,76.1,56.2,99.3,99.1,83.9,83.1,86.8,79.6,87.5,76.7,,85.7,71.7,106.0,,74.5,112.0,88.5,,75.5,77.1,76.5,69.6,,75.1,96.1,98.4,85.1,116.4,83.4,125.8,94.1,91.6,76.5,,,,,131.4,,,167.6,,,92.0,,,76.7,,53.6,55.3,42.7,,,,100.2,79.3,87.6,85.1,95.0,97.3,82.0,86.2,67.7,70.5,64.5,63.9,67.9,,68.1,98.1,86.3,,,99.8,103.3,101.6,100.6,103.8,,,,109.6,109.6,98.6,109.0,108.8,,,,,102.6,57.8,80.9,,,59.2,,,130.8,,145.6,80.0,75.0,151.5,,,,,62.4,62.8,58.6,62.9,59.0,225.2,68.3,39.3,50.0,,63.7,54.5,,69.4,,63.0,59.2,,60.5,
198409,83.5,85.1,89.5,97.3,76.9,84.5,89.7,88.1,,108.2,,86.6,70.3,91.3,66.0,,70.9,78.3,,,77.7,,,,81.7,,80.1,85.8,,,,103.7,188.4,83.2,79.0,81.5,83.3,81.2,91.9,66.3,75.3,,89.4,85.3,77.5,,,,98.4,64.3,81.8,,,76.5,89.4,89.5,80.3,104.4,62.9,67.6,76.4,56.6,98.8,99.1,84.1,83.2,87.2,79.3,87.6,76.7,,87.2,71.7,111.7,,75.4,112.0,88.7,,75.5,77.2,76.5,69.6,,75.1,96.2,98.4,85.3,116.4,83.4,125.7,94.1,91.8,76.4,,,,,131.5,,,167.8,,,92.0,,,77.1,,53.6,55.3,42.7,,,,101.0,78.9,86.6,85.1,91.0,93.2,82.0,86.2,67.7,70.5,64.5,63.9,68.3,,68.1,98.1,86.3,,,102.1,103.6,101.6,100.7,104.5,,,,109.5,109.5,101.8,115.0,108.5,,,,,102.6,57.8,81.0,,,59.2,,,130.8,,145.6,80.0,75.0,151.5,,,,,62.4,62.8,58.6,62.9,59.0,225.2,68.3,39.3,50.0,,63.8,54.5,,69.4,,63.0,59.2,,60.5,
198410,86.9,91.0,89.9,97.7,77.8,91.6,94.8,,,107.8,,85.6,,91.0,65.8,93.9,71.3,87.4,,,82.8,,,,79.9,,81.0,81.5,,100.6,,106.0,188.9,87.2,79.4,83.9,86.8,82.7,91.9,,74.5,,90.8,88.8,77.6,,,,96.9,,90.9,,,76.6,89.6,89.5,80.3,105.3,62.9,67.7,76.2,56.7,99.2,,84.3,83.3,87.5,79.6,87.8,77.0,,86.1,71.8,111.3,,77.7,112.1,88.7,,75.6,77.4,76.6,69.7,,77.9,96.1,98.3,85.3,116.3,83.4,125.7,94.0,91.7,76.5,,,,,131.7,,,167.6,,,92.1,,,77.1,,56.9,59.9,42.7,,,,101.2,79.2,86.8,85.1,92.3,94.5,82.0,86.2,67.9,70.6,64.7,64.0,69.1,,68.1,98.1,86.3,,,102.2,103.7,103.0,100.7,104.5,,,,109.4,109.4,101.9,115.2,108.4,,,,,102.7,57.8,81.0,,,59.2,,,130.8,,145.6,80.0,75.0,151.5,,,,,62.5,62.8,58.6,62.9,59.0,225.2,68.3,40.8,50.0,,63.8,54.5,,69.4,,63.0,59.2,,60.5,
198411,87.1,91.3,90.4,98.3,77.9,91.9,95.2,,,107.5,,85.2,,91.0,66.0,98.5,71.6,87.8,,,82.6,,,,81.1,,80.6,78.0,,103.0,,106.4,188.4,88.1,80.0,84.0,87.0,82.5,92.1,,73.8,,90.7,88.7,77.8,,,,96.1,,92.4,,,76.9,89.5,89.5,80.2,105.0,63.3,68.9,76.2,57.0,99.1,,84.4,83.5,87.9,79.3,87.9,77.1,,86.7,71.9,112.8,,77.9,112.0,89.2,,75.7,77.4,76.6,70.1,,77.9,96.1,98.2,85.4,116.3,83.4,125.7,94.0,91.7,76.5,,,,,132.2,,,167.8,,,92.6,,,77.2,,56.9,59.9,42.7,,,,101.2,79.4,86.6,85.1,91.0,93.2,82.0,86.2,68.9,71.6,65.5,65.1,69.3,,68.1,98.1,86.3,,,102.0,104.0,103.0,101.0,104.7,,,,109.4,109.4,101.5,114.3,108.8,,,,,102.5,59.6,81.0,,,59.2,,,130.8,,145.6,80.0,75.0,151.5,,,,,62.5,62.8,58.6,62.9,59.0,225.2,68.3,40.8,50.0,,63.8,54.5,,69.4,,63.0,59.2,,60.5,
198412,86.5,90.1,90.1,98.3,76.8,90.5,94.7,,,106.4,,84.4,,90.5,66.2,98.1,71.8,86.0,,,82.6,,,,81.3,,80.3,77.5,,95.3,,103.2,,88.7,80.2,84.0,86.8,82.1,92.1,,71.4,,90.8,88.8,77.6,,,,96.9,,92.1,,,76.9,89.5,89.5,80.2,104.9,63.5,67.8,76.3,57.5,99.2,,84.5,83.6,88.0,79.5,87.8,77.1,,86.4,71.6,112.9,,77.9,111.8,89.1,,75.9,77.6,76.6,70.3,,78.0,96.2,98.1,85.4,116.3,83.4,125.5,94.0,91.9,76.5,,,,,132.9,,,167.8,,,93.2,,,78.1,,56.9,59.9,42.7,,,,101.1,79.6,86.8,85.1,92.3,94.5,82.0,86.2,68.9,71.6,65.5,65.2,69.8,,68.4,98.1,86.3,,,101.5,104.1,103.0,101.0,104.9,,,,109.0,109.0,100.7,112.9,108.6,,,,,102.5,59.6,81.0,,,59.2,,,130.8,,145.6,80.0,75.0,151.5,,,,,62.5,62.8,58.6,62.9,59.0,225.2,68.3,40.8,50.0,,63.8,54.5,,69.4,,63.0,59.2,,60.5,
198501,83.0,83.8,90.6,98.4,77.6,82.8,91.4,102.1,,103.3,,79.2,80.9,88.2,66.2,95.2,71.1,73.4,70.2,,68.8,,74.6,88.3,74.4,70.3,73.3,66.7,83.6,93.4,65.8,107.7,193.0,91.3,80.5,81.2,82.5,82.0,92.3,73.9,72.6,77.4,87.9,81.4,75.0,82.6,88.4,62.6,90.2,77.9,88.0,102.3,79.0,76.9,89.1,89.4,80.3,104.0,63.6,68.1,76.3,57.6,99.4,99.4,84.4,83.7,87.2,79.1,87.9,77.5,,87.7,71.9,113.6,,78.0,112.1,89.1,87.7,75.9,77.5,76.7,70.7,,78.7,96.5,98.4,85.6,116.2,83.6,125.3,94.1,91.9,76.5,,106.0,,,133.4,,,167.8,,,93.6,,,78.6,,57.6,60.7,42.3,73.8,,,101.4,79.8,86.8,85.1,92.2,94.4,82.0,86.6,68.8,71.5,65.5,65.2,70.8,,69.4,98.1,86.2,,,101.8,104.5,103.0,101.8,105.0,,,,108.9,108.9,100.9,110.5,108.0,,,,,102.7,59.7,81.1,70.9,81.2,59.2,,,131.1,73.9,145.8,80.0,75.0,151.5,,84.5,,,62.5,62.9,58.6,62.9,59.1,225.7,68.4,40.8,49.9,,63.7,54.6,,69.4,,63.0,59.6,,60.9,
198502,81.5,82.0,90.5,98.5,77.6,80.7,87.3,102.1,,95.1,,72.3,80.9,82.1,66.5,87.6,72.5,72.5,70.2,,59.8,,74.6,88.6,74.1,70.3,62.1,58.7,83.4,82.1,71.6,106.0,193.0,91.3,80.1,78.9,79.1,78.6,92.3,73.9,72.3,77.4,79.4,77.8,74.2,82.6,86.1,62.6,80.4,77.9,85.0,99.6,79.0,76.7,88.6,89.3,80.3,102.0,63.8,67.8,76.7,57.8,99.3,99.3,84.3,83.0,87.2,79.1,87.9,77.4,,86.9,72.0,111.3,,78.0,112.1,88.8,86.4,76.0,77.6,76.7,70.8,,78.7,96.5,98.3,85.6,116.2,83.6,125.0,94.1,91.9,76.5,,106.1,,,133.5,,,167.9,,,93.6,,,78.7,,57.6,60.7,42.3,73.9,,,101.0,79.7,86.5,85.1,90.8,93.0,82.0,86.6,68.9,71.5,65.5,65.2,71.0,,69.4,98.1,86.2,,,100.9,104.4,102.9,101.7,105.0,,,,108.7,108.7,99.8,108.4,107.5,,,,,102.4,59.9,81.2,70.9,81.2,59.2,,,131.1,74.1,145.8,80.0,75.0,151.5,,84.5,,,62.5,62.9,58.6,62.9,59.1,225.7,68.4,40.8,49.9,,63.7,54.6,,69.9,,63.5,59.6,,60.9,
198503,82.9,84.6,90.5,98.5,77.6,83.7,86.5,102.1,,93.3,,70.7,80.9,81.9,66.7,86.8,72.6,77.9,70.2,,74.3,,74.6,88.7,77.3,70.3,75.3,72.0,83.5,95.9,72.5,107.0,192.8,97.0,80.2,78.9,79.0,78.2,92.3,73.9,72.3,77.4,78.3,78.1,76.4,82.6,86.0,62.6,80.0,77.9,84.5,98.2,79.0,76.8,88.5,89.5,80.4,101.1,63.9,68.4,76.7,57.8,99.3,99.3,84.8,83.9,88.3,80.0,87.9,77.6,,87.5,71.9,113.3,,81.5,112.0,89.0,87.9,76.1,77.7,76.8,71.0,,80.0,96.5,98.3,85.8,116.1,83.5,125.0,94.1,92.0,76.6,,106.0,,,133.7,,,167.8,,,93.7,,,79.0,,59.2,62.2,44.4,74.0,,,101.4,79.8,86.8,85.1,92.4,94.6,82.0,86.6,68.9,71.5,65.5,65.2,71.0,,69.0,98.1,86.2,,,101.7,104.5,102.9,101.9,105.0,,,,108.8,108.8,100.8,110.4,106.5,,,,,102.4,59.9,81.2,71.0,81.5,59.2,,,131.1,74.2,145.8,80.0,75.0,151.5,,84.5,,,62.5,62.9,58.6,62.9,59.1,225.7,68.4,40.8,49.9,,63.7,54.6,,69.9,,63.5,59.6,,60.9,
198504,84.3,86.3,91.0,99.0,78.0,85.6,90.7,112.6,,92.6,,80.0,88.0,81.7,67.2,93.1,72.6,78.7,80.3,,74.3,,74.6,85.9,76.2,81.1,75.3,72.0,83.4,95.9,72.6,108.5,194.2,96.1,80.0,81.5,83.0,79.0,92.5,73.9,73.0,84.7,77.5,83.8,75.8,82.6,87.5,65.8,90.3,91.1,90.1,103.3,85.0,76.8,88.2,89.5,80.4,99.8,64.1,68.5,76.9,58.0,99.4,99.4,85.0,84.0,88.5,80.1,87.9,77.8,,88.0,72.0,114.2,,81.8,111.9,89.0,87.7,76.2,77.8,76.8,71.1,,80.1,96.6,98.4,85.7,116.0,83.4,125.0,94.1,92.0,77.0,,106.4,,,133.8,,,167.8,,,93.7,,,79.4,,59.3,62.2,44.8,74.6,,,101.4,79.8,86.8,85.1,92.4,94.6,82.0,86.6,69.1,71.6,65.7,65.4,71.3,,68.2,98.1,86.2,,,101.8,104.5,102.9,101.9,105.0,,,,109.1,109.1,100.9,110.5,106.5,,,,,102.4,59.9,81.3,71.0,81.7,59.2,,,131.1,74.4,145.8,80.0,75.0,151.5,,84.5,,,65.2,65.4,60.0,65.0,60.6,233.8,70.7,43.7,52.9,,65.7,56.2,,69.9,,63.5,63.0,,64.4,
198505,85.7,88.1,90.7,98.7,77.3,87.8,93.7,112.6,,101.9,,80.0,87.9,87.4,67.3,93.1,72.6,80.9,80.8,,74.3,,90.0,87.9,79.0,81.0,75.3,72.0,83.4,95.9,72.2,108.3,194.4,95.3,79.5,83.2,85.7,82.8,92.8,79.0,73.0,80.5,86.9,86.6,74.1,98.3,87.5,69.9,90.3,90.1,89.5,103.3,83.5,76.9,88.2,89.4,80.4,99.8,64.2,68.6,76.8,58.2,99.4,99.4,85.2,84.4,88.8,80.1,87.9,77.7,,87.9,72.0,113.9,,81.6,111.7,89.0,87.7,76.2,77.8,77.0,71.1,,80.2,96.6,98.4,85.7,116.0,83.4,125.2,94.1,92.1,77.5,,106.2,,,133.8,,,167.8,,,93.6,,,79.5,,59.3,62.2,44.8,74.8,,,102.8,81.3,90.6,89.2,94.8,97.1,86.3,90.4,69.1,71.6,65.8,65.4,71.4,,68.2,98.1,86.2,,,103.3,104.6,102.9,101.9,105.2,,,,109.5,109.5,103.0,110.1,106.5,,,,,102.4,60.0,81.3,71.5,81.7,59.2,,,174.9,74.4,145.8,80.0,75.0,151.5,,84.5,,,65.2,65.4,60.0,65.0,60.6,233.8,70.7,43.7,52.9,,65.7,56.2,,69.9,,63.5,63.0,,64.4,
198506,85.7,88.0,90.8,98.8,77.4,87.7,93.5,111.7,,101.9,,80.0,87.7,87.4,67.3,93.1,72.6,80.6,80.1,,74.3,,88.9,87.9,79.0,80.1,75.3,72.0,83.1,95.9,72.2,108.3,194.8,95.0,80.1,83.4,85.8,82.8,92.8,79.3,73.0,80.4,86.9,86.6,76.4,97.3,87.5,69.5,90.3,89.5,89.2,103.3,82.6,77.1,89.0,89.5,80.4,102.9,64.3,68.7,76.9,58.3,99.4,99.4,85.4,84.5,89.2,80.2,87.9,77.8,,87.9,72.1,114.0,,81.4,111.7,89.0,87.6,76.3,77.7,77.0,71.2,,80.2,96.7,98.2,85.8,115.8,83.4,124.8,94.1,92.2,79.4,,105.9,,,133.7,,,167.8,,,93.5,,,79.6,,59.3,62.2,44.9,74.9,,,102.6,81.2,90.2,89.2,93.2,95.4,86.3,90.4,69.1,71.7,65.9,65.4,71.4,,68.2,98.1,86.2,,,103.1,104.8,102.9,102.5,105.2,,,,109.5,109.5,102.6,109.3,106.5,,,,,102.3,60.0,81.2,71.5,82.0,59.2,,,174.9,74.6,145.8,80.0,75.0,151.5,,84.5,,,65.2,65.4,60.0,65.0,60.6,233.8,70.7,43.7,52.9,,65.7,56.2,,69.9,,63.5,63.0,,64.4,
198507,85.0,87.1,91.0,99.1,77.6,86.5,92.6,107.7,,101.9,,80.0,85.7,87.4,67.3,93.1,72.6,79.3,75.1,,74.3,,82.3,87.9,79.0,76.1,75.3,72.0,82.4,95.9,72.2,107.9,194.6,93.5,79.9,82.6,84.5,82.6,92.9,78.3,73.0,79.3,86.9,84.6,76.4,94.1,87.5,66.3,90.3,81.2,88.6,103.3,81.1,77.2,89.0,89.6,80.5,102.9,64.3,68.7,77.0,58.4,99.5,99.5,85.4,84.7,89.3,80.4,88.2,77.8,,87.8,72.1,112.7,,81.3,111.6,89.0,88.2,76.4,77.9,77.1,71.3,,80.3,97.0,98.2,85.8,115.7,83.5,124.8,94.1,92.0,81.5,,105.9,,,134.1,,,167.9,,,93.7,,,80.0,,59.3,62.2,44.9,75.1,,,102.5,81.3,90.7,89.2,95.3,97.6,86.3,90.4,69.2,71.8,65.9,65.4,71.4,,68.2,98.1,86.2,,,102.7,105.1,102.9,102.5,105.6,,,,109.3,109.3,101.9,107.9,106.3,,,,,101.6,60.0,81.3,71.5,82.0,59.2,,,174.9,74.7,145.8,80.0,75.0,151.5,,84.5,,,65.2,65.4,60.0,65.0,60.6,233.8,70.7,43.7,52.9,,65.7,56.2,,69.9,,63.5,63.0,,64.4,
198508,81.7,82.2,90.8,98.9,77.5,80.9,88.9,93.5,,101.9,,80.0,74.6,87.4,67.1,93.1,72.6,72.5,57.6,,74.3,,58.6,87.9,79.0,58.0,75.3,72.0,82.4,95.9,72.2,102.5,191.3,75.9,79.8,78.6,78.3,80.0,92.8,68.1,73.0,69.4,86.9,76.0,76.4,68.9,87.5,52.1,90.3,62.5,83.3,105.2,65.0,77.2,89.0,89.6,80.5,102.9,64.5,68.7,77.0,58.6,99.6,99.6,85.2,84.3,89.0,80.5,88.2,77.5,,86.7,72.1,108.0,,77.2,111.6,88.7,88.1,76.5,77.9,77.2,71.3,,80.3,97.2,98.2,85.8,115.7,83.5,124.8,94.1,92.0,82.9,,105.9,,,134.1,,,168.1,,,93.7,,,80.0,,59.3,62.2,44.9,75.1,,,102.3,81.5,91.0,89.2,96.9,99.2,86.3,90.4,69.2,71.8,65.9,65.4,71.4,,68.3,98.1,86.2,,,102.2,105.1,102.9,102.5,105.6,,,,109.3,109.3,101.3,106.5,106.3,,,,,101.6,60.0,81.3,71.7,82.0,59.2,,,174.9,74.9,145.8,80.0,75.0,151.5,,84.5,,,65.2,65.4,60.0,65.0,60.6,233.8,70.7,43.7,52.9,,65.7,56.2,,69.9,,63.5,63.0,,64.4,
198509,85.4,87.4,91.3,99.2,78.2,86.9,93.1,91.6,,112.9,,86.9,73.2,95.8,67.4,93.1,72.6,80.0,74.8,,83.7,,80.0,91.7,90.8,75.3,84.8,80.4,83.0,95.9,72.2,105.2,193.8,75.0,80.7,83.2,85.1,85.5,93.6,76.2,76.1,78.9,93.7,83.6,80.6,67.1,90.6,64.7,98.9,82.9,89.4,108.3,79.4,77.9,90.8,89.5,80.5,111.2,64.7,68.9,76.9,58.9,99.5,99.5,85.5,84.9,89.6,80.7,88.3,77.4,,88.4,72.0,114.5,,76.6,111.4,88.9,88.4,76.5,77.9,77.2,71.4,,80.3,97.3,98.1,85.8,115.7,83.4,124.8,94.1,92.1,84.6,,106.0,,,134.1,,,168.1,,,93.6,,,80.0,,59.3,62.2,44.9,75.1,,,102.3,81.3,90.3,89.2,93.2,95.5,89.1,90.4,69.2,71.8,65.9,65.4,71.4,,68.3,98.1,86.2,,,102.4,105.4,102.9,102.5,106.2,,,,109.0,109.0,101.5,106.0,106.3,,,,,102.2,60.0,81.7,71.7,82.0,59.2,,,174.9,77.2,145.8,80.0,75.0,151.5,,84.5,,,65.2,65.4,60.0,65.0,60.6,233.8,70.7,43.7,52.9,,65.7,56.2,,69.9,,63.5,63.4,,64.7,
198510,86.4,88.7,91.5,99.2,78.2,88.4,96.3,105.0,,112.5,,86.4,82.9,95.7,67.5,93.1,72.6,80.2,74.8,,86.1,,80.0,90.1,90.1,75.3,85.1,79.1,83.7,95.9,72.2,109.3,194.4,89.7,80.9,84.9,87.5,86.2,93.6,76.2,76.1,78.9,95.4,87.3,80.8,85.2,92.0,64.7,99.9,82.9,90.9,108.1,79.4,78.1,90.9,89.5,80.4,111.7,64.8,69.0,76.9,59.2,99.6,99.6,85.6,85.0,89.6,80.9,88.2,77.4,,89.0,72.0,115.2,,80.2,111.4,89.3,88.8,76.5,78.0,77.3,71.5,,80.4,97.4,98.1,85.8,115.6,83.4,124.9,94.1,92.0,85.5,,105.9,,,134.1,,,168.1,,,93.7,,,80.0,,59.3,62.2,44.9,75.1,,,102.7,82.1,90.6,89.2,94.5,96.7,89.1,90.4,69.8,72.4,66.7,66.0,72.2,,68.3,98.1,94.3,,,102.5,105.7,102.9,103.2,106.3,,,,109.1,109.1,101.4,105.9,106.1,,,,,102.2,60.0,81.7,71.7,82.2,59.2,,,174.9,77.4,145.8,80.0,75.0,151.5,,84.5,,,65.2,65.4,60.0,65.0,60.6,233.8,70.7,43.7,52.9,,65.7,56.2,,69.9,,63.5,63.4,,64.8,
198511,87.3,90.4,91.6,99.4,78.2,90.3,97.1,105.0,,112.4,,86.2,82.9,95.9,67.5,103.4,72.6,82.9,74.8,,88.0,,80.0,90.9,90.3,75.3,84.0,79.1,83.8,119.1,72.2,109.9,195.5,89.7,81.1,84.9,87.5,86.1,93.8,76.2,76.0,78.9,95.3,87.3,80.2,85.2,90.4,64.7,100.4,82.9,91.1,108.3,79.4,78.2,90.8,89.5,80.4,111.1,64.8,69.2,76.9,59.3,99.9,99.9,85.6,85.1,89.6,80.8,88.1,77.7,,89.2,72.1,115.4,,80.2,111.4,89.2,88.8,76.5,78.0,77.3,71.5,,80.4,97.5,97.9,85.8,115.6,83.3,124.8,94.1,92.0,86.6,,105.9,,,134.3,,,168.3,,,94.1,,,80.2,,59.4,62.2,45.0,75.1,,,102.8,82.1,90.3,89.2,93.2,95.5,89.1,90.4,69.9,72.5,66.8,66.0,72.9,,68.3,98.1,94.3,,,102.8,105.7,102.9,103.2,106.3,,,,109.3,109.3,101.8,106.6,105.9,,,,,102.1,60.0,81.7,71.7,82.2,59.2,,,174.9,77.5,145.8,80.0,75.0,151.5,,84.5,,,65.2,65.4,60.0,65.0,60.6,233.8,70.7,43.7,52.9,,65.7,56.2,,69.9,,63.5,63.4,,64.8,
198512,87.0,90.0,91.3,99.0,78.0,90.0,96.9,105.0,,111.4,,86.1,82.9,95.2,67.6,104.6,72.6,82.4,74.8,,87.1,,80.0,90.9,88.2,75.3,83.3,78.4,83.4,117.3,72.2,110.3,196.1,89.7,81.7,84.6,87.1,86.0,94.0,76.2,75.6,78.9,95.1,86.7,80.2,85.2,88.9,64.7,98.9,82.9,90.9,107.3,79.4,78.2,90.8,89.6,80.4,111.0,65.0,69.3,76.8,59.6,99.7,99.7,85.7,85.2,89.7,80.9,88.1,77.6,,89.3,72.0,115.4,,80.2,111.5,89.4,88.8,76.6,78.0,77.3,71.6,,80.5,97.5,97.9,85.8,115.6,83.4,124.8,94.1,92.0,87.4,,105.9,,,134.6,,,168.1,,,93.9,,,81.3,,59.4,62.2,45.0,75.4,,,103.0,82.4,90.5,89.2,94.0,96.2,89.1,90.4,69.9,72.5,66.9,66.1,73.9,,68.7,98.1,94.3,,,102.9,105.7,102.9,103.2,106.3,,,,109.1,109.1,102.1,107.1,105.9,,,,,102.1,60.4,81.9,71.7,82.3,59.2,,,174.9,77.7,145.8,80.0,75.0,151.5,,84.7,,,65.2,65.4,60.0,65.0,60.6,233.8,70.7,43.7,52.9,,65.7,56.2,,69.9,,63.5,63.4,,64.8,
198601,84.6,86.0,91.0,98.6,77.8,85.3,93.1,105.0,,104.3,,80.6,82.9,89.5,67.5,97.8,72.6,76.9,74.8,,68.5,,80.0,92.3,79.5,75.3,72.6,66.7,83.1,101.7,72.2,108.4,196.7,89.7,81.5,82.2,83.4,82.8,93.7,76.2,75.0,78.9,87.2,82.6,78.4,85.2,86.9,64.7,87.8,82.9,88.3,104.5,79.4,77.9,90.4,89.5,80.3,109.0,64.9,68.9,76.8,59.5,99.6,99.6,85.4,84.8,89.5,80.2,88.1,77.5,,88.7,72.0,113.1,,80.2,111.5,89.5,88.2,76.6,78.1,77.3,71.6,,80.6,97.8,97.9,85.8,115.5,83.3,124.7,94.1,92.1,88.9,,105.9,,,134.9,,,167.9,,,94.3,,,81.1,,59.4,62.2,45.0,75.4,,,103.0,82.5,90.5,89.2,94.3,96.5,89.1,90.4,69.9,72.5,66.9,66.1,73.9,,70.0,98.1,94.3,,,102.8,105.7,102.9,103.2,106.3,,,,109.0,109.0,101.8,106.5,105.9,,,,,102.0,60.4,81.9,71.7,82.6,59.2,,,174.9,77.8,145.8,80.0,75.0,151.5,,84.8,,,65.2,65.4,60.0,65.0,60.6,233.8,70.7,43.7,52.9,,65.7,56.2,,69.9,,63.5,63.4,,64.8,
198602,83.5,84.7,91.0,98.5,78.3,83.8,89.2,105.0,,96.3,,72.9,82.9,84.3,67.3,92.9,73.9,76.6,74.8,,61.2,,80.0,95.4,77.6,75.3,64.9,59.1,83.2,92.0,73.9,106.7,196.1,89.7,81.5,80.5,81.1,80.3,93.8,76.2,74.2,78.9,81.1,80.1,78.5,85.2,86.3,64.7,80.4,82.9,86.4,101.3,79.4,77.5,89.3,89.4,80.2,105.0,64.8,68.9,76.6,59.4,99.5,99.5,85.4,84.5,89.5,80.0,87.9,77.4,,88.2,72.0,112.2,,80.2,111.5,89.2,88.3,76.8,78.1,77.5,71.6,,80.6,97.8,97.8,85.8,115.5,83.4,124.7,94.1,92.1,89.1,,105.9,,,134.9,,,167.9,,,94.3,,,81.1,,59.4,62.2,45.0,75.4,,,102.9,82.5,90.3,89.2,93.2,95.5,89.1,90.4,70.1,72.7,67.1,66.2,74.1,,69.6,98.1,94.3,,,102.6,105.7,102.9,103.2,106.3,,,,108.9,108.9,101.5,105.8,105.9,,,,,102.1,60.5,81.9,71.7,82.7,59.2,,,174.9,77.9,145.8,80.0,75.0,151.5,,84.8,,,65.2,65.4,60.0,65.0,60.6,233.8,70.7,43.7,52.9,,65.7,56.2,,69.9,,63.5,63.4,,64.8,
198603,84.8,87.5,91.0,98.3,78.7,87.1,88.1,105.0,,94.0,,71.1,82.9,83.2,67.2,91.2,73.9,82.5,74.8,,78.0,,80.0,94.7,79.7,75.3,79.2,73.8,82.5,107.5,73.9,109.0,197.5,99.1,80.8,80.2,80.5,79.9,93.6,76.2,73.9,78.9,80.4,79.3,78.8,85.2,85.2,64.7,78.0,82.9,86.4,102.6,79.4,77.5,89.0,89.3,80.2,103.8,65.1,69.4,76.5,59.8,99.5,99.5,86.0,85.4,90.4,80.5,88.1,77.5,,89.0,72.1,115.4,,84.4,111.6,89.7,88.9,76.8,78.3,77.7,71.8,,80.6,97.8,97.8,85.8,115.5,83.4,124.7,94.1,92.1,89.3,,105.9,,,134.9,,,168.1,,,94.3,,,81.3,,59.4,62.2,45.0,75.4,,,102.6,82.6,90.8,89.2,95.3,97.6,89.1,90.4,70.1,72.7,67.1,66.2,74.3,,69.2,98.1,94.3,,,101.8,105.7,102.9,103.2,106.3,,,,109.1,109.1,100.6,103.7,105.9,,,,,102.2,60.6,82.0,71.8,82.9,59.2,,,174.9,78.0,145.8,80.0,75.0,151.5,,84.8,,,65.2,65.4,60.0,65.0,60.6,233.8,70.7,43.7,52.9,,65.7,56.2,,69.9,,63.5,63.4,,64.8,
198604,86.3,89.2,91.8,99.5,78.9,89.0,92.1,112.7,,93.7,,81.5,90.2,83.1,67.2,98.0,74.0,83.0,84.3,,78.0,,80.0,90.9,78.4,82.5,79.2,73.8,83.4,107.5,74.1,112.2,198.1,101.5,80.9,83.1,85.1,80.6,94.3,76.2,75.3,82.6,79.8,86.3,78.5,85.2,88.6,66.3,92.1,96.1,91.9,105.7,87.2,77.5,88.7,89.4,80.2,102.2,65.1,69.6,76.6,59.8,99.6,99.6,86.0,85.6,90.4,80.7,87.9,77.4,,89.7,72.1,116.0,,84.8,111.5,89.6,89.2,77.0,78.4,77.7,71.9,,81.7,97.8,97.6,86.2,115.5,83.3,124.4,94.1,92.2,89.4,,105.7,,,134.9,,,167.8,,,94.5,,,81.2,,60.9,63.2,47.8,75.5,,,102.0,82.5,90.7,89.2,95.1,97.4,89.1,90.4,70.2,72.8,67.2,66.3,74.3,,68.7,98.1,94.3,,,100.8,105.7,102.9,103.2,106.3,,,,109.0,109.0,98.9,100.5,105.8,,,,,101.8,60.9,81.9,72.2,83.0,59.2,,,174.9,78.1,145.8,80.0,75.0,151.5,,84.8,,,67.2,67.9,61.6,65.8,62.3,244.2,73.0,46.5,55.7,,70.3,57.4,,69.9,,63.5,64.2,,65.6,
198605,87.7,91.0,91.9,99.5,78.9,91.1,95.7,112.4,,104.7,,81.5,90.1,90.3,67.7,98.0,73.9,84.8,85.1,,78.0,,91.0,93.3,83.2,82.4,79.2,73.8,83.4,107.5,74.0,112.1,197.5,101.3,81.3,84.9,87.9,83.9,94.4,76.9,75.3,81.4,88.5,89.5,76.8,104.0,88.6,68.7,92.1,95.4,91.6,105.7,86.3,77.5,88.5,89.4,80.2,101.3,65.2,70.0,76.6,59.8,99.6,99.6,86.1,85.8,90.5,81.2,87.8,77.4,,89.5,72.0,115.6,,84.3,111.1,89.6,89.2,77.1,78.5,77.9,72.0,,81.7,97.9,97.5,87.0,115.5,83.3,124.4,94.1,92.2,89.6,,105.7,,,134.9,,,167.4,,,94.6,,,81.3,,60.9,63.2,47.8,75.7,,,101.7,82.5,90.7,89.2,94.8,97.1,89.1,90.4,70.2,72.8,67.2,66.3,74.3,,68.7,98.1,94.3,,,100.0,105.7,102.9,103.2,106.3,,,,109.4,109.4,98.0,98.3,105.9,,,,,101.7,61.1,82.1,72.5,83.0,59.2,,,174.9,78.2,145.8,80.0,75.0,151.5,,84.8,,,67.4,68.0,62.8,66.6,62.3,244.2,73.0,46.5,55.7,,70.3,57.4,,69.9,,63.5,64.2,,65.6,
198606,87.7,90.9,91.9,99.5,78.9,90.9,95.6,112.1,,104.7,,81.5,89.9,90.3,67.9,98.0,73.9,84.5,82.5,,78.0,,90.9,93.3,83.2,81.6,79.2,73.8,82.9,107.5,74.0,111.5,196.9,99.7,81.3,85.3,88.2,84.3,94.6,78.7,75.3,82.3,88.5,89.7,79.2,104.9,88.6,69.3,92.1,92.7,91.2,105.7,85.2,77.9,89.9,89.3,80.2,107.4,65.2,70.0,76.6,59.8,99.6,99.6,86.1,85.8,90.4,81.5,87.8,77.5,,89.6,72.1,116.0,,84.1,111.5,89.7,89.2,77.1,78.5,78.0,72.0,,81.7,97.9,97.6,87.8,115.5,83.3,124.3,94.1,92.1,89.6,,105.7,,,134.9,,,167.4,,,94.6,,,81.3,,60.9,63.2,47.8,76.0,,,101.2,82.5,90.3,89.2,93.2,95.4,89.1,90.4,70.2,72.8,67.2,66.3,74.3,,69.0,98.1,94.3,,,99.2,105.8,102.9,103.2,106.4,,,,108.8,108.8,96.7,95.7,105.8,,,,,101.8,61.2,82.1,72.5,83.0,59.2,,,174.9,78.3,145.8,80.0,75.0,151.5,,84.8,,,67.4,68.0,62.8,66.7,62.3,244.2,73.0,46.5,55.7,,70.3,57.4,,69.9,,63.5,64.2,,65.6,
198607,86.9,89.8,91.9,99.5,79.0,89.7,94.7,108.4,,104.7,,81.5,87.3,90.3,68.1,98.0,73.9,83.0,75.8,,78.0,,84.3,93.3,83.2,76.8,79.2,73.8,82.9,107.5,74.0,110.6,196.9,95.9,81.5,84.2,86.5,84.1,94.3,77.6,75.3,81.5,88.5,87.1,79.2,98.2,88.6,67.2,92.1,84.3,90.5,105.7,83.4,77.9,89.9,89.3,80.2,107.4,65.2,70.0,76.6,59.8,99.6,99.6,86.1,85.6,90.6,81.3,87.9,77.5,,89.3,72.1,114.2,,83.6,111.4,89.6,89.2,77.2,78.5,78.0,72.0,,81.8,98.0,97.7,89.1,115.5,83.2,124.2,93.9,92.2,89.7,,105.6,,,134.9,,,167.1,,,94.7,,,81.5,,60.9,63.2,47.8,76.1,,,100.7,82.6,90.8,89.2,95.3,97.6,89.1,90.4,70.2,72.8,67.2,66.3,74.3,,69.0,98.1,94.3,,,98.1,105.8,102.9,103.2,106.4,,,,108.5,108.5,95.2,92.5,105.8,,,,,101.8,61.2,82.1,72.7,82.9,59.2,,,174.9,78.4,145.8,80.0,75.0,151.5,,84.8,,,67.4,68.0,62.8,66.7,62.3,244.2,73.0,46.5,55.7,,70.3,57.4,,69.9,,63.5,64.2,,65.6,
198608,83.6,84.8,91.8,99.5,79.0,83.8,91.0,94.0,,104.7,,81.5,76.4,90.3,68.1,98.0,73.9,75.9,57.0,,78.0,,58.2,93.3,83.2,59.1,79.2,73.8,83.1,107.5,74.0,105.2,192.8,79.3,81.4,80.3,80.7,81.5,93.8,68.2,75.3,71.8,88.5,79.0,79.2,73.4,88.6,55.5,92.1,67.7,84.3,105.8,66.1,77.9,89.9,89.3,80.2,107.4,65.2,69.7,76.5,59.8,99.6,99.6,85.9,85.3,89.8,81.5,87.7,77.4,,88.3,72.1,109.1,,80.8,111.4,89.4,89.1,77.1,78.5,78.0,72.1,,81.9,98.4,99.1,91.8,115.6,83.2,124.2,93.9,92.1,89.9,,105.6,,,135.1,,,166.9,,,95.0,,,81.5,,60.9,63.2,47.8,76.1,,,100.3,82.8,91.0,89.2,96.9,99.2,89.1,90.4,70.2,72.8,67.2,66.3,74.6,,69.0,98.1,94.3,,,97.4,106.2,102.9,103.2,107.0,,,,108.4,108.4,94.2,90.6,105.3,,,,,101.8,61.1,82.1,72.7,83.1,59.2,,,174.9,78.4,144.4,80.0,75.0,150.0,,84.8,,,67.4,68.0,62.8,66.7,62.3,244.2,73.0,46.5,55.7,,70.3,57.4,,69.9,,63.5,64.2,,65.6,
198609,87.1,89.5,92.3,99.8,79.3,89.1,94.1,91.8,,112.7,,87.8,74.3,98.1,68.5,98.0,73.9,83.0,76.9,,86.0,,81.1,92.0,96.8,76.5,85.6,81.6,83.6,107.5,74.0,106.7,196.3,76.6,81.9,85.4,88.2,87.2,94.5,75.4,74.2,79.9,98.1,88.0,85.3,70.1,91.3,65.4,105.7,87.2,90.5,107.8,81.7,78.4,90.8,89.4,80.2,112.2,65.4,70.1,76.5,60.1,99.6,99.6,86.2,85.6,90.7,81.9,87.8,77.4,,89.5,72.1,115.4,,79.1,111.4,89.8,89.2,77.2,78.5,78.0,72.1,,81.9,98.7,100.6,93.0,115.5,83.2,124.2,93.9,92.3,89.9,,105.6,,,135.3,,,166.8,,,95.1,,,81.6,,60.9,63.2,47.8,76.1,,,100.7,84.3,94.5,93.9,96.1,98.3,93.5,94.1,70.3,72.9,67.4,66.4,75.0,,69.0,98.1,94.3,,,97.1,106.2,102.9,103.2,107.0,,,,108.6,108.6,93.7,89.5,105.1,,,,,101.8,62.7,81.9,72.7,83.1,59.2,,,174.9,78.5,144.4,80.0,75.0,150.0,,84.7,,,67.4,68.0,62.8,66.7,62.3,244.2,73.1,46.5,55.7,,70.4,57.4,,69.9,,63.5,64.2,,65.6,
198610,88.2,91.0,92.6,100.1,79.3,90.8,97.5,105.2,,112.3,,87.7,84.7,97.7,69.7,98.0,73.9,83.2,76.9,,86.0,,81.1,90.9,94.9,76.5,86.5,81.6,83.8,107.5,74.0,112.2,198.1,93.4,82.4,86.8,90.4,86.9,94.6,75.4,74.4,79.9,97.4,91.8,85.9,90.1,92.2,65.4,105.4,87.2,92.4,108.0,81.7,78.4,90.7,89.4,80.2,111.8,65.6,70.2,76.7,60.3,99.7,99.7,86.4,85.6,91.1,82.4,87.8,77.4,,90.1,72.1,116.2,,83.0,111.2,89.8,89.3,77.3,78.5,78.0,72.1,,82.0,99.0,102.6,94.2,115.5,83.2,124.0,93.9,92.8,90.2,,105.6,,,135.1,,,166.8,,,95.0,,,81.7,,60.9,63.2,47.8,76.1,,,101.1,84.4,94.8,93.9,97.3,99.6,93.5,94.1,70.3,72.9,67.5,66.5,75.4,,69.0,98.1,94.3,,,97.8,106.8,102.9,103.2,108.0,,,,108.6,108.6,94.3,88.0,105.1,,,,,101.8,62.7,81.8,72.7,83.2,59.2,,,174.9,86.8,144.4,80.0,75.0,150.0,,84.7,,,67.4,68.0,62.8,66.7,62.3,244.2,73.1,46.5,55.7,,70.4,57.4,,69.9,,63.5,64.2,,65.6,
198611,88.7,91.8,92.5,100.1,79.3,91.9,98.1,105.2,,112.1,,88.1,84.7,97.6,70.3,104.8,73.9,84.6,76.9,,85.7,,81.1,91.5,94.2,76.5,86.3,80.0,83.9,122.2,74.0,112.3,198.6,93.4,81.9,87.1,90.6,87.2,95.1,75.4,76.2,79.9,97.1,92.1,85.6,90.1,91.3,65.4,106.6,87.2,92.6,107.4,81.7,78.6,90.7,89.4,80.2,111.9,65.7,70.3,76.9,60.5,99.7,99.7,86.5,85.7,91.2,82.7,87.8,77.4,,90.3,72.1,116.5,,83.0,111.1,89.7,89.7,77.4,78.6,78.1,72.1,,82.1,99.3,104.4,95.2,115.4,83.1,123.9,93.9,93.6,90.2,,105.6,,,135.3,,,167.1,,,95.1,,,81.7,,60.9,63.2,47.8,76.2,,,100.8,84.3,94.5,93.9,96.1,98.3,93.5,94.1,70.4,72.9,67.7,66.5,75.8,,69.0,98.1,94.3,,,97.3,106.9,102.9,103.3,108.2,,,,108.6,108.6,93.7,86.7,105.1,,,,,101.8,62.7,81.8,72.7,83.2,59.2,,,174.9,86.8,144.4,80.0,75.0,150.0,,84.7,,,67.4,68.0,62.8,66.7,62.3,244.2,73.1,46.5,55.7,,70.4,57.4,,69.9,,63.5,64.2,,65.6,
198612,88.6,91.7,92.7,100.3,79.5,91.8,97.7,105.2,,111.1,,88.1,84.7,97.0,70.5,104.3,73.9,84.6,76.9,,85.6,,81.1,91.5,92.8,76.5,85.6,79.7,83.7,122.9,74.0,112.4,198.8,93.4,82.2,86.9,90.4,87.0,95.3,75.4,75.9,79.9,96.8,92.0,85.5,90.1,92.3,65.4,106.0,87.2,92.6,106.9,81.7,78.4,90.6,89.3,80.2,111.0,65.6,70.2,76.9,60.3,99.6,99.6,86.5,85.8,91.1,83.0,87.7,77.4,,90.2,72.1,116.5,,83.0,111.2,89.7,89.6,77.4,78.7,78.1,72.1,,82.1,99.6,105.2,96.0,115.4,83.0,123.8,93.9,94.4,90.2,,105.8,,,135.1,,,166.9,,,94.9,,,81.7,,60.9,63.2,47.8,76.3,,,100.6,84.5,94.7,93.9,96.9,99.2,93.5,94.1,70.4,73.0,67.7,66.5,76.1,,69.2,98.1,94.3,,,96.7,106.9,102.9,103.3,108.2,,,,108.8,108.8,92.8,85.1,105.1,,,,,101.5,63.2,81.2,73.1,83.2,59.2,,,174.9,86.8,144.4,80.0,75.0,150.0,,84.7,,,67.4,68.0,62.8,66.7,62.3,244.2,73.1,46.5,55.7,,70.4,57.4,,69.9,,63.5,64.2,,65.6,
198701,85.4,86.9,92.6,100.1,79.3,86.0,92.6,105.2,,101.6,,79.0,84.7,88.8,70.5,97.6,73.9,78.2,76.9,,68.3,,81.1,95.0,79.7,76.5,70.9,67.0,83.5,102.3,74.0,109.1,197.5,93.4,81.9,83.5,85.3,83.3,94.9,75.4,73.7,79.9,88.1,85.6,78.4,90.1,85.4,65.4,92.3,87.2,88.9,99.9,81.7,78.2,89.9,89.3,80.2,107.9,65.6,70.0,76.9,60.3,99.6,99.6,86.0,85.4,90.2,82.7,87.6,77.2,,89.6,72.1,113.3,,83.0,111.2,89.5,89.2,77.4,78.8,78.2,72.1,,82.8,99.9,106.9,96.4,115.3,83.2,123.8,93.9,95.6,90.2,,105.9,,,135.3,,,167.1,,,95.2,,,81.5,,61.8,64.3,47.9,76.1,,,100.6,84.6,94.7,93.9,97.2,99.5,93.5,94.1,70.4,73.0,67.7,66.5,76.1,,70.3,98.1,94.3,,,96.5,106.9,102.9,103.3,108.2,,,,108.8,108.8,92.5,83.9,105.0,,,,,101.5,63.3,81.1,73.1,83.2,68.3,,,174.9,86.8,144.4,80.0,75.0,150.0,,84.7,,,67.4,68.0,62.8,66.7,62.3,244.2,73.1,46.5,55.7,,70.4,57.4,,69.9,,63.5,64.2,,65.6,
198702,84.5,85.6,92.8,100.5,79.6,84.5,89.5,105.2,,95.4,,73.6,84.7,84.0,70.6,92.0,74.6,77.6,76.9,,61.9,,81.1,96.0,77.1,76.5,63.2,60.2,83.5,90.9,74.6,106.8,196.9,93.4,82.0,82.1,83.2,81.3,95.0,75.4,72.7,79.9,83.5,83.4,80.2,90.1,84.7,65.4,84.5,87.2,87.3,97.1,81.7,77.9,89.0,89.2,80.2,104.6,65.7,70.0,76.8,60.6,99.6,99.6,86.2,85.4,90.8,83.1,87.5,77.2,,89.3,72.2,112.2,,83.0,111.4,89.4,88.9,77.4,78.8,78.2,72.2,,82.9,100.1,107.1,96.7,115.3,83.2,123.8,93.9,96.1,90.2,,106.1,,,135.3,,,167.3,,,95.1,,,81.5,,61.8,64.3,47.9,76.1,,,101.5,84.5,94.5,93.9,96.1,98.4,93.5,94.1,70.4,73.0,67.7,66.5,76.1,,69.9,98.1,94.3,,,98.4,107.0,103.9,103.4,108.2,,,,108.9,108.9,95.2,89.4,104.9,,,,,101.5,63.3,81.1,73.5,83.2,68.3,,,174.9,86.7,144.4,80.0,75.0,150.0,,84.7,,,67.4,68.0,62.8,66.7,62.3,244.2,73.1,46.5,55.7,,70.4,57.4,,69.9,,63.5,64.2,,65.6,
198703,86.0,88.7,92.8,100.4,79.6,88.2,89.0,105.2,,94.3,,73.6,84.7,83.6,70.8,90.5,74.6,83.9,76.9,,78.9,,81.1,95.5,80.6,76.5,79.6,75.0,84.1,109.6,74.8,109.1,197.5,103.4,82.3,82.0,83.1,80.9,95.0,75.4,72.8,79.9,82.5,83.4,83.0,90.1,85.7,65.4,82.5,87.2,86.9,97.1,81.7,78.2,89.4,89.1,80.2,106.2,65.9,70.0,76.7,60.9,99.6,99.6,86.7,86.4,91.8,83.0,87.5,77.4,,90.0,72.2,116.1,,87.2,111.1,89.1,89.1,77.5,78.8,78.2,72.3,,82.9,100.2,107.2,97.0,115.3,83.2,123.8,93.9,96.5,90.3,,106.1,,,135.4,,,167.3,,,95.2,,,81.5,,61.8,64.3,47.9,76.4,,,101.8,84.7,95.0,93.9,98.1,100.5,93.5,94.1,70.4,73.0,67.7,66.5,76.8,,69.4,98.1,94.3,,,98.9,107.2,104.6,103.9,108.2,,,,109.0,109.0,95.8,90.6,104.9,,,,,101.5,63.4,81.1,73.5,83.5,68.3,,,174.9,86.7,144.4,80.0,75.0,150.0,,84.7,,,67.5,68.0,62.8,66.7,62.3,244.2,73.1,46.5,55.7,,70.4,57.4,,71.3,,64.8,64.5,,65.9,
198704,87.4,90.1,92.6,100.2,79.4,89.8,92.9,114.6,,93.7,,82.5,91.1,83.8,70.8,97.8,74.5,84.0,83.2,,78.9,,81.1,91.5,79.6,84.3,79.6,75.0,84.4,109.6,74.9,112.3,198.1,102.0,81.3,84.9,87.7,82.2,95.7,75.4,74.3,88.5,81.8,90.0,82.5,90.1,89.0,71.4,97.6,94.9,92.0,103.8,86.1,78.0,88.9,89.0,80.2,104.0,65.9,70.1,76.7,61.2,99.7,99.7,87.0,86.5,92.3,83.6,87.2,77.4,,90.5,72.4,116.4,,87.1,110.9,89.0,89.1,77.7,78.9,78.3,72.4,,83.0,100.2,107.4,97.3,115.3,83.2,123.8,93.9,97.0,90.2,,106.1,,,135.5,,,167.3,,,95.6,,,81.5,,61.9,64.3,48.2,76.7,,,102.6,84.6,94.9,93.9,98.0,100.4,93.5,94.1,70.4,73.0,67.8,66.5,76.8,,69.0,98.1,94.3,,,100.6,107.2,104.6,103.9,108.2,,,,109.0,109.0,98.3,95.6,104.6,,,,,101.7,63.7,80.8,74.3,83.5,68.3,,,174.9,86.7,144.4,80.0,75.0,150.0,,84.7,,,69.5,70.3,64.3,66.9,63.8,253.5,75.1,50.0,58.5,,73.5,58.6,,71.3,,64.8,66.0,,67.4,
198705,88.9,92.3,92.7,100.2,79.7,92.3,96.5,114.8,,104.2,,82.5,91.0,91.3,71.1,97.8,74.5,86.3,83.7,,78.9,,93.8,94.5,86.9,84.6,79.6,75.0,84.4,109.6,74.8,112.1,197.9,101.4,81.6,86.8,90.5,86.4,96.0,81.7,74.3,87.5,90.7,92.6,81.3,103.8,89.0,72.0,97.6,96.7,92.3,103.8,86.9,78.0,88.9,89.1,80.2,103.8,66.0,70.3,76.7,61.2,99.6,99.6,87.1,86.7,92.4,83.6,87.3,77.3,,90.5,72.3,117.1,,86.7,110.8,89.1,89.6,77.8,79.0,78.4,72.3,,83.1,100.3,107.4,97.4,115.3,83.2,123.8,93.9,97.1,90.2,,106.1,,,135.7,,,167.1,,,95.7,,,81.8,,61.9,64.3,48.2,77.0,,,102.6,84.6,94.9,93.9,97.7,100.1,93.5,94.1,70.4,73.0,67.8,66.5,76.8,,69.0,98.1,94.3,,,100.8,107.5,104.6,104.8,108.1,,,,109.0,109.0,98.3,95.5,104.6,,,,,101.9,63.7,80.8,74.5,83.7,68.3,,,174.9,86.7,144.4,80.0,75.0,150.0,,84.7,,,69.6,70.5,65.9,68.2,63.8,253.5,75.1,50.0,58.5,,73.5,58.6,,71.3,,64.8,66.0,,67.4,
198706,89.0,92.2,93.0,100.6,79.8,92.1,96.4,114.6,,104.2,,82.5,90.6,91.3,70.9,97.8,74.5,86.1,83.7,,78.9,,92.3,94.5,86.9,83.7,79.6,75.0,84.4,109.6,74.8,112.0,197.9,100.7,81.6,87.2,91.0,86.5,96.3,82.7,74.3,87.4,90.7,93.4,83.1,107.7,89.0,71.2,97.6,94.7,92.0,103.8,86.2,78.4,89.9,89.2,80.2,108.2,66.1,70.3,76.7,61.3,99.5,99.5,87.1,86.9,92.5,84.6,87.2,77.4,,90.5,72.3,117.1,,86.6,110.7,89.0,89.6,77.7,79.0,78.3,72.5,,83.1,100.3,107.5,97.5,115.3,83.2,123.8,93.9,97.3,90.2,,106.0,,,135.7,,,167.1,,,95.7,,,81.8,,61.9,64.3,48.2,77.0,,,102.7,84.9,94.5,93.9,96.0,98.2,93.5,94.1,72.2,75.0,69.4,68.3,76.9,,69.0,98.1,94.3,,,100.5,107.5,104.6,104.8,108.1,,,,109.4,109.4,98.0,94.8,104.6,,,,,101.9,63.7,80.8,74.7,83.8,68.3,,,174.9,86.7,144.4,80.0,75.0,150.0,,84.7,,,69.7,70.5,65.9,68.2,63.8,253.5,75.1,50.0,58.5,,73.5,58.6,,71.3,,64.8,66.0,,67.4,
198707,87.3,89.8,92.8,100.3,79.6,89.5,94.6,107.1,,104.2,,82.5,85.7,91.3,70.8,97.8,74.5,83.0,70.6,,78.9,,79.4,94.5,86.9,72.2,79.6,75.0,83.9,109.6,74.8,109.0,194.6,92.5,81.4,85.1,87.7,85.4,96.0,78.6,74.3,82.9,90.7,88.3,83.1,95.3,89.0,66.6,97.6,79.6,90.1,103.8,80.7,78.4,89.9,89.2,80.2,108.2,66.1,70.3,76.7,61.3,99.6,99.6,86.8,86.7,91.2,84.5,87.4,77.4,,90.0,72.7,113.9,,85.8,110.7,88.8,89.4,77.8,79.1,78.4,72.5,,83.1,100.4,107.4,97.6,115.3,83.2,123.8,93.9,97.4,90.2,,106.1,,,135.7,,,166.9,,,95.8,,,81.8,,61.9,64.3,48.2,77.0,,,102.6,85.2,95.0,93.9,98.1,100.5,93.5,94.1,72.2,75.0,69.4,68.3,76.9,,69.0,98.1,94.3,,,100.2,107.5,104.6,104.8,108.1,,,,109.6,109.6,97.6,93.8,104.6,,,,,101.9,63.8,80.8,75.7,83.8,68.3,,,174.9,86.7,144.4,80.0,75.0,150.0,,84.7,,,69.7,70.5,65.9,68.2,63.8,253.5,75.1,50.0,58.5,,73.5,58.6,,71.3,,64.8,66.0,,67.4,
198708,84.6,85.9,92.7,100.3,79.5,84.9,91.8,96.4,,104.2,,82.5,77.6,91.3,70.6,97.8,74.5,77.6,55.7,,78.9,,58.7,94.5,86.9,59.1,79.6,75.0,84.3,109.6,74.8,103.7,190.5,75.7,81.9,81.7,82.5,82.6,95.9,67.5,74.3,72.6,90.7,81.4,83.1,73.9,89.0,54.8,97.6,65.9,86.0,112.3,63.1,78.5,89.9,89.2,80.2,108.2,66.2,70.3,76.7,61.5,99.5,99.5,86.6,86.5,90.6,84.2,87.4,77.4,,89.2,72.6,111.2,,82.7,110.6,88.6,88.5,77.8,79.1,78.5,72.6,,83.1,100.5,107.5,97.9,115.3,83.1,123.8,93.9,97.6,90.3,,106.1,,,135.8,,,167.1,,,95.8,,,81.8,,61.9,64.3,48.2,77.1,,,102.6,85.2,95.2,93.9,99.7,102.1,93.5,94.1,72.2,75.0,69.4,68.3,76.9,,69.0,98.1,94.3,,,100.1,107.5,104.6,104.8,108.1,,,,109.5,109.5,97.4,93.5,104.6,,,,,101.9,64.0,80.8,75.7,83.8,68.3,,,174.9,86.7,144.4,80.0,75.0,150.0,,84.7,,,69.7,70.5,65.9,68.2,63.8,253.5,75.1,50.0,58.5,,73.5,58.6,,71.3,,64.8,66.0,,67.4,
198709,87.9,90.2,93.2,100.8,79.9,89.9,95.2,94.6,,113.2,,89.2,76.0,97.7,70.8,97.8,74.5,84.0,75.4,,85.0,,81.0,92.4,96.1,76.8,87.7,79.1,85.1,109.6,74.8,105.2,194.6,73.2,83.3,86.5,89.7,89.3,96.5,77.6,79.0,83.8,98.7,89.4,87.3,70.2,93.6,67.2,108.2,86.4,91.3,108.6,80.6,78.6,90.3,89.1,80.1,110.2,66.3,70.2,76.7,61.6,99.6,99.6,87.1,87.0,92.1,84.4,87.5,77.4,,90.3,72.6,118.1,,81.2,110.6,88.8,89.5,77.9,79.1,78.5,72.6,,83.1,100.6,107.6,98.1,115.3,83.2,123.7,93.8,97.8,90.4,,106.1,,,135.7,,,167.1,,,95.8,,,81.8,,61.9,64.3,48.2,77.2,,,102.4,84.9,94.5,93.9,96.1,98.3,93.5,94.1,72.2,75.0,69.4,68.3,76.9,,69.0,98.1,94.3,,,100.0,107.5,104.7,104.8,108.2,,,,109.3,109.3,97.3,93.2,104.6,,,,,101.9,64.1,80.8,75.7,83.8,68.3,,,174.9,86.7,144.6,80.0,75.0,150.1,,84.7,,,69.7,70.5,65.9,68.2,63.8,253.5,75.1,50.0,58.5,,73.5,58.6,,71.3,,64.8,66.2,,67.7,
198710,89.1,91.9,93.4,100.8,80.4,91.8,98.3,107.0,,112.9,,89.2,85.3,97.1,70.9,97.8,74.5,84.6,75.4,,90.7,,81.0,92.8,95.6,76.8,86.9,78.0,85.2,109.6,74.8,111.2,196.7,92.7,83.1,88.0,92.0,89.1,96.7,77.6,78.4,83.8,98.4,93.3,87.4,90.1,93.6,67.2,108.6,86.4,93.2,108.9,80.6,78.6,90.1,89.1,80.2,109.7,66.4,70.2,76.8,61.8,99.7,99.7,87.2,87.1,92.4,84.5,87.5,77.3,,90.8,72.6,118.8,,85.3,110.6,88.8,89.2,77.9,79.1,78.6,72.6,,83.1,100.6,107.3,98.3,115.0,83.1,123.7,93.9,97.9,90.6,,106.1,,,135.7,,,166.9,,,95.8,,,81.8,,61.9,64.3,48.2,77.3,,,102.5,85.2,94.8,93.9,97.3,99.6,93.5,94.1,72.4,75.2,69.7,68.4,77.1,,69.0,98.1,94.3,,,100.1,107.7,104.7,105.1,108.4,,,,109.4,109.4,97.2,93.1,104.6,,,,,101.9,64.1,80.8,75.7,84.1,68.3,,,174.9,86.8,144.6,80.0,75.0,150.1,,84.7,,,69.8,70.5,65.9,68.2,63.8,253.5,75.1,50.0,58.5,,73.5,58.6,,71.3,,64.8,66.3,,67.7,
198711,89.5,92.8,93.2,100.5,80.3,92.9,98.8,107.0,,112.9,,89.8,85.3,97.3,71.1,102.8,74.5,86.0,75.4,,90.8,,81.0,92.6,94.6,76.8,87.6,77.2,85.3,123.3,74.8,111.7,197.3,92.7,83.0,88.0,92.0,89.1,96.8,77.6,78.6,83.8,98.2,93.2,87.6,90.1,93.6,67.2,108.3,86.4,94.0,109.3,80.6,78.7,90.2,89.1,80.2,110.0,66.4,70.2,76.8,61.8,99.9,99.9,87.2,87.2,92.7,84.5,87.5,77.2,,90.8,72.6,119.0,,85.3,110.6,88.8,89.4,78.1,79.2,78.7,72.8,,83.1,100.8,107.3,98.4,115.0,83.2,123.8,93.9,98.1,90.6,,106.1,,,135.7,,,166.9,,,95.8,,,81.8,,61.9,64.3,48.2,77.3,,,102.4,85.1,94.5,93.9,96.1,98.3,93.5,94.1,72.4,75.2,69.7,68.4,77.4,,69.0,98.1,94.3,,,99.9,107.7,104.7,105.1,108.4,,,,109.4,109.4,97.0,92.7,104.5,,,,,101.9,64.1,80.8,75.7,84.1,68.3,,,174.9,86.8,144.6,80.0,75.0,150.1,,84.7,,,69.8,70.5,65.9,68.2,63.8,253.5,75.1,50.0,58.5,,73.5,58.6,,71.3,,64.8,66.3,,67.7,
198712,89.5,92.6,93.5,100.7,80.7,92.6,98.4,107.0,,111.6,,89.4,85.3,96.8,71.4,103.3,74.5,86.0,75.4,,90.9,,81.0,92.6,93.8,76.8,86.7,77.6,85.4,124.1,74.8,111.3,197.1,92.7,83.1,87.9,91.8,88.7,96.7,77.6,77.0,83.8,97.9,93.0,87.6,90.1,93.6,67.2,107.8,86.4,93.9,108.7,80.6,78.7,90.0,89.0,80.3,109.4,66.5,70.2,76.7,62.1,99.9,99.9,87.4,87.3,92.9,84.4,87.4,77.2,,90.8,72.6,119.0,,85.3,110.6,88.8,90.1,78.1,79.2,78.7,72.8,,83.1,100.8,107.2,98.5,115.0,83.1,123.8,93.9,98.3,90.6,,106.1,,,135.7,,,167.1,,,95.8,,,81.8,,61.9,64.3,48.2,77.5,,,102.3,85.2,94.7,93.9,96.9,99.2,93.5,94.1,72.4,75.2,69.8,68.4,77.4,,69.2,98.1,94.3,,,99.7,107.7,104.7,105.1,108.4,,,,109.1,109.1,96.6,91.8,104.5,,,,,101.9,65.6,80.8,75.7,84.1,68.3,,,174.9,86.9,144.6,80.0,75.0,150.1,,84.7,,,69.8,70.5,65.9,68.2,63.8,253.5,75.1,50.0,58.5,,73.5,58.6,,71.3,,64.8,66.3,,67.7,
198801,86.1,87.4,93.5,100.7,80.8,86.5,92.9,107.0,,100.9,,79.4,85.3,89.4,71.6,95.7,74.5,79.0,75.4,,70.7,,81.0,92.6,81.7,76.8,71.6,64.1,85.3,104.2,74.8,108.2,195.5,92.7,82.5,84.5,86.8,85.7,96.7,77.6,77.0,83.8,90.2,87.0,82.9,90.1,89.3,67.2,93.1,86.4,88.6,97.5,80.6,78.4,89.0,89.1,80.3,104.4,66.5,70.3,76.7,62.2,99.9,99.9,87.0,86.8,91.9,84.1,87.3,77.5,,90.0,72.5,115.6,,85.3,110.6,88.8,89.2,78.1,79.3,78.7,72.8,,83.2,101.0,107.1,98.7,114.8,83.1,123.7,94.0,98.7,90.6,,106.2,,,135.7,,,166.9,,,95.7,,,81.9,,61.9,64.3,48.2,77.5,,,102.2,85.3,94.7,93.9,97.2,99.5,93.5,94.1,72.4,75.2,69.8,68.4,77.4,,70.3,98.1,94.3,,,99.3,107.7,104.7,105.1,108.4,,,,108.7,108.7,96.1,90.6,104.5,,,,,101.8,68.9,81.8,76.0,84.2,68.3,,,174.9,86.9,144.6,80.0,75.0,150.1,,84.7,,,69.8,70.5,65.9,68.2,63.8,253.5,75.1,50.0,58.5,,73.5,58.6,,71.3,,64.8,66.3,,67.7,
198802,84.7,85.5,93.4,100.7,80.8,84.3,89.2,107.0,,94.1,,73.6,85.3,83.3,71.5,88.6,74.7,77.5,75.4,,62.9,,81.0,95.0,79.9,76.8,62.5,55.3,85.3,89.1,74.9,106.4,196.1,92.7,82.9,82.4,83.6,83.1,96.5,77.6,76.4,83.8,83.9,82.8,79.5,90.1,88.2,67.2,82.6,86.4,87.1,96.3,80.6,78.4,88.6,89.0,80.4,102.6,66.8,70.4,76.7,62.6,99.9,99.9,86.9,86.7,92.0,84.1,87.0,77.6,,89.5,72.6,114.6,,85.3,110.5,89.0,89.6,78.2,79.4,78.7,72.8,,83.2,101.0,107.1,98.8,114.8,83.1,123.8,94.0,98.7,90.6,,106.4,,,135.7,,,166.8,,,95.7,,,82.1,,61.9,64.3,48.2,77.6,,,102.0,85.2,94.5,93.9,96.1,98.4,93.5,94.1,72.4,75.2,69.8,68.4,77.4,,69.9,98.1,94.3,,,98.9,107.7,104.7,105.1,108.4,,,,108.5,108.5,95.7,89.6,104.0,,,,,101.8,68.9,81.8,76.0,84.3,68.3,,,174.9,87.0,144.6,80.0,75.0,150.1,,84.7,,,69.8,70.5,65.9,68.2,63.8,253.5,75.1,50.0,58.5,,73.5,58.6,,71.3,,64.8,66.3,,67.7,
198803,86.3,89.0,93.1,100.4,80.6,88.4,88.1,107.0,,91.2,,72.0,85.3,82.6,71.8,87.7,74.1,84.7,75.4,,81.8,,81.0,94.9,83.1,76.8,80.5,71.9,85.5,110.2,75.0,108.9,197.3,102.7,82.9,82.3,83.4,82.8,96.8,77.6,76.7,83.8,82.9,82.9,82.8,90.1,86.8,67.2,81.2,86.4,86.5,96.1,80.6,78.4,88.5,89.1,80.4,102.0,66.8,70.3,76.7,62.8,99.9,99.9,87.3,87.2,92.7,84.4,87.0,77.6,,90.4,72.6,119.0,,89.0,110.5,89.4,89.6,78.3,79.5,78.8,72.8,,83.2,101.0,107.0,99.0,114.8,82.8,123.8,94.0,98.8,90.6,,106.4,,,135.8,,,166.9,,,95.8,,,82.2,,61.9,64.3,48.2,77.6,,,101.6,85.3,95.0,93.9,98.1,100.5,93.5,94.1,72.4,75.2,69.8,68.4,77.4,,69.4,98.1,94.3,,,98.7,107.8,104.7,105.2,108.4,,,,108.5,108.5,95.4,89.0,103.9,,,,,101.8,68.9,81.8,76.2,84.7,68.3,,,174.9,87.0,142.0,80.0,75.0,146.9,,84.7,,,69.8,70.5,65.9,68.2,63.8,253.5,75.1,50.0,58.5,,73.5,58.6,,71.3,,64.8,66.3,,67.7,
198804,88.1,90.6,93.4,100.7,80.7,90.2,92.0,114.3,,90.5,,83.2,92.9,81.8,71.8,95.6,74.2,85.2,85.3,,81.8,,81.0,92.8,80.2,87.1,80.5,71.9,86.4,110.2,75.0,112.4,198.4,102.5,83.1,86.0,89.1,83.3,96.8,77.6,77.6,87.0,82.6,91.4,81.9,90.1,91.3,77.1,98.5,99.1,94.3,104.7,89.6,78.6,88.6,89.3,80.6,101.9,67.1,70.3,76.8,63.2,99.8,99.8,87.6,87.7,93.7,84.2,86.7,77.5,,91.1,72.6,119.4,,88.8,110.6,89.3,89.8,78.5,79.7,79.1,72.9,,83.1,101.0,107.0,99.2,114.7,82.9,123.9,94.0,99.1,90.6,,106.4,,,136.1,,,166.9,,,96.1,,,82.5,,61.8,63.7,49.9,78.2,,,101.5,85.3,94.9,93.9,98.0,100.4,93.5,94.1,72.7,75.4,70.1,68.6,77.5,,69.0,98.1,94.3,,,98.6,107.8,104.7,105.2,108.4,,,,108.3,108.3,95.2,88.3,103.9,,,,,101.9,69.0,82.1,76.5,84.9,68.3,,,174.9,87.1,142.0,80.0,75.0,146.9,,84.7,,,71.9,72.9,67.9,69.6,65.3,263.2,77.3,53.2,61.3,,74.7,59.7,,71.3,,64.8,67.9,,69.4,
198805,89.8,93.3,93.6,100.9,80.9,93.4,96.5,115.0,,103.4,,83.2,93.2,90.7,72.3,95.6,74.3,88.2,86.5,,81.8,,99.8,93.9,88.1,87.1,80.5,71.9,86.3,110.2,75.0,112.1,197.9,102.3,82.5,87.7,91.7,87.2,97.0,79.8,77.6,87.7,91.6,93.6,79.3,104.6,91.3,78.7,98.5,99.3,94.8,104.7,90.9,78.6,88.6,89.4,80.7,101.8,67.2,70.3,76.9,63.3,99.8,99.8,87.7,87.7,93.7,84.7,86.7,77.8,,91.2,72.6,119.4,,88.8,110.6,89.6,89.9,78.5,79.7,79.0,73.0,,83.2,101.1,107.2,99.2,114.8,82.8,123.9,94.0,99.2,90.7,,106.5,,,136.6,,,166.8,,,97.0,,,82.3,,61.8,63.7,49.9,78.3,,,101.4,85.3,94.9,93.9,97.7,100.1,93.5,94.1,72.7,75.4,70.1,68.6,77.5,,69.0,98.1,94.3,,,98.4,107.8,104.7,105.2,108.4,,,,107.8,107.8,95.0,87.9,103.9,,,,,101.9,69.1,82.1,76.5,84.9,68.3,,,174.9,87.1,142.0,80.0,75.0,146.9,,84.7,,,72.0,73.1,68.6,70.9,65.3,263.2,77.3,53.2,61.3,,74.7,59.7,,71.3,,64.8,67.9,,69.4,
198806,89.7,93.0,93.6,100.8,81.0,93.1,96.4,114.5,,103.4,,83.2,92.8,90.7,72.5,95.6,74.3,87.7,83.5,,81.8,,97.8,93.9,88.1,85.3,80.5,71.9,86.2,110.2,75.0,111.9,198.4,100.4,83.1,88.1,92.0,87.3,97.3,81.2,77.6,86.3,91.6,94.2,84.0,106.3,91.3,78.7,98.5,94.6,94.7,104.7,90.3,78.9,89.4,89.3,80.6,105.8,67.4,70.6,76.9,63.6,99.8,99.8,87.8,87.9,93.8,85.3,86.7,77.8,,91.2,72.6,119.4,,88.6,110.5,89.4,90.7,78.6,79.8,79.1,73.0,,83.4,101.1,107.0,99.5,114.7,82.7,123.9,94.0,99.4,90.6,,106.5,,,136.6,,,166.8,,,96.9,,,82.4,,62.0,64.0,49.9,78.5,,,101.4,85.5,94.5,93.9,96.0,98.2,93.5,94.1,74.0,76.6,71.4,70.2,77.6,,69.0,98.1,94.3,,,98.3,107.8,104.7,105.2,108.4,,,,107.6,107.6,94.7,87.5,103.9,,,,,101.9,69.1,82.1,76.5,84.9,68.3,,,174.9,87.1,142.0,80.0,75.0,146.9,,84.7,,,72.0,73.1,68.7,70.9,65.3,263.2,77.3,53.2,61.3,,74.7,59.7,,71.3,,64.8,67.9,,69.4,
198807,88.2,90.9,93.7,100.8,81.0,90.6,94.9,108.6,,103.4,,83.2,88.3,90.7,72.8,95.6,74.3,84.6,71.9,,81.8,,82.6,93.9,88.1,76.2,80.5,71.9,86.0,110.2,75.0,109.8,197.9,93.4,82.8,85.9,88.6,86.3,97.6,78.4,77.6,81.8,91.6,89.3,84.0,95.2,91.3,70.6,98.5,80.3,90.6,104.7,79.3,78.9,89.4,89.3,80.6,105.8,67.4,70.5,76.9,63.7,99.7,99.7,87.5,87.6,92.9,85.4,86.7,77.8,,90.8,72.6,117.3,,87.5,110.5,89.2,90.2,78.6,79.8,79.1,73.1,,83.4,101.1,107.0,99.4,114.7,82.7,124.2,94.0,99.5,90.6,,106.5,,,136.5,,,166.4,,,96.9,,,82.4,,62.0,64.0,49.9,78.5,,,101.5,85.6,95.0,93.9,98.1,100.5,93.5,94.1,74.0,76.6,71.4,70.2,77.6,,69.0,98.1,94.3,,,98.2,107.8,104.7,105.2,108.4,,,,106.2,106.2,94.6,87.2,104.0,,,,,101.9,69.2,82.1,76.6,84.9,68.3,,,174.9,87.2,142.0,80.0,75.0,146.9,,84.7,,,72.0,73.1,68.7,70.9,65.3,263.2,77.3,53.2,61.3,,74.7,59.7,,71.3,,64.8,67.9,,69.4,
198808,85.2,86.6,93.6,100.8,81.1,85.6,91.9,97.2,,103.4,,83.2,78.9,90.7,73.5,95.6,74.3,78.6,53.0,,81.8,,58.5,93.9,88.1,60.2,80.5,71.9,85.6,110.2,75.0,104.6,194.2,76.4,83.0,82.5,83.3,84.4,97.2,71.9,77.6,73.8,91.6,82.1,84.0,73.8,91.3,58.0,98.5,65.3,84.3,100.6,65.0,78.9,89.4,89.2,80.5,105.8,67.4,70.4,76.9,63.7,99.7,99.7,87.1,87.3,92.0,85.0,86.8,77.7,,89.7,72.6,112.9,,84.2,110.5,88.6,90.2,78.6,79.7,79.0,73.2,,83.5,101.1,107.0,99.4,114.7,82.6,124.2,94.0,99.6,90.6,,106.5,,,136.6,,,166.6,,,96.9,,,82.5,,62.0,64.0,50.0,78.5,,,101.7,85.8,95.2,93.9,99.7,102.1,93.5,94.1,74.0,76.6,71.4,70.2,77.6,,69.0,98.1,94.3,,,98.6,107.9,104.7,105.7,108.4,,,,106.4,106.4,95.2,88.2,104.0,,,,,101.9,69.2,82.1,76.7,84.9,68.3,,,174.9,87.2,142.0,80.0,75.0,146.9,,84.7,,,72.0,73.1,68.7,70.9,65.3,263.2,77.3,53.2,61.3,,74.7,59.7,,71.3,,64.8,67.9,,69.4,
198809,89.7,92.8,94.3,101.2,81.7,92.6,97.2,95.2,,115.8,,94.8,77.0,100.9,74.0,95.6,74.3,87.3,76.1,,91.4,,84.7,97.3,100.3,79.2,90.9,80.8,86.3,110.2,75.0,107.8,198.4,73.1,85.9,88.0,91.5,90.8,98.0,77.8,83.8,83.4,100.1,91.4,89.6,71.6,92.8,72.6,110.2,87.8,92.4,106.3,83.0,79.6,91.1,89.2,80.6,113.5,67.7,70.7,76.9,64.1,99.7,99.7,87.7,87.9,93.6,85.2,86.7,77.7,,91.1,72.6,119.5,,83.3,110.5,89.3,91.2,78.6,79.7,79.0,73.3,,83.5,101.2,107.0,99.4,114.7,82.6,124.9,94.0,99.7,90.6,,106.6,,,136.6,,,166.4,,,97.1,,,82.6,,62.1,64.0,50.0,79.0,,,101.7,85.5,94.5,93.9,96.1,98.3,93.5,94.1,74.0,76.6,71.5,70.2,77.9,,69.0,98.1,94.3,,,98.8,108.2,106.7,105.7,108.6,,,,106.3,106.3,95.3,88.5,104.0,,,,,102.0,69.2,82.2,77.0,84.9,68.3,,,174.9,87.2,142.1,80.0,75.0,147.1,,84.7,,,72.0,73.1,68.7,70.9,65.3,263.2,77.3,53.2,61.3,,74.9,59.7,,71.3,,64.8,67.9,,69.4,
198810,90.8,94.2,94.7,101.4,82.1,94.3,100.2,107.5,,116.0,,92.8,87.2,100.1,74.2,95.6,74.3,87.4,76.1,,92.6,,84.7,96.2,99.5,79.2,90.7,79.9,86.3,110.2,75.0,113.6,200.4,93.0,85.7,89.3,93.4,90.3,98.2,77.8,82.9,83.4,99.2,95.2,89.1,90.3,94.4,72.6,111.5,87.8,92.6,106.1,83.0,79.8,91.3,89.2,80.6,114.1,67.7,70.9,76.8,64.2,99.9,99.9,88.0,88.3,93.9,85.7,86.7,77.8,,91.6,72.6,119.9,,87.2,110.4,89.0,91.1,78.7,79.8,79.1,73.2,,83.5,101.2,107.0,99.4,114.7,82.6,125.2,94.0,99.8,90.6,,106.5,,,136.6,,,166.3,,,97.1,,,82.6,,62.1,64.0,50.0,79.1,,,101.8,85.7,94.8,93.9,97.3,99.6,93.5,94.1,74.2,76.8,71.7,70.3,78.4,,69.0,98.1,94.3,,,98.7,108.2,106.9,105.7,108.6,,,,106.1,106.1,95.3,88.3,103.7,,,,,102.0,69.2,82.1,77.5,84.9,68.3,,,174.9,87.2,142.1,80.0,75.0,147.1,,84.7,,,72.0,73.1,68.7,70.9,65.3,263.2,77.3,53.2,61.3,,74.9,59.7,,71.3,,64.8,67.9,,69.4,
198811,91.6,95.7,94.3,101.1,81.8,96.2,100.9,107.5,,115.7,,93.2,87.2,100.2,74.2,105.8,74.3,90.0,76.1,,95.7,,84.7,96.7,98.2,79.2,90.7,79.9,86.7,132.5,75.0,114.4,201.5,93.0,86.2,89.5,93.6,90.5,98.6,77.8,83.4,83.4,99.1,95.2,89.4,90.3,94.1,72.6,111.4,87.8,94.2,105.2,83.0,79.9,91.3,89.5,80.6,114.4,68.0,71.1,76.7,64.6,99.9,99.9,88.1,88.2,94.1,85.8,86.7,77.8,,91.5,72.6,120.1,,87.2,110.4,89.0,91.1,78.7,79.9,79.2,73.3,,83.5,101.2,107.1,99.2,114.6,82.6,125.2,94.0,99.8,90.6,,106.5,,,136.6,,,166.1,,,97.1,,,82.8,,62.1,64.0,50.0,79.1,,,101.7,85.6,94.5,93.9,96.1,98.3,93.5,94.1,74.2,76.8,71.7,70.3,78.5,,69.0,98.1,94.3,,,98.6,108.2,106.9,105.7,108.6,,,,105.9,105.9,95.1,87.7,103.7,,,,,102.0,69.2,82.1,78.5,85.0,68.3,,,174.9,87.3,142.3,80.0,75.0,147.1,,87.1,,,72.0,73.1,68.7,70.9,65.3,263.2,77.3,53.2,61.3,,74.9,59.7,,71.3,,64.8,67.9,,69.4,
198812,91.6,95.7,94.9,101.5,82.8,96.0,100.8,107.5,,114.9,,93.0,87.2,99.7,74.4,106.8,74.3,90.0,76.1,,95.6,,84.7,96.7,98.1,79.2,90.0,79.6,86.9,133.6,75.0,114.0,201.9,93.0,85.2,89.5,93.5,90.2,98.8,77.8,83.2,83.4,98.6,95.0,89.1,90.3,93.2,72.6,111.0,87.8,94.9,105.9,83.0,80.1,91.4,89.4,80.6,114.4,68.2,71.6,76.7,64.8,99.9,99.9,88.2,88.4,94.0,86.4,86.6,77.8,,91.5,72.6,120.2,,87.2,110.4,89.0,91.1,78.8,80.0,79.3,73.2,,83.5,101.2,106.9,99.2,114.7,82.6,125.2,93.9,99.7,90.6,,106.5,,,136.6,,,166.3,,,97.0,,,82.7,,62.1,64.0,50.0,79.4,,,101.7,85.8,94.7,93.9,96.9,99.2,93.5,94.1,74.2,76.8,71.7,70.3,78.8,,69.4,98.1,94.3,,,98.4,108.2,106.9,105.7,108.6,,,,105.3,105.3,94.8,87.1,103.7,,,,,102.2,69.5,82.4,78.7,85.2,68.3,,,174.9,87.3,142.3,80.0,75.0,147.1,,87.0,,,72.0,73.1,68.7,70.9,65.3,263.2,77.3,53.2,61.3,,74.9,59.7,,71.3,,64.8,67.9,,69.4,
198901,88.4,90.9,95.1,101.9,82.8,90.2,96.0,107.5,,105.7,,84.9,87.2,92.7,74.6,100.0,74.3,83.3,76.1,,74.8,,84.7,99.6,88.5,79.2,75.8,63.3,86.4,114.6,75.0,110.6,200.2,93.0,85.6,86.0,88.4,87.1,98.8,77.8,81.3,83.4,91.3,88.5,85.2,90.3,87.5,72.6,94.6,87.8,90.1,96.0,83.0,79.8,90.4,89.4,80.6,109.7,68.3,71.6,76.7,65.1,100.0,100.0,87.8,87.8,93.5,86.4,86.6,77.8,,90.6,72.6,115.2,,87.2,110.4,88.8,90.0,78.8,80.1,79.3,73.2,,83.5,101.2,106.9,99.3,114.6,82.5,125.3,94.0,99.8,90.6,,106.5,,,137.1,,,166.3,,,97.7,,,82.9,,62.1,64.0,50.0,79.4,,,101.8,86.1,94.7,93.9,97.2,99.5,93.5,94.1,74.8,77.4,72.1,70.9,79.0,,70.4,98.1,94.3,,,98.3,108.2,106.9,105.7,108.6,,,,105.4,105.4,94.6,86.7,103.7,,,,,102.2,69.6,82.6,79.2,85.2,68.3,,,174.9,87.3,142.5,80.0,75.0,147.2,,87.6,,,72.0,73.1,68.7,70.9,65.3,263.2,77.3,53.2,61.3,,74.9,59.7,,71.3,,64.8,68.0,,69.4,
198902,86.8,88.7,95.2,102.0,83.1,87.8,91.9,107.5,,98.3,,77.4,87.2,85.8,74.8,92.7,75.0,81.5,76.1,,66.5,,84.7,99.5,82.8,79.2,65.0,55.5,86.4,99.8,76.2,108.6,199.8,93.0,85.0,83.9,85.1,83.6,98.4,77.8,81.4,83.4,82.3,85.2,85.9,90.3,85.2,72.6,84.7,87.8,87.6,94.1,83.0,79.6,89.8,89.3,80.6,106.9,68.4,71.6,76.7,65.2,99.9,99.9,87.7,87.8,93.2,86.1,86.5,77.8,,90.0,72.7,114.7,,87.2,110.2,88.6,90.9,78.9,80.2,79.4,73.3,,83.5,101.1,106.8,99.3,114.6,82.5,125.2,94.0,99.9,90.5,,106.5,,,137.0,,,166.4,,,97.6,,,82.9,,62.1,64.0,50.0,79.5,,,101.6,86.0,94.5,93.9,96.1,98.4,93.5,94.1,74.8,77.4,72.1,70.9,79.0,,70.0,98.1,94.3,,,98.7,108.2,106.9,105.7,108.6,,,,105.2,105.2,95.3,87.9,103.7,,,,,102.3,69.6,82.6,79.2,85.7,68.3,,,174.9,87.3,140.1,80.0,75.0,144.3,,87.6,,,72.0,73.1,68.7,70.9,65.3,263.2,77.3,53.2,61.3,,74.9,59.7,,71.3,,64.8,68.0,,69.4,
198903,88.5,92.1,95.2,102.0,83.3,91.8,90.6,107.5,,95.4,,75.1,87.2,84.4,75.6,90.3,75.1,88.6,76.1,,86.1,,84.7,100.1,90.7,79.2,83.8,73.2,86.1,120.2,76.4,111.9,201.9,105.9,84.9,84.1,85.3,83.5,98.4,77.8,82.0,83.4,81.8,85.9,86.7,90.3,84.4,72.6,86.3,87.8,87.4,93.8,83.0,79.8,89.9,89.3,80.6,107.7,68.6,72.0,77.0,65.4,100.0,100.0,88.3,88.6,94.3,86.9,86.5,78.1,,91.2,72.7,119.7,,91.5,110.4,89.3,90.8,79.1,80.4,79.5,73.3,,83.5,101.1,106.6,99.2,114.4,82.5,125.4,94.0,100.0,90.5,,106.6,,,137.0,,,166.3,,,97.7,,,82.9,,62.1,64.0,50.0,79.7,,,101.8,86.1,95.0,93.9,98.1,100.5,93.5,94.1,74.8,77.4,72.1,70.9,79.0,,69.4,98.1,94.3,,,99.0,108.2,106.9,105.7,108.6,,,,105.2,105.2,95.7,88.7,103.7,,,,,102.3,69.3,82.6,79.5,85.7,68.3,,,174.9,87.4,140.1,80.0,75.0,144.3,,87.7,,,72.2,73.1,68.7,70.9,65.3,263.2,77.3,53.2,61.3,,74.9,59.7,,71.3,,64.8,68.9,,70.4,
198904,92.0,95.6,97.9,104.8,85.8,95.5,97.1,120.4,,96.2,,87.3,97.8,87.3,78.6,99.1,76.8,90.3,91.4,,86.1,,84.7,100.7,92.4,92.7,83.8,73.2,89.6,120.2,78.3,118.2,209.5,108.0,87.4,88.9,91.5,85.3,101.7,77.8,82.6,90.0,82.2,94.2,88.4,90.3,90.2,86.8,101.4,98.6,97.0,101.0,98.5,82.0,91.9,91.6,82.6,110.4,70.8,75.3,78.7,67.5,102.4,102.4,90.6,91.2,97.3,89.3,87.7,79.4,,94.0,75.9,124.3,,94.0,112.8,91.8,94.0,80.5,81.6,80.8,74.3,,85.1,103.6,109.4,101.7,117.3,84.7,128.5,95.9,102.3,92.7,,109.0,,,142.0,,,170.3,,,102.0,,,85.9,,62.7,64.3,51.5,80.4,,,102.6,87.5,97.5,96.5,100.2,102.6,96.3,96.9,76.9,79.4,74.4,73.0,79.9,,70.9,91.8,94.3,,,98.6,101.3,101.1,98.9,101.6,,,,107.4,107.4,97.8,91.1,106.8,,,,,105.2,72.2,83.9,81.8,89.2,68.3,,,174.9,87.5,143.4,82.0,77.5,147.4,,92.9,,,74.9,76.0,69.5,71.6,67.9,268.6,81.7,56.8,64.6,,76.5,61.8,,73.4,,66.7,71.0,,72.5,
198905,93.7,97.9,98.3,105.3,85.9,98.0,100.8,121.5,,107.3,,87.3,98.2,93.9,79.0,99.1,75.6,92.7,94.6,,86.1,,101.2,100.0,93.8,92.4,83.8,73.2,89.2,120.2,77.0,118.1,208.3,108.0,88.2,91.2,95.1,90.3,101.7,85.5,82.6,92.9,91.8,97.2,86.2,107.3,90.2,87.9,101.4,100.0,97.8,101.0,100.7,82.0,91.8,91.6,82.7,110.1,71.0,75.7,78.8,67.6,102.6,102.6,90.6,91.3,97.2,89.6,87.7,79.5,,94.2,76.7,124.5,,94.1,112.8,91.9,94.6,80.7,81.9,81.1,74.5,,85.1,103.6,109.4,101.7,117.3,84.7,128.7,95.9,102.4,92.7,,109.0,,,142.0,,,169.9,,,102.2,,,86.0,,62.7,64.3,51.5,80.5,,,102.8,87.7,97.4,96.5,99.9,102.3,96.3,96.9,76.9,79.4,74.4,73.0,81.2,,71.0,91.8,94.3,,,98.6,101.3,101.1,98.9,101.6,,,,107.2,107.2,97.9,91.4,106.9,,,,,105.3,72.3,83.9,81.9,89.9,68.3,,,174.9,87.6,144.6,82.0,77.5,148.7,,93.2,,,75.0,76.1,70.4,72.6,67.9,268.6,81.7,56.8,64.6,,76.5,61.8,,73.4,,66.7,71.0,,72.5,
198906,93.9,97.7,98.4,105.5,85.9,97.8,100.7,120.6,,107.3,,87.3,97.8,93.9,79.1,99.1,75.6,92.5,92.4,,86.1,,101.7,100.0,93.8,91.3,83.8,73.2,89.3,120.2,77.0,117.5,208.1,106.0,88.0,92.2,96.5,90.7,102.2,87.6,82.6,92.8,91.8,99.8,87.7,120.2,90.2,89.2,101.4,98.9,97.5,101.0,99.8,82.1,91.8,91.7,82.6,111.2,71.2,75.9,78.9,67.7,102.7,102.7,90.7,91.5,97.5,89.8,87.7,79.5,,94.4,77.2,125.1,,94.0,112.8,92.2,94.7,80.8,82.1,81.2,74.6,,85.1,103.7,109.3,101.7,117.3,84.7,128.7,95.9,102.7,92.7,,109.0,,,142.0,,,170.1,,,102.2,,,85.7,,62.7,64.3,51.5,80.8,,,103.1,88.0,97.0,96.5,98.1,100.5,96.3,96.9,77.0,79.5,74.5,73.0,81.2,,71.2,91.8,100.8,,,98.9,101.3,101.1,98.9,101.7,,,,107.1,107.1,98.2,92.0,106.8,,,,,105.3,72.6,83.9,81.9,90.3,68.3,,,174.9,87.8,144.6,82.0,77.5,148.7,,93.2,,,75.0,76.2,70.6,72.6,67.9,268.6,81.7,56.8,64.6,,76.5,61.8,,73.4,,66.7,71.0,,72.5,
198907,92.1,95.4,98.4,105.5,86.1,95.1,98.8,113.2,,107.3,,87.3,92.7,93.9,79.2,99.1,75.6,89.2,78.8,,86.1,,86.6,100.0,93.8,80.3,83.8,73.2,88.0,120.2,77.0,114.9,206.8,96.8,88.7,89.5,92.3,89.8,102.2,84.8,82.6,89.1,91.8,93.5,87.7,103.6,90.2,80.6,101.4,82.2,93.2,101.0,88.0,82.1,91.8,91.6,82.6,111.2,71.1,76.0,79.0,67.6,102.7,102.7,90.4,91.0,96.5,89.7,87.8,79.7,,93.7,77.3,121.0,,93.8,112.7,92.0,94.2,80.9,82.3,81.2,74.6,,85.1,103.7,109.3,101.6,117.3,84.7,128.7,95.9,102.8,92.7,,109.1,,,142.0,,,170.1,,,102.2,,,85.7,,62.8,64.3,51.5,80.8,,,103.2,88.1,97.5,96.5,100.4,102.8,96.3,96.9,77.0,79.5,74.5,73.0,81.2,,71.2,91.8,100.8,,,99.2,101.3,101.1,98.9,101.7,,,,107.1,107.1,98.5,92.5,106.8,,,,,105.3,72.7,83.9,82.0,90.4,68.3,,,174.9,87.9,144.6,82.0,77.5,148.7,,93.7,,,75.0,76.2,70.6,72.6,67.9,268.6,81.7,56.8,64.6,,76.5,61.8,,73.4,,66.7,71.0,,72.5,
198908,89.2,91.3,98.3,105.4,86.1,90.2,95.6,101.2,,107.3,,87.3,82.2,93.9,79.1,99.1,75.6,83.6,61.0,,86.1,,66.1,100.0,93.8,61.7,83.8,73.2,87.4,120.2,77.0,110.0,204.8,80.5,88.2,85.8,86.8,87.6,101.9,77.3,82.6,80.1,91.8,85.6,87.7,79.8,90.2,68.3,101.4,65.5,88.4,102.5,73.6,82.0,91.8,91.6,82.6,111.2,71.0,75.8,78.8,67.5,102.6,102.6,90.2,91.0,95.8,89.4,87.8,79.5,,92.7,77.5,117.2,,89.3,112.7,91.5,94.0,81.0,82.4,81.3,74.7,,85.1,103.7,109.2,101.6,117.2,84.7,128.5,95.9,102.9,92.7,,109.1,,,141.8,,,169.6,,,102.2,,,85.7,,62.8,64.3,51.5,80.8,,,103.3,88.3,97.8,96.5,101.9,104.3,96.3,96.9,77.0,79.5,74.5,73.0,81.3,,71.2,91.8,100.8,,,99.2,101.3,101.1,98.9,101.7,,,,107.2,107.2,98.5,92.4,106.8,,,,,105.3,72.7,83.9,82.2,90.4,68.3,,,174.9,88.1,144.6,82.0,77.5,148.7,,93.8,,,75.0,76.2,70.6,72.6,67.9,268.6,81.7,56.8,64.6,,76.5,61.8,,73.4,,66.7,71.0,,72.5,
198909,94.6,98.4,99.3,105.9,86.7,98.5,102.7,98.7,,122.3,,104.9,80.4,107.8,79.7,99.1,75.6,93.1,83.6,,97.1,,88.9,103.3,114.4,83.7,94.2,85.4,88.5,120.2,77.0,114.2,212.6,78.0,88.6,93.3,97.8,96.7,103.0,83.8,86.3,89.0,108.1,98.1,96.1,78.2,96.4,82.6,119.9,89.0,98.2,113.8,92.1,82.9,93.6,91.7,82.7,116.9,71.4,76.2,79.3,68.0,102.6,102.6,90.8,91.9,97.0,90.1,87.9,79.6,,94.5,77.7,126.3,,88.5,112.6,92.0,95.1,81.0,82.4,81.3,74.8,,85.1,103.7,109.7,101.6,117.2,84.7,128.5,95.9,103.0,92.7,,109.2,,,142.1,,,169.4,,,102.6,,,85.8,,62.8,64.3,51.5,80.8,,,103.2,88.1,97.0,96.5,98.2,100.5,96.3,96.9,77.0,79.6,74.5,73.0,81.5,,71.2,91.8,100.8,,,99.3,101.4,101.1,98.9,102.0,,,,107.1,107.1,98.6,92.4,106.9,,,,,105.5,73.8,84.2,82.2,90.5,68.3,,,174.9,88.3,144.6,82.0,77.5,148.7,,93.8,,,75.0,76.2,70.6,72.6,67.9,268.6,81.7,56.8,64.6,,76.5,61.8,,73.4,,66.7,71.2,,72.8,
198910,95.9,100.3,100.2,106.8,87.7,100.5,105.8,112.6,,121.8,,101.8,91.5,108.5,80.2,99.1,75.6,93.9,83.6,,103.0,,88.9,103.2,110.4,83.7,95.9,83.9,89.7,120.2,77.0,119.8,212.6,97.6,89.7,94.9,100.2,97.0,103.2,83.8,89.7,89.0,107.5,101.9,96.1,97.8,98.4,82.6,119.8,89.0,101.3,113.5,92.1,83.0,93.7,91.7,82.7,117.6,71.5,76.4,79.4,68.1,102.7,102.7,91.0,92.1,97.1,90.6,87.9,79.8,,95.2,77.9,127.7,,92.2,112.8,92.2,95.2,81.1,82.5,81.4,74.9,,85.1,103.7,109.5,101.6,117.2,84.6,128.5,95.9,103.0,92.7,,109.2,,,141.7,,,168.1,,,102.6,,,85.8,,62.8,64.3,51.5,80.8,,,103.4,88.3,97.3,96.5,99.4,101.8,96.3,96.9,77.0,79.6,74.5,73.0,82.5,,71.4,91.8,100.8,,,99.4,101.5,101.1,99.1,102.0,,,,106.9,106.9,98.6,92.4,106.2,,,,,105.5,73.8,84.8,82.2,90.6,68.3,,,174.9,88.5,144.6,82.0,77.5,148.7,,93.8,,,75.0,76.2,70.6,72.6,67.9,268.6,81.7,56.8,64.6,,76.5,61.8,,73.4,,66.7,71.2,,72.8,
198911,96.7,101.8,100.0,106.7,87.5,102.3,106.8,112.6,,121.4,,101.9,91.5,108.5,83.1,110.0,75.6,96.4,83.6,,104.1,,88.9,103.3,111.1,83.7,95.3,84.3,89.7,142.1,77.0,120.5,213.0,97.6,91.9,95.0,100.3,96.8,103.4,83.8,89.1,89.0,107.2,101.8,97.3,97.8,99.0,82.6,118.8,89.0,102.3,113.0,92.1,83.0,93.7,91.6,82.6,117.7,71.7,76.5,79.5,68.2,102.7,102.7,91.1,92.3,97.1,90.0,88.0,79.8,,95.5,77.9,127.8,,92.2,112.8,92.3,95.6,81.3,82.6,81.6,74.9,,85.1,103.7,109.5,101.6,117.1,84.6,128.5,95.9,102.8,92.7,,109.2,,,141.3,,,166.9,,,102.6,,,85.5,,62.8,64.3,51.5,80.8,,,103.3,88.2,97.0,96.5,98.2,100.5,96.3,96.9,77.0,79.6,74.5,73.0,82.9,,71.4,91.8,100.8,,,99.3,101.5,101.1,99.1,102.0,,,,106.7,106.7,98.6,92.2,106.0,,,,,105.5,73.9,84.8,82.2,92.6,68.3,,,174.9,88.8,144.6,82.0,77.5,148.7,,93.8,,,75.0,76.2,70.6,72.6,67.9,268.6,81.7,56.8,64.6,,76.5,61.8,,73.4,,66.7,71.2,,72.8,
198912,96.5,101.5,100.8,107.0,89.1,101.8,106.0,112.6,,119.4,,100.9,91.5,107.5,84.0,109.3,75.6,96.0,83.6,,103.1,,88.9,103.3,110.9,83.7,93.3,84.8,90.0,142.0,77.0,120.6,214.7,97.6,91.7,94.6,99.7,96.5,103.7,83.8,89.2,89.0,106.2,100.9,96.8,97.8,98.5,82.6,116.5,89.0,102.2,112.5,92.1,83.2,94.1,91.6,82.7,119.0,71.8,76.8,79.3,68.3,102.6,102.6,91.1,92.1,97.2,90.1,88.2,79.8,,95.6,78.2,128.0,,92.2,112.8,92.3,95.7,81.3,82.6,81.6,74.9,,85.1,103.7,109.5,101.8,117.2,84.4,128.5,95.9,102.8,92.6,,109.2,,,141.3,,,166.9,,,102.6,,,85.5,,62.8,64.3,51.5,81.4,,,103.4,88.4,97.2,96.5,99.1,101.4,96.3,96.9,77.0,79.6,74.5,73.0,83.1,,71.7,91.8,100.8,,,99.3,101.6,101.1,99.1,102.1,,,,106.6,106.6,98.6,92.2,105.7,,,,,105.5,74.4,84.8,82.2,92.6,68.3,,,174.9,88.9,144.6,82.0,77.5,148.7,,93.9,,,75.0,76.2,70.6,72.6,67.9,268.6,81.7,56.8,64.6,,76.5,61.8,,73.4,,66.7,71.2,,72.8,
199001,93.0,95.9,101.2,107.6,89.2,95.4,100.6,112.8,,108.8,,91.0,92.0,98.6,84.3,103.2,75.9,88.0,85.8,,80.5,,89.0,97.1,95.7,84.3,78.7,67.8,89.6,119.6,77.0,118.7,214.9,99.3,92.3,91.0,94.3,93.1,103.3,83.9,86.1,90.1,97.9,94.5,91.1,97.9,93.5,83.0,100.2,90.8,96.3,102.0,92.4,83.2,93.4,91.7,82.7,116.3,72.2,77.2,79.5,69.1,102.6,102.6,90.9,91.7,96.7,89.9,88.5,80.0,,95.1,78.6,125.7,,92.8,112.6,92.3,95.5,81.5,82.8,81.7,74.9,,84.5,103.7,109.5,101.8,117.2,84.5,128.4,96.0,104.0,92.5,,109.2,,,136.3,204.9,,146.1,194.8,,102.5,138.6,143.0,85.3,169.6,62.8,64.3,51.6,81.5,,,103.7,88.6,97.3,96.5,99.4,101.8,96.3,96.9,77.1,79.8,74.8,73.2,83.0,,72.7,92.0,100.8,,,99.6,101.5,101.1,99.2,102.1,104.9,,,106.7,106.7,99.0,92.1,105.8,,141.9,,,105.5,74.5,84.7,82.2,94.0,68.3,,,174.9,90.4,144.8,82.0,77.5,149.1,,93.8,,,75.1,76.3,70.9,73.0,67.9,268.7,81.9,56.8,64.8,,76.4,61.9,,73.4,,66.7,71.2,,72.7,
199002,91.3,93.8,101.3,107.9,89.2,92.8,96.8,112.8,,101.5,,84.2,92.0,92.5,84.8,95.2,78.1,86.3,85.8,,71.7,,89.0,100.7,93.5,84.3,67.8,63.8,90.6,103.0,79.3,116.3,214.5,99.3,91.3,88.5,90.9,89.8,103.7,83.9,85.8,90.1,88.7,90.5,93.0,97.9,89.1,83.0,86.5,90.8,95.1,100.5,92.4,83.2,92.9,91.7,82.7,114.0,72.5,77.4,79.5,69.5,102.7,102.7,91.0,91.6,97.1,90.2,88.4,80.2,,95.0,78.6,126.0,,92.8,112.8,92.3,96.0,81.5,82.9,81.7,74.9,,84.5,103.7,109.4,101.9,117.2,84.5,128.5,96.0,104.1,92.4,,109.2,,,136.5,206.8,,146.1,194.8,,102.5,138.6,142.9,85.5,168.5,62.8,64.3,51.6,81.5,,,103.6,88.5,97.0,96.5,98.0,100.4,96.3,96.9,77.1,79.8,74.8,73.2,83.2,,72.5,92.0,100.8,,,99.6,101.5,101.1,99.2,102.1,104.9,,,106.8,106.8,99.0,92.1,105.8,,141.5,,,105.5,74.5,84.7,82.3,94.1,68.3,,,174.9,90.4,144.8,82.0,77.5,149.1,,93.8,,,75.1,76.3,70.9,73.0,67.9,268.7,81.9,56.8,64.8,,76.4,61.9,,74.3,,67.5,71.2,,72.7,
199003,93.6,98.0,101.2,107.7,89.2,97.8,95.9,112.8,,99.2,,83.2,92.0,92.5,84.8,94.7,78.2,94.8,85.8,,93.1,,89.0,105.6,101.8,84.3,87.6,78.5,90.4,126.3,79.3,119.6,217.3,110.9,91.6,89.0,91.4,90.2,104.1,83.9,85.7,90.1,89.4,91.4,96.1,97.9,90.3,83.0,87.2,90.8,94.6,99.7,92.4,83.4,92.8,91.7,82.7,113.2,73.0,78.2,79.7,70.0,102.7,102.7,91.7,92.8,98.2,90.8,88.4,80.3,,95.7,79.2,128.7,,97.2,112.8,92.8,96.3,81.8,83.1,82.0,75.1,,84.5,103.6,109.3,101.8,117.2,84.5,128.4,96.0,104.0,92.4,,109.2,,,136.1,204.9,,145.9,194.6,,102.1,137.9,142.2,85.5,169.1,62.9,64.3,51.6,82.1,,,103.9,88.7,97.5,96.5,100.3,102.7,96.3,96.9,77.2,79.8,74.8,73.2,83.4,,71.8,92.0,100.8,,,100.0,101.6,101.1,99.2,102.1,105.7,,,106.5,106.5,99.5,93.0,106.3,,140.5,,,105.5,74.5,84.7,83.0,94.3,68.3,,,174.9,90.4,144.8,82.0,77.5,149.1,,93.8,,,75.2,76.3,70.9,73.0,67.9,268.7,81.9,56.8,64.8,,76.4,61.9,,74.3,,67.5,71.7,,73.3,
199004,96.4,101.3,101.8,108.5,89.6,101.4,105.4,124.7,,112.5,,95.3,104.0,92.6,85.1,102.9,78.2,95.0,85.8,,93.1,,89.0,103.4,101.4,94.1,87.6,78.5,91.2,126.3,79.5,123.2,216.9,111.6,92.3,93.5,98.0,91.3,104.7,83.9,87.5,94.3,89.2,101.1,95.3,97.9,95.3,96.4,107.4,106.8,104.1,107.2,104.8,83.3,92.5,91.6,82.7,112.0,73.0,78.4,80.0,69.7,102.7,102.7,92.2,93.7,98.9,90.9,88.4,81.1,,96.4,79.6,128.9,,97.3,112.6,92.9,96.9,82.2,83.6,82.4,75.1,,85.1,103.6,109.4,101.9,117.1,84.4,128.4,96.0,104.1,92.4,,109.2,,,136.1,204.5,,145.8,194.6,,102.4,137.9,142.0,85.7,168.9,63.7,64.8,54.1,82.7,,,103.6,88.7,97.5,96.5,100.1,102.5,96.3,96.9,77.4,80.1,75.1,73.5,83.6,,71.5,92.0,100.8,,,100.2,101.6,101.1,99.4,102.1,105.7,,,106.9,106.9,99.8,93.3,106.3,,140.5,,,105.5,75.7,85.2,83.2,95.2,72.9,,,174.9,90.4,142.0,82.0,77.5,145.6,,93.9,,,78.8,80.1,72.2,74.5,73.3,275.5,86.1,61.5,69.5,,76.9,64.5,,74.3,,67.5,75.0,,76.6,
199005,98.2,103.2,101.8,108.4,89.9,103.6,106.3,124.9,,112.5,,95.3,103.3,101.5,85.4,102.9,78.2,98.4,101.0,,93.1,,115.1,101.7,105.1,95.2,87.6,78.5,91.9,126.3,79.3,123.1,216.7,111.3,92.5,96.8,102.9,95.4,104.6,89.8,87.5,93.9,99.6,107.0,93.4,130.1,95.3,99.0,107.4,107.9,103.5,107.2,103.4,83.3,92.3,91.6,82.7,111.1,73.2,78.6,80.0,70.0,102.7,102.7,92.5,94.2,99.4,91.1,88.3,81.1,,96.6,79.7,130.0,,97.5,112.7,92.8,97.3,82.4,83.6,82.6,75.2,,85.1,103.7,109.4,101.9,117.1,84.4,128.4,96.0,104.1,92.4,,109.2,,,135.8,204.5,,144.5,193.5,,102.3,138.2,142.8,85.6,169.4,63.7,64.8,54.1,82.7,,,103.6,88.7,97.4,96.5,99.9,102.3,96.3,96.9,77.4,80.1,75.1,73.5,83.6,,71.5,92.0,100.8,,,100.2,101.6,101.1,99.4,102.1,105.7,,,106.9,106.9,99.8,93.3,106.2,,140.5,,,105.6,75.7,85.6,83.2,95.3,72.9,,,174.9,90.4,142.0,82.0,77.5,145.6,,93.9,,,78.9,80.2,73.1,75.6,73.3,275.5,86.1,61.5,69.5,,76.9,64.5,,74.3,,67.5,75.0,,76.6,
199006,98.0,102.9,101.9,108.4,90.0,103.3,105.9,124.1,,112.5,,95.3,102.5,101.5,85.6,102.9,78.2,98.0,99.1,,93.1,,111.1,101.7,105.1,95.3,87.6,78.5,92.0,126.3,79.3,122.5,215.4,110.6,92.3,96.5,102.1,95.9,104.8,91.6,87.5,95.7,99.6,105.4,95.0,121.0,95.3,98.5,107.4,105.9,102.9,107.2,102.2,83.7,93.3,91.4,82.7,115.7,73.3,78.6,80.2,70.0,102.8,102.8,92.8,94.7,99.4,91.1,89.1,81.5,,96.8,79.8,130.0,,97.8,112.8,93.3,97.7,82.5,83.7,82.7,75.6,,85.1,103.7,109.4,102.0,117.0,84.4,128.5,96.0,104.1,92.4,,109.2,,,136.2,206.2,,145.2,194.2,,102.4,138.2,143.2,85.5,169.1,63.8,64.8,54.1,83.3,,,103.6,88.5,97.0,96.5,98.0,100.4,96.3,96.9,77.5,80.1,75.2,73.5,83.7,,72.3,91.4,100.8,,,100.2,101.8,101.1,99.6,102.2,105.7,,,107.4,107.4,99.8,93.2,106.2,,140.3,,,105.6,75.7,85.3,83.2,95.3,72.9,,,174.9,90.4,142.0,82.0,77.5,145.6,,93.9,,,78.9,80.2,73.3,75.6,73.3,275.5,86.1,61.5,69.5,,76.9,64.5,,74.3,,67.5,75.0,,76.6,
199007,96.3,100.4,101.8,108.2,89.9,100.5,103.6,115.6,,112.5,,95.3,95.3,101.5,85.9,102.9,78.2,95.0,84.2,,93.1,,97.0,101.7,105.1,85.1,87.6,78.5,91.2,126.3,79.3,119.7,215.2,100.7,91.2,94.0,98.4,95.0,105.1,89.8,87.5,91.3,99.6,100.3,95.0,109.3,95.3,89.7,107.4,91.0,97.8,107.2,90.3,83.8,93.3,91.5,82.7,115.7,73.4,78.8,79.9,70.6,102.7,102.7,93.0,94.9,98.4,91.4,90.9,81.9,,96.3,79.9,126.8,,97.4,112.7,93.2,97.8,82.6,84.1,82.8,75.9,,85.2,103.8,109.3,102.0,116.9,84.3,128.7,96.0,104.2,92.4,,109.6,,,136.1,205.7,,145.1,194.2,,102.5,138.1,141.0,85.7,170.6,63.8,64.8,54.1,83.6,,,103.7,88.8,97.5,96.5,100.3,102.7,96.3,96.9,77.5,80.1,75.2,73.5,83.7,,72.6,91.4,100.8,,,100.2,101.9,101.1,99.7,102.4,105.7,,,107.6,107.6,99.7,93.0,105.9,,140.5,,,105.5,75.7,85.3,83.6,95.3,72.9,,,174.9,90.2,142.0,82.0,77.5,145.6,,93.9,,,78.9,80.2,73.3,75.6,73.3,275.5,86.1,61.5,69.5,,76.9,64.5,,74.3,,67.5,75.0,,76.6,
199008,93.4,96.6,101.9,108.4,90.1,96.0,100.6,105.4,,112.5,,95.3,85.4,101.5,85.8,102.9,78.2,89.8,64.0,,93.1,,74.9,101.7,105.1,67.9,87.6,78.5,90.9,126.3,79.3,113.9,211.0,81.5,91.7,90.0,92.7,92.1,104.8,78.2,87.5,82.1,99.6,92.9,95.0,89.8,95.3,75.7,107.4,74.1,91.4,107.2,75.1,83.7,93.3,91.5,82.7,115.7,73.3,78.7,79.8,70.4,102.7,102.7,93.1,95.1,98.2,91.1,91.5,82.0,,95.6,79.9,126.2,,92.4,112.8,93.0,97.0,82.6,84.1,82.8,76.0,,85.2,103.7,109.3,102.0,116.9,84.4,128.7,95.9,104.1,92.6,,109.6,,,136.1,205.5,,145.5,194.1,,102.5,137.9,140.5,85.7,170.9,63.8,64.8,54.1,84.1,,,103.8,88.9,97.9,96.5,102.0,104.4,96.3,96.9,77.5,80.1,75.2,73.5,83.7,,72.7,91.4,100.8,,,100.3,102.0,101.1,99.7,102.4,107.6,,,108.1,108.1,99.8,93.2,105.9,,140.4,,,105.6,75.7,85.3,83.6,95.3,72.9,,,174.9,90.2,142.0,82.0,77.5,145.6,,93.9,,,78.9,80.2,73.3,75.6,73.3,275.5,86.1,61.5,69.5,,76.9,64.5,,74.3,,67.5,75.0,,76.6,
199009,98.7,103.3,102.6,108.6,90.8,103.6,105.3,103.2,,121.1,,108.2,83.9,114.4,86.4,102.9,78.2,99.5,87.1,,101.9,,99.5,111.5,119.8,87.5,95.4,94.7,91.5,126.3,79.3,118.7,218.4,79.7,93.9,97.4,103.0,100.8,104.9,87.4,92.0,91.5,114.6,103.9,103.8,86.0,102.1,91.9,122.8,97.2,103.7,117.3,95.1,84.7,95.8,91.6,82.8,126.2,73.5,78.8,79.8,70.7,102.7,102.7,94.7,97.0,100.8,92.4,92.4,82.5,,96.8,79.9,130.9,,90.8,113.0,93.4,97.7,82.8,84.1,82.9,76.1,,85.2,103.7,109.2,102.0,116.9,84.4,128.7,96.1,104.1,93.0,,109.6,,,136.1,206.4,,144.3,192.7,,102.5,138.8,140.8,85.7,172.0,63.8,64.8,54.1,84.6,,,103.8,88.6,97.0,96.5,98.1,100.5,96.3,96.9,77.5,80.1,75.2,73.5,83.8,,72.7,91.4,100.8,,,100.7,102.6,101.1,99.8,103.1,107.6,,,108.3,108.3,100.0,93.7,105.9,,140.4,,,106.2,75.8,85.7,83.6,95.4,72.9,,,174.9,90.2,142.0,82.0,77.5,145.6,,93.9,,,78.9,80.2,73.3,75.6,73.3,275.5,86.2,61.5,69.5,,76.8,64.5,,74.3,,67.5,75.0,,76.6,
199010,100.3,105.6,103.0,108.9,90.9,106.3,109.5,116.3,,123.4,,107.5,95.7,113.0,86.2,102.9,78.2,100.8,87.1,,110.6,,99.5,110.9,119.5,87.5,97.3,92.9,91.7,126.3,79.3,125.2,219.5,100.9,94.9,98.9,105.1,100.3,105.2,87.4,93.4,91.5,112.3,108.0,104.2,107.3,103.2,91.9,122.5,97.2,105.2,118.3,95.1,84.7,95.3,91.6,82.7,124.0,73.8,78.9,79.8,71.3,102.7,102.7,95.2,97.6,101.5,93.4,92.9,82.8,,97.6,80.0,131.6,,95.8,113.0,93.7,97.9,82.9,84.3,83.1,76.4,,85.3,104.0,109.1,102.8,116.9,84.3,128.4,98.4,104.1,93.5,,109.6,,,136.2,206.2,,144.8,193.5,,102.5,138.5,142.0,85.6,172.0,63.8,64.8,54.1,84.6,,,105.3,88.8,97.3,96.5,99.4,101.8,96.3,96.9,77.5,80.1,75.2,73.5,84.0,,72.7,91.4,100.8,,,103.3,102.6,101.1,99.9,103.1,107.8,,,108.5,108.5,103.9,102.1,106.2,,140.4,,,107.1,77.1,86.3,83.6,96.3,72.9,,,174.9,90.2,142.0,82.0,77.5,145.6,,93.9,,,78.9,80.2,73.3,75.6,73.3,275.5,86.2,61.5,69.5,,76.8,64.5,,74.3,,67.5,75.1,,76.7,
199011,100.9,107.0,103.4,109.0,92.6,107.8,110.4,116.3,,123.2,,107.4,95.7,113.2,86.4,115.1,78.2,102.9,87.1,,109.7,,99.5,111.2,119.0,87.5,96.8,91.1,91.8,151.1,79.3,125.6,219.5,100.9,95.0,98.7,104.9,99.9,105.4,87.4,90.1,91.5,112.8,107.5,104.2,107.3,103.8,91.9,121.1,97.2,106.5,117.7,95.1,84.7,95.3,91.7,82.7,123.5,73.9,78.9,79.8,71.5,102.8,102.8,95.4,97.7,101.4,93.8,93.2,82.9,,97.9,80.1,132.1,,95.8,113.2,94.0,97.9,83.3,84.7,83.4,76.7,,85.4,104.7,109.3,104.3,116.9,84.3,128.7,101.4,104.1,94.2,,109.6,,,136.1,206.4,,143.6,192.7,,102.7,138.8,142.3,85.5,171.4,63.8,64.8,54.1,84.7,,,106.0,89.0,97.0,96.5,98.1,100.5,96.3,96.9,78.6,81.2,76.1,74.8,84.2,,73.6,91.4,100.8,,,104.3,102.8,101.1,99.9,103.2,109.3,,,108.5,108.5,105.3,105.4,106.4,,140.1,,,107.2,77.1,86.3,83.7,96.3,72.9,,,174.9,90.2,142.0,82.0,77.5,145.6,,93.9,,,78.9,80.2,73.3,75.6,73.3,275.5,86.2,61.5,69.5,,76.8,64.5,,74.3,,67.5,75.1,,76.7,
199012,100.9,107.0,103.5,109.3,92.2,107.8,109.6,116.3,,121.0,,106.6,95.7,111.1,87.0,116.3,78.2,103.4,87.1,,109.0,,99.5,111.2,118.1,87.5,95.1,90.5,92.4,160.6,79.3,125.7,220.4,100.9,95.8,98.4,104.2,99.4,105.4,87.4,91.2,91.5,110.6,106.6,103.4,107.3,102.4,91.9,119.0,97.2,106.8,118.6,95.1,84.8,95.2,91.7,82.8,123.2,74.2,79.4,79.7,71.9,102.7,102.7,95.8,98.2,101.7,93.9,93.9,83.2,,97.9,80.2,132.5,,95.8,112.6,94.1,97.9,83.6,85.5,83.7,77.0,,85.4,105.1,109.1,105.7,116.8,84.2,128.7,103.4,104.1,94.6,,109.6,,,135.8,204.5,,142.3,192.7,,102.8,138.5,141.9,85.7,171.8,63.8,64.8,54.1,85.1,,,106.1,89.3,97.2,96.5,99.0,101.4,96.3,96.9,78.6,81.2,76.1,74.8,84.3,,75.5,91.4,100.8,,,104.3,102.8,101.1,99.9,103.2,109.3,,,109.5,109.5,105.3,105.3,106.4,,139.4,,,107.2,77.1,86.3,83.8,96.3,72.9,,,174.9,90.2,142.1,82.0,77.5,145.4,,97.5,,,78.9,80.2,73.3,75.6,73.3,275.5,86.2,61.5,69.5,,76.8,64.5,,74.3,,67.5,75.1,,76.7,
199101,96.9,100.4,103.8,109.6,92.5,100.2,103.3,116.3,,110.4,,93.0,95.7,101.2,87.2,107.3,78.2,94.3,87.1,,83.9,,99.5,103.1,102.2,87.5,80.8,72.8,92.3,139.9,79.3,122.3,219.3,100.9,96.3,94.4,98.6,94.8,105.2,87.4,87.5,91.5,99.6,100.4,95.8,107.3,94.4,91.9,105.0,97.2,100.8,107.0,95.1,84.7,94.4,91.6,82.8,119.8,74.4,79.7,79.6,72.4,102.6,102.6,95.7,98.5,100.9,94.0,93.9,83.3,,97.3,80.4,129.1,,95.8,112.8,94.1,97.7,83.9,85.8,84.0,77.0,,85.3,105.3,109.2,106.7,116.9,84.3,128.7,104.6,104.2,95.0,,109.6,,,134.8,202.7,,139.4,189.6,,102.7,138.3,141.6,85.6,171.8,63.9,64.8,54.1,85.5,,,105.9,89.5,97.3,96.5,99.4,101.8,96.3,96.9,78.6,81.2,76.1,74.8,84.3,,76.4,91.4,100.8,,,103.9,102.8,101.2,100.2,103.2,109.3,,,110.6,110.6,104.5,103.5,106.4,,139.6,,,107.2,77.5,86.3,83.9,96.7,72.9,,,174.9,90.2,142.1,82.0,77.5,145.4,,97.5,,,78.9,80.2,73.3,75.6,73.3,275.5,86.2,61.5,69.5,,76.8,64.5,,74.3,,67.5,75.1,,76.7,
199102,95.2,98.1,103.7,109.5,92.7,97.5,99.2,116.3,,102.4,,86.3,95.7,94.3,87.4,99.0,82.1,92.3,87.1,,73.7,,99.5,108.8,98.9,87.5,70.0,66.0,92.7,123.8,84.0,119.7,219.3,100.9,95.0,91.9,95.1,91.7,105.6,87.4,86.5,91.5,90.7,96.7,95.6,107.3,95.2,91.9,92.0,97.2,97.3,102.5,95.1,84.6,94.0,91.5,82.7,118.3,74.6,80.0,79.6,72.6,102.7,102.7,96.1,98.6,101.2,95.2,94.5,84.6,,97.2,81.2,130.6,,95.8,112.8,94.4,97.9,84.3,86.1,84.4,77.3,,85.3,105.5,109.2,107.9,116.9,84.2,128.7,105.6,104.3,95.4,,109.6,,,134.6,200.4,,138.3,189.0,,102.9,138.8,142.5,85.5,171.8,63.9,64.8,54.2,86.7,,,105.6,89.3,97.0,96.5,98.0,100.4,96.3,96.9,78.6,81.2,76.1,74.8,84.3,,76.1,91.4,100.8,,,103.3,102.9,101.2,100.2,103.3,109.3,,,111.8,111.8,103.6,101.2,106.7,,139.8,,,107.6,78.0,86.5,84.1,96.7,72.9,,,174.9,90.2,142.7,82.0,77.5,145.4,,102.0,,,79.2,80.2,73.3,75.6,73.3,275.5,86.2,61.5,69.5,,76.8,64.5,,80.3,,72.9,75.1,,76.7,
199103,97.7,102.7,103.9,109.4,93.4,102.7,98.6,116.3,,100.6,,86.6,95.7,93.6,87.8,97.7,82.5,101.2,87.1,,98.1,,99.5,113.1,109.3,87.5,89.3,84.7,92.8,143.9,84.2,123.3,220.6,116.6,95.1,92.7,96.0,93.0,106.0,87.4,88.5,91.5,93.4,97.4,100.0,107.3,93.5,91.9,91.8,97.2,97.6,103.0,95.1,85.0,94.4,91.5,82.7,120.1,74.9,80.1,79.8,73.0,102.8,102.8,97.2,99.4,102.9,96.1,94.8,86.2,,98.3,82.6,133.9,,101.1,112.9,94.4,98.2,84.7,86.7,84.8,77.6,,85.4,105.7,109.3,108.8,116.8,84.1,128.7,106.5,104.5,95.6,,109.8,,,134.7,200.2,,138.7,188.4,,103.3,138.3,142.3,85.6,173.3,63.9,64.8,54.2,86.8,,,105.4,89.5,97.5,96.5,100.3,102.7,96.3,96.9,78.6,81.2,76.1,74.8,84.3,,76.0,91.4,100.8,,,102.6,103.0,101.3,100.5,103.3,109.3,,,112.2,112.2,102.6,98.9,107.4,,139.6,,,107.5,78.4,86.9,84.2,96.7,72.9,,,174.9,90.2,142.8,82.0,77.5,145.4,,104.1,,,79.4,80.2,73.3,75.6,73.3,275.5,86.2,61.5,69.5,,76.8,64.5,,80.3,,72.9,76.2,,77.9,
199104,100.5,105.9,104.4,109.8,94.2,106.4,107.9,126.4,,114.6,,99.3,105.7,93.9,88.2,107.0,82.3,101.5,87.1,,98.1,,99.5,111.3,108.6,99.8,89.3,84.7,93.5,143.9,84.5,127.7,222.3,116.1,95.1,96.8,102.2,94.1,106.2,87.4,89.9,97.3,93.0,105.9,100.0,107.3,99.3,101.1,110.6,109.6,109.1,112.0,110.1,84.8,93.8,91.5,82.7,117.6,75.0,80.2,79.8,73.2,102.6,102.6,97.7,99.6,103.4,96.3,95.0,87.3,,99.2,85.6,134.2,,101.3,112.4,94.4,98.3,85.2,87.2,85.2,78.0,,85.6,105.9,109.3,109.3,116.8,84.1,128.7,107.2,104.5,95.9,,109.8,,,135.3,201.2,,138.7,190.8,,103.6,138.1,142.5,85.7,173.3,63.9,64.8,54.2,87.2,,,104.4,89.6,97.5,96.5,100.1,102.5,96.3,96.9,78.6,81.2,76.1,74.8,84.5,,76.4,91.4,100.8,,,101.8,103.0,101.3,100.5,103.3,109.3,,,112.8,112.8,101.5,97.1,108.2,,139.0,,,108.0,78.9,87.4,85.8,97.4,72.9,,,162.3,90.2,139.3,82.0,77.5,141.0,,104.7,,,82.5,83.6,75.2,77.3,75.3,282.1,89.9,64.7,73.4,,78.2,67.6,,80.3,,72.9,78.8,,80.5,
199105,102.9,108.9,104.6,109.9,94.4,109.6,109.2,127.5,,114.6,,99.3,106.1,104.4,88.7,107.0,82.3,106.4,116.9,,98.1,,123.2,109.1,111.9,102.9,89.3,84.7,93.8,143.9,84.2,128.0,223.0,116.7,95.5,100.3,106.9,98.5,106.5,93.6,89.9,97.4,103.4,111.5,99.2,134.6,99.3,101.9,110.6,113.6,109.7,112.0,111.5,85.5,93.8,91.6,82.8,117.1,76.2,80.1,79.8,75.7,102.8,102.8,98.1,100.5,104.0,96.7,95.4,88.1,,99.5,87.3,134.6,,101.6,111.9,94.8,98.6,85.5,87.8,85.6,78.2,,85.5,106.0,109.3,109.6,116.8,84.1,128.7,107.5,104.5,96.0,,109.8,,,135.0,199.6,,136.5,190.8,,103.9,138.5,143.9,85.7,173.0,63.9,64.8,54.2,87.5,,,104.4,89.6,97.4,96.5,99.9,102.3,96.3,96.9,78.6,81.2,76.1,74.8,84.5,,76.4,91.4,100.8,,,101.8,103.0,101.3,100.5,103.3,109.3,,,112.9,112.9,101.4,96.8,109.5,,139.0,,,108.6,78.9,88.0,85.9,97.6,72.9,,,162.3,90.2,139.3,82.0,77.5,141.0,,104.9,,,82.6,83.7,76.3,79.2,75.3,282.1,89.9,64.7,73.4,,78.2,67.6,,80.3,,72.9,78.8,,80.5,
199106,103.0,108.8,104.9,110.2,95.2,109.6,109.1,126.8,,114.6,,99.3,106.2,104.4,89.0,107.0,82.3,106.4,118.2,,98.1,,119.7,109.1,111.9,102.3,89.3,84.7,93.7,143.9,84.2,128.1,223.2,116.9,95.2,100.6,107.1,98.9,107.1,92.9,89.9,99.3,103.4,111.8,100.7,135.5,99.3,102.3,110.6,112.1,108.4,112.0,108.5,85.8,94.7,91.6,82.8,121.1,76.3,80.5,79.8,75.7,102.9,102.9,98.5,101.1,104.2,96.6,95.7,89.1,,99.5,88.4,135.2,,101.5,111.2,94.7,98.8,85.6,87.9,85.6,78.4,,85.5,106.0,109.2,110.1,116.9,84.1,128.7,107.6,104.5,96.1,,109.4,,,135.0,197.9,,137.2,190.4,,104.2,138.9,143.7,85.7,171.8,63.9,64.8,54.2,87.6,,,104.3,89.4,97.0,96.5,98.0,100.4,96.3,96.9,78.6,81.2,76.1,74.8,84.5,,76.7,91.4,100.8,,,101.8,103.0,101.3,100.5,103.3,109.3,,,112.9,112.9,101.3,96.4,109.5,,139.3,,,108.7,79.0,88.2,86.3,97.6,72.9,,,162.3,90.2,139.3,82.0,77.5,141.0,,104.9,,,82.6,83.7,76.4,79.2,75.3,282.1,89.9,64.7,73.4,,78.2,67.6,,80.3,,72.9,78.8,,80.5,
199107,100.7,106.0,104.9,110.2,95.1,106.4,106.3,117.0,,114.6,,99.3,97.7,104.4,88.9,107.0,82.3,103.0,100.3,,98.1,,107.3,109.1,111.9,89.1,89.3,84.7,93.9,143.9,84.2,124.2,222.1,102.4,95.0,97.5,102.7,97.5,107.2,90.4,89.9,92.9,103.4,105.5,100.7,119.3,99.3,91.1,110.6,96.5,103.2,112.0,96.4,85.8,94.6,91.6,82.7,121.1,76.4,80.5,79.6,75.9,102.9,102.9,98.4,101.1,103.6,96.5,96.1,89.6,,98.9,88.8,131.2,,100.8,111.2,94.7,98.3,85.9,88.2,85.9,78.6,,85.6,106.1,109.3,110.4,116.9,84.1,128.5,107.6,104.6,96.3,,109.4,,,135.3,198.6,,137.5,191.1,,104.5,138.2,144.7,85.7,172.1,63.9,64.8,54.2,87.6,,,104.8,89.7,97.5,96.5,100.3,102.7,96.3,96.9,78.6,81.2,76.1,74.8,84.5,,76.7,91.4,100.8,,,102.4,103.0,101.3,100.5,103.3,109.3,,,113.0,113.0,102.2,96.2,110.1,,139.3,,,109.3,79.0,88.6,86.6,98.0,72.9,,,162.3,95.9,139.3,82.0,77.5,141.0,,104.9,,,82.6,83.7,76.4,79.2,75.3,282.1,89.9,64.7,73.4,,78.2,67.6,,80.3,,72.9,78.8,,80.5,
199108,97.7,101.8,104.9,110.1,95.2,101.4,103.1,105.5,,114.6,,99.3,88.2,104.4,89.7,107.0,82.3,97.1,77.0,,98.1,,81.4,109.1,111.9,71.2,89.3,84.7,93.7,143.9,84.2,119.0,219.7,84.0,95.6,93.6,96.9,95.2,107.2,84.3,89.9,83.5,103.4,97.9,100.7,99.8,99.3,76.5,110.6,78.1,96.2,112.0,80.1,85.9,94.6,91.5,82.7,121.1,76.5,81.7,79.6,75.7,102.9,102.9,98.1,100.8,103.0,96.4,96.2,89.5,,98.4,90.0,130.4,,96.7,110.7,94.0,98.9,85.9,88.2,86.0,78.9,,85.6,106.2,109.1,110.9,116.9,83.9,128.8,107.7,104.7,97.0,,109.5,,,135.4,198.3,,138.0,191.1,,104.5,138.2,144.3,85.7,172.5,63.9,64.8,54.2,88.0,,,104.9,89.7,97.9,96.5,102.0,104.4,96.3,96.9,78.6,81.2,76.1,74.8,84.5,,76.9,91.4,100.8,,,102.4,103.0,101.3,100.5,103.3,109.3,,,113.2,113.2,102.3,96.0,110.2,,139.4,,,109.3,79.1,88.7,87.2,99.3,72.9,,,162.3,95.9,139.3,82.0,77.5,141.0,,104.9,,,82.6,83.7,76.4,79.2,75.3,282.1,89.9,64.7,73.4,,78.2,67.6,,80.3,,72.9,78.8,,80.5,
199109,103.9,109.6,106.0,111.1,96.0,110.3,109.0,103.6,,126.9,,112.2,86.5,117.6,90.1,107.0,82.3,108.5,103.1,,112.1,,107.9,118.2,131.7,93.1,100.4,105.9,95.2,143.9,84.2,122.5,223.8,80.9,98.3,102.7,109.0,103.8,107.6,90.3,90.7,94.0,120.4,111.8,107.1,99.1,111.2,94.6,133.2,101.9,110.4,125.9,101.3,88.5,99.1,94.6,87.3,128.5,78.4,82.0,84.6,76.5,103.1,103.1,98.8,101.2,104.3,96.7,96.2,90.0,,100.0,90.9,136.0,,94.6,110.4,95.9,100.2,86.1,88.5,86.1,79.0,,85.6,106.3,109.2,111.2,116.9,84.1,128.7,107.7,104.6,97.6,,109.5,,,135.3,196.1,,137.2,189.6,,104.9,138.2,145.6,86.1,172.5,63.9,64.8,54.2,88.0,,,104.8,89.4,97.0,96.5,98.1,100.5,96.3,96.9,78.6,81.2,76.2,74.8,84.5,,76.9,91.4,100.8,,,102.4,103.1,102.0,100.5,103.4,109.3,,,113.2,113.2,102.3,95.9,110.2,,139.0,,,109.8,79.1,88.8,87.3,99.3,72.9,,,162.3,95.9,139.3,82.0,77.5,141.0,,104.9,,,82.6,83.7,76.4,79.2,75.3,282.1,89.9,64.7,73.4,,78.2,67.6,,80.3,,72.9,78.8,,80.5,
199110,105.2,111.1,107.0,112.2,96.4,112.0,112.6,117.8,,126.5,,110.6,98.4,117.6,90.3,107.0,82.3,108.1,103.1,,113.3,,107.9,117.1,125.4,93.1,99.8,100.8,95.5,143.9,84.2,129.6,225.3,104.9,98.8,103.8,110.2,102.9,108.1,90.3,90.7,94.0,117.5,114.1,107.4,117.7,111.8,94.6,129.2,101.9,112.3,125.7,101.3,89.4,99.9,96.0,89.3,127.3,79.5,83.8,86.0,77.2,103.7,103.7,99.0,101.3,104.2,97.9,96.1,90.6,,101.8,91.8,136.9,,99.7,110.4,96.4,100.8,86.3,88.7,86.2,79.0,,85.5,106.3,109.2,111.2,116.9,84.0,128.5,107.8,104.6,97.8,,109.5,,,135.3,197.9,,137.0,187.3,,104.9,138.2,146.0,86.2,173.3,63.7,64.8,53.5,88.1,,,104.9,89.7,97.3,96.5,99.4,101.8,96.3,96.9,78.6,81.2,76.2,74.8,85.6,,76.9,91.4,100.8,,,102.5,103.1,102.0,100.5,103.4,109.3,,,113.4,113.4,102.3,95.9,110.9,,138.4,,,110.4,79.2,89.2,87.3,99.3,72.9,,,162.3,95.9,139.3,82.0,77.5,141.0,,104.9,,,82.6,83.6,76.4,79.2,75.3,282.1,89.8,64.7,73.2,,78.2,67.6,,80.3,,72.9,78.8,,80.5,
199111,106.0,112.6,107.1,112.2,96.5,113.7,113.4,117.8,,126.4,,110.8,98.4,117.7,90.6,118.5,82.3,110.5,103.1,,114.5,,107.9,117.7,124.9,93.1,100.0,99.7,95.0,168.1,84.2,130.2,226.6,104.9,100.0,103.8,110.2,103.0,108.5,90.3,90.9,94.0,117.4,113.8,107.5,117.7,112.5,94.6,127.7,101.9,114.0,125.7,101.3,89.5,100.2,96.5,89.7,127.0,79.5,82.3,87.0,77.2,103.8,103.8,99.3,101.6,105.0,98.6,96.2,91.3,,102.0,92.6,137.0,,99.7,110.4,96.7,100.5,86.6,89.0,86.6,79.2,,85.5,106.4,109.2,111.3,116.8,83.9,128.1,108.0,104.7,98.1,,109.5,,,135.5,199.2,,138.0,186.1,,104.9,138.1,147.4,86.6,174.0,63.7,64.8,53.5,88.1,,,104.9,89.6,97.0,96.5,98.1,100.5,96.3,96.9,78.6,81.2,76.2,74.8,85.9,,76.9,91.4,100.8,,,102.7,103.1,102.0,100.5,103.4,109.6,,,113.5,113.5,102.6,96.3,111.0,,138.4,,,110.4,79.3,89.5,87.6,99.3,72.9,,,162.3,95.9,139.4,82.0,77.5,141.0,,105.0,,,82.6,83.6,76.4,79.2,75.3,282.1,89.8,64.7,73.2,,78.2,67.6,,80.3,,72.9,78.8,,80.5,
199112,105.8,112.3,107.3,112.5,96.7,113.2,112.6,117.8,,124.0,,110.2,98.4,116.3,91.6,118.0,82.3,110.3,103.1,,113.5,,107.9,117.7,125.2,93.1,98.7,98.9,95.6,169.6,84.2,130.1,226.0,104.9,100.3,103.6,109.8,102.4,108.5,90.3,90.7,94.0,115.8,113.4,108.0,117.7,113.0,94.6,126.0,101.9,114.1,124.8,101.3,89.8,100.3,96.7,90.0,127.1,79.9,83.2,87.2,77.4,103.9,103.9,99.5,101.7,105.1,98.6,96.3,91.8,,102.3,92.9,137.8,,99.7,110.2,96.9,101.2,86.8,89.2,86.8,79.2,,85.5,106.4,109.1,111.3,116.8,83.8,128.5,108.0,104.7,98.3,,109.6,,,135.5,197.3,,138.5,185.7,,105.0,137.9,147.6,87.1,173.5,63.7,64.8,53.5,88.2,,,105.5,91.2,97.2,96.5,99.0,101.4,96.3,96.9,84.3,86.1,81.9,82.2,86.4,,77.2,91.4,100.8,,,102.8,103.1,102.0,100.5,103.4,109.6,,,114.0,114.0,102.8,96.5,111.5,,138.3,,,110.7,79.3,89.5,88.5,99.5,72.9,,,162.3,95.9,139.4,82.0,77.5,141.0,,105.0,,,82.6,83.6,76.4,79.2,75.3,282.1,89.8,64.7,73.2,,78.2,67.6,,80.3,,72.9,78.8,,80.5,
199201,100.7,104.3,107.3,112.5,96.6,104.1,105.3,117.8,,111.1,,96.0,98.4,105.2,91.8,107.3,82.3,99.2,103.1,,84.8,,107.9,110.6,105.9,93.1,79.5,77.6,95.4,143.3,84.2,125.1,225.1,104.9,99.9,98.5,102.5,97.0,108.8,90.3,86.5,94.0,102.1,105.1,98.0,117.7,104.7,94.6,106.6,101.9,105.4,107.9,101.3,89.8,99.6,96.8,90.1,124.0,80.3,83.4,87.3,78.3,104.1,104.1,99.2,101.6,103.9,98.2,96.3,91.8,,101.5,93.6,134.0,,99.7,110.2,96.5,101.6,87.0,89.4,87.0,79.8,,86.2,106.3,108.4,111.5,116.4,83.5,128.5,108.0,104.8,98.8,,109.6,,,135.9,198.8,,138.5,185.3,,105.6,138.1,145.7,88.1,174.7,64.6,66.0,53.3,88.8,,,105.7,91.3,97.3,96.5,99.4,101.8,96.3,96.9,84.3,86.1,81.9,82.2,86.4,,78.0,91.4,100.8,,,103.1,103.2,102.0,100.9,103.4,109.6,,,114.6,114.6,103.1,96.2,111.6,,138.4,,,110.7,79.3,90.0,92.0,99.6,72.9,,,162.3,95.9,139.4,82.0,77.5,141.0,,105.0,,,82.6,83.6,76.4,79.2,75.3,282.1,89.8,64.7,73.2,,78.2,67.6,,80.3,,72.9,78.8,,80.5,
199202,99.5,102.8,107.3,112.5,96.7,102.2,101.7,117.8,,103.9,,89.9,98.4,98.0,92.2,98.3,89.6,98.5,103.1,,77.2,,107.9,118.6,103.8,93.1,70.5,70.9,96.7,128.7,90.0,124.3,225.6,104.9,100.3,96.2,99.0,94.0,109.3,90.3,85.9,94.0,93.9,101.1,99.3,117.7,99.2,94.6,93.7,101.9,103.8,105.5,101.3,89.8,99.0,96.9,90.6,121.0,80.6,84.9,87.3,78.3,103.9,103.9,99.2,101.7,103.8,98.7,96.3,92.2,,101.6,93.6,135.9,,99.7,110.3,96.8,102.8,87.2,89.6,87.2,79.9,,86.1,106.4,108.4,111.8,116.3,83.5,128.4,108.0,104.8,99.1,,109.6,,,135.8,197.7,,138.1,184.6,,105.6,138.1,146.0,88.7,174.3,64.6,66.0,53.4,88.8,,,105.6,91.3,97.0,96.5,98.0,100.4,96.3,96.9,84.6,86.3,82.1,82.4,87.1,,77.7,91.4,100.8,,,102.9,103.2,102.4,100.9,103.4,109.6,,,114.7,114.7,102.8,95.1,112.0,,138.7,,,112.1,79.8,89.9,92.0,100.1,72.9,,,162.3,95.9,139.4,82.0,77.5,141.0,,105.0,,,82.6,83.6,76.4,79.2,75.3,282.1,89.8,64.7,73.2,,78.2,67.6,,80.3,,72.9,78.8,,80.5,
199203,102.1,107.5,107.3,112.5,96.4,107.7,100.7,117.8,,101.6,,88.7,98.4,98.1,92.4,96.4,89.5,108.0,103.1,,102.6,,107.9,120.9,114.4,93.1,91.5,92.3,96.7,152.4,90.0,127.8,226.2,121.8,100.0,97.5,100.6,94.6,110.1,90.3,86.3,94.0,94.8,103.6,106.1,117.7,102.5,94.6,96.2,101.9,104.3,107.0,101.3,90.3,99.7,97.0,90.7,123.4,81.3,85.1,87.5,79.3,103.9,103.9,99.9,102.4,105.1,98.9,96.2,92.6,,102.7,94.2,138.3,,105.1,111.0,97.4,104.4,87.7,90.2,87.7,80.1,,86.2,106.3,108.2,111.8,115.5,83.4,128.3,108.0,104.8,99.2,,109.6,,,135.8,197.5,,137.1,185.9,,105.4,138.1,146.7,89.2,174.7,64.6,66.0,53.4,89.1,,,105.6,91.4,97.5,96.5,100.3,102.7,96.3,96.9,84.6,86.3,82.1,82.4,87.1,,77.4,91.4,100.8,,,102.8,103.3,102.4,100.9,103.4,109.8,,,115.3,115.3,102.7,94.8,112.2,,136.9,,,112.5,80.3,90.2,92.1,100.5,72.9,,,162.3,95.9,139.4,82.0,77.5,141.0,,105.0,,,82.6,83.6,76.4,79.2,75.3,282.1,89.8,64.7,73.2,,78.2,67.6,,80.3,,72.9,79.3,,81.0,
199204,105.0,110.6,107.4,112.6,96.4,111.4,110.4,126.8,,117.2,,102.6,107.3,97.1,92.6,107.7,89.5,107.9,103.1,,102.6,,107.9,117.1,113.5,102.3,91.5,92.3,96.7,152.4,90.2,132.3,228.4,120.7,100.5,102.3,107.6,96.7,110.3,90.3,88.8,102.1,95.2,113.0,105.8,117.7,107.9,106.6,116.1,116.7,115.8,117.5,116.0,90.3,99.2,97.1,90.8,121.1,81.6,85.5,87.5,79.9,103.8,103.8,100.2,102.4,105.3,98.6,96.7,93.7,,103.5,94.3,139.3,,104.9,110.7,97.9,104.4,88.3,90.8,88.4,80.4,,88.1,106.2,108.1,112.1,115.9,83.2,127.2,108.0,104.7,99.3,,109.6,,,136.2,197.3,,137.4,187.1,,106.0,138.1,147.0,89.9,174.7,67.4,67.8,59.1,89.6,,,105.6,91.6,97.5,96.5,100.1,102.5,96.3,96.9,85.2,86.9,82.7,83.0,88.3,,77.1,91.4,100.8,,,102.5,101.9,102.4,99.6,102.0,108.3,,,115.8,115.8,102.8,94.1,112.6,,137.2,,,113.4,80.8,90.7,94.5,102.0,72.9,,,162.3,95.9,139.4,82.0,77.5,141.0,,105.0,,,86.1,87.4,79.4,81.1,77.9,291.7,93.5,68.8,76.7,,80.2,72.0,,80.3,,72.9,82.1,,83.9,
199205,106.6,113.1,108.0,112.8,98.0,114.2,111.7,128.2,,117.2,,102.6,107.4,108.5,92.6,107.7,89.6,112.1,127.7,,102.6,,128.1,116.8,118.1,103.1,91.5,92.3,96.7,152.4,90.1,131.7,228.8,118.7,99.9,104.2,110.2,101.1,110.5,95.5,88.8,100.7,107.2,114.6,104.2,128.1,107.9,106.5,116.1,117.5,116.0,117.5,116.6,90.5,99.8,97.3,91.0,121.2,81.7,85.6,87.5,80.2,103.9,103.9,100.3,102.3,105.4,99.0,96.7,93.5,,103.4,94.4,139.5,,104.9,110.3,97.9,104.2,88.4,91.0,88.4,80.5,,88.1,106.5,108.3,112.2,116.1,83.3,127.8,108.0,105.0,99.2,,109.8,,,136.3,197.1,,136.8,188.4,,106.0,138.1,147.2,90.2,173.1,67.4,67.8,59.1,89.6,,,105.6,91.6,97.4,96.5,99.9,102.3,96.3,96.9,85.2,86.9,82.7,83.0,88.3,,77.1,91.4,100.8,,,102.6,101.9,102.4,99.6,102.0,108.3,,,116.0,116.0,102.9,93.7,112.6,,136.7,,,114.4,80.8,90.7,95.6,102.0,72.9,,,162.3,95.9,139.4,82.0,77.5,141.2,,105.0,,,86.1,87.4,80.2,82.1,77.9,291.7,93.5,68.8,76.7,,80.2,72.0,,80.3,,72.9,82.1,,83.9,
199206,106.7,112.8,107.9,112.8,98.0,113.8,111.8,128.3,,117.2,,102.6,108.1,108.5,92.6,107.7,89.6,111.4,124.8,,102.6,,122.8,116.8,118.1,102.2,91.5,92.3,96.5,152.4,90.1,130.8,227.3,116.8,99.8,105.2,111.4,101.0,109.9,96.2,88.8,100.0,107.2,117.0,104.9,142.9,107.9,105.9,116.1,114.4,115.7,117.5,116.0,90.8,100.5,97.3,91.1,124.5,81.7,85.6,87.5,80.1,104.0,104.0,100.4,102.4,105.7,98.3,96.7,93.6,,103.4,94.5,139.9,,104.6,109.9,97.6,104.3,88.7,91.2,88.7,80.7,,88.2,106.5,108.3,112.4,115.9,83.3,127.8,108.0,105.0,99.2,,109.8,,,136.5,196.9,,137.1,190.2,,106.1,138.1,147.0,90.2,172.3,67.5,67.8,59.1,89.7,,,105.6,91.6,97.0,96.5,98.0,100.4,96.3,96.9,85.2,86.9,82.7,83.0,88.3,,78.5,91.4,100.8,,,102.6,101.9,102.4,99.6,102.0,108.3,,,115.9,115.9,102.8,93.5,112.7,,136.7,,,114.6,80.8,91.0,95.7,102.1,72.9,,,162.3,95.9,139.4,82.0,77.5,141.2,,105.0,,,86.1,87.4,80.3,82.2,77.9,291.7,93.5,68.8,76.7,,80.2,72.0,,80.3,,72.9,82.2,,84.0,
199207,103.5,108.7,107.9,112.8,97.8,109.0,108.5,115.8,,117.2,,102.6,99.6,108.5,92.3,107.7,89.6,106.0,94.3,,102.6,,99.9,116.8,118.1,84.8,91.5,92.3,96.2,152.4,90.1,125.9,224.5,100.0,99.7,100.9,105.4,99.3,109.9,92.4,88.8,92.8,107.2,108.5,104.9,118.3,107.9,93.3,116.1,94.7,108.5,117.5,99.0,90.8,100.4,97.3,91.0,124.5,81.6,85.9,87.3,80.0,103.9,103.9,99.7,102.4,103.7,98.3,96.8,94.0,,102.3,94.0,134.4,,102.4,109.8,97.0,103.8,88.8,91.4,88.9,80.8,,88.2,106.4,108.3,112.3,115.9,83.3,127.8,108.0,105.0,99.3,,109.8,,,136.3,196.3,,137.0,189.4,,106.4,138.1,147.0,90.2,172.6,67.5,67.8,59.1,90.0,,,105.1,91.9,97.5,96.5,100.3,102.7,96.3,96.9,85.2,86.9,82.7,83.0,88.3,,78.9,91.4,100.8,,,102.6,101.9,102.4,99.6,102.0,108.3,,,115.8,115.8,102.9,93.4,112.7,,137.2,,,114.9,80.9,91.4,96.1,102.7,72.9,,,162.3,95.9,135.0,82.0,77.5,135.9,,105.0,,,86.1,87.4,80.3,82.2,77.9,291.7,93.5,68.8,76.7,,80.2,72.0,,80.3,,72.9,82.2,,84.0,
199208,100.9,105.0,108.0,112.9,97.8,104.8,105.7,105.7,,117.2,,102.6,91.7,108.5,92.7,107.7,89.6,101.0,76.5,,102.6,,75.9,116.8,118.1,71.2,91.5,92.3,95.7,152.4,90.1,121.5,221.7,86.0,98.9,97.5,100.5,97.3,110.2,85.4,88.8,85.6,107.2,101.8,104.9,100.9,107.9,81.9,116.1,78.1,102.9,117.5,85.8,90.8,100.4,97.2,90.8,124.5,81.7,86.3,87.3,80.0,103.9,103.9,99.3,101.9,103.1,97.7,97.0,94.0,,101.5,94.0,133.7,,97.9,109.0,96.4,103.7,88.8,91.4,88.9,80.9,,88.1,106.4,108.1,112.1,115.9,83.1,127.8,108.0,105.0,99.3,,109.8,,,136.2,195.3,,137.0,189.0,,106.4,138.1,147.3,90.7,172.6,67.5,67.8,59.1,90.0,,,105.2,92.0,97.9,96.5,102.0,104.4,96.3,96.9,85.2,86.9,82.7,83.0,88.3,,78.9,91.4,100.8,,,102.7,101.9,102.4,99.6,102.0,108.3,,,115.8,115.8,103.0,93.6,112.7,,136.9,,,114.9,80.9,91.5,96.5,102.7,72.9,,,162.3,95.9,135.0,82.0,77.5,135.9,,105.0,,,86.1,87.4,80.3,82.2,77.9,291.7,93.5,68.8,76.7,,80.2,72.0,,80.3,,72.9,82.2,,84.0,
199209,106.1,111.7,109.5,113.3,98.7,112.2,109.2,104.1,,124.3,,110.8,89.9,118.1,93.4,107.7,89.6,111.3,105.8,,109.5,,106.7,116.3,133.9,92.7,103.9,112.2,96.1,152.4,90.1,124.4,226.2,80.9,101.1,105.1,110.9,105.9,110.4,92.4,92.9,96.2,122.1,113.0,107.8,97.9,113.2,98.9,134.5,104.2,115.6,127.9,106.7,91.7,102.4,97.3,91.1,132.8,82.0,86.5,87.5,80.3,104.0,104.0,100.5,102.6,105.6,97.8,97.0,94.5,,102.8,94.5,139.3,,96.2,108.5,98.6,104.0,88.9,91.5,88.9,81.0,,88.2,106.4,108.2,112.2,115.8,83.3,127.5,107.9,105.2,99.4,,110.0,,,136.3,196.1,,137.0,187.8,,106.5,138.5,147.2,90.8,172.5,67.5,67.8,59.1,90.0,,,105.3,91.7,97.0,96.5,98.1,100.5,96.3,96.9,85.2,86.9,82.7,83.0,88.7,,78.9,91.4,100.8,,,103.1,102.2,104.1,100.1,102.1,108.3,,,115.8,115.8,103.5,94.5,112.7,,136.9,,,115.2,81.7,92.2,96.6,102.7,72.9,,,162.3,95.9,135.0,82.0,77.5,135.9,,105.0,,,86.1,87.4,80.3,82.2,77.9,291.7,93.5,68.8,76.7,,80.1,72.0,,80.3,,72.9,82.2,,84.0,
199210,107.2,112.7,109.2,113.3,98.8,113.5,113.0,118.2,,124.6,,110.6,100.7,117.3,93.5,107.7,89.6,110.1,105.8,,111.6,,106.7,114.2,126.6,92.7,103.8,102.3,96.1,152.4,90.1,132.0,229.2,106.4,101.5,106.2,112.6,104.5,110.3,92.4,92.6,96.2,118.1,116.6,108.4,117.7,116.8,98.9,133.1,104.2,116.8,128.0,106.7,91.8,102.3,97.2,91.2,132.2,82.4,86.8,87.5,80.9,104.0,104.0,100.6,103.0,105.6,98.0,97.2,94.5,,104.7,94.5,139.9,,102.3,109.1,99.0,104.3,89.1,91.6,89.2,81.1,,88.2,106.5,108.2,112.2,115.8,83.2,127.4,107.9,105.2,99.4,,110.2,,,136.3,195.3,,136.7,187.8,,106.7,138.5,147.9,90.8,172.0,67.5,67.8,59.1,90.5,,,105.5,91.9,97.3,96.5,99.4,101.8,96.3,96.9,85.2,86.9,82.7,83.0,88.9,,78.9,91.4,100.8,,,103.3,102.3,104.1,100.2,102.2,108.3,,,115.6,115.6,103.8,95.1,112.7,,137.2,,,115.6,81.8,91.9,97.0,102.8,72.9,,,162.3,95.9,135.0,82.0,77.5,135.9,,105.0,,,86.1,87.4,80.3,82.2,77.9,291.7,93.5,68.8,76.7,,80.1,72.0,,80.3,,72.9,82.2,,84.0,
199211,107.7,113.8,109.2,113.2,98.7,114.8,114.1,118.2,,124.5,,111.1,100.7,117.8,93.7,120.3,89.6,111.7,105.8,,113.6,,106.7,115.3,126.3,92.7,102.9,100.1,96.2,167.5,90.1,132.5,229.7,106.4,101.9,106.1,112.3,104.6,110.4,92.4,93.3,96.2,118.1,115.8,108.0,117.7,116.7,98.9,130.4,104.2,118.5,128.6,106.7,92.0,102.5,97.3,91.2,133.1,82.6,86.8,87.8,81.2,104.1,104.1,100.9,103.6,106.0,98.4,97.3,94.9,,104.8,94.6,140.6,,102.3,108.3,99.3,104.1,89.2,91.6,89.4,81.1,,88.2,106.5,108.1,112.3,115.8,83.2,127.4,107.9,105.2,99.4,,110.1,,,136.3,195.3,,136.5,185.9,,107.0,138.5,148.6,91.0,171.8,67.5,67.8,59.1,90.6,,,105.6,91.9,97.0,96.5,98.1,100.5,96.3,96.9,85.2,86.9,82.7,83.0,89.0,,80.3,91.4,100.8,,,103.5,102.3,104.1,100.2,102.2,108.7,,,115.4,115.4,104.1,95.6,112.9,,137.3,,,115.6,82.1,92.2,97.1,103.2,72.9,,,162.3,95.9,135.1,82.0,77.5,135.9,,105.0,,,86.1,87.4,80.3,82.2,77.9,291.7,93.5,68.8,76.7,,80.1,72.0,,80.3,,72.9,82.2,,84.0,
199212,107.2,113.1,109.4,113.3,98.9,113.9,112.9,118.2,,121.9,,110.7,100.7,116.1,93.7,118.0,89.6,111.0,105.8,,111.4,,106.7,115.3,124.9,92.7,100.5,98.9,96.5,166.4,90.1,131.9,229.7,106.4,100.9,105.5,111.5,104.0,110.4,92.4,92.6,96.2,116.7,114.9,107.3,117.7,115.5,98.9,128.1,104.2,118.3,128.2,106.7,91.9,102.2,97.2,91.0,132.4,82.6,86.7,87.5,81.4,104.0,104.0,100.9,103.1,106.1,98.6,97.2,94.8,,104.8,95.3,140.9,,102.3,108.2,99.4,104.0,89.5,91.9,89.6,81.3,,88.0,106.5,108.0,112.3,115.8,83.1,127.4,108.0,105.6,99.4,,110.1,,,135.9,195.3,,136.4,182.2,,106.9,138.5,147.4,91.7,172.0,67.5,67.8,59.1,90.6,,,105.8,92.2,97.2,96.5,99.0,101.4,96.3,96.9,85.4,87.2,83.0,83.3,89.1,,81.6,91.4,100.8,,,103.6,102.5,104.1,100.4,102.2,108.8,,,115.3,115.3,104.2,95.6,112.9,,137.9,,,115.6,82.1,92.4,97.6,103.6,72.9,,,162.3,95.9,135.1,82.0,77.5,135.9,,105.0,,,86.1,87.4,80.3,82.2,77.9,291.7,93.5,68.8,76.7,,80.1,72.0,,80.3,,72.9,82.2,,84.0,
199301,101.0,103.6,109.2,112.8,99.2,103.0,103.5,118.2,,106.0,,90.1,100.7,101.6,94.0,103.8,89.6,98.4,105.8,,82.2,,106.7,100.0,101.8,92.7,80.0,74.6,96.7,134.3,90.1,125.9,224.3,106.4,101.3,98.9,102.1,96.7,109.9,92.4,87.4,96.2,98.7,104.3,95.9,117.7,99.7,98.9,104.2,104.2,108.3,111.7,106.7,91.5,100.3,97.3,90.9,124.0,83.1,87.3,87.3,82.4,104.1,104.1,100.3,102.4,105.0,97.5,97.1,95.1,,103.6,95.6,135.9,,102.3,108.1,98.6,102.9,89.7,92.2,89.8,81.4,,87.9,106.4,107.7,112.2,115.8,83.1,127.4,108.0,105.8,99.2,,110.1,,,135.7,194.6,,135.9,178.9,,107.1,138.2,149.0,91.7,171.1,67.5,67.8,59.1,90.8,,,105.9,92.4,97.3,96.5,99.4,101.8,96.3,96.9,85.4,87.2,83.0,83.3,89.2,,83.1,91.4,100.8,,,103.7,102.5,104.1,100.4,102.2,108.8,,,114.5,114.5,104.4,95.8,112.6,,137.7,,,116.0,82.9,92.4,98.0,104.7,72.9,,,162.3,95.9,135.1,82.0,77.5,135.9,,105.0,,,86.3,87.4,80.3,82.2,77.9,291.7,93.5,68.8,76.7,,80.1,72.0,,80.3,,72.9,82.7,,84.5,
199302,99.5,101.7,108.9,112.6,99.1,100.7,100.3,118.2,,100.0,,85.1,100.7,96.0,93.9,99.2,90.5,96.6,105.8,,72.6,,106.7,109.5,102.3,92.7,72.4,63.0,96.0,120.3,90.6,125.1,227.3,106.4,101.8,96.6,98.9,93.9,109.9,92.4,85.9,96.2,91.7,100.7,95.5,117.7,97.2,98.9,92.9,104.2,105.7,106.3,106.7,91.2,99.5,97.2,91.1,120.4,83.0,87.2,87.5,82.2,104.1,104.1,100.2,102.4,104.1,98.8,97.2,95.3,,102.8,95.7,135.1,,102.3,107.7,98.0,102.1,89.9,92.5,90.0,81.6,,88.0,106.4,107.6,112.2,115.8,83.1,127.4,108.0,105.8,99.3,,110.1,,,135.9,193.2,,136.5,182.2,,107.3,138.5,149.9,92.0,170.9,67.5,67.8,59.1,90.8,,,105.9,92.3,97.0,96.5,98.0,100.4,96.3,96.9,85.4,87.2,83.0,83.3,89.2,,83.4,91.4,100.8,,,103.7,102.5,103.8,101.2,102.2,107.3,,,112.4,112.4,104.4,95.8,111.9,,137.7,,,116.0,82.9,92.5,98.6,104.7,72.9,,,162.3,95.9,135.1,82.0,77.5,135.9,,105.0,,,86.3,87.4,80.3,82.2,77.9,291.7,93.5,68.8,76.7,,80.1,72.0,,80.3,,72.9,82.7,,84.5,
199303,102.3,106.9,108.7,112.4,98.6,106.8,99.4,118.2,,98.2,,83.6,100.7,96.1,94.2,95.7,90.6,107.1,105.8,,100.2,,106.7,117.0,108.6,92.7,93.9,91.9,96.0,147.1,90.5,127.8,230.1,117.3,102.1,97.4,100.0,94.3,110.2,92.4,87.1,96.2,91.8,102.2,101.9,117.7,100.5,98.9,92.6,104.2,106.5,108.0,106.7,91.4,99.6,97.3,91.3,120.6,83.5,88.6,87.5,82.4,104.2,104.2,101.1,103.9,105.7,99.7,97.2,95.9,,104.0,95.8,139.6,,106.1,107.6,99.1,103.6,90.2,92.8,90.3,81.7,,88.1,106.5,107.6,112.3,115.8,83.1,127.2,108.0,105.9,99.4,,110.1,,,136.1,194.2,,135.9,183.0,,107.2,138.1,150.7,92.3,169.9,67.5,67.8,59.1,90.9,,,105.9,92.5,97.5,96.5,100.3,102.7,96.3,96.9,85.4,87.2,83.0,83.3,89.2,,83.0,91.4,100.8,,,103.7,102.5,103.8,101.2,102.2,107.3,,,111.0,111.0,104.5,95.7,112.2,,137.9,,,116.4,82.9,92.3,98.8,105.8,72.9,,,162.3,95.9,135.1,82.0,77.5,135.9,,105.0,,,86.5,87.4,80.3,82.2,77.9,291.7,93.5,68.8,76.7,,80.1,72.0,,80.3,,72.9,83.5,,85.3,
199304,105.4,110.5,109.4,113.3,98.8,111.0,109.4,125.3,,114.2,,100.3,110.2,95.9,94.3,107.4,91.1,107.8,105.8,,100.2,,106.7,115.4,115.3,103.4,93.9,91.9,97.2,147.1,90.9,132.1,230.1,116.2,102.0,102.4,107.1,96.5,110.1,92.4,90.3,103.1,92.9,112.0,102.4,117.7,108.5,104.9,116.6,114.5,117.2,119.8,116.8,91.9,99.7,97.3,91.3,121.0,84.0,89.1,87.8,83.3,104.5,104.5,101.3,103.7,106.0,100.0,97.1,96.5,,104.9,96.3,140.6,,106.3,107.2,99.3,104.1,90.5,93.3,90.6,82.3,,88.5,106.4,107.6,112.2,115.7,83.2,127.0,108.0,105.9,99.4,,110.1,,,135.9,193.6,,135.2,182.2,,107.4,137.8,150.0,92.5,170.2,68.3,68.5,60.3,91.0,,,105.8,92.5,97.5,96.5,100.1,102.5,96.3,96.9,85.4,87.2,83.0,83.3,89.3,,83.2,91.4,100.8,,,103.5,102.5,103.8,101.2,102.2,107.3,,,109.6,109.6,104.2,95.6,112.7,,137.4,,,117.9,84.7,93.0,98.8,106.3,72.9,,,134.9,103.6,135.1,82.0,77.5,135.9,,105.0,,,89.4,91.1,81.8,83.5,80.4,302.4,97.2,71.8,80.1,,83.2,76.2,,80.3,,72.9,85.2,,87.0,
199305,106.8,112.2,109.6,113.5,99.2,112.8,110.3,125.1,,114.2,,100.3,110.7,107.4,94.6,107.4,90.8,110.5,120.4,,100.2,,122.1,110.4,117.4,105.7,93.9,91.9,97.1,147.1,90.7,131.7,228.6,115.3,102.5,105.2,111.1,101.4,110.2,98.6,90.3,100.5,106.2,115.8,98.6,141.9,108.5,107.2,116.6,113.7,117.6,119.8,117.8,91.9,99.6,97.3,91.3,120.5,84.3,90.2,87.8,83.5,104.3,104.3,101.4,103.8,106.0,100.2,97.5,96.2,,104.9,96.5,140.6,,106.2,106.9,99.8,104.0,90.6,93.2,90.7,82.3,,88.7,106.4,107.6,112.2,115.7,83.2,126.9,108.0,106.0,99.4,,109.9,,,136.5,194.2,,135.2,182.8,,107.7,138.1,156.4,92.5,169.9,68.3,68.5,60.3,91.6,,,105.8,92.5,97.4,96.5,99.9,102.3,96.3,96.9,85.4,87.2,83.0,83.3,89.3,,83.5,91.4,100.8,,,103.6,102.5,103.8,101.4,102.1,107.3,,,109.3,109.3,104.3,95.4,112.8,,139.7,,,118.6,85.2,93.3,99.1,106.5,72.9,,,134.9,103.6,135.1,82.0,77.5,135.9,,105.0,,,89.7,91.2,82.6,85.1,80.4,302.4,97.2,71.8,80.1,,83.2,76.2,,84.9,,77.1,85.2,,87.0,
199306,106.9,112.1,109.9,113.5,99.9,112.7,110.2,125.0,,114.2,,100.3,110.3,107.4,94.6,107.4,90.8,110.4,121.0,,100.2,,120.9,110.4,117.4,103.3,93.9,91.9,97.8,147.1,90.7,131.3,228.8,113.4,102.8,105.6,111.4,101.0,110.1,96.8,90.3,99.8,106.2,116.6,102.9,144.1,108.5,106.1,116.6,111.4,117.1,119.8,116.6,92.5,101.0,97.4,91.3,126.4,84.5,90.2,87.8,83.8,104.4,104.4,101.2,103.9,105.7,100.0,97.6,95.8,,104.8,96.7,140.5,,106.2,106.2,99.8,104.0,90.7,93.5,90.8,82.4,,88.7,106.4,107.6,112.2,115.8,83.1,126.9,107.9,106.0,99.4,,109.9,,,136.6,193.2,,136.4,182.2,,107.8,138.1,156.2,92.5,169.9,68.3,68.5,60.3,91.6,,,105.8,92.3,97.0,96.5,98.0,100.4,96.3,96.9,85.4,87.2,83.0,83.3,89.3,,83.5,91.4,100.8,,,103.6,102.6,103.8,101.4,102.2,107.3,,,109.0,109.0,104.3,95.2,112.8,,139.6,,,118.7,85.7,93.4,99.8,106.5,72.9,,,134.9,103.6,135.1,82.0,77.5,135.9,,105.0,,,89.7,91.2,82.8,85.1,80.4,302.4,97.2,71.8,80.1,,83.2,76.2,,84.9,,77.1,85.2,,87.0,
199307,103.7,108.1,109.9,113.5,99.9,108.1,106.3,110.2,,114.2,,100.3,99.3,107.4,94.6,107.4,90.8,105.8,95.8,,100.2,,103.9,110.4,117.4,86.6,93.9,91.9,97.7,147.1,90.7,125.4,224.5,95.7,101.1,101.0,104.7,98.7,109.7,90.4,90.3,90.8,106.2,107.9,102.9,120.1,108.5,91.5,116.6,90.7,107.4,119.8,93.9,92.4,100.9,97.3,91.3,126.4,84.4,90.4,87.6,83.6,104.1,104.1,100.6,103.7,103.9,99.9,97.6,95.8,,103.4,97.0,134.8,,103.6,105.5,99.2,102.9,90.9,93.6,91.0,82.5,,88.6,106.4,107.7,112.2,115.9,83.1,126.9,107.8,106.1,99.4,,110.1,,,136.2,192.4,,135.8,180.3,,108.1,137.5,157.7,92.7,166.0,68.3,68.5,60.3,91.6,,,106.0,92.8,97.5,96.5,100.3,102.7,96.3,96.9,85.9,87.6,83.2,83.8,89.5,,84.3,91.4,100.8,,,103.7,102.6,103.8,101.4,102.2,107.3,,,109.1,109.1,104.4,94.9,113.0,,140.0,,,117.6,85.5,93.0,99.8,106.5,86.5,,,134.9,103.6,135.1,82.0,77.5,135.9,,105.0,,,89.7,91.2,82.8,85.1,80.4,302.4,97.2,71.8,80.1,,83.2,76.2,,84.9,,77.1,85.2,,87.0,
199308,101.1,104.5,109.9,113.8,99.6,103.9,104.0,101.9,,114.2,,100.3,92.2,107.4,94.8,107.4,90.8,100.4,76.9,,100.2,,77.6,110.4,117.4,73.0,93.9,91.9,97.6,147.1,90.7,121.5,220.8,83.5,101.7,97.7,99.9,96.6,109.6,84.2,90.3,83.4,106.2,101.2,102.9,101.1,108.5,80.2,116.6,76.3,102.6,119.8,82.5,92.7,100.8,97.2,91.1,126.4,85.0,91.0,87.5,84.6,104.0,104.0,100.2,103.6,103.3,99.2,97.3,95.2,,102.6,97.1,133.1,,98.4,105.4,99.9,102.0,91.0,93.6,91.1,82.6,,88.5,106.3,107.7,112.1,115.9,83.1,126.9,107.8,106.1,99.3,,110.1,,,136.2,192.6,,135.9,179.3,,108.1,137.7,156.7,92.7,167.4,68.3,68.5,60.3,91.6,,,106.1,93.0,97.9,96.5,102.0,104.4,96.3,96.9,85.9,87.6,83.2,83.8,89.5,,84.9,91.4,100.8,,,103.8,102.6,103.8,101.6,102.2,107.3,,,109.0,109.0,104.5,94.7,113.3,,139.7,,,119.1,86.4,93.0,100.1,106.5,86.5,,,134.9,103.6,135.1,82.0,77.5,135.9,,105.0,,,89.7,91.2,82.8,85.1,80.4,302.4,97.2,71.8,80.1,,83.2,76.2,,84.9,,77.1,85.2,,87.1,
199309,105.9,110.3,110.0,113.7,101.1,110.6,106.8,100.0,,119.8,,107.4,90.0,117.4,95.2,107.4,90.8,109.8,103.5,,106.6,,106.2,115.2,128.8,94.4,106.9,104.4,98.0,147.1,90.7,124.8,229.5,82.2,102.3,104.9,110.0,103.4,110.4,92.5,89.7,95.5,116.6,113.2,108.3,99.1,114.8,98.0,135.5,101.4,114.0,124.2,105.5,93.2,101.8,97.2,91.3,130.4,85.2,91.1,87.5,85.1,104.3,104.3,101.0,103.8,105.4,98.9,97.4,95.3,,104.1,97.3,139.0,,96.0,105.1,101.2,105.1,91.1,93.8,91.3,82.6,,88.5,106.3,108.0,112.1,115.9,83.1,126.9,107.8,106.1,99.3,,110.0,,,135.8,192.2,,135.9,175.6,,108.0,137.4,157.2,92.9,166.3,68.3,68.5,60.3,91.6,,,106.0,92.7,97.0,96.5,98.1,100.5,96.3,96.9,85.9,87.6,83.2,83.8,89.5,,84.9,91.4,100.8,,,103.8,103.0,103.8,101.6,102.9,107.3,,,109.0,109.0,104.4,94.4,113.3,,140.1,,,119.2,86.4,93.0,100.1,106.5,86.5,,,134.9,103.6,135.1,82.0,77.5,135.9,,105.0,,,89.7,91.2,82.8,85.1,80.4,302.4,97.2,71.8,80.1,,83.3,76.2,,84.9,,77.1,85.2,,87.1,
199310,106.8,111.8,110.3,114.3,101.1,112.2,110.4,114.6,,119.3,,105.8,102.1,116.6,95.4,107.4,90.8,109.6,103.5,,111.3,,106.2,116.2,126.5,94.4,101.3,97.8,99.4,147.1,90.7,130.6,229.0,103.4,102.0,105.6,111.0,102.0,110.7,92.5,89.6,95.5,112.8,115.8,107.8,121.3,119.1,98.0,129.4,101.4,114.2,123.6,105.5,93.3,101.7,97.3,91.3,129.4,85.4,90.7,87.9,85.3,104.5,104.5,101.0,103.7,105.3,98.7,97.5,96.1,,105.1,97.5,139.0,,103.3,105.4,101.3,105.4,91.1,94.0,91.3,82.9,,88.2,106.4,108.8,112.1,115.8,83.0,126.3,107.8,106.1,99.3,,109.9,,,135.0,193.2,,135.9,166.5,,108.0,137.2,156.7,93.1,167.4,68.3,68.5,60.3,91.8,,,106.2,92.8,97.3,96.5,99.4,101.8,96.3,96.9,85.9,87.7,83.3,83.8,90.2,,84.9,91.4,100.8,,,103.8,103.0,104.3,101.6,103.0,106.0,,,109.0,109.0,104.3,94.2,113.3,,139.8,,,119.4,86.4,93.5,100.1,106.6,86.5,,,134.9,103.6,136.3,82.0,77.5,137.2,,105.0,,,89.7,91.2,82.8,85.1,80.4,302.4,97.2,71.8,80.1,,83.3,76.2,,84.9,,77.1,85.2,,87.1,
199311,107.1,112.3,110.2,114.1,101.1,112.9,110.7,114.6,,118.7,,105.3,102.1,115.8,95.4,116.3,90.8,110.6,103.5,,110.1,,106.2,115.7,126.7,94.4,99.6,96.4,99.5,161.5,90.7,130.4,228.6,103.4,101.9,105.5,110.7,101.8,110.8,92.5,90.4,95.5,111.7,115.4,107.5,121.3,120.0,98.0,127.6,101.4,114.6,122.7,105.5,93.9,101.8,97.3,91.4,129.9,86.5,93.9,87.9,86.4,104.4,104.4,101.0,103.8,105.3,98.6,97.7,96.2,,105.3,97.7,139.1,,103.3,105.1,101.7,105.5,91.2,94.0,91.4,83.0,,88.2,106.5,109.9,112.1,115.8,83.0,126.3,107.7,106.1,99.3,,110.0,,,134.6,192.6,,134.3,164.6,,108.0,137.1,157.0,93.1,167.5,68.3,68.5,60.3,92.2,,,105.0,92.8,97.0,96.5,98.1,100.5,96.3,96.9,85.9,87.7,83.3,83.8,90.6,,84.9,91.4,100.8,,,103.7,103.1,104.3,101.6,103.0,107.3,,,108.9,108.9,104.2,93.9,113.1,,140.1,,,119.6,86.6,93.4,100.1,107.0,86.5,,,134.9,103.6,127.3,82.0,77.5,126.5,,105.0,,,89.7,91.2,82.8,85.1,80.4,302.4,97.2,71.8,80.1,,83.3,76.2,,84.9,,77.1,85.2,,87.1,
199312,106.3,111.3,111.1,114.9,102.2,111.6,109.7,114.6,,116.3,,104.0,102.1,114.5,95.5,114.3,90.8,108.9,103.5,,108.0,,106.2,115.7,123.4,94.4,96.8,93.2,99.5,156.4,90.7,130.3,228.8,103.4,102.3,104.7,109.6,101.2,110.5,92.5,90.4,95.5,110.0,113.9,106.3,121.3,117.8,98.0,124.1,101.4,113.3,119.9,105.5,93.5,101.0,97.1,91.2,127.2,86.5,93.8,88.3,86.1,104.5,104.5,100.8,103.7,105.0,98.2,97.5,95.8,,105.4,97.6,139.1,,103.3,104.8,101.4,106.5,91.5,94.3,91.7,83.0,,88.3,106.4,109.8,112.2,115.8,83.0,125.8,107.7,106.1,99.2,,110.0,,,134.8,192.0,,135.1,165.6,,107.5,137.1,163.6,93.2,167.2,68.3,68.5,60.3,92.2,,,105.0,92.9,97.2,96.5,99.0,101.4,96.3,96.9,85.9,87.7,83.3,83.8,91.3,,85.4,91.4,100.8,,,103.7,103.2,104.3,101.9,103.0,107.3,,,108.9,108.9,104.1,93.6,113.3,,140.1,,,119.9,86.8,93.5,100.1,107.0,86.5,,,134.9,103.6,127.3,82.0,77.5,126.5,,105.0,,,89.7,91.2,82.8,85.1,80.4,302.4,97.2,71.8,80.1,,83.3,76.2,,84.9,,77.1,85.2,,87.1,
199401,100.5,102.4,110.9,115.1,102.0,101.2,100.2,114.6,,99.3,,85.9,102.1,99.6,95.8,101.2,90.8,97.5,103.5,,78.4,,106.2,114.1,98.2,94.4,75.0,70.0,99.2,130.8,90.7,124.5,224.3,103.4,102.2,98.6,101.1,94.7,110.7,92.5,84.9,95.5,94.1,104.0,94.7,121.3,108.1,98.0,100.9,101.4,105.7,105.8,105.5,93.0,99.4,97.2,91.2,119.8,86.5,94.0,88.3,85.9,104.5,104.5,99.9,103.2,102.7,98.1,97.6,95.7,,103.9,97.7,133.0,,103.3,104.7,100.6,106.3,91.6,94.4,91.7,83.0,,88.3,106.7,112.6,112.2,115.8,83.0,125.7,107.7,106.2,99.1,,110.0,,,134.7,190.7,,134.8,165.7,,107.5,137.1,163.3,93.3,167.2,68.3,68.5,60.3,92.2,,,105.1,93.0,97.3,96.5,99.4,101.8,96.3,96.9,85.9,87.7,83.3,83.8,91.3,,85.7,91.4,100.8,,,103.7,103.4,104.3,102.5,103.1,107.3,,,109.7,109.7,104.1,93.5,112.8,,140.1,,,120.0,87.3,93.4,100.4,107.0,86.5,,,134.9,103.6,127.3,82.0,77.5,126.5,,105.0,,,89.7,91.2,82.8,85.1,80.4,302.4,97.2,71.8,80.1,,83.3,76.2,,84.9,,77.1,85.2,,87.1,
199402,98.4,99.3,110.4,113.9,102.6,97.9,96.7,114.6,,92.3,,81.3,102.1,94.2,95.6,94.1,92.4,94.1,103.5,,70.2,,106.2,122.1,92.3,94.4,66.4,61.4,99.0,115.5,93.1,122.3,224.7,103.4,102.6,96.2,97.7,91.7,110.6,92.5,83.2,95.5,86.2,100.3,93.5,121.3,99.6,98.0,91.5,101.4,103.5,101.0,105.5,92.8,98.3,97.2,91.2,115.1,86.7,94.7,88.2,86.2,104.5,104.5,99.9,102.8,102.9,98.2,97.6,95.8,,103.1,97.7,132.8,,103.3,104.1,99.9,106.3,91.6,94.5,91.7,83.0,,88.1,106.7,112.8,112.2,115.8,83.0,125.7,107.7,106.2,99.1,,109.9,,,134.2,189.9,,134.9,159.2,,107.5,137.1,166.3,93.4,166.7,68.3,68.5,60.3,92.5,,,105.3,92.9,97.0,96.5,98.0,100.4,96.3,96.9,86.0,87.7,83.3,83.8,91.3,,85.7,91.4,100.8,,,103.7,103.6,104.3,102.6,103.4,107.3,,,109.8,109.8,104.0,93.2,112.8,,139.4,,,120.0,87.3,93.4,100.5,107.0,86.5,,,134.9,103.6,129.4,100.0,100.0,126.5,,105.0,,,89.7,91.2,82.8,85.1,80.4,302.4,97.2,71.8,80.1,,83.3,76.2,,84.9,,77.1,85.2,,87.1,
199403,101.2,104.8,110.3,114.3,101.8,104.2,95.7,114.6,,90.2,,79.7,102.1,94.1,95.6,92.0,92.0,104.9,103.5,,97.5,,106.2,119.9,108.3,94.4,90.9,87.2,98.9,141.1,93.1,125.7,227.9,115.3,103.1,97.0,98.7,91.8,110.7,92.5,84.9,95.5,85.9,102.0,103.1,121.3,101.5,98.0,90.0,101.4,103.4,99.9,105.5,93.3,99.3,97.2,91.2,119.2,87.0,94.7,88.3,86.8,104.7,104.7,100.4,103.5,103.9,99.0,97.7,95.8,,104.2,98.2,138.2,,107.0,104.2,101.6,107.3,91.6,94.5,91.8,83.1,,88.0,106.7,113.0,112.2,115.7,83.0,125.4,107.7,106.2,99.1,,109.9,,,133.9,189.3,,134.9,158.2,,107.2,136.8,166.0,93.4,166.0,68.3,68.5,60.3,92.5,,,105.4,93.3,97.5,96.5,100.3,102.7,96.3,96.9,86.0,87.7,83.3,83.8,92.8,,85.7,91.4,100.8,,,103.7,103.6,104.3,102.6,103.4,107.3,,,111.4,111.4,103.9,93.1,112.9,,139.3,,,120.1,87.3,93.4,100.6,107.0,86.5,,,134.9,103.6,129.4,100.0,100.0,126.5,,105.0,,,89.7,91.2,82.8,85.1,80.4,302.4,97.2,71.8,80.1,,83.3,76.2,,84.9,,77.1,85.2,,87.1,
199404,104.3,108.0,110.2,114.4,100.5,107.9,105.6,120.3,,107.9,,95.7,108.4,96.0,95.8,103.6,91.9,105.0,103.5,,97.5,,106.2,116.2,108.1,106.4,90.9,87.2,99.2,141.1,93.1,130.3,227.1,115.0,103.0,102.7,106.7,93.3,110.8,92.5,87.6,98.3,87.0,113.6,103.8,121.3,111.6,111.8,114.1,117.3,115.3,113.9,118.5,93.5,99.3,97.2,91.2,119.3,87.6,94.7,88.3,87.9,104.6,104.6,100.5,103.6,104.0,99.1,97.6,95.8,,105.3,98.2,138.8,,106.9,104.1,101.6,107.0,91.9,94.7,92.0,83.5,,88.8,106.5,112.9,112.0,115.6,82.7,124.8,107.6,106.1,98.9,,109.9,,,133.5,189.7,,133.6,156.1,,107.1,135.9,167.5,93.6,166.3,69.5,69.4,63.1,92.6,,,105.3,93.3,97.5,96.5,100.1,102.5,96.3,96.9,86.0,87.7,83.3,83.8,92.8,,85.3,91.4,100.8,,,103.3,102.2,104.3,101.1,102.0,105.5,,,111.3,111.3,104.0,92.9,112.9,,140.0,,,120.6,88.3,94.6,100.6,107.0,86.5,,,134.9,103.6,130.0,100.0,100.0,127.4,,105.0,,,92.3,94.4,84.0,86.3,82.4,312.8,100.4,76.0,83.4,,84.7,79.3,,84.9,,77.1,86.2,,88.1,
199405,105.9,110.0,110.2,114.4,100.4,110.1,106.5,119.9,,107.9,,95.7,108.6,106.0,96.1,103.6,92.1,108.5,121.8,,97.5,,125.0,118.1,114.0,103.5,90.9,87.2,99.1,141.1,93.1,130.0,226.9,113.5,103.5,105.2,110.4,98.0,110.5,94.0,87.6,98.3,100.6,117.2,101.7,145.4,111.6,111.0,114.1,114.6,115.0,113.9,117.9,93.5,98.9,96.9,91.0,118.4,87.6,94.8,88.4,88.0,104.8,104.8,100.4,103.7,103.8,98.6,97.5,95.7,,105.4,98.3,138.8,,106.7,104.9,101.9,107.0,91.8,94.7,92.0,83.5,,88.7,106.6,112.9,111.9,115.7,82.7,124.7,107.6,106.1,98.9,,110.0,,,133.5,189.7,,133.8,155.7,,107.2,135.9,167.0,93.7,165.3,69.5,69.4,63.2,92.7,,,105.3,93.2,97.4,96.5,99.9,102.3,96.3,96.9,86.0,87.7,83.3,83.8,92.8,,85.3,91.4,100.8,,,103.4,102.6,104.3,102.7,102.0,105.5,,,111.5,111.5,103.9,92.7,112.9,,139.4,,,120.5,88.7,94.8,100.6,107.3,86.5,,,134.9,103.6,130.0,100.0,100.0,127.4,,105.0,,,92.4,94.6,84.8,87.6,82.4,312.8,100.4,76.0,83.4,,84.7,79.3,,84.9,,77.1,86.4,,88.3,
199406,105.6,109.4,110.2,114.4,100.5,109.4,105.9,118.0,,107.9,,95.7,106.7,106.0,96.2,103.6,92.1,107.7,118.0,,97.5,,117.9,118.1,114.0,102.0,90.9,87.2,99.1,141.1,93.1,129.6,227.3,111.7,103.5,105.2,110.2,98.1,110.2,96.0,87.6,97.9,100.6,116.9,103.0,144.5,111.6,111.0,114.1,112.1,113.8,113.9,114.9,94.0,100.2,97.1,91.1,123.2,87.8,94.8,88.5,88.1,104.5,104.5,100.2,103.6,103.5,98.7,97.2,95.5,,105.6,98.5,138.3,,106.6,106.0,101.8,107.4,91.9,94.8,92.0,83.5,,88.7,106.5,112.8,111.9,115.6,82.7,124.7,107.6,106.1,98.9,,110.1,,,133.6,190.3,,134.3,154.9,,107.0,136.5,168.9,93.7,165.1,69.5,69.4,63.2,92.8,,,105.2,93.0,97.0,96.5,98.0,100.4,96.3,96.9,86.0,87.7,83.3,83.8,92.8,,85.3,91.4,100.8,,,103.3,102.6,104.3,102.7,102.0,105.5,,,111.3,111.3,103.8,92.4,112.9,,139.4,,,120.5,88.7,94.7,100.6,107.3,86.5,,,134.9,103.6,130.1,100.0,100.0,127.4,,105.0,,,92.4,94.6,84.9,87.7,82.4,312.8,100.4,76.0,83.4,,84.7,79.3,,84.9,,77.1,86.4,,88.3,
199407,102.3,105.4,110.1,114.3,100.5,104.9,102.3,104.8,,107.9,,95.7,95.9,106.0,96.2,103.6,92.1,102.9,94.8,,97.5,,97.0,118.1,114.0,82.8,90.9,87.2,98.7,141.1,93.1,122.9,220.8,92.8,101.7,100.3,103.2,95.5,109.8,87.5,87.6,88.3,100.6,107.6,103.0,122.0,111.6,93.0,114.1,88.2,104.4,113.9,93.1,93.7,99.9,96.5,90.5,123.2,87.5,94.6,88.2,87.9,104.6,104.6,99.5,103.0,102.2,98.3,97.1,95.0,,104.1,98.5,131.6,,103.1,105.8,100.8,106.5,92.1,95.0,92.2,83.6,,88.7,106.5,112.9,111.7,115.6,82.7,124.7,107.6,106.0,98.7,,110.1,,,133.3,190.3,,134.2,154.5,,107.0,135.6,168.0,93.7,164.3,69.6,69.4,63.3,92.8,,,105.2,93.3,97.5,96.5,100.3,102.7,96.3,96.9,86.0,87.7,83.3,83.8,92.8,,85.3,91.4,100.8,,,103.1,102.2,104.3,102.7,102.0,100.8,,,111.6,111.6,103.6,92.1,112.9,,139.0,,,120.5,89.0,94.8,100.6,107.3,86.5,,,134.9,103.6,130.1,100.0,100.0,127.4,,105.0,,,92.4,94.6,84.9,87.7,82.4,312.8,100.4,76.0,83.4,,84.7,79.3,,84.9,,77.1,86.4,,88.3,
199408,99.4,101.5,110.1,114.1,100.4,100.3,99.6,95.5,,107.9,,95.7,87.1,106.0,96.0,103.6,92.1,97.3,73.2,,97.5,,73.8,118.1,114.0,67.9,90.9,87.2,98.3,141.1,93.1,118.7,216.7,79.5,102.8,96.4,97.5,93.6,109.3,81.0,87.6,82.2,100.6,99.4,103.0,98.0,111.6,78.8,114.1,71.5,98.9,113.9,80.0,93.6,99.9,96.5,90.6,123.2,87.5,95.1,88.3,87.6,104.2,104.2,99.1,102.6,101.2,97.8,97.0,94.7,,103.3,98.6,129.3,,100.0,106.0,99.6,106.1,92.1,95.0,92.2,83.6,,88.8,106.5,112.9,111.7,115.6,82.6,124.7,107.6,106.0,98.7,,110.1,,,133.6,191.2,,134.3,155.1,,106.9,135.7,169.2,93.8,164.3,69.6,69.4,63.3,92.8,,,105.2,93.4,97.9,96.5,102.0,104.4,96.3,96.9,86.0,87.7,83.3,83.8,92.8,,85.3,91.4,100.8,,,103.0,102.2,104.3,102.7,102.0,100.8,,,111.5,111.5,103.5,91.8,112.5,,138.6,,,120.5,89.0,94.8,100.6,107.3,86.5,,,134.9,103.6,130.1,100.0,100.0,127.4,,105.0,,,92.4,94.6,84.9,87.7,82.4,312.8,100.4,76.0,83.4,,84.7,79.3,,84.9,,77.1,86.4,,88.3,
199409,104.5,107.6,109.9,113.8,100.2,107.5,102.1,93.3,,114.2,,101.9,84.0,114.8,95.8,103.6,92.1,107.5,102.0,,107.8,,103.4,110.7,125.7,92.5,104.6,106.9,98.7,141.1,93.1,122.8,223.6,77.9,103.7,104.4,108.9,101.4,110.1,89.6,90.2,93.0,113.2,112.9,110.7,96.5,121.3,101.1,131.5,100.7,111.3,118.9,104.9,94.3,100.9,96.9,90.9,126.7,87.8,95.1,88.7,88.1,104.4,104.4,99.9,102.9,103.5,98.2,97.0,95.0,,104.8,98.7,136.2,,98.3,106.5,101.1,107.1,92.1,95.0,92.3,83.7,,88.7,106.5,113.0,111.6,115.6,82.6,124.7,107.6,106.0,98.7,,110.0,,,133.1,188.5,,133.0,153.5,,107.4,134.9,167.2,93.7,164.3,69.6,69.4,63.3,93.0,,,105.1,93.1,97.0,96.5,98.1,100.5,96.3,96.9,86.0,87.7,83.3,83.8,92.8,,85.5,91.4,100.8,,,103.0,102.2,103.2,102.7,102.1,100.8,,,111.5,111.5,103.4,91.6,112.5,,139.3,,,120.8,89.0,94.7,100.6,107.3,86.5,,,134.9,103.6,130.1,100.0,100.0,127.4,,105.0,,,92.5,94.6,84.9,87.9,82.4,312.8,100.4,76.0,83.4,,84.8,79.3,,84.9,,77.1,86.4,,88.3,
199410,105.4,108.9,109.9,113.8,100.5,108.9,106.1,108.6,,113.5,,100.9,98.5,113.5,96.1,103.6,92.1,106.7,102.0,,109.1,,103.4,107.4,123.5,92.5,99.5,98.9,98.7,141.1,93.1,128.8,223.4,100.8,104.0,105.4,110.3,99.8,110.0,89.6,89.5,93.0,109.0,116.1,111.3,121.3,121.7,101.1,126.4,100.7,112.3,119.0,104.9,94.5,101.2,96.9,91.0,127.8,88.2,95.1,89.1,88.6,104.4,104.4,99.9,103.0,103.5,98.2,96.9,95.2,,105.1,98.8,137.1,,104.1,106.2,102.0,107.5,92.2,95.0,92.4,83.7,,88.8,106.5,113.0,111.5,115.8,82.7,124.7,107.6,106.1,98.7,,110.0,,,133.1,189.3,,133.6,152.6,,107.3,134.8,166.2,94.0,164.3,69.7,69.4,64.0,93.0,,,105.1,93.2,97.3,96.5,99.4,101.8,96.3,96.9,86.0,87.7,83.3,83.8,93.0,,85.5,91.4,100.8,,,103.0,102.2,103.2,102.7,102.1,100.8,,,111.6,111.6,103.5,91.5,112.5,,138.7,,,121.7,89.2,94.8,100.8,107.3,86.5,,,134.9,103.6,130.1,100.0,100.0,127.4,,105.0,,,92.5,94.6,84.9,87.9,82.4,312.8,100.4,76.0,83.4,,84.8,79.3,,84.9,,77.1,86.4,,88.3,
199411,105.6,109.5,109.7,113.5,100.4,109.7,106.9,108.6,,112.8,,101.1,98.5,113.1,95.8,116.9,92.1,107.6,102.0,,107.5,,103.4,109.1,124.4,92.5,98.0,96.8,98.8,153.9,93.1,128.8,224.3,100.8,104.1,105.2,109.9,99.6,110.1,89.6,89.4,93.0,108.4,115.6,109.8,121.3,120.4,101.1,125.7,100.7,112.9,118.2,104.9,94.5,101.0,96.8,90.8,127.9,88.2,95.1,88.9,88.7,104.4,104.4,99.8,103.0,103.4,98.2,97.0,94.9,,105.3,98.6,137.8,,104.1,106.6,102.1,107.9,92.2,95.0,92.3,83.7,,88.7,106.5,113.1,111.6,115.9,82.7,124.7,107.4,106.1,98.6,,110.0,,,132.8,188.5,,133.5,149.9,,107.4,134.8,167.8,94.2,164.1,69.7,69.4,64.0,93.0,,,105.0,93.1,97.0,96.5,98.1,100.5,96.3,96.9,86.0,87.7,83.3,83.8,93.0,,85.5,91.4,100.8,,,102.8,101.9,101.7,102.7,102.1,98.3,,,111.7,111.7,103.4,91.3,111.2,,136.7,,,121.8,89.3,95.1,101.2,107.3,86.5,,,134.9,103.6,130.1,100.0,100.0,127.4,,104.9,,,92.5,94.6,84.9,87.9,82.4,312.8,100.4,76.0,83.4,,84.8,79.3,,84.9,,77.1,86.4,,88.3,
199412,105.1,108.9,110.0,113.6,100.6,108.8,105.9,108.6,,110.5,,99.8,98.5,112.6,96.2,115.3,92.1,106.8,102.0,,107.1,,103.4,109.1,122.5,92.5,94.8,94.2,98.0,154.5,93.1,127.8,223.6,100.8,103.8,104.5,108.9,98.6,110.1,89.6,88.7,93.0,105.8,114.5,108.6,121.3,118.6,101.1,123.4,100.7,112.4,115.8,104.9,94.5,101.0,97.1,91.0,127.1,88.2,95.4,89.1,88.6,104.4,104.4,99.7,102.7,103.2,98.6,96.9,95.2,,105.2,98.6,137.3,,104.1,106.9,101.8,108.1,92.2,95.0,92.3,83.9,,88.6,106.5,112.8,111.5,115.8,82.5,124.7,107.5,106.1,98.5,,110.1,,,132.3,188.7,,133.5,144.2,,107.7,133.6,167.5,94.3,163.8,69.7,69.4,64.1,93.4,,,105.0,93.3,97.2,96.5,99.0,101.4,96.3,96.9,86.0,87.7,83.3,83.9,93.1,,85.9,91.4,100.8,,,102.7,101.9,101.7,102.7,102.1,98.3,,,111.6,111.6,103.1,90.7,111.2,,136.5,,,121.8,89.3,95.1,101.2,107.3,86.5,,,134.9,103.6,130.1,100.0,100.0,127.4,,104.9,,,92.5,94.6,84.9,87.9,82.4,312.8,100.4,76.0,83.4,,84.8,79.3,,84.9,,77.1,86.4,,88.3,
199501,99.4,100.4,109.6,112.4,102.4,99.1,96.7,109.1,,94.5,,83.0,98.9,96.8,95.8,101.8,91.9,96.0,102.0,,81.7,,104.7,103.3,99.6,93.9,75.1,70.4,98.9,129.7,94.0,122.8,222.3,101.5,102.8,98.1,99.9,91.7,108.9,89.8,84.3,93.1,88.3,104.0,95.7,121.6,102.8,102.1,99.6,102.8,105.5,102.4,105.7,93.7,98.1,96.7,90.7,115.6,88.5,96.1,88.9,88.8,104.5,104.5,99.3,103.0,102.0,98.3,97.3,95.3,,104.6,98.9,128.6,,104.1,106.7,101.3,107.2,92.3,94.9,92.4,84.2,,88.8,106.7,112.8,111.5,115.4,82.5,125.3,106.6,106.2,98.3,,110.5,,,131.5,187.2,,133.6,145.4,143.3,107.8,134.1,166.2,94.2,163.8,69.8,69.4,64.1,93.4,,,105.2,93.3,97.3,96.5,99.5,101.9,96.3,96.9,86.0,87.6,83.4,84.1,92.9,,86.1,91.5,101.3,,,102.5,102.0,101.7,102.8,102.2,98.3,101.1,103.9,111.2,111.2,102.8,90.1,111.0,,137.2,,,122.9,89.4,95.3,101.2,108.3,86.5,,,134.9,103.6,131.3,100.0,100.0,128.5,,104.9,577.0,,92.3,94.6,84.9,87.8,82.5,312.7,100.5,75.6,83.4,86.8,84.9,79.4,,84.3,94.9,77.1,86.4,,88.3,
199502,96.8,96.5,109.7,112.6,102.1,94.7,93.7,109.1,,90.2,,77.2,98.9,91.3,96.1,95.9,92.1,90.2,102.0,,67.6,,104.7,104.1,94.7,93.9,64.6,59.4,98.4,111.7,93.9,121.4,221.0,101.5,103.3,95.4,96.2,88.3,108.9,89.8,81.5,93.1,79.3,100.0,95.1,121.6,101.3,102.1,87.5,102.8,103.2,98.3,105.7,93.2,97.4,96.7,90.7,112.8,88.2,95.9,88.8,88.3,104.4,104.4,98.6,102.4,100.5,98.0,97.0,95.0,,103.8,98.8,129.8,,104.1,107.0,100.8,106.0,92.2,94.9,92.4,84.2,,88.7,106.5,112.9,111.4,115.4,82.5,124.7,106.2,106.1,98.3,,110.1,,,131.4,187.4,,132.4,144.4,142.7,107.9,134.1,167.6,93.9,162.9,69.8,69.4,64.1,93.4,,,105.4,93.2,97.0,96.5,97.9,100.3,96.3,96.9,86.0,87.6,83.4,84.1,92.9,,86.1,91.5,101.3,,,102.2,101.9,101.7,102.5,102.2,98.3,101.1,103.9,110.0,110.0,102.4,89.3,110.6,,135.9,,,122.7,89.4,95.3,101.2,108.3,86.5,,,134.9,103.6,134.3,100.0,100.0,132.1,,104.9,565.1,,92.3,94.6,84.9,87.8,82.5,312.7,100.5,75.6,83.4,86.8,84.9,79.4,,84.3,94.9,77.1,86.4,,88.3,
199503,99.9,102.9,108.7,111.8,100.2,102.3,94.6,109.1,,89.4,,76.6,98.9,93.3,96.7,106.7,92.2,102.5,102.0,,97.0,,104.7,107.1,101.1,93.9,89.5,87.8,99.6,138.3,93.9,124.3,223.4,114.6,102.8,95.9,96.8,88.6,108.8,89.8,82.6,93.1,79.6,100.5,105.1,121.6,99.5,102.1,84.0,102.8,104.3,101.0,105.7,93.4,98.7,96.6,90.7,118.5,87.7,96.0,88.7,87.3,104.5,104.5,99.5,102.8,102.5,98.5,97.0,95.3,,103.8,99.1,137.2,,106.2,106.7,100.9,105.6,92.3,94.9,92.4,84.2,,88.6,106.4,112.8,111.4,115.2,82.4,123.8,106.1,106.1,98.3,,110.1,,,131.0,187.0,,132.5,144.8,142.4,107.1,133.4,167.8,93.9,162.6,69.8,69.4,64.1,93.4,,,105.5,93.6,97.5,96.5,100.4,102.8,96.3,96.9,86.4,88.1,83.5,84.3,93.9,,86.0,91.5,101.3,,,102.0,101.9,101.7,102.5,102.2,98.1,101.1,103.9,109.5,109.5,102.2,88.9,110.2,,135.8,,,122.0,89.6,94.9,101.1,108.3,86.5,,,134.9,103.6,135.4,100.0,100.0,133.7,,104.9,557.6,,92.4,94.6,84.9,87.8,82.5,312.7,100.5,75.6,83.4,86.8,84.9,79.4,,84.3,94.9,77.1,86.7,,88.6,
199504,103.5,105.8,108.7,111.5,100.7,105.5,102.4,112.5,,104.0,,91.5,109.1,93.4,96.7,106.7,92.1,102.7,102.0,,97.0,,104.7,109.6,100.1,107.0,89.5,87.8,99.7,138.3,94.0,129.1,224.5,112.8,103.9,103.7,108.0,96.6,109.2,89.8,86.8,99.8,97.6,113.8,104.2,121.6,112.7,110.0,111.3,122.7,115.4,111.0,118.4,93.8,98.8,96.9,91.1,117.6,88.5,96.4,88.9,88.8,104.2,104.2,99.9,103.3,103.5,98.3,97.0,95.2,,104.9,99.1,138.3,,106.2,107.0,101.5,107.3,92.4,95.0,92.5,84.2,,88.6,106.3,112.7,111.4,115.2,82.4,123.5,105.9,106.1,98.3,,110.1,,,130.4,186.9,,132.7,142.6,142.1,107.4,133.2,166.1,94.4,152.8,69.9,69.4,64.3,94.0,,,105.5,94.1,97.4,96.5,100.1,102.5,96.3,96.9,86.4,88.1,83.5,84.3,94.1,,87.2,91.5,107.3,,,101.7,101.9,101.7,102.5,102.2,98.1,101.1,103.9,109.0,109.0,101.8,88.3,109.8,,130.3,,,122.2,89.6,94.9,101.4,108.3,86.5,,,134.9,103.6,135.4,100.0,100.0,133.7,,104.9,557.0,,95.1,97.4,86.9,89.9,84.3,316.5,103.9,79.1,86.2,88.9,86.1,82.5,,85.1,98.8,77.1,89.0,,90.9,
199505,104.9,108.2,109.6,112.7,100.9,108.0,103.5,113.7,,104.0,,91.5,108.4,103.7,96.9,106.7,92.1,106.7,123.0,,97.0,,125.2,106.0,111.7,109.7,89.5,87.8,100.1,138.3,94.0,128.6,223.9,111.9,103.0,104.9,109.6,97.4,109.0,102.6,86.8,97.2,97.6,116.4,102.8,144.9,112.7,109.2,111.3,118.2,114.1,111.0,115.7,94.3,98.2,97.0,91.0,114.6,89.6,97.1,88.9,90.7,104.6,104.6,100.1,103.3,103.8,98.3,97.0,95.5,,105.2,99.4,139.1,,106.3,106.7,101.6,107.8,92.4,95.0,92.6,84.2,,88.7,106.4,112.4,111.5,115.2,83.1,123.3,105.8,106.1,98.3,,110.1,,,130.9,186.3,,132.1,146.4,143.1,108.0,133.2,168.3,94.1,150.1,69.9,69.4,64.3,94.0,,,105.4,94.1,97.4,96.5,99.9,102.3,96.3,96.9,86.4,88.1,83.5,84.3,94.3,,87.4,91.3,107.3,,,101.5,101.9,101.7,102.5,102.2,98.1,101.1,103.9,108.6,108.6,101.5,87.2,109.8,,132.2,,,122.3,91.4,94.6,101.5,108.3,86.5,,,134.9,103.6,135.4,100.0,100.0,133.7,,104.9,547.3,,95.1,97.4,86.9,89.9,84.3,316.5,103.9,79.1,86.2,88.9,86.1,82.5,,85.1,98.8,77.1,89.0,,90.9,
199506,104.6,107.5,109.4,112.4,101.2,107.3,103.3,112.7,,104.0,,91.5,107.7,103.7,96.6,106.7,92.1,105.7,118.8,,97.0,,112.7,106.0,111.7,107.2,89.5,87.8,98.8,138.3,94.0,128.4,223.2,111.1,103.7,105.0,109.3,96.9,109.0,99.0,86.8,96.7,97.6,116.6,104.9,145.3,112.7,110.3,111.3,115.6,113.2,111.0,113.7,94.9,99.9,96.9,90.9,122.3,89.7,97.0,88.8,91.1,104.7,104.7,100.1,103.5,103.8,98.5,96.9,95.9,,105.1,99.5,138.5,,105.9,107.7,101.6,107.4,92.5,95.0,92.6,84.2,,88.7,106.7,112.3,111.5,115.4,86.0,123.1,105.7,106.1,98.2,,110.0,,,130.5,185.9,,130.9,146.9,143.9,108.0,132.2,169.6,94.1,144.8,69.9,69.4,64.4,94.0,,,105.2,94.0,97.0,96.5,97.9,100.3,96.3,96.9,86.4,88.1,83.5,84.3,94.3,,88.1,91.3,107.3,,,101.2,101.8,101.7,102.2,102.1,98.1,101.1,103.9,108.4,108.4,101.2,86.5,109.8,,130.8,,,122.3,91.5,94.6,101.5,108.8,86.5,,,134.9,103.6,135.3,100.0,100.0,133.7,,104.9,540.3,,95.1,97.4,86.9,89.9,84.3,316.5,103.9,79.1,86.2,88.9,86.1,82.5,,85.1,98.8,77.1,89.0,,90.9,
199507,101.4,103.7,109.6,112.5,101.8,103.1,99.6,100.0,,104.0,,91.5,95.3,103.7,96.5,106.7,92.1,101.5,91.3,,97.0,,95.2,106.0,111.7,86.7,89.5,87.8,98.5,138.3,94.0,121.4,215.0,91.9,103.7,100.1,102.2,94.3,108.5,90.1,86.8,88.9,97.6,106.9,104.9,116.8,112.7,92.6,111.3,92.7,102.6,111.0,90.5,95.0,99.8,96.6,90.8,122.3,89.9,98.2,88.7,91.0,104.9,104.9,99.4,103.0,102.5,98.2,96.9,95.4,,103.7,99.6,130.3,,102.3,107.2,100.0,106.4,92.6,95.0,92.8,84.2,,89.1,108.7,112.3,111.4,115.4,102.0,120.9,105.8,106.0,98.1,,110.0,,,130.4,184.8,,131.5,148.5,142.9,107.9,131.5,169.8,94.1,143.9,69.9,69.4,64.5,94.0,,,105.0,94.3,97.5,96.5,100.4,102.8,96.3,96.9,86.4,88.1,83.5,84.3,94.4,,89.7,91.3,107.3,,,100.7,101.8,101.7,102.2,102.1,98.1,101.1,103.9,108.4,108.4,100.4,86.1,109.5,,128.8,,,114.4,91.9,94.8,101.5,108.8,86.5,,,134.9,103.6,135.3,100.0,100.0,133.7,,104.9,538.7,,95.0,97.4,86.9,89.9,84.3,316.5,103.9,79.1,86.2,88.9,86.1,82.5,,85.1,98.8,77.1,88.7,,90.7,
199508,99.0,100.7,109.1,112.1,101.2,99.5,97.4,92.2,,104.0,,91.5,87.5,103.7,96.3,106.7,92.1,97.4,74.2,,97.0,,68.3,106.0,111.7,73.1,89.5,87.8,99.7,138.3,94.0,117.3,210.2,81.0,103.4,96.7,97.1,91.6,108.1,82.3,86.8,79.2,97.6,100.1,104.9,98.4,112.7,79.4,111.3,76.1,97.6,111.0,79.7,95.2,99.7,96.5,90.8,122.3,90.3,99.6,89.4,91.0,104.7,104.7,98.7,102.4,100.9,98.1,97.1,95.3,,103.1,99.5,126.4,,98.1,107.3,98.7,106.3,92.6,95.0,92.8,84.2,,89.1,108.4,112.3,111.4,115.5,101.5,120.5,105.7,105.9,98.2,,109.8,,,130.2,184.1,,131.2,150.6,143.0,107.0,130.8,170.6,94.1,143.6,69.9,69.4,64.5,93.9,,,105.0,94.5,97.9,96.5,102.1,104.5,96.3,96.9,86.4,88.1,83.5,84.3,94.6,,89.9,91.3,107.3,,,100.6,101.8,101.7,102.2,102.1,98.1,101.1,103.9,108.3,108.3,100.3,85.7,109.5,,128.7,,,114.5,91.9,94.9,101.5,108.8,86.5,,,134.9,103.6,135.4,100.0,100.0,133.8,,104.9,531.1,,95.0,97.4,86.9,89.9,84.3,316.5,103.9,79.1,86.2,88.9,86.1,82.5,,85.1,98.8,77.1,88.6,,90.6,
199509,105.0,108.5,111.1,114.1,102.9,108.1,102.9,90.0,,115.0,,104.6,86.1,114.8,96.5,106.7,92.1,108.7,101.8,,112.0,,100.4,110.7,135.4,96.7,98.8,104.6,100.0,138.3,94.0,122.0,221.0,79.1,102.9,104.9,109.0,100.4,109.5,93.5,91.6,92.4,109.7,113.4,107.1,92.7,119.1,100.3,132.4,105.0,113.5,122.5,103.6,95.6,100.8,96.5,91.1,126.2,90.5,99.9,89.3,91.3,104.7,104.7,100.2,104.0,103.7,99.0,97.2,95.1,,104.2,99.6,137.9,,95.4,107.2,100.9,107.0,92.6,95.0,92.8,84.3,,89.1,108.4,112.3,111.3,115.2,101.6,120.6,105.5,105.9,98.1,,109.9,,,130.2,184.3,,131.7,149.8,143.0,107.0,130.7,171.7,94.1,142.5,69.9,69.4,64.5,94.1,,,105.5,96.8,97.0,96.5,98.1,100.5,96.3,96.9,95.6,96.5,93.6,94.8,94.6,,89.9,91.3,107.3,,,100.1,101.2,101.7,100.8,101.5,98.1,100.3,103.9,107.9,107.9,99.9,85.5,109.9,,126.8,,,110.9,92.1,94.9,101.5,108.8,86.5,,,134.9,103.6,135.4,100.0,100.0,133.8,,104.9,527.9,,95.2,97.4,86.9,89.9,84.3,316.5,103.9,79.1,86.2,88.9,86.2,82.5,,85.1,98.8,77.1,89.2,,91.1,
199510,105.6,109.0,111.2,114.1,103.0,108.8,106.3,103.6,,115.3,,102.1,99.0,114.1,96.4,106.7,92.1,106.4,101.8,,109.2,,100.4,109.4,128.1,96.7,96.4,99.4,100.3,138.3,94.0,128.3,223.4,100.3,103.0,106.0,110.4,99.8,110.1,93.5,91.8,92.4,107.4,116.0,107.8,119.7,118.9,100.3,127.1,105.0,115.7,123.8,103.6,96.1,101.4,96.5,90.9,128.5,90.9,100.1,89.4,92.1,104.9,104.9,100.2,104.0,103.8,99.5,97.3,95.3,,105.3,99.8,138.9,,102.9,107.8,101.4,107.9,92.6,95.0,92.8,84.3,,89.1,108.3,112.3,111.3,115.5,101.2,120.4,105.5,105.9,98.0,,109.8,,,129.7,183.7,,130.8,146.7,143.0,107.3,130.5,173.2,94.1,141.1,70.0,69.4,64.7,94.1,,,105.4,97.0,97.3,96.5,99.4,101.8,96.3,96.9,95.7,96.6,93.8,94.8,94.8,,90.1,91.3,107.5,,,100.0,101.2,101.7,101.1,101.5,98.1,100.3,103.1,108.0,108.0,99.6,85.1,109.9,,126.6,,,109.6,92.3,94.9,101.5,108.8,86.5,,,134.9,103.6,135.3,100.0,100.0,133.8,,104.9,521.4,,95.2,97.4,86.9,89.9,84.3,316.5,103.9,79.1,86.2,88.9,86.2,82.5,,85.1,98.8,77.1,89.2,,91.1,
199511,106.1,110.0,111.0,114.0,103.0,110.0,107.3,103.6,,114.5,,101.7,99.0,114.2,96.8,120.2,92.1,108.1,101.8,,109.6,,100.4,110.1,126.6,96.7,96.0,94.5,100.1,158.9,94.0,127.6,222.1,100.3,103.6,105.5,109.6,99.6,110.8,93.5,91.7,92.4,106.4,114.7,107.5,119.7,118.0,100.3,123.3,105.0,115.9,124.2,103.6,96.1,101.3,96.8,91.1,127.5,91.1,100.1,90.4,91.8,104.6,104.6,100.3,104.3,103.9,99.9,97.4,95.4,,105.6,99.8,138.9,,102.9,107.5,102.0,108.0,92.7,95.1,93.0,84.4,,89.1,108.3,112.1,111.4,115.6,101.7,120.4,105.4,105.9,98.2,,109.8,,,129.6,183.0,,131.1,144.5,143.0,107.8,130.3,172.7,94.0,140.0,70.0,69.4,64.7,94.3,,,105.3,96.9,97.0,96.5,98.1,100.5,96.3,96.9,95.7,96.7,93.8,94.9,94.9,,90.1,91.3,107.5,,,99.8,101.0,102.1,101.2,101.5,97.2,100.3,101.4,108.2,108.2,99.5,84.6,109.5,,125.6,,,109.6,92.3,94.9,102.2,108.8,86.5,,,134.9,103.6,135.3,100.0,100.0,133.8,,104.9,513.3,,95.2,97.4,86.9,89.9,84.3,316.5,103.9,79.1,86.2,88.9,86.2,82.5,,85.1,98.8,77.1,89.2,,91.1,
199512,105.5,109.4,111.2,114.0,103.0,109.3,106.0,103.6,,111.6,,102.0,99.0,112.2,96.8,116.5,92.1,107.7,101.8,,109.0,,100.4,110.1,125.5,96.7,93.3,93.5,100.0,159.9,94.0,127.5,221.7,100.3,104.8,104.9,108.7,99.1,110.4,93.5,91.4,92.4,105.4,113.7,106.6,119.7,116.4,100.3,121.1,105.0,114.5,121.4,103.6,96.2,101.3,96.6,91.1,127.7,91.4,100.3,90.4,92.3,104.4,104.4,100.2,104.6,103.6,99.4,97.3,95.4,,105.3,99.7,138.6,,102.9,107.2,102.3,107.9,92.7,95.2,93.0,84.4,,89.0,108.4,112.1,111.3,115.5,102.0,120.3,105.5,105.8,98.1,,109.8,,,128.8,182.0,,130.2,141.2,141.9,107.6,129.9,169.5,94.1,140.0,70.0,69.4,64.7,94.3,,,105.2,97.0,97.2,96.5,99.1,101.5,96.3,96.9,95.7,96.7,93.8,94.9,95.0,,90.5,91.3,107.5,,,99.7,101.0,102.1,101.2,101.5,97.2,100.3,101.4,108.2,108.2,99.3,84.1,109.4,,124.7,,,109.9,92.3,94.7,102.2,108.8,86.5,,,134.9,103.6,135.0,100.0,100.0,133.8,,104.9,494.5,,95.2,97.4,86.9,89.9,84.3,316.5,103.9,79.1,86.2,88.9,86.2,82.5,,85.1,98.8,77.1,89.2,,91.1,
199601,99.7,100.5,111.9,114.3,105.2,99.0,97.1,103.6,,96.7,,85.6,99.0,99.6,96.7,103.2,92.1,95.7,101.8,,81.8,,100.4,107.3,102.8,96.7,76.4,71.5,100.3,134.0,94.1,121.6,216.4,100.3,103.7,99.0,100.6,93.5,110.0,93.5,87.3,92.4,90.5,104.1,94.9,119.7,106.3,100.3,100.0,105.0,105.7,103.9,103.6,94.9,98.4,96.4,91.0,116.2,90.6,99.7,90.2,91.0,104.5,104.5,99.1,103.5,101.6,99.0,97.0,95.6,,104.2,99.5,130.5,,102.9,107.1,101.5,107.1,92.7,95.2,93.0,84.4,,88.9,108.3,112.1,111.3,115.5,101.8,120.0,105.2,105.8,98.2,,109.8,,,128.7,182.0,,130.2,140.6,141.9,107.5,128.7,170.5,94.2,140.3,70.0,69.4,64.7,94.7,,,105.3,97.5,98.6,98.2,99.5,101.9,98.1,98.1,95.8,96.7,93.9,94.9,95.0,,91.2,91.3,107.5,,,99.5,100.9,102.1,100.7,101.7,97.2,100.3,101.4,108.2,108.2,99.1,83.7,108.0,,124.8,,,109.7,92.5,95.0,102.6,108.8,86.5,,,134.9,103.6,135.0,100.0,100.0,133.8,,104.9,486.9,,95.2,97.4,86.9,89.9,84.3,316.5,103.9,79.1,86.2,88.9,86.2,82.5,,85.1,98.8,77.1,89.2,,91.1,
199602,97.5,97.2,111.5,114.2,104.2,95.4,94.3,103.6,,91.9,,82.0,99.0,94.0,96.8,98.0,92.0,91.1,101.8,,72.3,,100.4,108.0,100.0,96.7,65.5,59.9,101.7,114.3,94.0,120.1,216.6,100.3,103.9,96.7,97.3,90.0,109.6,93.5,83.1,92.4,82.7,100.5,94.5,119.7,103.4,100.3,89.4,105.0,104.4,102.0,103.6,94.8,97.7,96.4,91.2,113.2,90.9,99.8,90.3,91.6,104.6,104.6,99.0,103.2,101.6,98.5,96.6,96.1,,103.7,99.3,131.4,,102.9,106.5,101.0,107.5,92.7,95.1,92.9,84.5,,88.9,108.3,112.0,111.3,115.5,101.9,120.0,105.2,105.7,98.1,,109.8,,,128.5,181.9,,129.4,139.6,142.9,107.5,128.2,171.2,94.2,140.0,70.0,69.4,64.7,94.8,,,105.1,97.5,98.3,98.2,97.9,100.3,98.1,98.1,96.2,97.0,94.2,95.5,95.0,,91.2,91.3,107.5,,,99.2,100.9,102.1,100.7,101.7,97.2,100.3,101.4,107.9,107.9,98.7,82.9,107.3,,123.8,,,109.6,92.5,94.9,102.6,108.8,86.5,,,134.9,103.6,134.8,100.0,100.0,133.8,,104.9,477.2,,95.2,97.4,86.9,89.9,84.3,316.5,103.9,79.1,86.2,88.9,86.2,82.5,,85.1,98.8,77.1,89.2,,91.2,
199603,100.8,103.8,111.2,113.7,104.0,103.0,95.0,103.6,,90.2,,81.9,99.0,94.9,97.6,109.5,92.1,103.4,101.8,,99.0,,100.4,110.5,108.6,96.7,87.7,87.2,101.9,141.8,94.0,125.3,225.0,115.1,104.6,97.3,97.9,90.1,109.6,93.5,84.1,92.4,82.2,101.3,104.8,119.7,101.9,100.3,86.9,105.0,105.7,105.5,103.6,95.4,98.1,96.4,91.3,114.9,91.8,99.4,90.3,93.5,104.7,104.7,99.7,103.5,103.2,98.6,96.4,96.3,,104.4,99.4,137.4,,108.0,106.0,101.7,107.7,92.7,95.1,93.0,84.5,,89.0,108.3,112.0,111.3,115.4,101.9,120.0,105.2,105.8,98.1,,109.8,,,129.1,181.9,,129.9,142.0,142.6,108.4,128.2,173.0,94.3,140.0,70.0,69.4,64.7,94.7,,,105.1,97.7,98.7,98.2,100.4,102.8,98.1,98.1,96.2,97.0,94.2,95.5,95.1,,91.2,91.3,107.5,,,99.1,100.9,102.1,100.7,101.7,97.2,100.3,101.4,107.9,107.9,98.4,82.4,106.3,,123.8,,,109.2,92.6,94.9,102.6,108.8,86.5,,,134.9,103.6,134.8,100.0,100.0,133.8,,104.9,471.3,,95.4,97.4,86.9,89.9,84.3,316.5,103.9,79.1,86.2,88.9,86.2,82.5,,85.1,98.8,77.1,90.4,,92.4,
199604,104.5,107.4,112.2,114.8,104.8,107.0,104.2,113.5,,105.0,,94.3,110.0,99.0,97.7,109.5,92.1,103.8,101.8,,99.0,,100.4,109.9,107.9,112.6,87.7,87.2,101.8,141.8,94.1,130.8,228.5,115.2,104.4,104.4,108.3,97.3,110.6,93.5,88.7,98.0,97.8,113.7,103.5,119.7,112.0,113.0,111.5,122.6,117.2,114.7,117.5,95.5,98.0,96.7,91.2,113.8,92.0,101.8,90.6,92.9,104.6,104.6,99.9,104.1,103.7,98.5,96.6,96.1,,105.4,99.4,138.6,,108.4,106.1,102.4,108.5,92.8,95.2,93.0,84.6,,89.7,108.2,111.9,111.3,115.4,101.9,120.0,104.8,105.8,98.1,,109.8,,,129.1,182.4,,129.9,140.9,142.6,108.4,127.9,172.5,94.4,140.6,71.2,70.4,67.3,95.0,,,104.6,97.7,98.7,98.2,100.1,102.5,98.1,98.1,96.2,97.0,94.4,95.6,95.1,,90.7,91.3,107.5,,,98.7,100.9,102.1,100.7,101.7,97.2,100.3,101.4,108.0,108.0,98.0,81.5,104.3,,124.0,,,108.9,92.7,94.8,102.6,108.8,88.8,,,134.9,103.6,133.4,100.0,100.0,132.1,,104.9,463.2,,97.0,99.6,88.7,91.0,86.1,324.0,106.3,82.5,88.1,90.6,88.8,84.3,,85.6,101.3,77.1,90.6,,92.6,
199605,105.8,109.6,112.1,114.8,104.7,109.5,105.0,114.8,,105.0,,94.3,110.7,105.3,97.1,109.5,92.1,107.8,124.9,,99.0,,126.4,108.9,116.9,113.1,87.7,87.2,102.1,141.8,94.1,131.1,229.4,116.4,103.7,105.4,109.9,97.6,110.2,100.1,88.7,96.6,97.8,116.4,101.0,144.1,112.0,112.7,111.5,118.6,116.6,114.7,116.1,95.5,97.7,96.6,91.4,112.6,92.0,101.9,90.5,92.9,104.6,104.6,100.3,104.3,104.6,98.5,96.7,96.4,,105.5,99.5,139.3,,107.8,106.5,102.7,108.7,92.9,95.3,93.1,84.7,,89.8,108.2,111.9,111.3,115.4,101.8,120.0,104.4,105.7,98.0,,109.8,,,129.2,181.9,,130.2,143.3,142.3,108.4,127.9,171.7,94.5,139.6,71.2,70.4,67.4,95.0,,,104.5,97.7,98.7,98.2,99.9,102.3,98.1,98.1,96.2,97.0,94.4,95.6,95.1,,91.1,91.3,107.5,,,98.5,100.9,102.1,100.7,101.7,97.2,100.3,101.4,108.0,108.0,97.6,81.3,101.2,,123.5,,,106.6,92.8,94.0,102.7,108.8,88.8,,,134.9,103.6,133.4,100.0,100.0,132.1,,104.9,458.3,,97.0,99.7,89.3,91.3,86.1,324.0,106.3,82.5,88.1,90.6,88.8,84.3,,85.6,101.3,77.1,90.6,,92.6,
199606,105.7,109.2,112.1,114.8,104.7,109.0,105.0,114.9,,105.0,,94.3,109.8,105.3,97.2,109.5,92.1,107.1,122.9,,99.0,,117.5,108.9,116.9,110.7,87.7,87.2,102.1,141.8,94.1,129.9,227.4,113.6,103.8,105.9,110.3,98.0,110.5,103.1,88.7,96.8,97.8,117.0,103.1,144.4,112.0,115.0,111.5,117.7,116.2,114.7,115.4,96.1,99.4,96.6,91.3,120.1,92.4,102.1,90.5,93.5,104.4,104.4,100.1,104.0,104.2,98.0,96.9,96.0,,105.4,99.5,140.1,,107.6,106.4,102.5,108.6,92.9,95.3,93.1,84.7,,89.7,108.1,111.9,111.3,115.2,101.7,119.8,104.3,105.7,97.9,,109.9,,,129.2,182.0,,128.8,143.5,142.4,108.5,127.8,173.7,94.5,139.4,71.2,70.4,67.5,95.0,,,104.4,97.7,98.3,98.2,97.9,100.3,98.1,98.1,96.2,97.0,94.4,95.6,95.2,,91.1,92.4,107.5,,,98.4,100.9,102.1,100.7,101.7,97.2,100.3,101.4,108.0,108.0,97.5,81.2,99.9,,121.8,,,106.6,92.8,93.8,102.7,108.8,88.8,,,134.9,103.6,133.4,100.0,100.0,132.1,,104.9,458.3,,97.0,99.7,89.4,91.4,86.1,324.0,106.3,82.5,88.1,90.6,88.8,84.3,,85.6,101.3,77.1,90.6,,92.6,
199607,102.8,105.5,112.0,114.6,104.6,104.8,101.3,101.9,,105.0,,94.3,97.7,105.3,97.1,109.5,92.1,103.1,96.5,,99.0,,96.2,108.9,116.9,93.6,87.7,87.2,101.8,141.8,94.1,124.0,218.8,98.9,103.4,101.9,104.2,96.2,109.8,96.5,88.7,92.0,97.8,108.2,103.1,118.6,112.0,98.9,111.5,97.1,109.0,114.7,99.5,96.2,99.4,96.5,91.3,120.1,92.5,101.8,90.2,94.1,104.4,104.4,99.2,103.4,102.3,97.8,97.0,96.2,,104.1,99.5,129.9,,104.5,106.4,101.4,107.1,93.0,95.4,93.2,84.7,,89.7,108.2,111.9,111.3,115.4,101.7,120.0,104.2,105.7,97.9,,110.0,,,128.8,180.2,,129.2,142.0,142.3,108.5,126.8,173.2,94.5,139.4,71.2,70.4,67.5,95.0,,,104.4,97.9,98.7,98.2,100.4,102.8,98.1,98.1,96.2,97.0,94.4,95.6,95.2,,91.1,92.4,107.5,,,98.2,100.9,102.1,100.7,101.7,97.2,100.3,101.2,107.9,107.9,97.3,81.0,99.9,,117.3,,,106.6,92.8,93.8,102.7,108.8,88.8,,,134.9,103.6,133.2,100.0,100.0,132.1,,104.9,450.3,,97.0,99.7,89.4,91.4,86.1,324.0,106.3,82.5,88.1,90.6,88.8,84.3,,85.6,101.3,77.1,90.4,,92.4,
199608,99.9,101.9,111.7,114.3,104.0,100.7,98.9,92.5,,105.0,,94.3,90.8,105.3,97.2,109.5,92.1,98.5,71.6,,99.0,,74.8,108.9,116.9,76.3,87.7,87.2,102.3,141.8,94.1,117.6,211.7,81.6,103.0,97.7,97.9,93.0,109.4,86.3,88.7,81.0,97.8,100.5,103.1,97.7,112.0,81.7,111.5,79.0,99.7,114.7,79.4,96.5,99.3,96.4,91.1,120.1,93.2,102.0,90.5,95.4,104.2,104.2,98.8,103.0,101.4,98.1,97.0,95.7,,103.3,99.5,126.0,,100.6,106.1,100.6,106.7,93.0,95.4,93.3,84.7,,89.7,108.2,111.9,111.3,115.2,101.8,119.9,104.2,105.7,97.9,,110.0,,,128.7,179.3,,129.1,144.1,141.1,108.3,127.0,172.0,94.5,139.6,71.2,70.4,67.6,95.1,,,104.3,98.2,99.0,98.2,102.1,104.5,98.1,98.1,96.2,97.0,94.4,95.6,95.2,,91.2,94.2,107.5,,,98.0,100.9,102.1,100.7,101.7,97.2,100.3,101.2,107.9,107.9,97.0,80.5,98.4,,116.6,,,106.9,92.8,93.3,102.7,108.9,88.8,,,134.9,103.6,133.1,100.0,100.0,132.1,,104.9,438.4,,97.0,99.7,89.4,91.4,86.1,324.0,106.3,82.5,88.1,90.6,88.8,84.3,,85.6,101.3,77.1,90.4,,92.4,
199609,106.3,109.6,111.9,114.9,104.1,109.5,106.1,90.3,,119.5,,108.7,89.4,122.2,98.6,109.5,92.1,108.9,103.9,,110.0,,103.7,104.5,135.9,101.3,98.0,101.8,101.9,141.8,94.1,122.4,223.0,79.0,104.3,107.3,111.5,101.9,110.6,96.5,90.1,92.9,113.5,116.9,111.4,94.3,126.9,104.3,135.2,107.0,114.7,121.7,105.5,97.3,100.9,96.3,91.2,125.4,93.5,102.3,91.3,95.4,104.7,104.7,100.1,103.7,104.3,98.7,97.1,96.0,,104.6,99.7,138.3,,98.4,105.5,102.6,108.1,93.0,95.5,93.2,84.9,,89.7,108.2,111.8,111.3,115.2,101.8,119.8,104.2,105.7,97.9,,109.9,,,128.9,180.2,,128.2,146.3,141.3,108.3,126.8,170.8,94.5,140.0,71.2,70.4,67.6,95.1,,,104.1,97.6,98.3,98.2,98.1,100.5,98.1,98.1,96.2,97.1,94.5,95.6,95.3,,91.2,91.6,107.5,,,97.9,100.9,102.1,100.6,101.7,97.2,100.3,101.2,107.8,107.8,96.8,80.1,97.3,,117.1,,,106.8,92.8,92.4,102.7,108.9,88.8,,,134.9,103.6,133.1,100.0,100.0,132.1,,104.9,434.6,,97.1,99.7,89.4,91.4,86.1,324.0,106.3,82.5,88.1,90.6,88.8,84.3,,85.6,101.3,77.1,90.7,,92.6,
199610,107.2,111.2,112.3,115.2,104.7,111.2,109.5,104.7,,119.4,,106.8,101.3,120.9,97.9,109.5,92.1,108.1,103.9,,111.1,,103.7,103.7,127.3,101.3,98.8,101.2,102.1,141.8,94.1,131.5,231.0,102.9,105.0,107.8,112.2,100.1,110.4,96.5,89.8,92.9,108.5,119.1,110.6,119.8,126.9,104.3,129.9,107.0,116.1,123.8,105.5,97.5,101.4,96.7,91.6,126.3,93.5,102.4,91.4,95.3,105.1,105.1,100.3,104.1,104.6,98.9,97.0,96.2,,105.7,99.7,140.1,,105.1,105.7,103.2,108.9,93.0,95.3,93.2,85.0,,89.7,108.2,111.9,111.2,115.4,101.8,119.9,104.1,105.8,97.9,,109.9,,,128.7,180.0,,127.7,145.4,141.1,108.3,126.4,170.1,94.4,140.2,71.2,70.4,67.6,95.1,,,104.1,97.7,98.6,98.2,99.4,101.8,98.1,98.1,96.2,97.1,94.5,95.6,95.3,,91.5,91.6,107.5,,,97.8,100.9,102.1,100.6,101.7,97.2,100.3,101.5,107.8,107.8,96.7,80.0,97.2,,116.6,,,106.8,92.8,93.1,102.7,108.9,88.8,,,134.9,103.6,133.1,100.0,100.0,132.1,,104.9,427.6,,97.1,99.7,89.4,91.4,86.1,324.0,106.3,82.5,88.1,90.6,88.8,84.3,,85.6,101.3,77.1,90.7,,92.6,
199611,107.7,112.6,111.9,114.4,104.6,112.7,111.2,104.7,,119.5,,107.8,101.3,120.4,97.9,125.3,92.1,110.0,103.9,,112.1,,103.7,104.2,130.0,101.3,97.5,98.3,102.6,156.8,94.1,131.5,232.5,102.9,104.8,107.3,111.5,99.5,109.8,96.5,89.9,92.9,106.6,118.2,109.0,119.8,124.1,104.3,129.2,107.0,116.1,122.9,105.5,97.6,101.5,96.8,91.5,126.6,93.6,102.4,91.7,95.4,105.1,105.1,100.6,104.8,105.1,99.1,97.1,96.3,,105.7,99.7,139.5,,105.1,105.7,103.1,109.0,93.1,95.5,93.3,85.1,,89.6,108.1,111.9,111.2,115.4,101.8,119.8,104.1,105.7,97.9,,109.8,,,128.1,179.6,,127.9,140.7,141.1,108.4,126.3,169.3,94.4,140.0,71.2,70.4,67.6,95.1,,,104.1,97.6,98.3,98.2,98.1,100.5,98.1,98.1,96.2,97.1,94.5,95.6,95.3,,91.5,91.6,107.5,,,97.9,100.9,102.1,100.6,101.7,97.2,100.3,101.5,107.8,107.8,96.8,80.2,96.8,,116.2,,,106.8,93.0,93.0,102.7,108.9,88.8,,,134.9,103.6,133.0,100.0,100.0,132.1,,104.9,426.0,,97.1,99.7,89.4,91.4,86.1,324.0,106.3,82.5,88.1,90.6,88.8,84.3,,85.6,101.3,77.1,90.7,,92.6,
199612,107.2,111.6,111.2,113.6,104.4,111.8,110.2,104.7,,117.7,,106.9,101.3,119.3,97.6,123.9,92.1,108.8,103.9,,109.9,,103.7,104.2,127.8,101.3,94.7,95.0,102.3,155.8,94.1,131.8,234.7,102.9,104.5,107.0,111.2,99.4,110.1,96.5,90.1,92.9,105.8,117.9,109.2,119.8,123.8,104.3,128.0,107.0,115.4,121.4,105.5,97.5,101.4,96.4,91.6,126.3,93.6,102.9,91.7,95.0,105.4,105.4,100.5,104.5,104.9,99.0,97.2,96.3,,105.7,99.7,139.8,,105.1,106.0,103.2,109.1,93.2,95.6,93.4,85.1,,89.5,108.1,111.9,111.2,115.1,101.9,119.9,104.0,105.7,97.9,,109.8,,,127.7,179.3,,127.7,140.1,141.0,107.8,125.9,169.6,94.5,140.3,71.2,70.4,67.6,95.1,,,103.9,97.0,98.5,98.2,99.1,101.5,98.1,98.1,96.2,97.1,94.5,95.6,95.3,,92.0,84.4,107.5,,,98.0,100.9,102.1,100.6,101.7,97.2,100.3,101.5,107.6,107.6,97.0,80.8,96.0,,116.2,,,107.0,92.8,93.1,102.7,108.9,88.8,,,134.9,103.6,133.0,100.0,100.0,132.1,,104.9,416.3,,97.1,99.7,89.4,91.4,86.1,324.0,106.3,82.5,88.1,90.6,88.8,84.3,,85.6,101.3,77.1,90.7,,92.6,
199701,100.7,101.6,111.9,114.6,104.3,100.3,99.3,104.7,,99.3,,87.2,101.3,101.7,97.5,108.6,94.2,96.3,103.9,,82.9,,103.7,105.8,100.6,101.3,73.5,72.1,102.3,131.7,94.4,123.0,221.0,102.9,104.6,100.4,101.9,92.4,109.5,96.5,84.5,92.9,88.0,106.9,99.6,119.8,112.2,104.3,101.7,107.0,107.0,104.6,105.5,96.6,99.1,96.5,91.6,116.7,93.3,102.4,91.5,94.6,105.3,105.3,99.6,104.0,102.8,99.3,97.2,96.4,,104.4,100.2,133.2,,105.1,106.0,101.9,107.3,93.3,95.6,93.5,85.3,,89.5,108.1,111.9,111.2,115.1,101.8,119.9,103.7,105.5,97.9,,109.8,,,127.6,178.2,,127.5,139.0,140.7,108.3,124.9,170.3,94.5,140.6,71.2,70.4,67.6,95.1,,,103.9,97.1,98.6,98.2,99.4,101.8,98.1,98.1,96.2,97.1,94.5,95.6,95.4,,92.2,84.8,107.5,,,98.0,100.9,102.1,100.6,101.7,97.2,100.3,101.5,107.6,107.6,96.9,80.6,95.7,,116.6,,,107.0,92.6,93.1,102.8,108.9,88.8,,,134.9,103.6,132.8,100.0,100.0,132.1,,104.9,404.4,,97.1,99.7,89.4,91.4,86.1,324.0,106.3,82.5,88.1,90.6,88.8,84.3,,85.6,101.3,77.1,90.7,,92.6,
199702,98.4,98.2,111.1,113.5,104.1,96.5,95.6,104.7,,93.6,,81.5,101.3,96.9,97.4,99.0,94.7,92.0,103.9,,76.6,,103.7,98.5,95.5,101.3,65.8,61.2,103.4,111.5,94.6,121.9,223.2,102.9,103.6,97.8,98.2,89.6,108.8,96.5,82.5,92.9,81.0,102.4,97.9,119.8,106.2,104.3,90.2,107.0,104.5,99.9,105.5,96.4,98.0,96.6,91.5,112.3,93.5,101.3,91.0,95.8,105.4,105.4,99.8,103.8,103.3,99.0,97.3,96.4,,103.9,100.0,134.0,,105.1,105.8,101.5,107.1,93.3,95.6,93.5,85.3,,89.4,108.1,111.8,111.2,115.0,101.8,119.8,103.6,105.4,97.9,,109.8,,,127.1,177.8,,126.9,137.2,140.9,107.8,124.6,169.6,94.5,140.2,71.2,70.4,67.6,95.2,,,104.0,97.7,98.3,98.2,97.8,100.2,98.1,98.1,96.2,97.1,94.5,95.6,95.4,,92.2,91.6,107.5,,,98.1,100.9,102.1,100.6,101.7,97.2,100.3,101.5,107.6,107.6,97.0,81.0,95.7,,116.2,,,107.0,92.6,92.9,102.8,109.0,88.8,,,134.9,103.6,131.5,100.0,100.0,130.5,,104.9,400.6,,97.1,99.7,89.4,91.4,86.1,324.0,106.3,82.5,88.1,90.6,88.8,84.3,,85.6,101.3,77.1,90.7,,92.6,
199703,102.0,105.2,111.4,114.0,104.3,104.4,96.7,104.7,,91.9,,81.1,101.3,98.1,97.9,114.2,94.7,104.5,103.9,,100.5,,103.7,106.3,109.8,101.3,88.0,88.2,103.4,139.0,94.6,127.5,231.4,119.5,103.5,98.9,99.4,90.4,109.3,96.5,82.4,92.9,83.2,103.5,105.2,119.8,108.5,104.3,88.5,107.0,108.0,108.2,105.5,97.4,99.0,96.6,91.6,116.5,94.9,103.8,91.6,97.4,105.4,105.4,100.3,104.0,104.6,99.1,97.3,96.7,,104.9,100.1,140.5,,107.4,105.8,102.6,108.7,93.4,95.6,93.7,85.6,,89.4,108.1,111.5,111.2,115.0,101.8,119.7,103.6,105.0,98.0,,109.8,,,127.0,177.4,,126.9,137.1,141.0,108.0,124.5,168.9,94.3,140.9,71.2,70.4,67.6,95.2,,,104.0,97.9,98.7,98.2,100.3,102.7,98.1,98.1,96.2,97.1,94.5,95.6,95.4,,92.0,91.6,107.5,,,98.0,100.9,102.1,100.6,101.7,97.2,100.3,101.5,107.4,107.4,97.0,81.1,94.9,,115.4,,,106.9,92.6,92.8,102.8,109.0,88.8,,,134.9,103.6,131.2,100.0,100.0,130.5,,104.9,381.8,,97.1,99.7,89.4,91.4,86.1,324.0,106.3,82.5,88.1,90.6,88.8,84.3,,85.6,101.3,77.1,90.7,,92.6,
199704,107.1,109.7,113.4,116.0,106.2,109.3,108.7,123.0,,108.7,,97.1,114.2,100.6,100.1,114.2,94.5,105.0,103.9,,100.5,,103.7,103.1,110.9,115.2,88.0,88.2,105.6,139.0,94.6,133.4,237.8,117.0,104.8,107.8,111.3,98.0,111.7,96.5,87.1,100.4,98.1,118.3,109.4,119.8,118.3,122.2,114.7,127.6,119.5,114.6,122.4,99.7,100.9,98.6,93.5,118.4,97.3,106.1,93.8,100.2,107.5,107.5,102.5,106.3,107.0,101.0,99.2,98.3,,107.5,102.5,144.8,,110.2,107.8,105.2,111.0,94.8,96.9,95.1,87.8,,90.5,109.8,112.8,113.3,116.9,103.7,121.6,104.7,107.0,99.8,,111.8,,,129.1,179.5,,128.3,138.2,143.9,109.8,126.4,173.2,96.3,143.3,71.7,70.7,68.8,96.1,,,105.5,99.5,100.6,100.0,101.9,104.3,100.0,100.0,97.9,98.7,96.1,97.1,97.1,,93.9,92.9,108.9,,,99.3,103.1,104.1,102.5,103.6,99.7,102.2,104.2,108.7,108.7,98.0,82.5,95.4,,116.6,,,108.8,94.9,94.5,104.5,109.5,88.8,,,134.9,103.6,133.0,100.0,100.0,132.3,,106.9,379.6,,99.1,101.6,90.4,91.9,87.8,328.8,108.4,85.4,89.9,92.3,90.3,86.7,,87.9,101.3,79.7,92.9,,94.9,
199705,108.5,111.8,113.4,115.9,106.9,111.7,109.3,122.7,,108.7,,97.1,112.7,110.1,100.3,114.2,94.5,108.9,131.5,,100.5,,120.6,103.4,117.2,116.4,88.0,88.2,105.6,139.0,94.6,133.5,238.9,116.3,104.2,109.5,113.8,99.5,113.9,109.5,87.1,99.7,98.1,122.1,107.4,151.2,118.3,123.5,114.7,121.0,118.9,114.6,121.5,99.7,101.1,98.8,93.7,118.4,97.2,106.1,94.1,99.9,107.6,107.6,102.6,106.2,107.1,100.7,99.3,98.6,,107.8,102.8,144.5,,110.1,107.8,106.0,111.2,94.9,96.9,95.2,87.9,,90.5,109.9,112.8,113.6,116.9,103.7,121.5,104.4,107.0,100.0,,111.8,,,129.3,181.5,,128.2,139.1,143.9,109.8,126.4,173.5,96.5,143.1,71.7,70.7,68.8,96.5,,,105.1,99.5,100.5,100.0,101.8,104.2,100.0,100.0,97.9,98.7,96.1,97.1,97.2,,93.9,92.9,108.9,,,98.4,103.1,104.1,102.5,103.6,99.7,102.2,104.2,108.8,108.8,96.7,81.6,95.0,,116.2,,,108.5,94.9,94.4,104.5,109.5,88.8,,,120.3,103.6,133.5,100.0,100.0,133.0,,107.0,374.8,,99.2,101.6,90.7,92.3,87.8,328.8,108.4,85.4,89.9,92.3,90.3,86.7,,87.9,101.3,79.7,92.9,,94.9,
199706,108.4,111.7,112.9,115.2,106.7,111.7,109.3,122.5,,108.7,,97.1,112.5,110.1,99.9,114.2,94.5,108.7,131.5,,100.5,,118.8,103.4,117.2,114.8,88.0,88.2,105.7,139.0,94.6,134.0,241.6,116.3,103.7,109.2,113.2,99.0,114.1,105.8,87.1,98.6,98.1,121.5,106.6,150.9,118.3,123.5,114.7,118.6,118.0,114.6,119.1,99.9,101.2,98.7,93.6,120.7,97.5,106.2,94.3,100.1,107.7,107.7,102.5,106.0,106.9,100.8,99.3,98.7,,108.0,102.8,144.4,,110.0,107.8,106.4,112.0,95.0,97.0,95.3,87.9,,90.5,109.8,112.7,113.4,116.9,103.6,121.6,104.3,107.0,99.8,,111.8,,,129.1,180.4,,127.5,139.4,143.6,109.7,126.2,173.2,96.5,143.1,71.8,70.7,68.8,96.7,,,104.9,99.4,100.1,100.0,99.6,102.0,100.0,100.0,97.9,98.9,96.2,97.2,97.2,,93.9,92.9,108.9,,,98.1,103.1,104.1,102.5,103.6,99.7,102.2,104.2,108.8,108.8,96.3,80.5,95.0,,115.8,,,108.5,95.1,94.5,104.5,109.5,88.8,,,120.3,103.6,133.4,100.0,100.0,133.0,,106.9,366.1,,99.2,101.6,90.7,92.3,87.8,328.8,108.4,85.4,89.9,92.3,90.3,86.7,,87.9,101.3,79.7,92.9,,94.9,
199707,105.1,107.8,113.0,115.3,106.5,107.3,105.3,107.6,,108.7,,97.1,99.8,110.1,99.9,114.2,94.5,104.5,102.9,,100.5,,103.1,103.4,117.2,94.4,88.0,88.2,105.2,139.0,94.6,127.1,232.9,98.1,103.8,104.2,106.2,96.0,112.8,97.0,87.1,89.2,98.1,112.1,106.6,125.0,118.3,103.1,114.7,97.1,108.5,114.6,98.5,99.3,101.1,98.5,93.6,120.7,96.4,104.7,94.2,98.5,108.0,108.0,101.9,105.4,105.5,100.7,99.5,99.3,,107.0,102.9,136.2,,108.1,107.8,105.6,111.0,95.0,97.0,95.3,88.1,,90.4,109.9,112.6,113.3,116.9,103.5,121.6,104.8,106.9,99.9,,111.8,,,128.8,178.9,,127.5,139.8,143.9,109.7,125.8,171.7,96.4,142.5,71.8,70.7,68.8,96.8,,,104.8,99.7,100.6,100.0,102.1,104.5,100.0,100.0,98.5,99.4,96.6,97.8,97.4,,93.9,92.0,108.9,,,97.9,103.1,104.1,102.5,103.6,99.7,102.2,104.2,108.4,108.4,96.0,79.8,95.0,,115.4,,,108.4,95.1,94.5,104.6,109.5,88.8,,,120.3,103.6,133.2,100.0,100.0,133.0,,106.9,352.7,,99.2,101.6,90.7,92.3,87.8,328.8,108.4,85.4,89.9,92.3,90.3,86.7,,87.9,101.3,79.7,92.9,,94.9,
199708,102.4,104.3,113.0,115.3,106.5,103.2,102.4,96.8,,108.7,,97.1,90.5,110.1,99.6,114.2,94.5,100.2,83.2,,100.5,,82.3,103.4,117.2,74.5,88.0,88.2,105.2,139.0,94.6,121.0,224.3,82.1,104.1,100.2,100.4,93.2,112.8,87.6,87.1,80.1,98.1,104.5,106.6,105.2,118.3,87.4,114.7,78.5,101.4,114.6,83.3,99.2,101.2,98.5,93.7,120.7,96.1,103.6,94.3,98.4,108.0,108.0,101.6,105.4,104.6,100.7,99.8,99.6,,106.5,103.1,132.4,,104.5,107.6,105.5,110.8,95.1,97.1,95.3,88.1,,90.4,109.8,112.6,113.3,117.0,103.4,121.6,104.6,106.9,99.9,,111.6,,,128.8,178.2,,126.7,139.7,143.9,110.3,125.8,172.3,96.6,141.1,71.8,70.7,69.0,96.9,,,104.8,100.1,101.0,100.0,103.9,106.4,100.0,100.0,98.5,99.4,96.6,97.8,97.4,,93.9,94.7,108.9,,,97.5,103.1,104.1,102.5,103.6,99.7,102.2,104.2,108.3,108.3,95.6,79.1,94.7,,115.0,,,108.3,95.1,94.9,104.7,109.5,88.8,,,120.3,103.6,133.2,100.0,100.0,133.0,,106.9,347.8,,99.2,101.6,90.7,92.3,87.8,328.8,108.4,85.4,89.9,92.3,90.3,86.7,,87.9,101.3,79.7,92.9,,94.9,
199709,109.3,112.9,112.8,115.2,106.5,112.9,108.6,94.9,,121.3,,112.1,87.7,124.0,99.9,114.2,94.5,112.7,112.2,,118.3,,106.2,108.5,140.5,103.0,101.5,106.3,105.6,139.0,94.6,128.1,240.2,78.4,106.3,110.8,114.9,104.8,114.3,100.0,95.4,93.6,115.9,120.3,111.9,102.8,123.1,111.9,139.5,108.6,119.4,129.0,109.0,101.2,104.9,98.4,93.8,136.0,97.6,104.6,94.4,101.1,108.0,108.0,102.9,106.5,107.0,101.2,99.9,100.2,,107.8,103.2,143.5,,101.8,107.7,106.7,112.0,95.1,97.1,95.3,88.4,,100.7,109.8,112.3,113.3,117.2,103.4,121.6,104.6,106.9,100.1,,111.5,,,128.5,176.7,,127.5,137.7,143.3,110.3,125.3,172.8,96.6,140.3,88.6,92.1,69.0,96.9,,,104.4,99.5,100.1,100.0,99.8,102.2,100.0,100.0,98.6,99.5,96.6,97.9,97.5,,93.9,92.0,108.9,,,97.4,103.1,104.1,102.5,103.6,99.7,102.2,104.2,108.0,108.0,95.3,78.5,94.5,,114.9,,,108.0,95.1,94.9,104.7,109.9,88.8,,,120.3,103.6,133.2,100.0,100.0,133.0,,106.9,347.8,,99.3,101.6,90.7,92.3,87.8,328.8,108.4,85.4,89.9,92.3,90.2,86.7,,87.9,101.3,79.7,93.1,,95.2,
199710,110.4,114.5,113.6,115.8,107.9,114.7,112.5,111.3,,120.6,,109.8,102.9,122.5,100.1,114.2,94.5,111.6,112.2,,117.2,,106.2,105.2,134.5,103.0,102.4,102.7,105.5,139.0,94.6,136.5,245.8,104.0,106.8,111.2,115.7,103.9,114.4,100.0,95.7,93.6,112.5,122.4,112.7,127.0,122.9,111.9,133.7,108.6,119.9,127.9,109.0,100.9,104.1,98.4,94.0,133.3,97.2,104.0,94.4,100.4,108.5,108.5,103.5,107.4,107.7,101.6,100.0,100.7,,109.5,103.3,144.0,,107.4,107.6,107.1,112.0,95.1,97.1,95.4,88.5,,100.7,109.9,112.0,113.4,117.1,103.3,121.7,104.8,106.9,100.5,,112.0,,,128.3,175.4,,126.5,135.9,143.3,110.6,125.3,174.0,96.6,139.0,88.6,92.1,69.0,96.9,,,104.3,99.7,100.4,100.0,101.3,103.7,100.0,100.0,98.6,99.5,96.6,97.9,98.1,,93.9,92.0,108.9,,,97.0,102.9,103.3,102.5,103.6,99.1,102.2,103.4,107.9,107.9,94.9,77.6,94.6,,115.3,,,108.0,96.2,94.9,104.7,110.0,88.8,,,120.3,103.6,133.2,100.0,100.0,133.0,,106.9,341.3,,99.3,101.6,90.7,92.3,87.8,328.8,108.4,85.4,89.9,92.3,90.2,86.7,,87.9,101.3,79.7,93.1,,95.2,
199711,111.0,116.0,113.5,115.5,107.8,116.5,113.9,111.3,,120.1,,109.3,102.9,122.1,100.5,130.8,94.5,114.0,112.2,,117.6,,106.2,106.9,134.3,103.0,101.9,101.1,105.4,160.7,94.6,136.7,246.6,104.0,106.7,110.7,115.1,103.3,114.4,100.0,96.0,93.6,110.5,121.6,113.1,127.0,124.4,111.9,130.2,108.6,119.7,127.7,109.0,100.9,104.4,98.3,94.1,134.3,97.1,104.4,94.3,100.1,108.5,108.5,103.8,107.5,108.2,102.1,100.2,100.7,,109.6,103.1,144.3,,107.4,107.7,107.4,112.4,95.1,97.0,95.4,88.6,,100.7,109.8,112.0,113.3,116.9,103.3,121.7,104.7,106.9,100.9,,111.7,,,128.4,175.6,,127.3,135.9,143.1,110.6,125.0,171.8,96.6,139.7,88.6,92.1,69.0,96.9,,,104.2,99.6,100.1,100.0,99.8,102.2,100.0,100.0,98.7,99.5,96.6,97.9,98.3,,93.9,92.0,108.9,,,96.9,102.9,103.3,102.5,103.6,99.1,102.2,103.4,107.8,107.8,94.8,77.2,94.3,,115.6,,,108.0,95.9,94.9,104.7,109.7,88.8,,,120.3,103.6,133.2,100.0,100.0,133.0,,106.9,342.4,,99.3,101.6,90.7,92.3,87.8,328.8,108.4,85.4,89.9,92.3,90.2,86.7,,87.9,101.3,79.7,93.1,,95.2,
199712,110.7,115.7,113.7,115.5,107.9,116.1,113.4,111.3,,119.2,,108.5,102.9,121.3,100.3,130.2,94.5,113.7,112.2,,118.4,,106.2,106.9,135.5,103.0,101.1,98.7,105.2,158.6,94.6,136.1,245.8,104.0,106.5,110.2,114.4,103.0,114.8,100.0,95.1,93.6,109.9,120.6,112.4,127.0,122.7,111.9,128.2,108.6,119.4,126.8,109.0,100.6,104.1,98.2,93.9,133.7,96.8,104.2,94.3,99.4,108.7,108.7,103.7,107.9,107.5,102.1,100.2,100.9,,109.5,103.1,143.3,,107.4,107.7,107.2,112.4,95.1,97.0,95.4,88.6,,100.5,109.8,111.8,113.3,116.6,103.4,121.7,104.7,106.9,101.0,,111.7,,,127.6,172.8,,126.7,133.0,142.6,110.4,124.3,173.9,96.7,139.7,88.6,92.1,69.0,96.9,,,104.0,99.3,100.3,100.0,100.8,103.2,100.0,100.0,98.7,99.5,96.6,97.9,98.7,,94.3,88.4,108.9,,,96.7,103.0,103.3,102.5,103.6,99.7,102.2,104.2,107.5,107.5,94.4,76.5,94.3,,115.4,,,108.0,96.0,94.9,104.7,109.8,88.8,,,120.3,103.6,133.1,100.0,100.0,133.0,,106.9,326.8,,99.3,101.6,90.7,92.3,87.8,328.8,108.4,85.4,89.9,92.3,90.2,86.7,,87.9,101.3,79.7,93.1,,95.2,
199801,103.3,104.2,113.5,115.3,107.6,103.0,101.2,111.3,,97.6,,88.1,102.9,102.8,100.6,113.9,95.8,98.8,112.2,,87.4,,106.2,105.9,107.4,103.0,77.7,72.9,105.2,123.7,96.2,129.3,238.0,104.0,106.4,103.2,104.4,95.5,114.2,100.0,87.3,93.6,91.8,109.0,101.7,127.0,106.4,111.9,102.0,108.6,109.8,107.7,109.0,99.9,102.6,98.4,94.0,126.9,96.5,103.8,93.9,99.3,108.4,108.4,102.2,106.3,104.4,102.4,100.4,100.6,,107.4,103.3,131.4,,107.4,107.5,105.9,108.7,95.1,97.0,95.5,88.7,,100.4,109.6,110.6,113.2,116.2,103.3,121.4,104.6,106.7,101.8,,111.6,,,127.4,172.6,,125.9,132.1,142.7,111.5,124.6,171.5,96.7,138.8,88.6,92.1,69.0,97.2,,,104.0,99.4,100.4,100.0,101.3,103.7,100.0,100.0,98.7,99.1,98.5,98.4,98.7,,94.5,88.7,108.9,,,96.5,103.0,103.3,102.5,103.6,99.7,102.2,104.2,107.4,107.4,94.2,75.9,94.1,,115.3,,,107.8,96.0,94.9,104.7,109.8,88.8,,,120.3,103.6,133.1,100.0,100.0,133.0,,106.9,328.9,,99.3,101.6,90.7,92.3,87.8,328.8,108.4,85.4,89.9,92.3,90.2,86.7,,88.3,101.3,80.3,93.2,,95.3,
199802,101.3,101.1,112.9,114.6,107.1,99.6,97.5,111.3,,91.9,,81.9,102.9,96.5,100.4,106.5,96.1,95.6,112.2,,77.4,,106.2,103.0,105.7,103.0,67.4,63.6,105.1,109.6,96.8,126.3,235.6,104.0,106.2,101.1,101.6,92.9,113.3,100.0,84.9,93.6,85.9,105.8,102.6,127.0,106.8,111.9,91.0,108.6,108.3,105.0,109.0,99.4,101.5,98.3,93.9,122.4,96.3,103.9,94.2,98.7,108.5,108.5,101.8,105.1,103.9,103.1,100.3,100.7,,107.1,103.1,133.0,,107.4,107.4,105.2,109.0,95.1,97.0,95.5,88.7,,100.4,109.5,110.5,113.2,116.6,103.3,121.3,104.6,106.7,101.9,,111.4,,,127.2,172.4,,125.5,130.9,142.4,111.5,123.7,174.2,96.5,139.6,88.6,92.1,69.0,97.2,,,103.4,99.7,100.1,100.0,99.6,102.0,100.0,100.0,98.7,99.1,98.5,98.4,98.7,,94.4,92.0,108.9,,,96.3,103.0,103.3,102.5,103.6,99.7,102.2,104.2,107.2,107.2,93.8,75.0,94.1,,115.7,,,107.8,96.0,94.9,104.7,109.8,88.8,,,120.3,103.6,129.7,100.0,100.0,129.0,,106.9,323.5,,99.3,101.6,90.7,92.3,87.8,328.8,108.4,85.4,89.9,92.3,90.2,86.7,,88.3,101.3,80.3,93.2,,95.3,
199803,105.0,108.2,113.4,115.2,107.7,107.5,98.4,111.3,,90.2,,82.2,102.9,96.9,100.4,120.3,96.1,108.2,112.2,,106.0,,106.2,108.5,117.2,103.0,92.0,90.9,105.2,138.2,96.9,131.8,244.9,120.0,107.4,102.4,103.1,93.1,114.2,100.0,87.2,93.6,84.4,107.9,110.8,127.0,111.7,111.9,91.1,108.6,111.5,112.6,109.0,100.3,102.6,98.5,94.1,126.4,97.1,104.5,94.3,100.1,108.5,108.5,103.3,107.2,106.5,103.5,100.1,101.3,,107.8,103.3,142.4,,109.5,107.6,105.7,110.4,95.1,97.0,95.4,88.8,,100.5,109.5,110.6,113.2,116.5,103.3,121.3,104.6,106.7,101.9,,111.4,,,127.6,171.1,,126.1,133.4,141.9,111.6,123.1,174.9,96.5,139.4,88.6,92.1,69.0,97.2,,,103.2,99.9,100.6,100.0,102.1,104.5,100.0,100.0,98.7,99.1,98.5,98.4,98.8,,94.3,92.0,108.9,,,95.8,103.0,103.3,102.5,103.6,99.7,102.2,104.2,107.1,107.1,93.1,73.9,94.0,,112.7,,,105.8,96.0,95.0,104.8,109.8,88.8,,,120.3,103.6,129.7,100.0,100.0,129.0,,106.9,320.8,,99.4,101.6,90.7,92.3,87.8,328.8,108.4,85.4,89.9,92.3,90.2,86.7,,88.3,101.3,80.3,93.6,,95.6,
199804,108.8,112.2,113.2,114.9,107.7,112.1,109.7,125.0,,108.7,,98.9,112.0,99.8,100.7,120.3,96.0,108.5,112.2,,106.0,,106.2,109.6,115.7,121.2,92.0,90.9,105.2,138.2,96.6,137.4,246.0,119.7,106.6,109.4,113.2,101.1,114.9,100.0,91.6,100.9,101.6,119.2,108.7,127.0,116.9,122.0,116.5,124.4,123.1,119.4,125.5,100.4,102.4,98.8,94.2,125.3,97.5,104.9,94.6,100.5,108.2,108.2,103.8,107.2,107.5,103.5,100.5,101.5,,109.2,103.3,143.5,,109.0,107.6,105.9,112.7,95.1,97.0,95.5,88.9,,100.3,109.5,110.4,113.2,116.2,103.2,121.3,104.4,106.9,101.8,,111.4,,,127.5,169.8,,126.1,135.0,141.3,111.6,121.3,175.7,96.8,139.3,88.4,91.4,70.8,97.1,,,103.1,100.0,100.6,100.0,101.9,104.3,100.0,100.0,98.7,99.1,98.5,98.4,98.8,,93.9,93.4,108.9,,,95.4,103.0,103.3,102.5,103.6,99.7,102.2,104.2,106.8,106.8,92.6,72.7,93.6,,112.2,,,105.7,96.2,94.9,104.8,109.8,88.8,,,120.3,103.6,129.6,100.0,100.0,129.0,,106.9,313.3,,101.0,103.7,92.0,92.8,90.0,333.5,110.8,87.9,91.6,94.2,94.4,88.7,,89.0,105.1,80.3,94.1,,96.2,
199805,110.0,114.2,113.3,115.1,107.7,114.4,111.2,126.8,,108.7,,98.9,112.7,110.7,101.0,120.3,96.0,111.8,133.8,,106.0,,120.4,106.7,123.9,117.3,92.0,90.9,105.5,138.2,96.6,137.0,246.0,117.8,106.9,110.1,114.5,100.8,115.3,100.0,91.6,99.1,101.6,121.7,107.1,148.3,116.9,119.8,116.5,123.5,122.9,119.4,125.1,100.2,101.8,99.0,94.3,122.5,97.5,104.5,95.0,100.4,108.4,108.4,103.9,107.7,107.4,103.6,100.5,102.3,,109.2,104.3,143.6,,109.0,107.4,105.8,112.5,95.1,97.0,95.5,88.9,,100.3,109.4,110.3,113.2,116.1,103.0,121.3,104.6,106.8,101.8,,111.4,,,127.2,168.0,,125.7,135.6,141.0,111.9,121.2,174.4,96.9,137.9,88.4,91.4,70.8,97.5,,,102.6,100.0,100.5,100.0,101.8,104.2,100.0,100.0,98.7,99.1,98.5,98.4,98.8,,93.9,93.4,108.9,,,94.7,102.8,103.3,102.5,103.3,98.6,102.2,103.6,106.7,106.7,91.7,72.0,91.7,,112.7,,,105.5,96.5,94.9,104.8,109.8,88.8,,,120.3,101.1,129.6,100.0,100.0,129.0,,106.9,313.3,,101.0,103.8,92.3,93.4,90.0,333.5,110.8,87.9,91.6,94.2,94.4,88.7,,89.0,105.1,80.3,94.1,,96.2,
199806,110.0,113.8,113.1,114.9,107.3,114.1,110.9,125.6,,108.7,,98.9,112.5,110.7,101.0,120.3,96.0,111.5,133.7,,106.0,,115.1,106.7,123.9,115.8,92.0,90.9,106.0,138.2,96.6,136.4,244.9,116.6,107.0,110.4,114.8,101.8,115.4,110.5,91.6,98.5,101.6,121.7,109.0,147.7,116.9,119.3,116.5,121.9,122.1,119.4,123.3,100.5,103.3,98.9,94.4,129.0,97.1,104.8,94.9,99.7,108.3,108.3,104.0,107.8,107.5,103.3,100.6,102.0,,109.3,103.9,142.9,,108.9,107.9,106.2,113.0,95.2,97.1,95.5,89.0,,100.2,109.3,110.3,112.8,116.2,102.9,120.9,104.4,106.8,101.7,,111.4,,,127.0,167.8,,125.7,135.5,140.4,111.7,120.9,173.5,96.8,137.5,88.4,91.4,70.8,97.5,,,102.4,99.8,100.1,100.0,99.6,102.0,100.0,100.0,98.7,99.1,98.5,98.4,98.8,,93.9,93.4,108.9,,,94.5,102.8,103.3,102.5,103.3,98.6,102.2,103.6,106.8,106.8,91.5,71.5,91.2,,112.3,,,105.5,96.6,94.9,104.8,109.8,88.8,,,120.3,101.1,129.7,100.0,100.0,129.0,,106.9,320.3,,101.0,103.8,92.3,93.4,90.0,333.5,110.8,87.9,91.6,94.2,94.4,88.7,,89.0,105.1,80.3,94.1,,96.2,
199807,105.9,109.2,113.0,114.8,107.3,108.9,105.7,105.8,,108.7,,98.9,97.4,110.7,101.6,120.3,96.0,106.7,100.7,,106.0,,99.2,106.7,123.9,90.4,92.0,90.9,106.2,138.2,96.6,128.6,236.3,95.7,105.5,104.6,106.5,98.0,114.1,97.6,91.6,87.9,101.6,110.9,109.0,117.4,116.9,97.2,116.5,96.9,110.6,119.4,98.3,100.1,103.2,98.9,94.3,129.0,96.4,103.3,94.9,98.6,108.4,108.4,102.3,106.4,103.7,102.8,100.7,101.9,,107.7,103.9,131.6,,104.4,107.5,105.3,111.7,95.3,97.2,95.7,89.1,,100.2,109.3,110.3,113.0,115.9,102.8,120.9,104.3,106.8,101.7,,111.4,,,126.8,166.5,,124.4,136.5,138.7,111.3,119.6,173.5,96.9,138.7,88.4,91.4,70.8,97.7,,,102.5,100.0,100.6,100.0,102.1,104.5,100.0,100.0,98.7,99.1,98.5,98.4,98.8,,93.9,93.4,108.9,,,94.5,102.9,103.3,102.5,103.3,99.7,102.2,104.2,106.5,106.5,91.4,71.6,91.2,,110.2,,,105.5,96.9,94.9,104.8,109.8,88.8,,,120.3,101.1,129.7,100.0,100.0,129.0,,106.9,325.7,,101.0,103.8,92.3,93.4,90.0,333.5,110.8,87.9,91.6,94.2,94.4,88.7,,89.0,105.1,80.3,94.1,,96.2,
199808,103.8,106.6,112.9,114.6,107.2,105.8,103.8,98.4,,108.7,,98.9,91.3,110.7,101.6,120.3,96.0,103.4,85.8,,106.0,,87.0,106.7,123.9,75.0,92.0,90.9,106.6,138.2,96.6,123.9,230.5,82.5,106.2,101.4,101.6,95.7,114.3,90.6,91.6,79.6,101.6,104.3,109.0,99.3,116.9,83.4,116.5,81.2,105.4,119.4,86.9,100.5,103.3,98.8,94.4,129.0,97.0,104.2,94.9,99.6,108.5,108.5,102.0,106.4,103.0,103.0,100.6,101.8,,107.1,103.8,127.8,,101.7,107.8,105.1,109.9,95.3,97.2,95.7,89.1,,100.2,109.4,110.3,113.0,116.1,102.8,120.9,104.6,106.8,101.8,,111.4,,,126.6,166.3,,124.6,136.3,138.3,111.6,119.3,172.3,96.9,137.9,88.4,91.4,70.8,97.7,,,102.6,100.6,101.0,100.0,103.9,106.4,100.0,100.0,98.7,99.1,98.5,98.4,99.3,,93.9,96.6,108.9,,,94.5,102.9,103.3,102.5,103.3,99.7,102.2,104.2,106.3,106.3,91.4,71.4,91.6,,110.0,,,105.5,96.9,94.9,104.8,109.8,88.8,,,120.3,101.1,129.7,100.0,100.0,129.0,,106.9,327.9,,101.0,103.8,92.3,93.4,90.0,333.5,110.8,87.9,91.6,94.2,94.4,88.7,,89.0,105.1,80.3,94.1,,96.2,
199809,110.1,114.3,113.2,114.9,108.1,114.5,109.4,95.3,,122.0,,109.7,89.5,123.2,101.3,120.3,96.0,114.4,113.5,,119.7,,105.5,119.4,141.6,103.9,103.2,107.5,107.3,138.2,96.6,130.5,246.4,79.7,107.4,110.6,114.9,105.7,115.8,99.6,94.0,93.2,119.0,119.6,111.9,96.6,125.3,108.3,140.7,109.5,119.7,126.4,111.9,100.8,103.6,98.6,94.2,131.7,97.3,104.8,94.7,100.1,108.7,108.7,103.4,106.9,106.4,103.9,100.7,102.3,,108.4,104.2,141.8,,100.3,107.7,106.8,112.3,95.3,97.2,95.7,89.4,,100.1,109.4,110.3,113.0,116.1,102.8,120.9,104.7,106.8,101.7,,111.4,,,126.3,165.6,,124.2,134.3,139.0,111.6,119.3,168.9,97.0,138.8,88.4,91.4,70.8,97.8,,,102.4,99.9,100.1,100.0,99.8,102.2,100.0,100.0,98.7,99.1,98.5,98.4,99.3,,93.9,93.4,108.9,,,94.5,102.9,103.3,102.5,103.2,99.7,102.2,104.2,105.8,105.8,91.3,71.5,91.1,,109.6,,,105.4,96.9,94.9,104.9,109.8,88.8,,,120.3,101.1,129.9,100.0,100.0,129.0,,106.9,330.0,,101.0,103.8,92.3,93.4,90.0,333.5,110.8,87.9,91.6,94.2,94.4,88.7,,89.0,105.1,80.3,94.1,,96.2,
199810,111.0,116.2,113.2,114.9,108.1,116.6,113.7,112.8,,121.7,,109.2,102.5,121.8,100.9,120.3,96.0,114.3,113.5,,118.6,,105.5,116.5,141.0,103.9,103.4,107.2,107.2,138.2,96.6,137.5,248.6,104.6,107.7,110.7,115.0,103.9,115.9,99.6,93.8,93.2,113.3,120.9,112.1,121.8,123.8,108.3,132.4,109.5,121.1,127.2,111.9,100.8,103.6,98.6,93.8,132.2,97.3,104.8,94.8,100.1,108.8,108.8,103.7,107.2,107.2,104.3,100.6,102.0,,108.9,104.1,143.5,,106.1,107.8,107.8,113.5,95.3,97.2,95.7,89.5,,100.2,109.4,110.2,113.0,116.1,102.7,120.9,104.8,106.8,101.8,,111.5,,,126.4,166.7,,125.4,133.9,139.7,111.7,118.7,167.9,96.9,139.1,88.4,91.4,70.8,97.8,,,102.4,100.0,100.4,100.0,101.3,103.7,100.0,100.0,98.7,99.1,98.5,98.4,99.3,,93.9,93.4,108.9,,,94.4,102.8,102.3,102.5,103.2,99.7,102.2,104.2,105.8,105.8,91.4,71.5,91.2,,109.0,,,105.5,96.9,94.8,104.8,109.9,88.8,,,120.3,101.1,129.7,100.0,100.0,129.0,,106.9,326.8,,101.0,103.8,92.3,93.4,90.0,333.5,110.8,87.9,91.6,94.2,94.4,88.7,,89.0,105.1,80.3,94.1,,96.2,
199811,111.0,116.4,113.6,115.4,109.1,116.8,114.0,112.8,,120.9,,107.3,102.5,121.0,100.9,130.1,96.0,114.4,113.5,,117.5,,105.5,118.0,136.4,103.9,101.7,102.3,106.7,152.6,96.6,137.5,248.9,104.6,107.9,110.3,114.5,102.8,115.9,99.6,93.0,93.2,110.6,120.4,111.1,121.8,125.1,108.3,131.1,109.5,121.7,127.5,111.9,100.7,103.8,98.8,93.6,133.1,97.0,104.7,94.7,99.6,108.8,108.8,104.1,107.7,107.6,104.7,100.9,101.4,,108.9,104.1,143.5,,106.1,107.8,108.2,113.9,95.3,97.2,95.7,89.5,,100.2,109.5,110.3,113.2,115.9,102.7,120.9,104.9,106.8,101.8,,111.5,,,126.3,165.9,,122.9,137.1,139.9,111.7,118.5,167.9,96.9,137.9,88.4,91.4,70.8,97.7,,,102.4,99.9,100.1,100.0,99.8,102.2,100.0,100.0,98.7,99.1,98.5,98.4,99.4,,93.9,93.4,108.9,,,94.5,102.8,102.3,102.5,103.2,99.7,102.2,104.4,106.1,106.1,91.4,71.6,91.2,,108.7,,,105.5,96.9,94.8,104.9,109.8,88.8,,,120.3,101.1,129.9,100.0,100.0,129.0,,106.9,331.6,,101.0,103.8,92.3,93.4,90.0,333.5,110.8,87.9,91.6,94.2,94.4,88.7,,89.0,105.1,80.3,94.1,,96.2,
199812,110.5,115.4,113.0,114.8,108.0,115.9,113.0,112.8,,118.7,,106.8,102.5,119.9,101.1,127.5,96.0,113.4,113.5,,113.8,,105.5,118.0,134.3,103.9,101.0,100.1,106.7,151.8,96.6,137.0,248.9,104.6,107.4,109.9,113.9,102.5,115.8,99.6,93.0,93.2,109.8,119.9,111.9,121.8,125.4,108.3,128.8,109.5,121.4,127.0,111.9,100.5,103.6,98.4,93.4,133.1,96.9,105.1,94.7,99.0,108.7,108.7,103.9,107.6,107.4,104.6,100.8,101.6,,109.0,104.4,143.7,,106.1,107.7,108.1,113.9,95.2,97.2,95.6,89.5,,100.1,109.5,110.2,113.2,115.7,102.6,121.0,105.2,106.7,101.8,,111.5,,,125.5,165.0,,123.2,133.0,138.4,111.7,116.9,168.1,97.1,138.8,88.4,91.4,70.8,97.7,,,102.4,99.7,100.3,100.0,100.8,103.2,100.0,100.0,98.7,99.1,98.5,98.4,99.4,,94.3,90.5,108.9,,,94.5,102.8,102.3,102.5,103.2,99.7,102.2,104.4,106.0,106.0,91.4,71.7,91.2,,108.5,,,105.5,96.9,94.8,104.9,109.8,88.8,,,120.3,101.1,129.7,100.0,100.0,129.0,,106.9,328.9,,101.0,103.8,92.3,93.4,90.0,333.5,110.8,87.9,91.6,94.2,94.4,88.7,,89.0,105.1,80.3,94.1,,96.2,
199901,103.9,105.5,112.6,114.2,108.2,104.7,102.9,112.8,,102.9,,87.6,102.5,103.8,101.6,112.6,93.8,100.9,113.5,,87.6,,105.5,111.0,109.5,103.9,80.0,77.2,108.1,126.5,95.8,129.3,238.2,104.6,107.6,103.2,104.5,95.8,114.7,99.6,88.4,93.2,92.4,108.9,106.1,121.8,109.7,108.3,101.6,109.5,110.3,105.2,111.9,99.6,101.1,98.2,93.5,122.6,96.8,104.4,94.7,99.1,108.7,108.7,102.3,106.1,104.0,104.4,100.8,101.7,,106.7,104.6,132.6,,106.1,107.9,106.2,109.2,95.3,97.2,95.7,89.6,,100.1,109.4,110.1,112.8,115.9,102.4,121.0,105.0,106.7,101.7,,111.5,,,125.9,163.2,,122.1,136.0,137.3,112.2,116.4,169.6,97.2,138.5,88.4,91.4,70.8,97.7,,,102.5,100.3,100.4,100.0,101.3,103.7,100.0,100.0,98.7,99.1,98.5,98.4,99.4,,94.3,94.7,109.7,,,94.4,102.8,102.3,102.5,103.2,99.7,102.2,104.4,105.4,105.4,91.4,71.6,91.1,,108.5,,,105.5,96.9,94.9,104.8,109.8,88.8,,,120.3,101.1,129.7,100.0,100.0,129.0,,106.9,322.5,,101.0,103.8,92.3,93.4,90.0,333.5,110.8,87.9,91.6,94.2,94.4,88.7,,89.0,105.1,80.3,94.1,,96.2,
199902,101.4,101.6,113.0,114.3,109.2,100.2,98.9,112.8,,95.2,,83.9,102.5,97.7,102.1,105.0,94.9,95.7,113.5,,75.0,,105.5,113.2,104.5,103.9,69.3,62.3,108.1,106.8,96.0,126.6,236.7,104.6,107.9,100.7,101.2,92.9,114.9,99.6,87.8,93.2,83.3,104.9,106.8,121.8,104.9,108.3,90.0,109.5,109.2,103.3,111.9,99.2,100.2,98.2,93.5,119.1,96.7,104.5,94.6,99.0,108.7,108.7,102.1,105.4,103.9,104.4,100.6,102.0,,106.8,104.8,132.4,,106.1,107.8,106.5,110.3,95.2,97.1,95.6,89.9,,100.1,109.4,109.9,112.8,115.8,102.6,121.0,105.0,106.7,101.7,,111.5,,,125.7,163.9,,122.1,134.7,137.4,112.3,116.3,166.2,97.4,136.7,88.4,91.4,70.8,97.7,,,102.4,100.0,100.1,100.0,99.6,102.0,100.0,100.0,98.7,99.1,98.5,98.4,99.4,,94.3,93.4,109.7,,,94.3,102.8,102.3,102.5,103.2,99.7,102.2,104.4,105.0,105.0,91.2,71.3,91.1,,108.1,,,105.5,96.9,94.9,104.8,109.8,88.8,,,120.3,101.1,129.7,100.0,100.0,129.0,,106.9,316.5,,101.0,103.8,92.3,93.4,90.0,333.5,110.8,87.9,91.6,94.2,94.4,88.7,,89.0,105.1,80.3,94.1,,96.2,
199903,104.9,108.8,112.5,113.7,109.0,108.3,99.3,112.8,,93.3,,82.4,102.5,95.9,101.9,118.8,95.0,108.9,113.5,,105.4,,105.5,119.1,114.0,103.9,93.1,92.8,107.8,134.4,96.0,133.7,247.3,124.5,108.2,101.2,101.4,93.2,116.0,99.6,90.4,93.2,82.0,104.5,109.5,121.8,105.7,108.3,86.4,109.5,113.2,111.7,111.9,100.3,101.7,98.4,93.6,125.2,97.5,105.1,95.1,100.1,109.0,109.0,103.0,106.1,106.0,104.0,101.1,102.3,,107.5,104.9,140.1,,108.6,107.8,108.1,111.4,95.1,96.9,95.4,89.9,,100.0,109.3,110.0,112.7,115.6,102.6,121.0,105.0,106.8,101.7,,111.3,,,125.4,162.8,,121.5,134.3,137.0,112.5,116.0,165.4,97.3,137.3,88.4,91.4,70.8,97.7,,,102.4,100.2,100.6,100.0,102.1,104.5,100.0,100.0,98.8,99.2,98.6,98.6,99.4,,94.3,93.4,109.7,,,94.2,102.8,102.3,102.5,103.2,99.7,102.2,104.4,104.0,104.0,91.1,71.1,90.8,,108.3,,,105.5,96.9,94.9,104.8,108.3,88.8,,,120.3,101.1,129.7,100.0,100.0,129.0,,106.9,316.5,,101.0,103.8,92.3,93.4,90.0,333.5,110.8,87.9,91.6,94.2,94.4,88.7,,89.0,105.1,80.3,94.2,,96.3,
199904,108.7,112.0,113.1,114.1,110.1,112.0,108.7,119.1,,110.7,,98.1,112.0,97.8,102.2,118.8,94.5,108.6,113.5,,105.4,,105.5,114.4,113.0,116.5,93.1,92.8,106.7,134.4,95.9,139.2,250.4,122.0,108.1,109.2,112.9,102.3,117.1,99.6,91.4,105.4,101.5,117.5,109.5,121.8,117.1,120.4,115.8,118.9,125.0,118.3,129.7,100.7,102.3,98.3,93.6,127.5,98.0,104.9,96.0,100.9,108.7,108.7,103.6,106.4,106.8,104.8,101.5,103.0,,108.9,105.2,142.6,,109.2,107.9,108.6,112.9,95.1,96.9,95.4,90.1,,100.3,109.3,109.7,112.8,115.5,102.6,121.0,104.6,106.6,101.7,,111.3,,,125.5,162.6,,122.1,136.2,137.0,112.5,116.0,165.4,97.8,137.5,89.0,92.1,70.8,97.7,,,102.2,100.0,100.6,100.0,101.9,104.3,100.0,100.0,98.8,99.2,98.6,98.6,99.4,,93.8,92.3,109.7,,,94.1,102.8,102.3,102.5,103.2,99.7,102.2,104.4,103.7,103.7,90.8,70.6,90.7,,108.5,,,105.1,96.9,95.1,104.8,108.3,88.8,,,120.3,101.1,129.7,100.0,100.0,129.0,,106.9,316.5,,102.3,105.4,93.8,94.0,91.8,338.2,112.8,89.4,93.3,95.7,95.0,90.2,,89.3,106.5,80.3,94.5,,96.6,
199905,109.7,113.8,112.8,114.1,109.0,114.0,109.8,118.9,,110.7,,98.1,112.0,110.2,102.1,118.8,94.5,111.6,128.2,,105.4,,116.3,114.4,124.3,117.2,93.1,92.8,106.4,134.4,95.9,139.0,250.6,120.5,108.7,110.2,114.4,102.8,117.5,111.6,91.4,102.0,101.5,120.2,107.6,142.9,117.1,120.1,115.8,118.0,122.9,118.3,125.3,100.5,101.4,98.1,93.4,124.6,98.3,104.7,96.3,101.1,108.7,108.7,103.7,106.4,106.8,104.6,102.6,103.2,,108.9,105.2,142.2,,109.0,107.7,108.7,112.9,95.1,96.9,95.4,90.1,,100.4,109.2,109.6,112.8,115.2,102.6,121.0,104.3,106.6,101.7,,111.3,,,125.8,163.0,,122.8,137.2,136.9,112.5,115.9,165.6,97.9,137.5,89.0,92.1,70.8,97.5,,,102.2,100.0,100.5,100.0,101.8,104.2,100.0,100.0,99.0,99.4,98.6,98.6,99.4,,93.8,92.3,109.7,,,94.0,102.8,102.3,102.5,103.2,99.7,102.2,104.4,102.8,102.8,90.8,70.5,90.2,,108.0,,,105.0,96.9,94.1,104.8,108.3,88.8,,,120.3,101.1,129.7,100.0,100.0,129.0,,106.9,325.7,,102.3,105.5,94.0,94.1,91.8,338.2,112.8,89.4,93.3,95.7,95.0,90.2,,89.3,106.5,80.3,94.5,,96.6,
199906,109.5,113.5,113.1,114.1,109.8,113.7,109.6,118.2,,110.7,,98.1,111.5,110.2,102.1,118.8,94.5,111.2,126.6,,105.4,,110.4,114.4,124.3,116.7,93.1,92.8,106.6,134.4,95.9,138.1,251.5,117.0,107.7,109.9,113.7,102.2,117.5,109.3,91.4,100.2,101.5,119.6,109.6,142.2,117.1,117.3,115.8,115.2,121.8,118.3,122.9,101.1,102.0,97.8,92.8,127.7,99.0,104.9,95.8,103.0,108.6,108.6,103.8,106.4,106.9,104.2,102.6,103.4,,109.0,105.5,142.4,,108.7,107.6,109.9,112.6,95.0,96.7,95.3,90.1,,100.3,109.2,109.6,112.6,114.9,102.6,121.0,104.2,106.4,101.7,,111.3,,,125.8,161.1,,122.9,136.6,136.3,112.5,115.9,164.4,98.0,137.6,89.0,92.1,70.8,97.5,,,102.2,99.9,100.1,100.0,99.6,102.0,100.0,100.0,99.0,99.4,98.6,98.6,99.4,,93.8,92.3,109.7,,,94.1,102.8,102.3,102.5,103.2,99.7,102.2,104.4,102.7,102.7,91.0,71.2,89.7,,107.7,,,104.5,96.9,94.1,104.8,107.9,88.8,,,120.3,101.1,129.7,100.0,100.0,129.0,,106.9,328.4,,102.3,105.5,94.0,94.1,91.8,338.2,112.8,89.4,93.3,95.7,95.0,90.2,,89.3,106.5,80.3,94.5,,96.6,
199907,105.7,109.0,113.2,114.3,110.1,108.4,105.0,101.0,,110.7,,98.1,97.5,110.2,102.0,118.8,94.5,106.5,96.2,,105.4,,88.5,114.4,124.3,93.7,93.1,92.8,106.8,134.4,95.9,129.0,235.6,96.5,107.4,104.4,106.0,98.7,115.1,98.4,91.4,90.1,101.5,109.4,109.6,112.7,117.1,97.2,115.8,92.0,111.7,118.3,100.9,100.3,101.7,97.1,92.3,127.7,97.8,102.8,95.8,101.1,108.4,108.4,102.6,106.1,103.9,104.6,103.1,103.2,,107.1,105.2,131.7,,103.8,107.3,107.5,110.4,95.0,96.6,95.3,90.1,,98.8,109.3,109.9,112.8,114.7,102.6,121.1,104.3,106.2,101.7,,111.3,,,125.3,161.3,,121.9,136.9,136.1,112.2,116.1,162.5,98.1,138.8,86.7,89.1,70.8,97.6,,,102.5,100.3,100.6,100.0,102.1,104.5,100.0,100.0,99.0,99.4,98.6,98.6,99.4,,93.8,94.5,109.7,,,94.4,102.8,102.3,102.5,103.2,99.7,102.2,104.4,102.8,102.8,91.4,72.3,89.8,,107.1,,,104.2,96.8,93.8,104.8,107.9,88.8,,,120.3,101.1,129.7,100.0,100.0,129.0,,106.9,323.0,,102.3,105.5,94.0,94.1,91.8,338.2,112.8,89.4,93.3,95.7,95.0,90.2,,89.3,106.5,80.3,94.5,,96.6,
199908,103.6,106.4,113.9,114.9,111.0,105.4,103.4,95.1,,110.7,,98.1,91.5,110.2,102.2,118.8,94.5,102.7,80.0,,105.4,,75.2,114.4,124.3,77.9,93.1,92.8,106.5,134.4,95.9,125.0,232.3,84.6,107.7,101.5,101.7,96.2,114.5,90.6,91.4,81.9,101.5,104.1,109.6,100.1,117.1,84.0,115.8,79.1,106.1,118.3,88.7,100.5,102.0,97.6,92.9,127.7,97.9,102.9,95.9,101.5,108.4,108.4,102.0,105.4,102.9,104.5,103.3,103.1,,106.2,104.3,128.6,,101.4,107.1,106.8,109.6,95.0,96.6,95.3,90.1,,98.8,109.3,109.7,112.8,114.7,102.6,121.1,104.3,106.2,101.7,,111.3,,,124.7,160.2,,121.6,135.5,135.4,112.1,115.4,161.0,98.0,137.2,86.7,89.1,70.8,97.6,,,102.9,100.8,101.0,100.0,103.9,106.4,100.0,100.0,99.1,99.5,98.8,98.7,99.4,,93.8,96.8,109.7,,,94.7,102.8,102.3,102.5,103.2,99.7,102.2,104.4,102.8,102.8,91.8,73.3,89.7,,107.4,,,104.2,96.8,93.8,104.8,107.9,88.8,,,120.3,101.1,129.7,100.0,100.0,129.0,,106.9,321.4,,102.3,105.5,94.0,94.1,91.8,338.2,112.8,89.4,93.3,95.7,95.0,90.2,,89.3,106.5,80.3,94.5,,96.6,
199909,109.6,113.8,113.6,114.5,111.0,114.0,109.0,93.0,,121.1,,114.3,89.1,123.2,102.2,118.8,94.5,113.5,107.7,,117.9,,97.6,118.6,143.8,104.4,101.1,108.1,107.5,134.4,95.9,131.5,246.6,82.8,108.3,109.9,113.5,106.2,117.0,102.5,96.6,95.9,115.8,116.8,111.5,98.4,120.9,107.8,134.7,104.6,119.2,122.3,113.5,101.5,104.4,99.2,95.3,130.2,98.2,103.7,95.9,101.6,108.8,108.8,103.5,107.0,105.7,105.4,103.2,103.2,,108.0,104.7,142.9,,99.8,107.1,108.7,112.6,95.0,96.6,95.4,90.2,,98.7,109.3,109.9,112.8,114.6,102.6,121.1,104.6,106.2,101.7,,111.3,,,124.4,159.8,,120.5,135.8,135.4,111.3,114.0,162.3,97.9,137.3,86.7,89.1,70.8,97.6,,,102.8,99.9,100.1,100.0,99.8,102.2,100.0,100.0,99.1,99.5,98.8,98.7,99.4,,93.8,92.1,109.7,,,95.1,102.8,102.3,102.5,103.2,99.7,102.2,104.4,102.8,102.8,92.3,74.5,89.7,,107.4,,,104.2,96.9,93.9,104.8,107.9,88.8,,,120.3,101.1,129.7,100.0,100.0,129.0,,106.9,319.2,,102.3,105.5,94.0,94.1,91.8,338.2,112.8,89.4,93.3,95.7,95.0,90.2,,89.3,106.5,80.3,94.5,,96.6,
199910,110.7,115.6,113.6,114.6,110.6,116.0,112.4,107.5,,120.6,,111.2,102.3,121.1,102.0,118.8,94.5,113.6,107.7,,117.2,,97.6,116.5,139.3,104.4,102.8,113.0,107.3,134.4,95.9,139.0,251.1,106.9,109.9,110.9,114.4,104.2,117.4,102.5,96.9,95.9,109.3,119.3,111.5,119.3,122.0,107.8,132.1,104.6,121.2,124.4,113.5,102.9,105.3,100.3,96.5,129.6,100.2,104.9,97.1,104.7,109.0,109.0,103.6,106.9,105.8,105.7,103.6,102.9,,108.0,104.7,142.6,,105.8,107.1,108.2,112.5,95.0,96.6,95.3,90.3,,98.8,109.3,109.9,112.8,114.3,102.6,121.0,104.1,106.3,101.9,,111.3,,,124.5,158.5,,119.7,133.9,133.4,113.2,113.8,166.4,97.9,136.3,86.7,89.1,70.8,97.6,,,103.0,100.0,100.4,100.0,101.3,103.7,100.0,100.0,99.1,99.5,98.8,98.7,99.4,,93.8,92.1,109.7,,,95.3,102.8,102.3,102.5,103.2,99.7,102.2,104.4,102.8,102.8,92.6,75.5,89.7,,106.8,,,104.2,96.9,93.9,104.0,107.9,88.8,,,120.3,101.1,129.6,100.0,100.0,129.0,,106.8,313.3,,102.3,105.5,94.0,94.1,91.8,338.2,112.8,89.4,93.3,95.7,95.0,90.2,,89.3,106.5,80.3,94.5,,96.6,
199911,110.7,115.5,113.2,114.6,109.9,115.9,113.0,107.5,,121.3,,110.9,102.3,120.6,101.8,123.8,94.5,113.2,107.7,,115.7,,97.6,117.5,137.7,104.4,103.3,105.6,107.0,139.9,95.9,138.7,250.2,106.9,110.1,110.5,113.6,103.7,117.1,102.5,96.0,95.9,108.0,118.4,109.9,119.3,121.3,107.8,130.4,104.6,121.5,125.0,113.5,103.3,106.0,101.1,97.7,129.1,100.4,105.1,97.1,104.9,109.4,109.4,104.3,107.5,106.9,106.3,103.8,103.6,,108.2,104.8,142.6,,105.8,107.1,108.6,112.7,95.0,96.5,95.3,90.4,,98.7,109.3,109.6,112.8,114.2,102.5,120.9,104.0,106.1,101.8,,111.1,,,124.4,157.8,,120.1,132.7,133.4,113.1,113.0,166.9,98.1,136.0,86.7,89.1,70.8,97.6,,,103.1,99.9,100.1,100.0,99.8,102.2,100.0,100.0,99.1,99.5,98.8,98.7,99.4,,93.8,92.1,109.7,,,95.5,102.8,102.3,102.5,103.2,99.7,102.2,104.4,102.6,102.6,92.9,76.2,89.6,,106.6,,,104.1,96.9,94.0,103.9,107.9,88.8,,,120.3,101.1,129.6,100.0,100.0,129.0,,106.8,311.7,,102.3,105.5,94.0,94.1,91.8,338.2,112.8,89.4,93.3,95.7,95.0,90.2,,89.3,106.5,80.3,94.5,,96.6,
199912,110.2,114.6,113.0,114.5,109.3,114.8,111.6,107.5,,119.3,,108.8,102.3,119.0,102.0,120.1,94.5,112.2,107.7,,116.9,,97.6,117.5,135.2,104.4,102.5,100.9,107.1,138.9,95.9,138.4,251.1,106.9,110.6,110.3,113.2,103.1,116.9,102.5,96.0,95.9,106.4,118.1,109.4,119.3,122.0,107.8,129.2,104.6,121.5,125.2,113.5,103.3,106.0,101.2,98.1,128.0,100.4,105.2,97.1,104.8,109.6,109.6,104.0,107.1,106.4,105.9,104.4,103.8,,108.1,105.3,140.9,,105.8,106.9,108.9,112.4,95.0,96.4,95.4,90.5,,98.7,109.3,109.4,112.7,114.0,102.6,121.0,104.1,106.2,101.8,,111.3,,,124.0,157.4,,119.6,130.2,133.3,113.4,112.5,165.9,98.3,135.0,86.7,89.1,70.8,97.6,,,103.2,100.2,100.3,100.0,100.8,103.2,100.0,100.0,99.1,99.5,98.8,98.7,99.4,,94.3,93.5,109.7,,,95.6,102.7,101.9,102.5,103.2,99.7,102.2,104.4,102.1,102.1,93.1,76.7,89.5,,106.6,,,104.1,97.9,93.9,104.0,107.9,88.8,,,120.3,101.1,129.6,100.0,100.0,129.0,,106.8,305.7,,102.3,105.5,94.0,94.1,91.8,338.2,112.8,89.4,93.3,95.7,95.0,90.2,,89.3,106.5,80.3,94.5,,96.6,
200001,103.5,104.9,113.5,115.0,109.7,104.1,102.0,108.7,,102.5,,87.4,103.0,102.6,102.3,107.0,93.8,100.0,108.4,,87.5,,98.2,106.4,111.1,105.2,82.2,77.5,107.3,117.7,97.0,130.6,240.9,107.5,110.8,103.2,103.3,96.0,115.6,102.6,86.5,96.7,88.5,106.5,97.6,119.5,103.7,108.6,104.8,105.5,110.0,102.7,114.2,102.7,103.9,101.4,98.2,117.6,100.4,103.9,97.5,105.3,109.5,109.5,102.3,105.5,102.6,105.5,104.9,104.0,,106.0,105.1,131.4,80.9,106.2,106.7,107.6,110.0,95.0,96.4,95.4,90.5,89.5,98.7,109.4,109.2,112.7,113.2,102.5,121.0,104.0,106.1,102.1,127.7,111.3,,,124.1,156.7,,120.3,129.9,133.4,113.2,112.3,160.0,99.2,135.2,86.6,88.8,70.9,97.5,98.1,,103.1,99.5,100.4,100.0,101.3,103.7,100.0,100.0,99.1,99.5,98.8,98.7,99.4,,94.3,86.4,109.7,112.9,98.3,95.7,102.7,101.9,102.5,103.2,99.7,102.2,104.4,101.2,101.2,93.2,76.7,89.8,,107.1,,,104.3,98.0,94.4,103.4,107.9,88.8,121.3,,120.3,101.0,129.0,100.0,100.0,128.4,120.3,106.8,303.5,,102.4,105.5,93.9,94.1,91.7,338.5,112.6,89.4,93.3,95.6,95.4,90.1,,89.2,106.5,80.3,94.6,,96.7,
200002,101.3,101.4,113.3,114.7,110.0,100.2,98.8,108.7,,95.9,,82.9,103.0,95.8,102.6,100.2,93.9,95.7,108.4,,82.8,,98.2,101.8,106.9,105.2,71.3,68.0,107.6,102.1,97.3,128.3,240.0,107.5,110.0,100.6,99.8,94.1,115.9,102.6,87.4,96.7,80.7,102.1,96.4,119.5,102.8,108.6,92.3,105.5,107.7,98.0,114.2,101.9,102.9,101.4,98.3,113.4,99.8,104.3,96.6,104.6,109.8,109.8,102.4,105.3,103.2,105.5,104.8,103.8,,105.5,105.5,131.7,79.6,106.2,106.6,107.0,109.9,95.0,96.4,95.4,90.7,89.5,98.5,109.4,109.3,112.5,113.5,102.4,121.0,103.9,106.0,102.1,127.2,111.2,,,123.1,156.4,,119.8,128.1,132.5,112.7,111.7,155.0,99.2,131.2,86.6,88.8,70.9,97.5,98.1,,102.9,98.8,100.0,100.0,98.5,102.3,100.0,100.0,99.1,99.5,98.8,98.7,99.4,,94.3,80.2,109.7,112.9,98.3,95.7,102.7,101.9,102.5,103.2,99.7,102.2,104.4,100.2,100.2,93.2,76.7,89.7,,106.6,,,104.3,98.0,94.4,103.4,107.9,88.8,120.8,,120.3,101.0,128.8,100.0,100.0,128.4,120.2,106.8,304.6,,102.4,105.5,93.9,94.1,91.7,338.5,112.6,89.4,93.3,95.6,95.4,90.1,,89.2,106.5,80.3,94.6,,96.7,
200003,104.2,107.3,113.2,114.5,110.0,106.7,98.9,108.7,,93.1,,81.0,103.0,93.9,102.8,112.9,94.0,106.4,108.4,,106.4,,98.2,111.1,115.4,105.2,93.9,95.6,107.6,124.9,97.4,130.8,247.9,116.3,110.9,101.6,100.9,94.8,117.0,102.6,88.9,96.7,81.5,102.9,106.2,119.5,105.2,108.6,89.6,105.5,111.8,107.2,114.2,102.9,104.5,101.6,98.9,118.9,100.5,105.5,97.3,105.1,109.7,109.7,103.8,107.0,105.9,105.2,105.1,103.8,,106.2,105.6,138.3,80.2,108.3,106.5,108.4,111.4,95.0,96.5,95.4,90.7,89.5,98.4,109.3,109.2,112.5,113.2,102.3,120.9,104.0,106.0,102.1,127.4,110.9,,,122.6,155.8,,120.3,128.9,132.6,111.8,111.2,153.3,99.1,132.8,86.6,88.8,70.9,97.8,98.1,,103.2,100.2,100.6,100.0,103.0,104.5,100.0,100.0,99.1,99.5,98.8,98.7,99.4,,94.2,92.5,109.7,112.9,98.3,95.7,102.7,101.9,102.5,103.2,99.7,102.2,104.4,98.5,98.5,93.2,77.2,89.2,,104.8,,,103.7,98.1,94.6,103.1,107.9,88.8,120.8,,120.3,101.0,128.8,100.0,100.0,128.4,120.0,106.8,299.8,,102.5,105.5,93.9,94.1,91.7,338.5,112.6,89.4,93.3,95.6,95.4,90.1,,89.2,106.5,80.3,94.9,,97.0,
200004,108.0,110.6,113.2,114.7,109.6,110.4,108.0,117.9,,110.8,,99.5,108.7,94.1,101.8,112.9,93.9,106.6,108.4,,106.4,,98.2,108.9,116.7,115.3,93.9,95.6,106.6,124.9,97.2,137.4,247.4,113.7,111.0,108.9,111.6,101.5,116.7,102.6,93.0,101.4,98.9,116.0,104.8,119.5,114.1,120.0,116.0,117.1,122.2,115.1,127.1,102.4,103.9,101.9,99.1,115.8,99.9,103.8,96.6,105.0,109.7,109.7,103.6,106.9,105.7,104.9,104.8,103.8,,107.4,105.5,139.3,80.2,108.2,107.0,108.6,110.8,95.0,96.4,95.4,90.9,89.5,99.0,109.3,109.2,112.4,112.8,102.3,120.9,103.8,106.0,102.0,128.2,110.9,,,122.7,155.6,,119.9,128.9,132.2,112.0,110.7,154.2,99.1,133.1,87.6,89.4,74.4,97.7,97.7,,102.8,99.9,100.6,100.0,102.6,104.2,100.0,100.0,99.1,99.5,98.8,98.7,99.4,,93.9,90.1,109.7,112.9,98.4,95.8,102.7,101.9,102.5,103.2,99.7,102.2,104.4,97.9,97.9,93.5,77.8,89.4,,104.8,,,103.4,98.1,94.6,103.0,107.6,90.9,121.0,,120.3,101.0,126.3,100.0,100.0,124.4,120.0,106.8,298.1,,103.4,106.9,94.6,94.5,92.9,344.0,114.4,90.9,94.8,96.4,96.0,91.1,,89.6,107.8,80.3,94.8,,96.9,
200005,109.0,112.7,113.1,114.4,109.7,112.7,108.9,116.8,,110.8,,99.5,109.3,109.1,101.7,112.9,93.9,110.1,124.0,,106.4,,121.1,107.0,125.9,114.2,93.9,95.6,105.7,124.9,97.2,137.0,247.0,112.9,111.1,109.6,112.8,102.4,117.3,109.1,93.0,101.8,98.9,117.7,103.2,140.6,114.1,119.7,116.0,114.9,121.1,115.1,124.6,102.2,103.6,102.0,99.4,114.9,99.7,103.8,96.6,104.7,110.0,110.0,103.6,106.8,105.7,103.9,104.9,103.7,,107.4,105.7,139.0,80.2,107.9,107.1,108.6,110.8,95.0,96.5,95.4,91.1,89.2,98.9,109.2,109.1,112.3,112.6,102.2,120.9,103.9,105.9,101.8,128.1,110.9,,,122.3,154.6,,120.1,129.8,130.9,111.6,110.2,152.2,99.5,132.1,87.6,89.4,74.4,97.7,97.7,,102.9,100.2,100.5,100.0,102.2,104.0,100.0,100.0,99.1,99.5,98.8,98.7,99.4,,93.9,93.3,109.7,112.9,98.4,95.8,102.7,101.9,102.5,103.3,99.7,102.2,104.4,97.4,97.4,93.6,78.0,89.2,,104.8,,,103.4,98.1,94.6,103.2,107.6,90.9,121.4,,120.3,101.0,126.3,100.0,100.0,124.5,120.0,106.8,294.1,,103.5,106.9,94.7,95.3,92.9,344.0,114.4,90.9,94.8,96.4,96.0,91.1,,89.6,107.8,80.3,94.8,,96.9,
200006,108.8,112.3,113.1,114.5,109.5,112.1,108.6,115.4,,110.8,,99.5,108.8,109.1,101.3,112.9,93.9,109.6,122.2,,106.4,,116.2,107.0,125.9,112.1,93.9,95.6,105.7,124.9,97.2,136.0,245.0,110.9,110.7,109.5,112.5,102.4,117.3,108.5,93.0,102.2,98.9,117.1,105.7,140.0,114.1,117.4,116.0,110.0,121.0,115.1,124.3,102.8,105.1,101.8,99.1,122.0,99.8,104.0,96.7,104.7,110.0,110.0,103.3,106.4,105.3,104.0,104.9,103.7,,107.3,106.1,139.0,80.2,107.8,107.1,108.7,108.6,95.0,96.4,95.4,91.1,89.2,98.8,109.2,109.0,112.5,112.5,102.2,120.9,104.0,105.9,101.8,129.2,110.7,,,121.8,153.3,,120.1,128.0,130.8,111.4,108.8,150.6,99.5,132.4,87.6,89.4,74.4,97.7,97.7,,102.8,100.1,100.0,100.0,98.5,102.3,100.0,100.0,99.1,99.5,98.8,98.7,99.4,,93.9,93.9,109.7,112.9,98.4,95.9,102.7,101.9,102.5,103.3,100.0,102.2,104.4,97.0,97.0,93.7,78.5,89.2,,104.7,,,103.4,98.1,94.3,103.2,107.6,90.9,120.8,,120.3,101.0,125.7,100.0,100.0,124.5,117.9,106.8,289.8,,103.5,106.9,94.7,95.3,92.9,344.0,114.4,90.9,94.8,96.4,96.0,91.1,,89.6,107.8,80.3,94.8,,96.9,
200007,104.9,107.6,112.8,114.1,109.4,107.1,103.4,98.0,,110.8,,99.5,95.1,109.1,101.1,112.9,93.9,105.2,95.6,,106.4,,100.8,107.0,125.9,92.2,93.9,95.6,103.4,124.9,97.2,126.9,229.2,91.7,109.1,104.2,105.0,98.0,115.2,98.0,93.0,90.8,98.9,108.4,105.7,115.0,114.1,98.0,116.0,89.3,109.0,115.1,97.4,102.5,104.9,101.6,98.8,122.0,99.5,102.8,96.7,104.3,109.8,109.8,102.2,105.3,103.0,104.4,104.9,103.5,,105.3,106.2,127.5,80.2,102.4,106.4,106.5,106.7,95.0,96.6,95.5,91.1,88.7,98.9,109.2,109.1,112.5,112.4,102.2,120.9,103.9,105.8,101.8,129.1,110.5,,,121.9,152.9,,120.6,128.4,130.1,111.6,107.9,152.5,99.5,132.7,87.6,89.4,74.4,97.7,97.7,,103.0,100.5,100.6,100.0,102.7,104.5,100.0,100.0,99.1,99.5,98.8,98.7,99.4,,93.9,96.4,109.7,112.9,98.4,96.1,102.7,101.9,102.5,103.3,100.0,102.2,104.4,96.8,96.8,93.9,79.0,89.1,,104.5,,,103.4,98.1,92.7,103.2,107.4,90.9,123.9,,120.3,101.0,125.4,100.0,100.0,124.5,117.3,106.8,285.0,,103.5,106.9,94.7,95.3,92.9,344.0,114.4,90.9,94.8,96.4,96.0,91.1,,89.6,107.8,80.3,94.8,,96.9,
200008,102.4,104.4,112.6,114.3,108.5,103.7,101.2,90.8,,110.8,,99.5,88.5,109.1,100.8,112.9,93.9,101.3,78.5,,106.4,,83.6,107.0,125.9,74.6,93.9,95.6,103.8,124.9,97.2,122.1,223.6,79.4,109.2,101.0,100.4,94.4,113.7,90.0,93.0,81.3,98.9,103.3,105.7,100.4,114.1,87.2,116.0,75.0,103.6,115.1,85.4,102.5,105.0,101.5,98.9,122.0,99.5,103.0,96.8,104.3,109.5,109.5,101.2,104.4,101.1,103.7,104.7,103.4,,104.5,105.7,125.6,80.2,100.2,106.1,105.9,105.7,95.0,96.5,95.5,91.2,88.7,98.8,109.1,108.9,112.5,112.4,102.3,120.6,103.7,105.8,101.8,128.3,110.4,,,121.6,152.6,,119.3,129.5,130.5,111.4,107.7,152.4,99.4,132.5,87.6,89.4,74.4,97.7,97.7,,103.4,102.3,101.0,100.0,105.9,106.0,100.0,100.0,99.1,99.5,98.8,98.7,99.4,,93.9,112.6,109.7,112.9,98.4,96.1,102.7,101.9,102.5,103.3,100.0,102.2,104.2,96.4,96.4,94.0,79.2,89.2,,104.1,,,103.2,98.1,92.7,103.2,107.4,90.9,126.0,,120.3,101.0,125.4,100.0,100.0,124.5,117.3,106.8,280.1,,103.5,106.9,94.7,95.3,92.9,344.0,114.4,90.9,94.8,96.4,96.0,91.1,,89.6,107.8,80.3,94.8,,96.9,
200009,107.4,109.8,111.7,112.8,108.9,109.6,104.3,87.3,,117.9,,113.4,84.9,119.3,101.6,112.9,93.9,109.1,105.0,,112.2,,105.5,116.3,136.6,101.6,93.9,103.0,103.8,124.9,97.2,127.2,238.1,76.7,109.4,109.0,111.5,103.7,116.6,101.3,97.9,95.5,110.1,115.4,108.4,96.5,119.1,108.5,130.2,101.3,115.4,115.2,111.8,103.0,106.1,101.9,99.3,123.8,99.8,103.8,97.1,104.0,109.5,109.5,102.6,106.0,103.7,104.4,105.0,103.9,,106.2,105.7,136.8,81.7,98.1,106.5,107.2,110.8,95.0,96.6,95.4,91.3,88.7,98.7,108.9,108.7,112.3,112.3,102.3,120.5,103.6,106.0,101.8,123.8,110.4,,,121.3,151.5,,119.7,128.5,130.2,111.1,107.6,151.5,99.5,131.6,87.6,89.4,74.4,97.7,97.7,,102.9,100.2,100.1,100.0,98.7,102.4,100.0,100.0,99.1,99.5,98.8,98.7,99.4,,93.9,94.7,109.7,112.9,98.4,96.1,102.7,101.9,102.5,103.3,100.0,102.2,104.2,95.8,95.8,94.0,79.4,89.2,,103.9,,,103.2,98.2,92.7,103.2,107.4,90.9,120.8,,120.3,101.0,125.3,100.0,100.0,124.5,117.3,106.8,275.0,,103.5,106.9,94.7,95.3,92.9,344.0,114.4,90.9,94.8,96.4,96.0,91.1,,89.6,107.8,80.3,94.8,,96.9,
200010,108.6,112.3,111.9,113.1,108.9,112.3,109.1,104.4,,117.7,,112.0,99.3,118.7,101.6,112.9,93.9,109.8,105.0,,111.3,,105.5,112.9,136.6,101.6,102.2,104.7,103.2,124.9,97.2,134.8,242.6,100.2,109.9,109.1,111.6,102.6,116.3,101.3,97.8,95.5,105.8,116.2,107.0,118.5,117.8,108.5,126.6,101.3,116.6,117.4,111.8,103.0,106.2,102.0,99.6,123.8,99.6,104.3,96.9,103.3,109.8,109.8,102.6,105.9,103.6,104.3,104.8,104.4,,108.3,105.6,137.6,92.5,104.8,106.6,108.2,110.8,94.9,96.5,95.2,91.3,88.7,98.7,108.8,108.7,112.2,112.0,102.4,120.5,103.6,106.1,101.8,123.5,110.2,,,121.4,151.5,,120.4,129.8,130.4,111.1,106.8,151.5,99.6,131.8,87.6,89.4,74.4,97.7,97.7,,103.0,100.2,100.4,100.0,101.4,103.6,100.0,100.0,99.1,99.5,98.8,98.7,99.4,,93.9,94.0,109.7,112.9,98.4,96.8,102.5,101.8,102.3,103.3,100.0,102.2,104.2,95.9,95.9,94.9,81.4,89.1,,103.9,,,103.2,98.2,92.7,103.2,107.4,90.9,120.8,,120.3,101.5,123.6,100.0,100.0,121.8,117.2,106.8,271.3,,103.5,106.9,94.7,95.3,92.9,344.0,114.4,90.9,94.8,96.4,96.0,91.1,,89.6,107.8,80.3,94.8,,96.9,
200011,108.7,112.7,111.7,112.8,108.8,112.9,109.4,104.4,,116.4,,112.3,99.3,117.9,101.6,119.5,93.9,110.5,105.0,,109.3,,105.5,114.6,134.9,101.6,100.6,98.9,103.8,140.1,97.2,134.7,242.6,100.2,109.7,108.8,111.1,101.9,116.0,101.3,96.2,95.5,104.5,115.5,106.3,118.5,118.3,108.5,124.7,101.3,116.9,118.4,111.8,103.3,106.9,102.2,99.9,125.6,99.7,104.7,97.2,103.1,110.0,110.0,102.5,106.0,103.2,104.6,104.9,104.3,,108.6,105.9,137.6,94.6,104.8,106.8,108.0,111.0,95.0,96.5,95.5,91.4,88.3,98.6,108.8,108.6,112.2,111.6,102.3,120.5,103.6,106.1,101.8,123.5,110.1,,,121.2,150.6,,120.0,128.8,130.2,111.2,106.5,151.0,99.6,131.9,87.6,89.4,74.4,97.7,97.7,,103.0,100.0,100.1,100.0,98.7,102.4,100.0,100.0,99.1,99.5,98.8,98.7,99.4,,93.9,92.5,109.7,112.9,98.6,96.9,102.5,101.8,102.3,103.3,100.0,102.2,104.2,95.7,95.7,95.1,81.8,89.0,,105.0,,,103.2,98.2,92.6,103.2,107.4,90.9,120.8,,120.3,101.5,123.6,100.0,100.0,121.8,117.2,106.8,264.4,,103.5,106.9,94.7,95.3,92.9,344.0,114.4,90.9,94.8,96.4,96.0,91.1,,89.6,107.8,80.3,94.8,,96.9,
200012,108.2,112.0,111.5,112.6,108.6,112.0,108.6,104.4,,114.8,,111.0,99.3,116.1,101.5,118.2,93.9,109.8,105.0,,107.4,,105.5,114.6,131.4,101.6,98.8,97.8,103.5,140.9,97.2,133.9,241.7,100.2,109.7,108.1,110.3,101.1,116.1,101.3,94.5,95.5,102.7,114.8,105.9,118.5,116.9,108.5,123.0,101.3,115.5,115.5,111.8,103.1,106.9,102.2,99.7,125.8,99.4,104.3,96.7,103.2,110.0,110.0,102.4,106.1,102.9,104.5,105.0,104.4,,108.4,105.9,137.0,94.1,104.8,107.4,108.2,110.4,94.9,96.7,95.3,91.4,88.3,98.5,108.7,108.5,112.1,111.4,102.3,120.5,103.6,106.2,101.8,122.6,110.1,,,120.4,148.4,,119.8,126.7,130.0,111.0,105.3,150.3,99.6,130.0,87.6,89.4,74.4,97.7,97.7,,103.0,100.5,100.3,100.0,100.6,103.3,100.0,100.0,99.1,99.5,98.8,98.7,99.4,,94.1,96.6,109.7,112.9,98.6,97.0,102.5,101.7,102.3,103.3,100.0,102.2,104.2,95.6,95.6,95.2,82.0,89.0,,104.5,,,103.2,98.2,93.4,103.2,107.4,90.9,121.1,,120.3,101.5,123.1,100.0,100.0,121.8,115.9,106.8,257.6,,103.5,106.9,94.7,95.3,92.9,344.0,114.4,90.9,94.8,96.4,96.0,91.1,,89.6,107.8,80.3,94.8,,96.9,
200101,101.8,102.0,110.4,111.6,107.6,101.2,98.8,104.4,,96.4,,88.6,99.3,99.8,101.3,102.2,96.0,97.9,105.0,,84.2,,105.5,102.0,105.0,101.6,79.2,77.7,103.3,119.6,96.8,125.0,231.8,100.2,109.4,101.7,101.4,94.4,114.5,101.3,86.0,95.5,85.4,104.7,97.4,118.5,102.9,108.5,101.5,101.3,106.0,96.8,111.8,102.0,104.0,101.8,99.4,114.8,99.4,104.2,96.6,103.2,109.3,109.3,101.3,105.1,100.8,103.9,105.0,104.4,,106.3,105.9,129.0,93.8,104.8,107.2,106.4,107.0,95.0,96.7,95.3,91.4,88.3,99.7,108.7,108.5,112.2,110.9,102.2,120.5,103.5,106.3,101.7,122.1,110.1,,,120.3,148.4,,118.8,126.2,129.4,111.0,105.0,150.1,99.6,129.8,89.7,92.0,74.4,97.7,97.7,,102.8,100.4,100.4,100.0,101.3,103.7,100.0,100.0,99.1,99.5,98.8,98.7,99.4,,94.3,94.8,109.7,112.9,98.6,96.9,102.3,101.7,102.3,103.3,100.0,102.2,101.9,95.6,95.6,95.2,81.9,89.0,,104.8,,,103.2,97.6,93.4,103.2,107.4,90.9,121.3,,120.3,101.5,122.2,100.0,100.0,120.3,115.9,106.8,255.0,,103.5,106.9,94.7,95.3,92.9,344.0,114.4,90.9,94.8,96.4,96.0,91.1,,90.4,107.8,81.5,94.8,,96.9,
200102,99.4,98.1,109.9,111.2,106.9,96.9,96.2,104.4,,91.5,,85.7,99.3,93.4,101.2,95.8,95.7,92.6,105.0,,73.0,,105.5,99.7,100.2,101.6,66.6,66.0,103.2,100.5,96.9,122.4,229.9,100.2,109.2,99.0,97.8,92.5,114.6,101.3,84.7,95.5,79.4,99.8,98.1,118.5,101.5,108.5,87.1,101.3,104.2,93.1,111.8,101.6,102.6,101.9,99.7,108.1,99.2,104.1,96.7,102.7,110.0,110.0,101.5,105.2,101.4,103.8,104.9,104.2,,106.0,105.9,130.7,93.6,104.8,107.1,106.2,107.2,94.9,96.7,95.3,91.3,88.3,99.6,108.5,108.5,112.1,111.0,102.3,120.4,103.4,106.3,101.8,120.6,110.1,,,120.2,148.1,,118.1,126.8,128.8,111.0,105.1,150.4,99.6,128.7,89.7,92.0,74.4,97.7,97.7,,102.6,100.1,100.0,100.0,98.5,102.3,100.0,100.0,99.1,99.5,98.8,98.7,99.4,,94.2,93.3,109.7,112.9,98.6,96.8,102.3,101.7,102.3,103.3,99.9,102.2,101.9,95.3,95.3,95.0,81.4,89.2,,104.7,,,103.2,97.6,93.3,103.2,107.2,90.9,120.8,,120.3,101.5,121.9,100.0,100.0,120.3,115.5,106.8,248.2,,103.5,106.9,94.7,95.3,92.9,344.0,114.4,90.9,94.8,96.4,96.0,91.1,,90.4,107.8,81.5,94.8,,96.9,
200103,101.5,103.3,109.6,110.8,106.3,102.7,96.3,104.4,,88.9,,83.7,99.3,90.3,101.0,108.9,95.6,101.9,105.0,,99.6,,105.5,99.8,101.4,101.6,90.2,91.3,103.8,125.2,97.0,125.0,234.0,111.3,108.7,98.3,96.6,92.1,114.8,101.3,86.4,95.5,76.4,97.8,99.0,118.5,99.4,108.5,81.6,101.3,105.2,95.6,111.8,102.0,103.7,101.8,99.3,113.5,99.4,103.9,97.2,102.6,109.9,109.9,102.2,105.4,103.1,103.3,104.9,104.0,,106.6,106.1,136.8,91.7,107.3,107.1,107.0,108.6,94.9,96.7,95.2,91.5,88.3,99.6,108.3,108.4,112.2,110.9,102.3,120.4,103.4,106.3,101.5,120.1,109.6,,,119.8,147.7,,118.3,127.7,128.8,110.7,104.2,149.0,99.5,128.0,89.7,92.0,74.4,97.7,97.7,,102.2,101.0,100.6,100.0,103.0,104.5,100.0,100.0,99.1,99.5,98.8,98.7,99.4,,94.2,101.1,109.7,112.9,98.6,96.6,102.3,101.7,102.3,103.3,99.9,102.2,101.9,95.3,95.3,94.8,81.0,89.2,,105.1,,,103.2,97.6,93.4,103.4,107.2,90.9,120.8,,120.3,101.5,119.5,100.0,100.0,116.4,115.5,106.8,246.7,,103.5,106.9,94.7,95.3,92.9,344.0,114.4,90.9,94.8,96.4,96.0,91.1,,90.4,107.8,81.5,94.9,,97.0,
200104,105.3,106.6,109.4,110.7,106.0,106.4,105.6,115.0,,106.2,,101.0,106.5,89.3,101.3,108.9,95.8,101.9,105.0,,99.6,,105.5,97.4,99.9,111.3,90.2,91.3,104.0,125.2,96.9,131.9,232.0,110.3,108.5,106.3,108.1,100.3,114.8,101.3,91.9,103.5,94.9,111.6,97.6,118.5,110.8,116.1,110.6,115.5,115.6,107.4,121.3,101.9,104.0,102.0,99.6,113.8,99.1,103.4,96.8,102.7,109.5,109.5,101.8,105.2,102.4,103.9,105.0,103.9,,107.7,106.3,137.8,91.7,106.8,106.4,107.9,108.8,94.9,96.6,95.2,91.5,87.9,99.6,108.3,108.3,111.9,110.9,102.2,120.4,103.3,106.2,101.6,119.7,109.5,,,119.8,145.8,,118.1,128.8,127.9,110.7,104.1,150.3,99.8,132.8,89.7,92.0,74.9,97.7,97.9,,102.2,99.9,100.6,100.0,102.6,104.2,100.0,100.0,99.2,99.6,98.9,98.8,99.4,,93.9,90.1,109.7,112.9,98.6,96.9,102.3,101.7,102.3,103.3,99.9,102.2,101.9,95.2,95.2,95.2,80.6,89.5,,105.0,,,103.0,97.6,92.1,103.0,107.1,90.9,121.0,,120.3,104.0,119.5,100.0,100.0,116.4,115.5,106.8,247.9,,104.5,108.1,94.9,96.3,93.8,349.2,115.8,92.1,95.9,96.9,97.0,92.1,,91.0,109.6,81.5,95.5,,97.6,
200105,106.7,109.3,109.3,110.6,106.0,109.3,106.7,114.8,,106.2,,101.0,106.2,105.6,101.3,108.9,95.8,106.5,120.1,,99.6,,122.2,99.7,118.2,110.9,90.2,91.3,104.0,125.2,96.9,131.2,231.1,109.4,108.1,107.1,109.4,101.0,115.3,107.6,91.9,103.2,94.9,113.6,96.2,136.8,110.8,117.3,110.6,115.2,114.1,107.4,118.1,101.7,103.1,102.1,99.5,110.5,99.2,103.2,97.0,102.7,109.5,109.5,101.8,105.2,102.4,104.0,105.1,103.9,,107.9,106.7,137.9,91.7,107.0,106.4,108.9,108.4,94.9,96.6,95.2,91.5,87.9,99.5,108.2,108.2,111.6,110.2,102.2,120.3,103.3,106.1,101.5,120.6,109.8,,,119.5,146.4,,117.5,127.3,128.0,110.2,104.1,148.7,99.5,134.0,89.7,92.0,74.9,97.7,97.9,,101.7,100.0,100.5,100.0,102.2,104.0,100.0,100.0,99.2,99.6,98.9,98.8,99.4,,93.9,91.5,109.7,112.9,98.6,96.7,102.1,101.7,101.6,103.3,99.9,101.9,101.9,95.2,95.2,95.0,79.9,89.5,,104.4,,,103.2,97.6,91.3,103.1,107.1,90.9,121.4,,120.3,104.0,117.6,100.0,100.0,113.4,115.5,106.8,247.6,,104.5,108.2,95.5,96.5,93.8,349.2,115.8,92.1,95.9,96.9,97.0,92.1,,91.0,109.6,81.5,95.5,,97.6,
200106,106.4,108.8,109.2,110.4,105.8,108.8,106.4,113.3,,106.2,,101.0,105.4,105.6,101.3,108.9,95.8,106.0,118.0,,99.6,,118.7,99.7,118.2,108.9,90.2,91.3,103.6,125.2,96.9,130.2,228.7,107.5,107.8,107.0,109.1,100.5,115.5,106.9,91.9,101.7,94.9,113.3,101.8,136.4,110.8,113.7,110.6,111.5,113.4,107.4,116.4,102.1,105.0,102.2,99.8,117.7,99.0,102.6,96.7,102.9,109.5,109.5,101.8,105.2,102.2,104.0,105.2,103.9,,107.7,106.8,135.7,91.7,106.7,106.7,108.9,106.3,94.9,96.6,95.2,91.5,87.9,99.5,108.2,108.1,111.7,110.1,102.2,120.3,103.0,106.1,101.6,121.0,109.8,,,119.2,144.1,,117.3,127.3,128.5,110.2,104.6,148.6,99.7,133.7,89.7,92.0,74.9,97.7,97.9,,101.8,99.9,100.0,100.0,98.5,102.3,100.0,100.0,99.2,99.6,98.9,98.8,99.4,,93.9,91.7,109.7,112.9,98.6,97.0,102.0,101.3,101.6,103.3,99.3,101.9,101.9,95.3,95.3,95.3,79.6,89.5,,103.9,,,103.1,97.6,91.3,103.1,107.1,90.9,120.8,,120.3,106.3,117.0,100.0,100.0,113.4,113.3,106.8,244.2,,104.5,108.2,95.5,96.4,93.8,349.2,115.8,92.1,95.9,96.9,97.0,92.1,,91.0,109.6,81.5,95.5,,97.6,
200107,102.6,104.5,108.6,110.2,104.6,104.1,101.6,97.7,,106.2,,101.0,92.4,105.6,100.2,108.9,95.8,102.1,93.5,,99.6,,103.7,99.7,118.2,87.8,90.2,91.3,103.0,125.2,96.9,121.8,210.9,90.5,107.2,101.6,101.2,95.3,111.5,94.1,91.9,89.5,94.9,104.2,101.8,113.4,110.8,92.6,110.6,87.7,103.8,107.4,95.1,101.9,104.8,101.8,99.3,117.7,98.8,102.6,96.3,102.9,109.4,109.4,100.8,104.1,100.2,104.0,105.4,103.5,,106.0,106.8,125.6,91.7,102.5,106.4,107.3,105.5,95.0,96.6,95.4,91.5,87.9,99.4,108.2,108.0,111.6,110.1,102.2,120.3,102.9,106.1,101.5,120.7,109.8,,,118.8,142.5,,117.7,126.9,128.0,110.1,103.9,147.2,99.6,133.9,89.7,92.0,74.9,97.7,97.9,,101.9,100.8,100.6,100.0,102.7,104.5,100.0,100.0,99.2,99.6,98.9,98.8,99.4,,93.9,98.5,109.7,112.9,98.6,97.0,102.0,101.3,101.6,103.3,99.3,101.9,101.9,94.8,94.8,95.3,79.6,89.4,,104.0,,,102.7,97.4,91.2,103.0,107.0,90.9,123.9,,120.3,106.3,117.0,100.0,100.0,113.4,113.3,106.6,240.5,,104.5,108.2,95.5,96.4,93.8,349.2,115.8,92.1,95.9,96.9,97.0,92.1,,91.0,109.6,81.5,95.5,,97.6,
200108,99.9,100.8,108.9,110.3,105.3,100.1,99.0,89.1,,106.2,,101.0,85.5,105.6,99.1,108.9,95.8,97.7,74.8,,99.6,,83.7,99.7,118.2,71.4,90.2,91.3,102.5,125.2,96.9,115.4,197.4,77.9,106.6,97.7,95.7,91.3,110.6,82.8,91.9,79.2,94.9,98.3,101.8,99.8,110.8,78.0,110.6,71.9,96.0,107.4,77.4,102.0,104.8,101.6,99.4,117.7,98.9,102.4,96.7,102.8,109.7,109.7,100.5,103.7,99.7,104.0,105.4,103.1,,105.3,106.5,123.9,91.7,99.2,106.4,105.1,104.7,94.9,96.6,95.3,91.6,87.8,99.4,108.1,107.9,111.5,110.1,102.2,120.2,102.9,106.0,101.5,120.1,109.8,,,118.7,140.9,,118.3,129.9,127.7,110.3,103.9,145.2,99.6,132.5,89.7,92.0,74.9,97.7,97.9,,102.3,102.7,101.0,100.0,105.9,106.0,100.0,100.0,99.2,99.6,98.9,98.8,99.4,,93.9,115.9,109.7,112.9,98.6,97.0,102.0,101.3,101.6,103.3,99.3,101.9,101.9,94.8,94.8,95.3,79.5,89.4,,104.1,,,102.7,97.4,91.2,102.9,107.2,90.9,126.0,,120.3,106.3,116.9,100.0,100.0,113.4,113.3,106.6,234.8,,104.5,108.2,95.5,96.4,93.8,349.2,115.8,92.1,95.9,96.9,97.0,92.1,,91.0,109.6,81.5,95.5,,97.6,
200109,105.6,107.7,108.0,109.5,104.4,107.7,101.8,86.2,,113.1,,112.2,82.2,116.7,99.3,108.9,95.8,108.5,101.6,,108.0,,107.1,114.9,133.2,98.0,102.8,103.8,102.7,125.2,96.9,118.5,205.8,73.4,108.0,106.5,108.2,101.6,113.8,97.9,95.7,95.4,106.5,111.9,104.7,96.4,121.7,103.5,124.0,100.4,109.4,109.3,105.7,102.0,105.1,101.4,99.7,118.2,98.7,102.2,96.3,102.8,109.7,109.7,101.9,105.9,102.1,105.8,105.0,103.8,,106.5,106.4,130.9,92.7,96.8,106.4,108.5,105.6,95.0,96.6,95.4,91.5,87.8,99.3,108.1,107.9,111.4,110.1,102.1,120.0,102.9,105.9,101.5,119.8,109.8,,,118.7,140.3,,118.0,130.6,127.9,110.4,104.1,145.2,99.5,132.0,89.7,92.0,74.9,97.7,97.9,,101.7,100.2,100.1,100.0,98.7,102.4,100.0,100.0,99.2,99.6,98.9,98.8,99.4,,93.9,94.2,109.7,112.9,98.6,96.9,102.0,101.3,101.6,103.3,99.3,101.9,101.9,94.8,94.8,95.3,79.3,89.4,,105.3,,,102.7,97.3,91.2,102.9,107.2,90.9,120.8,,120.3,106.3,116.9,100.0,100.0,113.4,113.3,106.6,233.3,,104.5,108.2,95.5,96.4,93.8,349.2,115.8,92.1,95.9,96.9,97.0,92.1,,91.0,109.6,81.5,95.5,,97.6,
200110,106.4,108.9,107.8,109.5,103.5,109.1,106.2,102.7,,112.2,,110.9,96.4,113.3,99.9,108.9,95.8,107.1,101.6,,104.9,,107.1,110.9,125.4,98.0,100.6,103.7,103.9,125.2,96.9,126.6,209.0,97.2,108.9,106.6,108.4,100.6,113.2,97.9,95.3,95.4,103.6,112.6,103.6,116.6,117.5,103.5,121.4,100.4,109.8,109.2,105.7,102.2,105.0,101.3,99.7,118.9,99.1,101.8,97.6,102.3,109.9,109.9,102.1,106.0,102.5,106.0,105.0,104.2,,108.1,106.9,133.2,97.0,103.8,106.2,108.7,105.4,94.9,96.5,95.2,91.5,88.2,99.2,108.0,107.9,111.3,109.9,102.0,120.2,102.9,106.1,101.5,119.1,109.6,,,118.4,140.2,,117.5,125.7,128.4,110.1,104.0,144.7,99.6,131.8,89.7,92.0,74.9,97.7,97.9,,101.9,99.9,100.4,100.0,101.3,103.6,100.0,100.0,99.2,99.6,98.9,98.8,99.4,,93.9,90.9,109.7,112.9,98.6,97.3,102.0,101.3,101.6,103.3,99.3,101.9,101.9,94.9,94.9,95.8,79.1,89.5,,105.7,,,102.7,97.3,91.1,102.9,107.2,90.9,120.8,,120.3,108.4,116.9,100.0,100.0,113.4,113.3,106.8,231.6,,104.5,108.2,95.5,96.4,93.8,349.2,115.8,92.1,95.9,96.9,97.0,92.1,,91.0,109.6,81.5,95.5,,97.6,
200111,106.4,109.5,108.0,109.8,103.7,109.7,106.6,102.7,,112.2,,110.8,96.4,112.5,99.6,113.4,95.8,108.1,101.6,,106.8,,107.1,112.8,123.8,98.0,99.2,102.6,103.5,137.0,96.9,126.4,209.9,97.2,108.8,105.9,107.5,99.6,113.0,97.9,94.8,95.4,100.4,111.5,102.0,116.6,116.5,103.5,119.3,100.4,109.9,109.3,105.7,102.1,105.1,101.4,99.9,119.0,98.8,100.6,97.4,102.6,109.8,109.8,101.9,105.5,102.2,106.2,105.1,103.9,,107.9,106.5,132.5,98.2,103.8,106.3,108.2,104.9,95.0,96.6,95.4,91.4,88.1,99.1,107.9,107.4,111.3,108.9,102.0,120.0,102.8,105.9,101.5,118.7,109.6,,,117.7,139.4,,116.9,123.3,128.8,109.9,104.2,142.6,99.2,130.8,89.7,92.0,74.9,97.7,97.9,,101.7,100.0,100.1,100.0,98.7,102.4,100.0,100.0,99.2,99.5,98.9,98.8,99.4,,93.9,92.5,109.7,112.9,98.6,97.0,101.6,100.9,100.9,103.3,99.3,101.9,100.3,95.0,95.0,95.4,78.3,89.6,,105.2,,,103.0,97.2,91.1,102.9,107.2,90.9,120.8,,120.3,108.4,116.8,100.0,100.0,113.4,113.2,106.8,224.8,,104.5,108.2,95.5,96.4,93.8,349.2,115.8,92.1,95.9,96.9,97.0,92.1,,91.0,109.6,81.5,95.5,,97.6,
200112,105.5,108.0,106.2,107.7,102.7,108.2,105.7,102.7,,110.7,,110.1,96.4,110.4,100.1,110.8,95.8,106.1,101.6,,105.1,,107.1,112.8,121.2,98.0,95.4,96.5,103.2,130.5,96.9,126.0,209.7,97.2,107.8,105.2,106.5,98.8,112.8,97.9,95.0,95.4,97.5,110.5,100.1,116.6,119.1,103.5,116.2,100.4,108.7,107.4,105.7,101.9,104.9,101.6,99.6,117.6,98.7,100.4,97.3,102.3,109.0,109.0,101.4,105.2,101.3,106.1,105.0,103.8,,108.1,106.7,133.0,98.3,103.8,106.5,108.0,105.1,95.0,96.6,95.3,91.5,88.8,99.1,107.9,107.4,111.4,108.4,102.0,120.0,102.8,106.1,101.6,118.6,109.5,,,117.4,138.9,,117.0,123.1,128.4,109.7,103.9,140.0,99.6,130.0,89.7,92.0,74.9,97.7,97.9,,101.6,100.5,100.3,100.0,100.6,103.3,100.0,100.0,99.2,99.5,98.9,98.8,99.4,,94.1,96.5,109.7,112.9,98.6,96.6,101.6,100.9,100.9,103.3,99.3,102.0,100.3,94.7,94.7,95.1,77.3,89.4,,104.8,,,103.0,96.1,90.9,102.9,107.2,90.9,121.1,,120.3,108.4,116.6,100.0,100.0,113.4,113.2,106.8,217.9,,104.5,108.2,95.5,96.4,93.8,349.2,115.8,92.1,95.9,96.9,97.0,92.1,,91.0,109.6,81.5,95.5,,97.6,
200201,98.9,97.9,105.9,106.9,103.3,97.1,95.6,102.7,,92.4,,86.3,96.4,93.8,99.4,95.3,94.5,94.0,101.6,,78.5,,107.1,105.9,95.1,98.0,75.7,72.9,102.2,109.0,96.9,117.5,196.7,97.2,106.4,98.9,97.9,92.7,110.8,97.9,86.4,95.4,82.3,100.6,88.1,116.6,105.1,103.5,96.8,100.4,99.0,88.5,105.7,101.0,102.0,101.5,99.8,105.9,98.7,100.3,97.2,102.6,108.9,108.9,99.7,103.6,98.0,105.1,104.7,103.9,,105.9,106.5,122.4,98.2,103.8,106.3,105.5,102.6,94.9,96.6,95.2,91.5,88.7,99.0,107.8,107.2,111.4,108.1,102.0,119.9,102.9,106.0,101.6,118.2,109.4,,,117.1,138.0,,115.2,121.7,128.4,109.7,103.7,143.7,99.4,129.0,89.7,92.0,74.9,97.7,97.9,,101.4,100.3,100.4,100.0,101.4,103.7,100.0,100.0,99.2,99.5,98.9,98.8,99.4,,94.3,93.9,109.7,112.9,98.6,96.4,101.5,100.9,100.5,103.3,99.3,102.0,100.3,94.7,94.7,94.8,76.7,89.4,,104.8,,,102.8,96.1,92.3,103.0,107.0,90.9,121.3,,120.3,108.4,116.6,100.0,100.0,113.4,113.2,106.8,214.5,,104.5,108.2,95.5,96.4,93.8,349.2,115.8,92.1,95.9,96.9,97.0,92.1,,91.0,109.6,81.5,95.5,,97.6,
200202,96.6,94.1,104.6,105.3,102.7,93.1,92.8,102.7,,87.2,,82.3,96.4,87.4,100.4,89.3,93.9,89.0,101.6,,70.6,,107.1,103.2,90.2,98.0,64.2,59.3,103.2,89.5,96.8,115.3,197.4,97.2,105.8,96.5,94.5,90.1,111.0,97.9,84.0,95.4,74.5,96.6,92.5,116.6,99.9,103.5,84.3,100.4,98.0,86.8,105.7,100.7,101.5,101.3,99.8,104.1,98.6,100.3,97.2,102.4,108.3,108.3,99.7,103.7,98.0,104.9,104.9,104.0,,105.7,106.1,124.1,98.3,103.8,106.3,105.5,102.9,94.8,96.6,95.2,91.5,88.7,98.9,107.6,107.1,111.2,108.2,101.9,119.6,102.8,106.0,101.6,117.7,109.2,,,116.9,137.1,,115.3,120.5,128.3,109.8,103.1,142.3,99.4,127.9,89.7,92.0,74.9,97.7,97.9,,101.3,100.1,100.1,100.0,98.7,102.3,100.0,100.0,99.2,99.5,98.9,98.8,99.4,,94.3,93.9,109.7,112.9,98.6,96.3,101.5,100.9,100.5,103.3,99.3,102.0,100.3,94.5,94.5,94.6,76.3,89.4,,104.9,,,102.8,96.1,92.3,102.9,106.7,90.9,120.8,,120.3,108.4,116.5,100.0,100.0,113.4,113.2,106.8,209.4,,104.5,108.2,95.5,96.4,93.8,349.2,115.8,92.1,95.9,96.9,97.0,92.1,,91.0,109.6,81.5,95.5,,97.6,
200203,99.2,100.2,104.3,104.4,103.6,99.7,93.4,102.7,,85.4,,81.8,96.4,85.8,100.1,102.2,94.0,99.5,101.6,,95.7,,107.1,103.5,93.6,98.0,89.7,89.8,103.0,116.5,96.8,119.0,204.1,108.7,105.9,96.2,94.0,90.1,111.5,97.9,84.4,95.4,74.0,95.5,94.2,116.6,101.7,103.5,79.8,100.4,98.9,89.1,105.7,100.9,102.1,101.1,99.8,106.6,98.5,100.0,97.2,102.4,108.4,108.4,101.0,104.6,100.7,105.0,104.8,104.1,,106.8,106.1,130.7,97.2,106.7,106.4,108.0,105.6,94.7,96.5,95.0,91.7,88.6,98.9,107.6,106.8,111.2,108.0,101.9,119.7,102.7,105.8,101.4,118.7,109.2,,,117.0,136.6,,116.5,121.8,128.8,109.3,103.8,142.0,99.7,127.4,89.7,92.0,74.9,97.7,97.9,,101.4,100.8,100.6,100.0,102.9,104.5,100.0,100.0,99.2,99.5,98.9,98.8,99.4,,94.2,98.8,109.7,112.9,98.6,96.2,101.5,100.9,100.3,103.3,99.3,102.0,100.3,94.2,94.2,94.5,76.0,89.4,,104.8,,,102.8,96.1,92.1,102.8,106.7,90.9,120.8,,120.3,108.4,116.5,100.0,100.0,113.4,113.2,106.8,207.9,,104.5,108.2,95.5,96.4,93.8,349.2,115.8,92.1,95.9,96.9,97.0,92.1,,91.0,109.6,81.5,95.7,,97.8,
200204,103.3,103.8,104.3,104.2,104.1,103.7,102.7,112.0,,102.0,,99.2,106.4,86.8,100.1,102.2,94.2,100.1,101.6,,95.7,,107.1,102.5,95.3,111.5,89.7,89.8,103.0,116.5,96.8,124.4,202.9,106.9,105.8,104.4,105.7,98.5,111.0,97.9,90.8,104.9,91.3,109.3,95.1,116.6,111.6,116.2,105.9,113.2,109.0,100.0,115.0,101.2,102.6,101.2,100.0,108.3,98.9,99.9,98.0,102.4,108.7,108.7,101.2,105.2,101.1,104.7,104.7,103.9,,108.1,106.1,132.6,97.2,106.8,106.3,109.2,106.3,94.7,96.3,95.1,91.8,88.7,97.8,107.2,106.3,111.0,107.3,102.0,119.2,102.8,105.7,101.5,116.4,108.9,,,116.2,135.1,,113.4,124.4,128.4,109.0,104.1,139.1,99.6,127.9,88.1,89.9,74.5,97.8,97.5,,101.3,100.0,100.6,100.0,102.5,104.2,100.0,100.0,99.2,99.6,98.9,98.8,99.3,,93.9,91.1,109.7,112.9,98.6,96.3,101.5,100.9,100.3,103.3,99.3,102.0,100.3,94.2,94.2,94.7,76.4,89.4,,104.8,,,102.5,96.0,92.2,102.5,106.7,90.9,121.0,,122.1,108.4,116.5,100.0,100.0,113.4,113.2,106.8,206.8,,105.7,109.2,95.7,97.1,95.0,354.7,117.3,93.3,96.5,97.3,97.6,93.1,,91.0,109.6,81.5,96.9,,99.0,
200205,104.1,105.9,104.2,104.1,103.9,106.2,103.5,111.4,,102.0,,99.2,105.6,100.9,100.9,102.2,94.2,104.2,124.2,,95.7,,116.1,103.7,109.8,109.0,89.7,89.8,103.0,116.5,96.8,123.9,203.2,105.5,105.1,103.8,104.9,98.3,110.6,106.8,90.8,100.8,91.3,108.3,93.9,117.5,111.6,112.8,105.9,109.9,107.0,100.0,110.8,101.3,102.9,101.2,100.0,108.9,98.9,99.6,98.0,102.4,108.8,108.8,101.2,105.3,100.9,104.3,105.0,103.9,,107.9,106.3,132.0,97.2,106.8,106.2,109.3,105.6,94.7,96.1,95.1,91.8,88.7,97.7,107.2,106.3,111.2,107.1,102.0,119.3,102.6,105.7,101.5,117.1,108.9,,,115.4,132.9,,109.9,124.9,127.2,109.0,103.7,138.6,99.5,129.0,88.1,89.9,74.5,97.8,97.5,,101.7,100.2,100.5,100.0,102.1,104.0,100.0,100.0,99.2,99.6,98.9,98.8,99.3,,93.9,93.1,109.7,112.9,98.6,96.9,101.5,100.9,100.2,103.3,99.3,102.0,100.3,94.2,94.2,95.3,78.1,89.5,,105.0,,,102.9,95.9,91.8,102.5,106.7,90.9,121.4,,122.1,108.4,116.5,100.0,100.0,113.4,113.2,106.8,208.5,,105.7,109.2,95.8,97.1,95.0,354.7,117.3,93.3,96.5,97.3,97.6,93.1,,91.0,109.6,81.5,96.9,,99.0,
200206,103.8,105.4,104.3,104.3,104.1,105.5,102.9,109.3,,102.0,,99.2,103.6,100.9,101.0,102.2,94.2,103.4,116.8,,95.7,,114.4,103.7,109.8,107.3,89.7,89.8,103.6,116.5,96.8,123.1,200.1,104.8,104.6,103.7,104.8,97.6,110.2,105.1,90.8,99.0,91.3,108.5,97.1,117.5,111.6,113.2,105.9,107.0,106.5,100.0,109.4,101.2,103.4,101.0,99.9,111.9,98.5,100.0,97.0,102.5,108.7,108.7,101.4,105.3,101.2,104.6,105.0,103.7,,107.8,106.2,131.4,97.2,106.6,106.1,108.9,106.6,94.6,96.2,95.0,91.8,88.7,97.7,107.2,106.2,111.2,107.1,101.9,119.2,102.7,105.7,101.6,117.1,109.0,,,115.2,132.5,,108.6,127.6,127.0,108.9,102.8,139.1,99.5,128.7,88.1,89.9,74.5,97.8,97.5,,101.6,99.9,100.0,100.0,98.4,102.3,100.0,100.0,99.2,99.6,98.9,98.8,99.3,,93.9,92.1,109.7,112.9,98.6,96.9,101.4,100.9,100.2,103.1,99.3,102.0,100.3,93.8,93.8,95.4,78.2,89.4,,104.4,,,102.9,95.9,91.8,102.5,106.7,90.9,120.8,,122.1,108.4,116.5,100.0,100.0,113.4,113.2,106.8,208.5,,105.7,109.2,95.8,97.1,95.0,354.7,117.3,93.3,96.5,97.3,97.6,93.1,,92.5,109.6,83.6,96.9,,99.0,
200207,100.1,100.7,104.2,103.9,104.2,100.3,97.7,92.0,,102.0,,99.2,89.8,100.9,100.5,102.2,94.2,98.8,91.0,,95.7,,93.2,103.7,109.8,86.4,89.7,89.8,101.2,116.5,96.8,115.3,186.1,87.9,104.2,98.7,97.6,93.3,108.0,92.1,90.8,89.3,91.3,99.8,97.1,101.8,111.6,89.7,105.9,83.8,98.5,100.0,91.5,101.2,103.3,100.8,99.6,111.9,98.5,99.5,97.3,102.3,108.2,108.2,99.8,103.9,98.4,104.7,104.9,103.3,,106.0,106.2,119.7,97.2,103.0,105.6,106.6,105.0,94.7,96.3,95.0,91.9,88.7,97.5,107.2,106.2,111.0,107.1,101.9,119.2,102.8,105.7,101.6,116.7,109.1,,,114.3,128.7,,107.0,127.2,126.2,108.7,102.7,137.4,99.9,128.4,88.1,89.9,74.5,98.1,97.5,,101.5,100.5,100.6,100.0,102.5,104.5,100.0,100.0,99.2,99.6,98.9,98.8,99.3,,93.8,95.5,110.3,112.9,100.6,96.7,101.3,100.2,100.2,103.1,99.3,102.0,100.3,93.5,93.5,95.3,77.7,89.5,,104.1,,,102.9,95.9,91.8,102.3,106.7,90.9,123.9,,122.1,108.4,116.0,100.0,100.0,113.4,111.3,106.8,210.2,,105.7,109.2,95.8,97.1,95.0,354.7,117.3,93.3,96.5,97.3,97.6,93.1,,92.5,109.6,83.6,96.9,,99.0,
200208,97.7,97.7,104.1,103.9,103.6,97.0,95.3,83.6,,102.0,,99.2,83.5,100.9,100.1,102.2,94.2,95.3,75.9,,95.7,,75.9,103.7,109.8,70.5,89.7,89.8,102.3,116.5,96.8,110.6,178.9,76.9,104.2,95.4,92.7,90.3,107.6,81.8,90.8,82.4,91.3,94.2,97.1,90.2,111.6,74.7,105.9,70.0,92.3,100.0,77.7,101.1,103.0,100.1,98.9,111.9,98.7,100.3,97.3,102.7,107.7,107.7,99.0,103.4,97.1,104.1,104.6,102.9,,105.5,106.1,120.1,97.2,99.3,105.6,105.6,104.3,94.8,96.3,95.2,92.0,88.7,97.5,107.2,106.1,111.0,107.1,101.9,119.1,102.8,105.7,101.6,116.3,109.1,,,114.2,129.1,,107.6,123.9,126.2,108.8,102.2,136.8,100.0,127.0,88.1,89.9,74.5,98.1,97.5,,101.9,102.7,101.0,100.0,105.7,106.0,100.0,100.0,99.2,99.6,98.9,98.8,99.3,,93.8,116.3,110.3,112.9,100.6,96.4,101.2,100.2,99.8,103.1,99.3,102.0,100.3,93.4,93.4,94.9,77.0,89.4,,102.3,,,102.7,95.9,91.8,102.3,106.7,90.9,126.0,,122.1,108.4,116.5,100.0,100.0,113.4,113.1,106.8,209.4,,105.7,109.2,95.8,97.1,95.0,354.7,117.3,93.3,96.5,97.3,97.6,93.1,,92.5,109.6,83.6,96.8,,98.9,
200209,103.2,104.1,103.1,103.1,102.3,104.2,99.1,80.9,,110.3,,112.6,82.1,113.2,100.4,102.2,94.2,105.0,102.0,,105.6,,99.9,104.6,122.2,96.9,108.0,101.2,102.3,116.5,96.8,112.8,182.7,75.6,104.3,104.0,105.0,100.7,109.8,96.5,96.2,95.3,106.1,107.2,100.6,87.8,118.1,101.3,118.2,96.8,105.5,106.5,100.9,101.6,103.9,100.7,99.6,114.8,98.9,101.3,97.3,102.4,108.4,108.4,100.6,104.2,100.4,104.9,104.6,102.9,,107.3,106.0,130.2,98.3,98.6,105.6,107.9,106.9,94.8,96.3,95.0,92.0,90.6,97.4,107.1,106.1,110.9,107.0,101.7,118.8,102.7,105.5,101.6,117.2,109.1,,,113.8,126.8,,107.5,121.7,125.6,108.8,102.5,137.1,100.0,126.5,88.1,89.9,74.5,98.1,97.5,,101.2,99.8,100.0,100.0,98.6,102.4,100.0,100.0,99.2,99.6,98.9,98.8,99.3,,93.8,90.7,110.3,112.9,100.6,96.2,101.1,99.7,99.8,103.1,99.3,102.0,100.3,93.0,93.0,94.6,76.7,89.3,,101.1,,,102.2,95.2,91.0,102.5,106.7,90.9,120.8,,122.1,108.4,116.5,100.0,100.0,113.4,113.1,106.8,210.2,,105.7,109.2,95.8,97.1,95.0,354.7,117.3,93.3,96.5,97.3,97.6,93.1,,92.5,109.6,83.6,96.8,,98.9,
200210,104.0,105.5,103.2,103.1,102.6,105.7,103.3,98.2,,109.2,,109.3,95.2,110.7,100.4,102.2,94.2,104.4,102.0,,108.7,,99.9,103.8,118.0,96.9,102.8,102.2,103.2,116.5,96.8,119.3,187.1,95.2,104.5,104.1,105.0,100.6,109.9,96.5,96.6,95.3,105.1,107.2,100.2,103.0,114.9,101.3,114.4,96.8,106.9,109.3,100.9,101.8,103.5,100.8,100.0,112.6,99.2,101.8,97.8,102.4,109.3,109.3,101.2,105.0,101.2,105.4,104.9,103.2,,108.8,106.1,130.3,107.7,104.0,105.9,107.8,106.1,94.6,95.9,94.8,92.2,90.6,98.9,106.9,105.9,110.9,106.6,101.8,118.6,102.5,105.5,101.5,115.0,109.1,,,113.8,127.9,,106.9,123.1,125.4,109.1,102.5,135.0,100.2,125.9,90.8,93.2,74.5,98.1,97.5,,101.3,99.8,100.4,100.0,101.1,103.6,100.0,100.0,99.2,99.6,98.9,98.8,99.3,,93.8,89.3,110.3,112.9,100.6,96.3,101.2,99.7,100.1,103.1,99.3,102.0,100.3,92.6,92.6,94.8,77.0,88.8,,102.7,,,103.0,95.3,91.7,102.5,106.5,90.9,120.8,,122.1,108.4,116.5,100.0,100.0,113.4,113.1,106.8,207.7,,105.7,109.2,95.8,97.1,95.0,354.7,117.3,93.3,96.5,97.3,97.6,93.1,,92.5,109.6,83.6,96.8,,98.9,
200211,104.0,106.1,102.7,102.9,101.9,106.4,103.9,98.2,,109.0,,106.5,95.2,110.7,100.3,113.4,94.2,105.0,102.0,,107.2,,99.9,104.3,120.6,96.9,100.3,96.7,102.6,127.9,96.8,119.0,188.0,95.2,104.5,103.2,103.6,99.4,109.5,96.5,95.1,95.3,102.3,105.4,96.2,103.0,108.8,101.3,112.9,96.8,106.5,108.4,100.9,102.0,103.9,100.6,99.8,115.2,99.3,101.3,97.8,103.2,109.5,109.5,101.0,104.7,100.9,105.2,104.8,103.0,,109.3,106.1,129.4,112.1,104.0,105.9,107.4,106.1,94.6,95.9,94.8,92.2,90.6,98.8,106.9,105.6,110.8,106.4,101.8,118.8,102.3,105.2,101.4,115.7,109.2,,,113.3,127.6,,105.1,119.2,124.2,109.1,102.8,133.9,100.2,126.1,90.8,93.2,74.5,98.1,97.5,,101.3,99.7,100.0,100.0,98.5,102.4,100.0,100.0,99.3,99.6,99.2,99.0,99.3,,93.8,88.5,110.3,112.9,100.6,96.5,101.3,99.8,100.1,103.5,99.3,101.7,101.3,92.2,92.2,95.1,77.5,88.7,,102.6,,,103.0,96.2,91.8,102.5,106.5,90.9,120.8,,122.1,108.4,116.5,100.0,100.0,113.4,113.1,106.7,203.7,,105.7,109.2,95.8,97.1,95.0,354.7,117.3,93.3,96.5,97.3,97.6,93.1,,92.5,109.6,83.6,96.8,,98.9,
200212,103.5,105.4,102.5,102.5,102.1,105.6,103.2,98.2,,107.8,,105.4,95.2,109.2,100.1,111.7,94.2,104.3,102.0,,105.4,,99.9,104.3,121.1,96.9,98.4,94.8,102.4,124.5,96.8,119.0,185.9,95.2,104.4,102.4,102.7,98.9,109.5,96.5,96.1,95.3,99.8,104.4,94.4,103.0,106.5,101.3,111.4,96.8,105.3,106.2,100.9,101.7,103.2,100.2,99.4,113.7,99.1,101.3,97.3,103.2,110.1,110.1,100.9,104.8,100.6,105.4,104.7,103.2,,109.3,106.1,131.0,112.2,104.0,105.7,107.9,106.3,94.7,95.9,94.9,92.2,90.8,98.7,106.8,105.5,110.6,106.3,101.8,118.7,102.2,105.1,101.2,114.4,109.2,,,112.9,126.2,,105.2,117.4,124.1,108.8,102.5,133.9,100.2,125.4,90.8,93.2,74.5,98.0,97.5,,101.4,100.2,100.2,100.0,99.5,103.3,100.0,100.0,99.3,99.6,99.2,99.0,99.3,,94.0,93.0,110.3,112.9,100.6,96.5,101.4,99.8,100.1,103.5,99.3,101.7,101.6,91.7,91.7,95.1,77.5,88.7,,102.3,,,103.0,96.2,92.1,102.5,106.5,90.9,121.1,,122.1,108.4,116.5,100.0,100.0,113.4,113.1,106.8,203.1,,105.7,109.2,95.8,97.1,95.0,354.7,117.3,93.3,96.5,97.3,97.6,93.1,,92.5,109.6,83.6,96.8,,98.9,
200301,96.8,94.6,102.5,102.7,101.6,93.9,93.3,98.2,,88.8,,85.0,95.2,92.8,100.3,92.5,95.7,91.0,102.0,,79.9,,99.9,101.2,89.7,96.9,75.2,70.7,101.5,95.6,96.9,109.9,170.2,95.2,102.6,96.3,94.2,92.5,107.4,96.5,87.2,95.3,83.9,94.8,88.7,103.0,92.7,101.3,90.0,96.8,95.3,86.8,100.9,100.7,99.9,100.1,99.2,100.5,99.1,101.1,97.6,102.9,109.9,109.9,99.6,103.6,98.4,105.0,104.4,103.4,,107.3,106.1,117.6,114.0,104.0,105.5,105.6,104.2,94.7,96.0,94.9,92.2,91.1,98.6,106.8,105.6,110.6,106.5,101.8,118.6,102.3,105.1,101.2,115.3,109.0,,,112.6,126.5,,104.9,114.8,123.3,108.8,102.2,133.0,99.7,125.0,90.8,93.2,74.5,98.0,97.5,,101.4,100.0,100.3,100.0,100.3,103.7,100.0,100.0,99.3,99.6,99.2,99.0,99.3,,94.2,90.8,110.3,112.9,100.6,96.5,101.3,99.6,100.1,103.5,99.3,101.7,101.6,91.4,91.4,95.0,77.4,88.7,,101.7,,,102.9,95.8,92.3,102.5,106.5,90.9,121.3,,122.1,108.5,116.4,100.0,100.0,113.4,113.1,106.8,201.4,,105.7,109.2,95.8,97.1,95.0,354.7,117.3,93.3,96.5,97.3,97.6,93.1,,92.5,109.6,83.6,96.8,,98.9,
200302,94.7,91.6,102.1,102.2,101.3,90.5,90.1,98.2,,81.6,,81.3,95.2,86.1,99.7,86.9,95.7,87.3,102.0,,71.6,,99.9,101.1,87.5,96.9,61.9,62.5,101.6,82.2,96.9,108.1,171.4,95.2,102.1,93.5,90.6,89.6,108.1,96.5,84.0,95.3,75.2,90.3,85.8,103.0,91.6,101.3,78.0,96.8,95.5,87.8,100.9,100.1,99.6,100.2,99.3,99.0,98.7,101.3,97.0,102.4,107.8,107.8,99.3,103.4,97.8,103.9,104.2,103.1,,107.2,106.1,122.0,114.0,104.0,104.9,105.6,103.8,94.7,96.0,94.9,92.2,91.1,98.6,106.8,105.6,110.5,106.5,101.8,118.8,102.3,105.0,101.2,114.3,109.2,,,112.4,125.6,,104.6,116.1,122.6,109.1,102.1,130.4,100.1,124.1,90.8,93.2,74.5,98.0,97.5,,101.4,99.8,99.9,100.0,97.6,102.3,100.0,100.0,99.3,99.6,99.2,99.0,99.3,,94.1,90.1,110.3,112.9,100.6,96.6,101.3,99.6,100.1,103.5,99.3,101.7,101.6,91.1,91.1,95.2,78.0,88.6,,101.7,,,102.8,95.9,92.1,102.3,105.0,90.9,120.8,,122.1,108.5,116.4,100.0,100.0,113.4,113.1,106.8,199.4,,105.7,109.2,95.8,97.1,95.0,354.7,117.3,93.3,96.5,97.3,97.6,93.1,,92.5,109.6,83.6,96.8,,98.9,
200303,97.4,97.7,101.7,101.9,101.1,97.2,91.2,98.2,,81.4,,80.6,95.2,87.1,100.0,101.2,95.6,97.6,102.0,,96.4,,99.9,104.7,89.6,96.9,91.2,88.0,101.7,107.6,96.9,112.8,175.3,108.4,103.9,93.8,90.8,90.1,108.8,96.5,85.9,95.3,75.0,90.4,88.0,103.0,94.2,101.3,76.3,96.8,96.3,89.8,100.9,100.7,101.1,100.0,98.9,105.9,98.9,101.6,97.1,102.7,107.5,107.5,99.8,103.8,99.1,103.3,104.5,102.7,,107.4,106.0,125.9,109.7,107.4,105.4,107.0,104.4,94.6,95.8,94.7,92.1,91.1,98.6,106.7,105.4,110.4,106.5,101.8,118.7,102.2,105.0,101.1,113.1,109.1,,,112.6,126.4,,104.4,115.0,123.1,109.1,102.2,131.9,100.8,123.8,90.8,93.2,74.5,98.0,97.5,,101.9,100.8,100.5,100.0,101.8,104.5,100.0,100.0,99.3,99.6,99.2,99.0,99.3,,94.0,97.6,110.3,112.9,100.6,97.2,101.3,99.6,100.1,103.5,99.3,101.7,101.6,90.8,90.8,95.9,80.1,88.6,,101.9,,,102.6,95.6,92.1,102.3,104.8,90.9,120.8,,122.1,108.5,116.4,100.0,100.0,113.4,113.1,106.8,198.2,,105.7,109.2,95.8,97.1,95.0,354.7,117.3,93.3,96.5,97.3,97.6,93.1,,92.5,109.6,83.6,96.8,,98.9,
200304,101.2,100.8,101.6,101.7,101.1,100.7,100.9,109.4,,98.4,,97.2,104.4,88.2,99.8,101.2,95.7,97.5,102.0,,96.4,,99.9,100.9,88.1,108.8,91.2,88.0,102.3,107.6,96.9,116.6,174.3,105.2,101.6,101.6,101.6,98.3,109.3,96.5,91.5,103.7,92.5,102.6,88.6,103.0,103.8,111.2,100.2,108.5,108.9,99.3,117.5,101.2,102.2,100.3,99.5,109.1,99.4,102.0,97.7,102.9,106.8,106.8,100.1,104.6,99.2,103.1,104.6,102.9,,108.4,106.0,127.9,109.7,106.5,105.2,107.3,104.3,94.4,95.5,94.5,92.2,91.1,102.8,106.8,105.5,110.1,106.4,101.8,118.6,102.3,104.8,101.3,114.4,109.3,,,112.4,125.4,,103.9,118.3,122.8,108.8,102.2,130.7,100.8,125.3,97.9,101.9,74.6,98.5,97.5,,101.8,99.9,100.5,100.0,101.3,104.2,100.0,100.0,99.3,99.6,99.2,99.0,99.3,,93.8,89.7,110.3,112.9,100.6,97.2,101.3,99.6,100.1,103.5,99.3,101.7,101.6,90.1,90.1,96.0,81.2,87.9,,101.2,,,102.0,95.5,92.5,102.3,104.7,90.9,102.3,,122.1,108.5,116.4,100.0,100.0,113.4,113.1,106.8,198.0,,106.1,110.2,95.8,97.5,95.6,358.1,118.7,97.4,97.2,97.7,97.6,93.9,,91.2,100.6,85.3,96.0,,98.1,
200305,102.2,103.1,101.5,101.3,101.4,103.3,101.5,108.6,,98.4,,97.2,104.1,99.8,99.8,101.2,95.7,101.7,124.3,,96.4,,108.1,102.0,104.7,107.3,91.2,88.0,101.8,107.6,96.9,115.8,172.6,103.8,101.9,101.9,102.3,99.0,108.8,105.0,91.5,103.7,92.5,103.3,87.1,112.2,103.8,111.1,100.2,107.5,108.4,99.3,116.2,100.9,101.4,100.1,99.3,105.8,99.3,101.9,97.6,103.1,106.9,106.9,99.9,104.7,98.8,103.1,104.4,103.0,,108.3,106.0,127.6,109.7,106.5,105.4,107.1,104.3,94.3,95.4,94.3,92.2,91.6,102.8,106.7,105.9,110.1,106.3,101.6,118.6,102.3,104.7,101.3,113.9,109.0,,,112.4,124.2,,104.8,119.5,122.5,109.0,102.1,129.6,100.7,124.6,97.9,101.9,74.6,98.9,97.5,,101.7,100.0,100.4,100.0,101.0,104.0,100.0,100.0,99.3,99.6,99.2,99.0,99.3,,93.8,90.3,110.3,112.9,100.8,97.1,101.3,99.6,100.1,103.5,99.3,101.7,101.6,90.2,90.2,95.8,80.7,87.0,,100.8,,,102.0,95.5,92.6,102.3,104.7,90.9,102.5,,122.1,108.5,116.4,100.0,100.0,113.4,113.1,106.8,197.7,,106.1,110.2,95.8,97.5,95.6,358.1,118.7,97.4,97.2,97.7,97.6,93.9,,91.2,100.6,85.3,96.0,,98.1,
200306,101.9,102.7,101.8,101.8,101.5,102.8,101.1,106.8,,98.4,,97.2,103.7,99.8,99.9,101.2,95.7,101.1,119.8,,96.4,,103.3,102.0,104.7,107.4,91.2,88.0,102.0,107.6,96.9,115.4,172.4,102.8,101.5,101.5,101.6,98.6,108.7,103.9,91.5,102.5,92.5,102.5,92.2,111.0,103.8,106.7,100.2,102.4,107.1,99.3,113.5,101.0,102.0,100.2,99.4,108.5,99.2,101.3,97.7,103.1,106.5,106.5,99.8,104.5,98.6,103.0,104.5,103.3,,108.3,105.6,127.6,109.7,106.4,105.4,107.4,104.5,94.4,95.4,94.5,92.3,91.9,102.7,106.7,105.9,110.1,106.3,101.5,118.5,102.3,105.0,101.4,112.8,109.1,,,112.3,125.4,,104.3,117.5,122.5,108.8,101.8,129.5,100.6,123.7,97.9,101.7,74.6,98.9,97.5,,101.4,99.9,99.9,100.0,97.3,102.3,100.0,100.0,99.3,99.6,99.2,99.0,99.3,,93.8,91.4,110.3,112.9,100.8,96.6,101.2,99.6,100.1,103.6,97.4,101.7,101.6,90.2,90.2,95.3,79.5,86.7,,100.5,,,101.9,95.4,92.3,102.3,105.0,90.9,102.0,,122.1,108.5,116.4,100.0,100.0,113.4,113.1,106.8,197.7,,106.1,110.2,95.8,97.5,95.6,358.1,118.7,97.4,97.2,97.7,97.6,93.9,,91.2,100.6,85.3,96.0,,98.1,
200307,98.1,98.2,101.7,101.8,101.2,97.9,96.2,90.8,,98.4,,97.2,89.7,99.8,99.3,101.2,95.7,96.7,95.8,,96.4,,84.0,102.0,104.7,84.8,91.2,88.0,101.1,107.6,96.9,107.7,158.5,86.6,99.8,96.4,94.2,94.0,106.4,90.2,91.5,92.1,92.5,93.5,92.2,88.6,103.8,83.9,100.2,82.9,99.0,99.3,95.4,100.9,102.0,100.3,99.4,108.5,99.1,101.0,97.6,103.2,105.9,105.9,98.5,102.9,96.0,103.0,104.7,103.3,,105.8,106.2,111.3,109.7,101.9,105.2,103.1,102.5,94.5,95.5,94.5,92.3,92.4,102.7,106.6,105.9,109.9,105.4,101.5,118.5,102.2,105.0,101.3,113.5,108.8,,,112.3,126.8,,104.0,117.7,122.5,108.7,101.8,129.5,100.5,124.1,97.9,101.7,74.6,98.9,97.5,,101.6,101.0,100.5,100.0,101.6,104.5,100.0,100.0,99.3,99.6,99.2,99.0,99.3,,93.8,100.0,110.3,112.9,100.8,96.5,101.2,99.6,100.1,103.6,97.2,101.7,101.6,90.0,90.0,95.1,78.9,86.7,,100.4,,,101.9,95.4,92.0,102.3,105.0,90.9,104.5,,122.1,108.5,116.4,100.0,100.0,113.4,113.1,106.8,195.7,,106.1,110.2,95.8,97.5,95.6,358.1,118.7,97.4,97.2,97.7,97.6,93.9,,91.2,100.6,85.3,96.0,,98.1,
200308,95.5,94.8,101.2,100.7,101.6,94.2,93.7,83.0,,98.4,,97.2,81.7,99.8,99.3,101.2,95.7,92.7,78.6,,96.4,,67.4,102.0,104.7,67.7,91.2,88.0,100.0,107.6,96.9,102.4,151.2,73.8,99.7,93.0,89.4,91.0,105.3,79.9,91.5,85.4,92.5,88.0,92.2,73.9,103.8,71.2,100.2,68.7,91.7,99.3,79.0,100.9,101.9,100.0,99.1,108.5,99.2,101.1,97.8,103.1,105.9,105.9,98.0,103.1,94.9,102.7,104.5,102.8,,105.6,106.2,111.7,109.7,100.2,104.8,102.9,102.2,94.5,95.4,94.5,92.3,92.4,102.6,106.5,105.8,110.0,106.0,101.6,118.5,102.2,105.1,101.2,112.6,108.6,,,112.0,127.3,,102.7,117.2,122.5,108.5,102.1,127.6,100.6,122.1,97.9,101.7,74.6,99.2,97.5,,101.9,103.2,100.9,100.0,104.7,106.0,100.0,100.0,99.3,99.6,99.2,99.0,99.3,,93.8,120.6,110.3,112.9,100.8,96.2,101.2,99.6,100.1,103.6,97.2,101.7,101.6,89.7,89.7,94.7,78.8,86.7,,98.5,,,101.9,95.4,91.9,102.2,105.0,90.9,106.1,,122.1,107.3,116.4,100.0,100.0,113.4,113.1,106.8,195.4,,106.1,110.2,95.8,97.5,95.6,358.1,118.7,97.4,97.2,97.7,97.6,93.9,,91.2,100.6,85.3,96.0,,98.1,
200309,101.7,102.1,101.5,101.3,101.5,102.1,97.8,79.6,,108.9,,110.6,80.4,110.7,99.3,101.2,95.7,103.1,104.6,,108.0,,90.7,104.9,117.0,95.2,105.1,103.9,102.4,107.6,96.9,108.2,168.6,75.2,101.4,101.9,102.0,101.2,109.6,94.7,99.1,97.4,104.4,101.7,94.2,73.4,110.2,96.8,115.4,94.0,107.3,108.8,104.3,101.4,102.8,100.4,99.4,111.1,99.5,101.8,97.6,103.9,106.7,106.7,99.8,104.9,98.4,103.0,104.5,102.9,,107.8,106.2,126.3,110.1,100.7,105.1,106.6,104.5,94.5,95.4,94.6,92.3,92.4,102.6,106.5,105.7,110.0,106.0,101.6,118.4,102.0,105.1,101.2,113.5,108.5,,,111.8,127.1,,102.1,117.2,122.6,108.7,101.6,125.6,100.5,122.5,97.9,101.7,74.6,99.2,97.5,,101.2,99.9,100.0,100.0,97.7,102.4,100.0,100.0,99.3,99.6,99.2,99.0,99.3,,93.8,90.9,110.3,112.9,100.8,96.2,101.2,99.4,100.1,103.6,97.3,101.7,101.6,89.9,89.9,94.7,79.1,86.6,,99.6,,,102.0,95.6,91.9,102.3,105.0,90.9,102.0,,122.1,107.3,116.4,100.0,100.0,113.4,113.1,106.8,195.1,,106.1,110.2,95.8,97.5,95.6,358.1,118.7,97.4,97.2,97.7,97.6,93.9,,91.2,100.6,85.3,96.0,,98.1,
200310,102.3,103.2,101.7,101.7,101.4,103.4,102.4,96.4,,108.3,,108.5,94.1,111.1,98.7,101.2,95.7,101.6,104.6,,105.6,,90.7,102.0,113.2,95.2,99.7,100.2,102.7,107.6,96.9,114.6,172.4,93.6,102.0,102.1,102.3,99.9,110.1,94.7,96.0,97.4,101.5,103.0,95.3,91.9,108.2,96.8,113.1,94.0,107.0,108.9,104.3,101.6,102.9,100.2,99.1,112.5,99.7,101.3,98.0,104.0,107.3,107.3,100.2,105.3,99.2,102.9,104.8,102.8,,108.5,106.4,127.9,112.6,104.2,105.0,106.9,104.6,94.3,95.1,94.2,92.4,92.6,102.5,106.5,105.1,109.9,106.3,101.5,118.4,101.9,105.1,101.2,113.8,108.6,,,111.4,123.7,,103.3,115.5,122.1,108.7,101.7,126.1,100.3,123.0,97.9,101.7,74.6,99.2,97.5,,101.2,100.3,100.0,100.0,100.2,100.0,100.0,100.0,99.3,99.6,99.2,99.0,99.3,,93.8,95.1,110.3,112.9,100.8,96.1,101.2,99.4,100.1,103.6,97.3,101.5,101.6,89.7,89.7,94.5,78.6,86.6,,99.8,,,102.0,95.5,91.9,102.3,105.0,90.9,102.0,,122.1,107.3,116.2,100.0,100.0,113.4,112.8,106.8,194.8,,106.1,110.2,95.8,97.5,95.6,358.1,118.7,97.4,97.2,97.7,97.6,93.9,,91.2,100.6,85.3,96.0,,98.1,
200311,102.4,103.9,101.6,101.4,101.5,104.1,102.9,96.4,,107.4,,106.2,94.1,110.4,98.5,112.9,95.7,102.3,104.6,,105.5,,90.7,103.4,110.9,95.2,98.1,96.2,101.5,123.6,96.9,115.3,174.1,93.6,102.6,101.8,101.6,99.4,110.0,94.7,95.8,97.4,99.9,102.0,93.8,91.9,108.2,96.8,111.2,94.0,107.6,109.8,104.3,101.8,102.9,100.4,99.2,112.0,99.8,101.7,98.0,104.2,107.8,107.8,100.0,105.1,98.8,103.4,104.6,102.7,,108.5,106.4,126.8,113.7,104.2,105.5,106.6,104.2,94.5,95.4,94.6,92.4,92.6,102.4,106.4,105.1,110.0,106.3,101.6,118.4,101.9,105.0,101.3,113.3,108.1,,,110.9,121.9,,102.0,113.6,122.0,109.0,101.7,124.4,100.4,121.7,97.9,101.7,74.6,99.2,97.5,,101.1,100.2,99.6,100.0,97.6,98.7,100.0,100.0,99.3,99.6,99.2,99.0,99.3,,93.8,95.8,110.3,112.9,100.8,95.9,101.0,99.4,100.1,103.0,97.3,101.4,101.6,89.6,89.6,94.4,78.3,86.6,,99.0,,,102.2,96.2,91.7,102.3,105.0,90.9,102.0,,122.1,107.3,116.2,100.0,100.0,113.4,112.8,106.8,194.3,,106.1,110.2,95.8,97.5,95.6,358.1,118.7,97.4,97.2,97.7,97.6,93.9,,91.2,100.6,85.3,96.0,,98.1,
200312,102.1,103.0,101.7,101.5,101.6,103.1,101.8,96.4,,105.2,,105.2,94.1,108.2,97.8,110.8,95.7,101.4,104.6,,104.1,,90.7,103.4,112.4,95.2,95.7,92.9,101.9,119.1,96.9,115.2,175.1,93.6,102.9,101.7,101.5,99.3,110.2,94.7,96.6,97.4,98.9,101.8,95.7,91.9,108.5,96.8,109.7,94.0,107.6,110.5,104.3,101.8,103.0,100.5,99.4,111.5,99.9,101.7,98.0,104.5,107.7,107.7,99.9,105.1,98.6,103.3,104.2,102.9,,108.6,106.7,127.6,113.7,104.2,105.8,106.9,104.7,94.4,95.2,94.5,92.4,92.6,102.3,106.3,105.3,109.9,106.2,101.6,118.4,101.8,104.8,101.2,113.8,108.0,,,110.5,120.4,,102.4,112.7,122.0,108.9,101.7,123.8,100.6,119.1,97.9,101.7,74.6,99.2,97.5,,101.1,100.8,99.9,100.0,99.5,99.6,100.0,100.0,99.3,99.6,99.2,99.0,99.3,,94.1,99.9,110.3,112.9,100.8,95.9,101.0,99.4,100.1,103.0,97.3,101.4,101.6,89.3,89.3,94.4,78.3,86.7,,98.2,,,102.2,96.2,91.7,102.2,105.0,90.9,102.4,,122.1,107.3,116.1,100.0,100.0,113.4,112.2,106.8,190.8,,106.1,110.2,95.8,97.5,95.6,358.1,118.7,97.4,97.2,97.7,97.6,93.9,,91.2,100.6,85.3,96.0,,98.1,
200401,95.3,92.5,100.8,100.9,100.4,91.8,91.4,96.4,,86.5,,80.6,94.1,90.1,97.2,94.2,95.6,88.9,104.6,,80.3,,90.7,99.4,85.9,95.2,73.1,69.2,100.5,90.2,97.0,107.1,159.4,93.6,102.4,95.0,92.4,92.6,108.1,94.7,89.0,97.4,81.0,91.5,87.6,91.9,93.6,96.8,87.4,94.0,97.3,89.4,104.3,100.5,99.9,100.2,99.1,99.6,99.6,101.5,97.4,104.5,106.7,106.7,98.3,103.1,95.8,102.9,104.2,102.7,,106.2,106.8,114.5,113.7,104.2,105.4,104.6,102.6,94.4,95.2,94.5,92.6,92.5,102.2,106.3,105.3,109.7,106.0,101.5,118.4,101.7,104.7,101.1,113.3,108.2,,,110.1,117.5,,100.4,113.8,122.5,108.9,101.8,124.3,100.5,118.3,97.9,101.7,74.6,99.2,97.5,,100.8,100.9,100.0,100.0,100.3,100.1,100.0,100.0,99.3,99.6,99.2,99.0,99.3,,94.2,100.2,110.3,112.9,100.8,95.3,100.9,99.4,100.1,103.0,97.3,101.1,101.6,89.4,89.4,93.6,77.9,86.6,,98.8,,,102.2,96.2,91.7,102.2,105.0,90.9,102.5,,122.1,104.5,116.0,100.0,100.0,113.4,112.2,106.8,186.6,,106.1,110.2,95.8,97.5,95.6,358.1,118.7,97.4,97.2,97.7,97.6,93.9,,91.2,100.6,85.3,96.0,,98.1,
200402,93.6,89.8,101.3,101.2,100.9,88.7,88.8,96.4,,82.1,,77.1,94.1,84.3,97.7,87.4,95.2,85.2,104.6,,72.1,,90.7,96.8,82.6,95.2,63.6,60.5,101.1,76.1,96.9,106.2,165.0,93.6,102.7,93.3,90.0,90.2,107.9,94.7,86.6,97.4,74.1,88.7,88.6,91.9,91.8,96.8,79.3,94.0,97.8,90.9,104.3,100.5,99.2,100.4,99.2,96.9,99.8,101.6,97.8,104.6,107.2,107.2,98.6,103.3,96.8,102.7,104.0,102.2,,106.2,106.7,116.2,113.7,104.2,104.6,105.0,102.5,94.5,95.3,94.5,92.6,92.5,102.3,106.3,105.3,109.7,106.1,101.6,118.2,101.6,104.8,101.1,113.1,108.2,,,110.2,116.2,,101.9,112.4,122.5,109.2,101.8,123.8,100.5,116.8,97.9,101.7,74.6,99.2,97.5,,100.5,100.1,99.6,100.0,97.6,98.4,100.0,100.0,99.3,99.6,99.2,99.0,99.3,,94.2,94.1,110.3,112.9,100.8,95.1,100.9,99.4,100.1,103.0,97.3,101.1,101.6,88.9,88.9,93.3,78.0,86.7,,99.3,,,102.0,95.9,91.8,102.2,105.0,90.9,102.0,,122.1,103.4,116.0,100.0,100.0,113.4,112.2,106.8,183.7,,106.1,110.2,95.8,97.5,95.6,358.1,118.7,97.4,97.2,97.7,97.6,93.9,,91.2,100.6,85.3,96.0,,98.1,
200403,96.7,95.9,101.9,101.8,101.8,95.4,89.9,96.4,,80.8,,76.9,94.1,85.1,97.7,101.3,95.2,95.5,104.6,,96.0,,90.7,100.1,87.9,95.2,89.2,87.1,101.5,102.2,96.9,110.7,169.0,106.6,102.7,94.0,90.9,91.1,109.4,94.7,91.5,97.4,72.7,89.5,93.5,91.9,97.3,96.8,77.5,94.0,100.2,96.6,104.3,100.9,100.7,100.2,99.0,103.7,99.8,101.9,97.7,104.5,106.1,106.1,99.8,105.1,98.7,103.2,103.8,102.3,,107.1,106.9,122.5,112.9,106.1,104.4,106.4,103.3,94.5,95.2,94.6,92.7,92.5,102.2,106.1,105.3,109.5,106.1,101.5,118.2,101.5,104.5,101.1,113.0,108.1,,,109.8,115.2,,100.4,113.2,122.4,109.2,101.6,123.3,100.5,116.0,97.9,101.7,74.6,99.1,97.5,,100.7,101.4,100.2,100.0,101.8,100.9,100.0,100.0,99.3,99.6,99.2,99.0,99.3,,94.1,105.1,110.3,112.9,100.8,95.1,100.8,98.5,100.1,103.0,97.3,101.1,101.6,88.9,88.9,93.3,78.2,86.6,,98.9,,,101.6,95.9,90.6,102.2,105.0,90.9,102.0,,122.1,103.4,115.9,100.0,100.0,113.4,112.2,106.8,180.6,,106.1,110.2,95.8,97.5,95.6,358.1,118.7,97.4,97.2,97.7,97.6,93.9,,91.2,100.6,85.3,95.8,,97.9,
200404,100.4,99.6,101.8,101.8,101.2,99.4,99.9,109.0,,97.0,,95.0,105.0,86.8,97.5,101.3,95.4,96.0,104.6,,96.0,,90.7,96.6,87.9,111.6,89.2,87.1,102.2,102.2,96.9,115.0,169.8,105.1,102.1,101.3,101.2,98.1,109.4,94.7,93.6,104.3,90.3,101.8,92.5,91.9,102.5,112.3,99.1,109.9,109.9,102.1,118.8,100.9,101.2,100.7,99.2,104.2,99.8,101.5,97.9,104.3,105.7,105.7,99.8,105.5,98.7,103.1,103.4,102.1,,107.8,106.8,123.7,112.9,105.4,105.4,106.0,103.5,94.8,95.6,94.8,93.3,92.8,101.4,105.8,105.0,108.8,105.6,101.3,117.9,101.0,104.2,100.7,112.6,108.1,,,109.8,115.8,,101.8,116.9,120.9,108.9,101.6,122.4,100.5,114.6,96.6,100.2,74.8,98.9,97.2,,100.6,100.0,100.2,100.0,101.3,100.7,100.0,100.0,99.3,99.6,99.2,99.0,99.3,,93.8,91.8,110.4,112.9,101.4,95.4,100.8,98.5,100.1,103.0,97.3,101.1,101.6,88.5,88.5,93.7,80.2,86.8,,96.9,,,101.4,96.0,91.2,102.2,104.9,90.9,102.3,,122.1,102.2,115.9,100.0,100.0,113.4,112.2,106.8,178.9,,106.8,110.8,96.1,97.7,96.0,362.5,119.5,97.5,97.5,98.0,98.0,94.8,,91.2,100.6,85.3,97.0,,99.1,
200405,101.7,101.8,102.1,102.0,101.4,101.8,100.6,108.3,,97.0,,95.0,104.1,98.3,98.3,101.3,95.4,99.8,117.1,,96.0,,111.5,98.3,99.7,111.4,89.2,87.1,102.4,102.2,96.9,114.8,168.3,104.8,102.2,102.2,102.6,98.9,109.4,105.3,93.6,103.5,90.3,103.7,93.1,111.7,102.5,111.2,99.1,108.4,109.3,102.1,117.7,101.0,101.3,100.6,99.1,105.3,99.8,101.3,97.8,104.7,105.7,105.7,99.7,105.3,98.4,102.9,103.6,101.8,,107.9,107.3,124.0,112.9,105.3,105.4,106.0,103.5,94.8,95.6,94.8,93.3,92.9,101.5,105.9,105.0,109.0,105.5,101.3,117.9,101.1,104.4,100.8,112.9,108.4,,,110.2,114.4,,101.0,118.7,120.8,110.1,101.7,123.0,101.0,114.0,96.6,100.2,74.8,99.0,97.2,,100.8,100.2,100.1,100.0,101.0,100.5,100.0,100.0,99.3,99.6,99.2,99.0,99.3,,93.8,93.4,110.4,112.9,101.4,95.6,100.8,98.5,100.4,103.0,97.3,101.1,101.6,88.6,88.6,93.9,80.7,87.2,,97.5,,,101.5,96.0,91.4,102.0,104.9,90.9,102.5,,122.1,102.2,115.9,100.0,100.0,113.4,112.2,106.8,176.3,,106.9,110.9,96.1,99.1,96.0,362.5,119.5,97.5,97.5,98.0,98.0,94.8,,91.2,100.6,85.3,97.0,,99.1,
200406,101.4,101.6,101.8,102.0,101.1,101.6,100.3,107.0,,97.0,,95.0,102.9,98.3,98.4,101.3,95.4,99.7,116.5,,96.0,,112.0,98.3,99.7,109.1,89.2,87.1,102.8,102.2,96.9,113.9,165.7,103.0,102.4,101.8,102.1,98.6,109.1,104.8,93.6,102.7,90.3,103.1,92.7,109.4,102.5,110.1,99.1,106.5,108.6,102.1,116.0,101.2,101.5,100.4,99.1,106.4,100.0,101.3,98.2,104.6,105.6,105.6,99.5,105.1,98.2,102.9,103.5,102.1,,107.8,107.3,122.8,112.9,105.2,105.4,106.0,103.4,94.8,95.6,94.8,93.3,92.9,101.5,106.0,104.9,108.9,105.6,101.2,117.9,101.2,104.6,101.5,112.9,108.4,,,110.1,113.8,,101.3,116.1,120.7,110.2,101.8,122.7,100.9,113.1,96.6,100.2,74.8,99.0,97.2,,101.4,100.2,99.6,100.0,97.3,98.4,100.0,100.0,99.3,99.6,99.2,99.0,99.3,,93.8,95.2,110.4,112.9,101.4,96.6,100.8,98.5,100.4,103.0,97.3,101.1,101.6,88.4,88.4,95.3,84.7,88.0,,98.0,,,101.5,96.0,91.4,102.2,104.8,90.9,102.0,,122.1,101.5,115.9,100.0,100.0,113.4,112.1,106.8,174.3,,106.9,110.9,96.1,99.1,96.0,362.5,119.5,97.5,97.5,98.0,98.0,94.8,,91.2,100.6,85.3,97.0,,99.1,
200407,97.4,96.7,101.8,101.9,101.1,96.3,95.4,91.1,,97.0,,95.0,89.7,98.3,97.6,101.3,95.4,94.7,92.1,,96.0,,84.3,98.3,99.7,84.4,89.2,87.1,102.9,102.2,96.9,104.9,149.6,83.9,101.5,96.7,94.7,94.0,106.6,91.1,93.6,92.2,90.3,94.6,92.7,88.8,102.5,90.1,99.1,84.8,96.8,102.1,89.5,101.1,101.4,100.3,98.7,106.4,100.0,101.3,98.1,104.6,105.2,105.2,97.8,102.8,95.2,102.7,103.0,101.7,,105.7,107.0,108.3,112.9,101.5,105.5,103.3,101.6,94.8,95.6,94.8,93.5,92.8,101.4,105.9,105.1,108.9,105.5,101.0,117.9,101.0,104.4,102.0,112.4,108.2,,,109.8,114.1,,101.2,113.8,120.7,110.1,101.9,122.1,100.5,112.4,96.6,100.2,74.8,99.0,97.2,,101.7,101.3,100.2,100.0,101.6,100.9,100.0,100.0,99.3,99.6,99.2,99.0,99.3,,93.8,103.9,110.4,112.9,101.4,96.9,100.8,98.5,100.5,103.0,97.3,101.1,101.1,88.2,88.2,95.7,85.3,88.1,,98.1,,,101.5,96.0,91.4,102.2,104.8,90.9,104.5,,122.1,101.9,115.7,100.0,100.0,113.4,112.2,106.8,170.3,,106.9,110.9,96.1,99.1,96.0,362.5,119.5,97.5,97.5,98.0,98.0,94.8,,91.2,100.6,85.3,97.0,,99.1,
200408,95.5,94.4,101.7,101.9,100.9,93.7,93.4,85.0,,97.0,,95.0,82.5,98.3,97.2,101.3,95.4,92.2,83.2,,96.0,,75.0,98.3,99.7,71.1,89.2,87.1,103.6,102.2,96.9,101.2,144.3,75.7,100.9,93.6,90.4,90.9,106.0,83.0,93.6,83.8,90.3,89.7,92.7,74.5,102.5,78.2,99.1,74.8,92.6,102.1,80.2,100.9,101.5,100.3,99.0,106.4,99.7,101.3,97.8,104.5,104.7,104.7,97.6,103.3,95.0,102.8,102.7,101.2,,105.4,106.9,107.1,112.9,100.2,105.0,102.9,101.4,94.8,95.6,94.8,93.5,92.8,101.4,105.9,105.0,109.0,105.6,101.1,117.8,101.1,104.5,102.0,112.5,108.1,,,109.8,114.4,,101.2,113.6,120.9,110.0,101.7,123.0,100.2,113.8,96.7,100.2,74.8,99.0,97.2,,102.1,102.7,100.6,100.0,104.7,102.7,100.0,100.0,99.3,99.6,99.2,99.0,99.3,,93.8,116.9,110.4,112.9,101.4,97.0,100.8,98.5,100.5,103.0,97.3,101.1,101.1,88.3,88.3,95.9,85.5,88.1,,98.1,,,101.5,97.1,92.4,102.2,104.8,90.9,106.1,,122.1,102.1,115.7,100.0,100.0,113.4,112.2,106.8,166.9,,106.9,110.9,96.1,99.1,96.0,362.5,119.5,97.5,97.5,98.0,98.0,94.8,,91.2,100.6,85.3,97.0,,99.1,
200409,101.9,102.1,101.8,102.1,100.9,102.2,98.7,82.3,,109.3,,112.2,80.1,110.6,98.3,101.3,95.4,102.9,102.3,,106.2,,95.7,107.6,114.1,97.5,106.3,108.0,103.9,102.2,96.9,107.4,155.3,76.6,102.2,102.9,103.5,101.0,108.0,96.1,99.2,97.3,104.4,104.2,96.8,75.5,111.8,100.4,117.2,96.9,107.6,111.5,104.4,101.6,103.0,100.4,99.2,112.0,100.0,101.6,98.1,104.4,105.3,105.3,98.9,104.4,97.7,102.8,102.9,101.0,,107.5,107.0,120.6,112.9,100.7,105.4,106.0,102.1,94.7,95.5,94.7,93.6,92.8,101.4,105.9,104.9,108.9,105.6,101.1,117.8,101.2,104.4,101.9,112.9,108.2,,,109.8,112.9,,101.6,116.1,120.7,110.1,101.8,122.0,100.5,113.2,96.7,100.2,74.8,99.0,97.2,,102.2,100.3,99.6,100.0,97.7,98.7,100.0,100.0,99.3,99.6,99.2,99.0,99.3,,93.8,96.0,110.4,112.9,101.4,98.0,100.8,98.5,100.5,102.8,98.0,101.1,101.1,88.1,88.1,97.3,89.3,87.5,,97.4,,,101.5,97.0,92.4,102.2,104.8,90.9,102.0,,122.1,102.1,115.7,100.0,100.0,113.4,112.2,106.8,164.0,,106.9,110.9,96.1,99.1,96.0,362.5,119.5,97.5,97.5,98.0,98.1,94.8,,91.2,100.6,85.3,97.0,,99.1,
200410,103.1,104.4,102.2,102.3,101.3,104.6,103.1,97.1,,108.3,,113.1,94.1,110.9,98.8,101.3,95.4,103.4,102.3,,106.8,,95.7,106.7,117.1,97.5,107.1,107.3,104.1,102.2,96.9,113.6,157.0,93.6,102.9,103.8,104.5,101.5,108.0,96.1,97.8,97.3,107.1,105.9,95.5,92.0,108.6,100.4,118.5,96.9,108.2,111.1,104.4,101.9,103.2,100.5,99.2,112.5,100.4,101.9,98.5,105.0,105.3,105.3,98.8,104.3,97.4,102.9,102.9,101.0,,108.1,107.3,122.0,112.2,103.5,105.5,106.4,101.7,94.7,95.5,94.7,93.7,92.8,101.4,106.0,104.7,109.0,105.6,101.2,117.8,101.3,104.3,101.9,112.2,108.4,,,109.4,112.9,,101.2,112.9,120.1,110.1,101.7,120.1,100.8,113.1,96.7,100.2,74.8,99.0,97.2,,102.2,100.3,100.0,100.0,100.2,100.0,100.0,100.0,99.3,99.6,99.2,99.0,99.3,,93.8,95.2,110.4,112.9,101.4,98.1,100.8,98.5,100.5,102.8,98.0,101.1,101.4,88.0,88.0,97.3,89.5,87.5,,96.1,,,101.5,97.0,92.4,102.2,104.8,90.9,102.0,,122.1,102.1,115.7,100.0,100.0,113.4,112.2,106.8,163.4,,106.9,110.9,96.1,99.1,96.0,362.5,119.5,97.5,97.5,98.0,98.1,94.8,,91.2,100.6,85.3,97.0,,99.1,
200411,103.6,105.5,102.3,102.5,101.5,105.8,104.0,97.1,,108.2,,113.1,94.1,110.3,98.8,112.1,95.4,105.1,102.3,,106.3,,95.7,107.1,115.4,97.5,106.3,106.5,104.3,121.4,96.9,113.6,157.0,93.6,102.9,103.8,104.5,101.7,108.0,96.1,98.9,97.3,107.1,105.6,95.4,92.0,107.4,100.4,118.4,96.9,107.6,110.0,104.4,101.8,103.1,100.5,99.3,112.0,100.3,101.8,98.4,104.9,105.3,105.3,98.7,104.1,97.3,103.0,102.9,100.8,,108.1,107.3,121.0,113.5,103.5,105.4,106.0,101.5,94.8,95.5,94.9,93.8,92.8,101.4,105.9,104.5,109.0,105.7,101.2,117.8,101.1,104.3,101.9,112.6,108.4,,,109.3,112.6,,103.1,111.0,117.8,110.1,101.5,119.5,100.9,113.1,96.7,100.2,74.8,99.6,97.2,,101.3,100.1,99.6,100.0,97.6,98.7,100.0,100.0,99.3,99.6,99.2,99.0,99.3,,93.8,93.8,110.4,112.9,101.4,98.2,100.7,98.5,100.6,102.7,98.0,101.1,99.9,87.8,87.8,97.5,90.0,87.5,,96.2,,,101.5,97.0,92.8,102.2,104.8,90.9,102.0,,122.1,102.1,110.6,100.0,100.0,105.2,112.2,106.8,163.7,,106.9,110.9,96.1,99.1,96.0,362.5,119.5,97.5,97.5,98.0,98.1,94.8,,91.2,100.6,85.3,97.0,,99.1,
200412,103.0,104.6,102.2,102.7,100.6,105.0,102.7,97.1,,105.4,,111.2,94.1,108.7,98.8,109.4,95.4,104.4,102.3,,104.4,,95.7,107.1,113.5,97.5,104.1,103.1,104.3,122.4,96.9,112.8,157.0,93.6,103.1,102.9,103.4,100.8,108.0,96.1,97.2,97.3,104.9,104.3,94.3,92.0,105.8,100.4,115.6,96.9,106.5,107.9,104.4,101.8,102.8,100.6,99.5,110.6,100.5,101.7,99.0,104.8,105.3,105.3,98.5,103.4,97.2,103.0,102.9,100.8,,107.8,107.4,121.4,111.3,103.5,105.1,106.1,101.4,94.8,95.4,94.9,93.5,92.8,101.3,105.8,104.2,109.0,105.3,101.1,117.8,101.2,104.3,101.9,112.4,108.4,,,109.1,112.6,,103.0,110.3,117.9,109.7,101.2,118.3,100.8,113.6,96.7,100.2,74.8,99.6,97.2,,101.3,101.2,99.9,100.0,99.5,99.6,100.0,100.0,99.3,99.6,99.2,99.0,99.3,,94.1,104.0,110.4,112.9,101.4,97.8,100.7,98.5,100.6,102.7,98.0,101.1,99.9,87.8,87.8,97.0,89.2,87.6,,94.2,,,101.5,97.0,92.8,101.7,104.4,90.9,102.4,,122.1,102.1,110.6,100.0,100.0,105.2,112.2,106.8,162.6,,106.9,110.9,96.1,99.1,96.0,362.5,119.5,97.5,97.5,98.0,98.1,94.8,,91.2,100.6,85.3,97.0,,99.1,
200501,96.2,94.4,101.4,102.2,99.4,93.7,93.7,96.9,,91.1,,92.0,94.8,93.5,99.1,93.8,93.9,91.0,96.7,,86.6,,91.3,102.3,95.2,95.7,81.4,76.8,103.7,99.4,95.9,106.0,147.2,94.2,101.2,96.9,95.1,95.0,105.7,96.1,89.8,97.3,88.4,95.0,88.1,92.7,92.7,100.3,94.5,97.5,97.2,89.4,105.1,100.9,99.3,100.4,99.3,97.3,100.8,101.7,99.2,105.2,105.9,105.9,97.7,102.9,95.3,102.2,103.3,101.0,,103.4,108.0,106.0,84.6,105.7,105.0,103.4,101.1,94.9,95.4,95.0,93.8,92.7,101.4,106.0,104.3,109.0,105.3,101.1,117.7,101.2,104.2,102.0,112.1,108.3,105.6,101.5,109.0,110.8,,103.2,109.6,118.0,109.7,101.4,116.7,100.9,113.0,96.9,100.2,74.9,99.6,97.3,,100.9,100.9,100.1,100.0,100.3,100.1,100.0,100.0,99.3,99.7,99.0,99.0,99.4,,94.3,100.2,110.6,112.9,102.6,97.5,101.2,99.5,101.4,103.3,98.6,101.6,100.2,87.9,87.9,96.6,87.8,87.6,73.2,95.1,145.3,,101.5,97.1,92.8,101.9,104.5,90.8,102.5,,122.2,101.9,108.3,100.0,100.0,99.8,113.9,106.8,161.0,107.8,107.0,110.8,96.2,98.9,96.2,362.6,119.6,97.4,97.4,98.1,98.3,94.8,90.7,91.2,100.7,85.3,97.3,96.3,99.2,95.8
200502,93.6,89.9,101.9,102.6,100.0,88.9,90.7,96.9,,86.2,,88.3,94.8,88.0,98.6,88.8,94.1,84.5,96.7,,76.5,,91.3,101.1,86.3,95.7,68.8,69.1,104.0,83.2,95.7,104.7,148.2,94.2,102.1,94.8,92.2,92.4,104.9,96.1,87.7,97.3,80.3,91.3,87.4,92.7,92.1,100.3,82.3,97.5,98.4,91.9,105.1,100.7,99.3,100.4,99.0,98.0,100.7,101.6,98.7,105.8,105.1,105.1,97.5,102.5,95.0,102.0,103.8,100.2,,103.1,107.0,110.3,74.5,106.0,104.8,104.4,101.1,94.9,95.4,94.9,93.9,92.7,101.4,106.0,104.4,109.0,105.4,101.2,117.7,101.2,104.5,102.1,111.8,108.5,105.0,101.5,109.0,110.4,,103.7,108.6,118.3,109.8,101.6,116.3,100.7,112.9,96.9,100.2,74.9,99.6,97.3,,100.5,99.9,99.2,100.0,97.6,98.6,100.0,100.0,99.3,99.7,99.0,99.0,99.4,,94.2,93.1,110.6,112.9,102.6,97.3,101.2,99.5,101.4,103.3,98.6,101.6,100.2,88.1,88.1,96.2,87.0,87.5,73.1,96.6,143.4,,101.5,96.9,92.4,101.8,104.5,90.8,102.1,,122.2,101.9,108.3,100.0,100.0,99.8,113.9,106.8,160.5,102.8,106.9,110.8,96.2,98.9,96.2,362.6,119.6,97.4,97.4,98.1,98.3,94.8,90.7,91.2,100.7,85.3,97.3,96.2,99.2,95.8
200503,98.0,98.9,102.0,102.8,99.7,98.6,90.4,96.9,,81.7,,88.6,94.8,85.7,98.8,101.4,94.1,100.9,120.9,,97.2,,111.6,101.3,90.1,110.4,95.9,95.0,104.2,105.4,95.7,110.2,154.5,108.6,102.6,95.4,92.7,92.4,107.7,96.1,90.1,97.3,77.1,91.6,91.0,92.7,97.4,100.3,79.2,97.5,101.6,98.0,105.1,101.5,101.1,101.0,99.7,103.1,101.1,101.2,99.4,106.1,105.0,105.0,97.6,102.3,95.8,100.8,103.1,100.1,,106.5,107.5,118.9,101.5,106.4,104.7,105.0,102.2,94.9,95.5,95.0,94.0,92.7,101.4,106.0,104.5,109.0,105.5,101.2,117.7,101.2,104.6,102.2,111.7,108.5,105.0,101.4,108.7,111.1,,102.5,108.2,117.6,109.9,100.9,116.9,100.6,110.5,96.9,100.2,74.9,99.6,97.3,,101.0,102.1,100.6,100.0,101.8,100.9,100.0,100.0,99.3,99.7,99.0,99.0,99.4,,94.0,110.9,110.6,112.9,102.6,97.3,101.2,99.5,101.4,103.3,98.6,101.6,100.2,88.0,88.0,96.3,87.2,87.5,73.4,94.6,142.9,,101.6,96.9,92.4,101.8,103.6,90.8,102.1,,122.2,101.9,108.3,100.0,100.0,99.8,113.9,106.8,158.0,108.9,106.9,110.8,96.2,98.9,96.2,362.6,119.6,97.4,97.4,98.1,98.3,94.8,90.7,91.2,100.7,85.3,97.3,96.2,99.1,95.8
200504,101.4,101.6,102.2,102.9,100.3,101.5,100.0,110.3,,97.8,,102.4,107.5,85.5,99.4,101.4,94.0,99.7,115.5,,97.2,,111.3,101.3,87.4,108.9,95.9,95.0,105.4,105.4,95.8,113.9,153.2,106.4,102.6,102.6,102.8,99.3,108.0,96.1,94.4,102.4,95.2,103.8,91.3,92.7,102.2,113.3,103.6,110.4,109.4,103.3,115.5,101.9,102.0,101.3,100.7,105.1,101.2,101.5,99.6,106.0,104.8,104.8,98.1,102.8,96.8,100.6,103.4,100.3,,106.9,107.7,121.2,101.5,106.8,105.1,104.8,102.1,95.0,95.6,95.0,94.2,92.7,101.4,105.9,104.8,108.7,104.9,101.2,117.6,101.2,104.5,102.1,111.3,108.3,104.6,101.4,108.8,112.2,,102.8,110.0,117.2,109.8,100.7,116.1,100.1,109.2,96.9,100.2,75.4,99.6,97.0,,101.5,100.2,100.4,100.0,101.3,100.7,100.0,100.0,99.6,99.6,99.5,99.5,99.2,,93.8,91.7,110.4,112.9,101.4,99.0,101.2,99.5,101.4,103.3,98.6,101.6,100.2,88.1,88.1,98.5,91.7,87.5,73.2,93.9,143.7,,101.6,97.0,92.4,102.0,103.6,86.2,102.4,,131.5,101.9,108.4,100.0,100.0,99.8,113.9,106.8,158.8,109.7,107.5,111.7,96.4,98.7,96.6,367.4,120.2,99.9,97.8,98.2,98.7,95.7,92.0,91.1,100.4,85.3,97.4,96.2,99.6,95.5
200505,102.4,103.1,102.4,103.1,100.5,103.2,101.6,110.2,,97.8,,102.4,106.9,98.6,99.4,101.4,94.0,101.9,114.3,,97.2,,108.8,101.3,101.3,108.5,95.9,95.0,104.9,105.4,95.8,113.6,153.4,105.5,102.0,103.5,104.2,100.1,107.5,106.5,94.4,101.3,95.2,105.6,91.0,114.8,102.2,112.2,103.6,110.2,109.6,103.3,116.0,101.9,101.6,101.2,100.6,103.7,101.4,101.5,99.8,106.7,104.8,104.8,98.0,101.8,96.8,100.9,103.9,100.6,,106.7,107.3,119.4,101.5,106.4,105.1,105.2,102.1,95.1,95.6,95.0,94.3,93.6,101.4,105.9,105.1,108.4,104.7,101.2,117.5,101.1,104.4,102.0,111.6,108.2,104.1,101.4,108.7,111.9,,102.2,110.6,117.3,109.9,100.3,116.3,100.3,107.8,96.9,100.2,75.4,99.6,97.0,,101.8,100.4,100.3,100.0,101.0,100.5,100.0,100.0,99.6,99.6,99.5,99.5,99.2,,93.8,94.8,110.4,112.9,101.4,99.5,101.3,99.5,101.4,103.3,98.6,101.7,100.2,88.2,88.2,99.2,93.0,87.6,73.0,91.1,142.5,,101.6,97.0,92.3,101.9,103.7,86.2,102.6,,131.5,103.0,107.8,100.0,100.0,99.8,113.1,106.8,158.2,105.2,107.6,111.7,96.6,98.8,96.6,367.4,120.2,99.9,97.8,98.2,98.7,95.7,92.0,91.1,100.4,85.3,97.4,96.2,99.6,95.5
200506,102.0,102.5,102.4,103.1,100.6,102.5,101.4,109.2,,97.8,,102.4,106.6,98.6,99.2,101.4,94.0,101.1,109.4,,97.2,,107.6,101.3,101.3,105.3,95.9,95.0,104.9,105.4,95.8,112.5,152.2,103.1,101.4,103.1,103.4,99.6,106.7,105.6,94.4,100.6,95.2,104.7,92.4,112.0,102.2,109.7,103.6,106.8,108.5,103.3,113.9,102.5,102.8,101.5,101.0,107.1,101.7,101.5,100.2,106.5,105.3,105.3,97.8,101.8,96.4,100.4,103.6,101.3,,106.7,107.0,120.0,101.5,106.3,105.1,105.2,102.2,95.1,95.6,95.1,94.3,93.6,101.3,105.9,105.2,108.5,104.5,101.1,117.6,101.1,104.3,102.1,111.9,108.0,104.4,101.3,108.4,111.1,,102.9,113.5,117.2,109.9,100.3,114.5,100.1,106.1,96.9,100.2,75.4,99.6,97.0,,101.4,99.7,99.0,100.0,97.1,98.4,100.0,100.0,99.6,99.6,99.5,99.5,99.1,,93.8,91.9,110.4,112.9,101.4,99.2,101.2,99.5,101.7,102.6,98.6,101.7,100.2,88.1,88.1,98.7,91.9,87.6,73.2,91.0,141.2,,101.7,97.3,92.2,101.9,103.7,86.2,102.1,,131.5,103.0,107.6,100.0,100.0,99.8,113.1,106.8,156.8,93.4,107.6,111.7,96.6,98.8,96.6,367.4,120.2,99.9,97.8,98.2,98.7,95.7,92.0,91.1,100.4,85.3,97.4,96.2,99.6,95.5
200507,97.6,97.4,101.9,102.5,100.1,97.0,97.0,91.4,,97.8,,102.4,91.2,98.6,99.4,101.4,94.0,95.6,83.5,,97.2,,82.2,101.3,101.3,84.3,95.9,95.0,104.6,105.4,95.8,103.1,135.4,84.9,99.7,97.3,95.1,93.4,103.5,92.8,94.4,87.3,95.2,96.1,92.4,91.3,102.2,89.9,103.6,85.5,96.2,103.3,89.2,102.2,102.7,101.4,100.6,107.1,101.4,101.2,99.6,107.6,105.3,105.3,96.4,101.0,93.7,100.9,104.1,101.1,,103.9,106.8,103.9,101.5,103.6,105.0,103.2,101.0,95.1,95.6,95.1,94.3,93.6,101.2,105.7,105.1,108.4,104.4,101.0,117.5,101.0,104.2,102.0,111.2,107.4,104.9,101.3,107.8,110.8,,102.0,110.1,116.6,109.7,100.3,113.6,100.0,104.1,96.9,100.2,75.4,99.6,97.0,,102.0,100.9,100.5,100.0,101.6,100.9,100.0,100.0,99.6,99.6,99.5,99.5,99.1,,93.8,99.3,110.4,112.9,101.4,99.7,101.2,99.4,101.7,102.6,98.6,101.7,100.2,87.6,87.6,99.4,93.6,87.6,73.3,90.7,139.4,,101.7,97.3,92.2,101.7,103.7,86.2,104.7,,131.5,103.0,107.8,100.0,100.0,99.8,113.1,106.8,153.5,110.0,107.6,111.7,96.6,98.8,96.6,367.4,120.2,99.9,97.8,98.2,98.7,95.7,92.0,91.1,100.4,85.3,97.4,96.2,99.6,95.5
200508,95.8,95.4,100.8,101.4,98.8,95.0,95.6,85.3,,97.8,,102.4,85.7,98.6,99.6,101.4,94.0,93.4,74.2,,97.2,,72.1,101.3,101.3,73.0,95.9,95.0,104.3,105.4,95.8,100.0,130.0,77.8,100.1,94.5,91.2,90.4,103.3,86.4,94.4,80.4,95.2,91.6,92.4,81.0,102.2,80.5,103.6,70.7,92.1,103.3,81.0,102.1,102.7,101.5,100.6,107.1,101.4,101.4,99.5,107.1,104.0,104.0,95.9,99.7,93.1,100.7,103.6,100.2,,103.4,106.6,105.5,101.5,102.8,103.7,102.2,99.7,95.2,95.6,95.2,94.3,93.6,101.2,105.7,105.0,108.4,104.5,101.1,117.4,101.0,104.1,102.0,110.6,107.5,105.0,101.3,107.8,110.6,,102.2,110.4,116.8,109.4,100.1,113.9,100.2,103.5,96.9,100.2,75.4,99.6,97.0,,102.7,102.5,101.6,100.0,104.7,102.6,100.0,100.0,99.6,99.6,99.5,99.5,99.1,,93.8,112.9,110.4,112.9,101.4,100.5,101.1,99.4,101.7,102.3,98.6,101.7,100.2,87.4,87.4,100.4,96.3,87.6,73.3,90.5,137.2,,101.7,97.2,92.2,101.7,103.2,86.2,106.4,,131.5,102.9,107.8,100.0,100.0,99.8,113.1,106.8,151.2,107.3,107.6,111.7,96.6,98.8,96.6,367.4,120.2,99.9,97.8,98.2,98.7,95.7,92.0,91.1,100.4,85.3,97.4,96.2,99.6,95.5
200509,102.9,104.3,101.6,102.3,99.7,104.5,102.1,82.7,,110.6,,115.7,81.6,113.4,100.5,101.4,94.0,105.5,103.0,,101.0,,98.9,110.0,113.9,98.4,107.2,106.0,105.6,105.4,95.8,106.5,146.2,80.3,100.6,103.8,104.1,100.2,105.6,97.9,99.3,94.4,106.6,105.6,98.0,84.7,113.9,101.1,117.2,96.7,108.6,114.2,103.1,103.0,104.1,101.6,100.7,112.7,101.9,102.7,100.1,107.2,104.2,104.2,97.3,102.1,95.2,101.4,102.7,100.5,,106.0,107.1,118.1,101.5,105.1,104.8,104.7,101.8,95.2,95.7,95.2,94.3,93.6,101.1,105.7,104.6,108.4,104.3,101.1,117.4,100.8,104.1,101.9,111.1,107.5,104.7,101.4,107.7,110.0,,101.6,109.5,116.6,109.9,100.1,114.1,100.9,103.3,96.9,100.2,75.4,99.6,97.0,,102.5,100.3,99.2,100.0,97.6,98.7,100.0,100.0,99.6,99.6,99.5,99.5,99.1,,93.8,97.4,110.4,112.9,101.4,100.9,101.5,101.7,102.1,102.0,98.9,101.7,99.6,87.2,87.2,101.0,97.9,87.6,73.6,90.3,135.3,,101.7,97.4,92.2,101.7,103.3,86.2,102.1,,131.5,102.9,107.6,100.0,100.0,99.8,113.1,106.8,151.4,94.4,107.6,111.7,96.6,98.8,96.6,367.4,120.2,99.9,97.8,98.2,98.7,95.7,92.0,91.1,100.4,85.3,97.4,96.2,99.6,95.5
200510,103.9,106.0,101.6,102.3,99.8,106.3,105.9,98.1,,110.7,,114.3,96.6,113.6,100.8,101.4,94.0,105.7,103.0,,101.1,,98.9,109.2,114.0,98.4,106.3,107.1,106.6,105.4,95.8,110.7,145.3,95.2,101.5,104.5,105.1,101.0,106.6,97.9,99.7,94.4,108.5,106.9,97.8,96.8,114.7,101.1,117.2,96.7,107.9,112.7,103.1,103.1,104.4,101.8,100.9,113.0,101.8,103.4,99.8,106.8,104.8,104.8,97.6,103.5,95.5,100.2,102.4,100.9,,106.9,106.8,118.6,109.9,105.5,104.8,104.9,101.5,95.2,95.6,95.2,94.4,93.6,101.0,104.6,104.2,108.1,104.1,101.1,117.3,100.8,104.2,101.9,111.1,107.1,104.8,94.5,108.1,110.4,,101.9,108.1,118.3,109.9,100.3,115.2,101.2,105.9,96.9,100.2,75.4,99.6,97.0,,102.5,100.3,100.0,100.0,100.1,100.0,100.0,100.0,99.5,99.5,99.5,99.5,99.1,,93.8,95.1,110.0,112.9,100.1,101.0,101.5,101.7,102.1,102.0,98.9,101.8,99.6,87.1,87.1,101.1,98.2,87.6,73.1,90.3,133.5,,101.7,97.4,92.2,101.7,103.3,86.2,102.1,,131.5,102.9,107.6,100.0,100.0,99.8,113.1,106.8,149.4,91.0,107.6,111.7,96.6,98.8,96.6,367.4,120.2,99.9,97.8,98.2,98.7,95.7,92.0,91.1,100.4,85.3,97.4,96.2,99.6,95.5
200511,104.4,107.0,101.7,102.3,100.1,107.5,106.5,98.1,,110.2,,114.3,96.6,112.7,100.3,113.0,94.0,107.5,103.0,,101.9,,98.9,107.0,112.5,98.4,105.2,107.7,106.8,124.9,95.8,110.1,144.3,95.2,100.6,104.4,104.9,100.7,106.5,97.9,98.9,94.4,108.1,106.6,96.8,96.8,113.5,101.1,117.5,96.7,108.8,114.8,103.1,103.1,104.3,101.6,100.9,113.1,101.8,103.2,99.7,106.8,105.5,105.5,97.4,102.7,95.5,100.3,101.6,101.1,,107.0,107.1,117.8,111.3,105.5,104.8,104.9,102.1,95.2,95.7,95.2,94.4,94.2,101.1,105.5,104.1,107.9,104.0,101.0,117.2,100.6,104.2,101.9,110.3,106.9,105.0,101.4,107.8,110.8,,101.4,106.7,118.2,109.9,100.1,113.7,100.2,107.0,96.9,100.2,75.4,99.6,97.0,,101.2,100.0,99.2,100.0,97.7,98.7,100.0,100.0,99.6,99.6,99.5,99.5,99.1,,93.8,94.7,110.0,112.9,100.1,100.7,101.4,101.1,102.3,102.0,98.9,101.8,99.6,87.0,87.0,100.6,97.6,88.1,73.4,90.5,134.8,,100.9,97.4,92.1,101.7,103.1,86.2,102.1,,131.5,102.0,103.2,100.0,100.0,99.8,105.6,106.8,147.4,73.6,107.6,111.7,96.6,98.8,96.6,367.4,120.2,99.9,97.8,98.2,98.7,95.7,92.0,91.1,100.4,85.3,97.4,96.2,99.6,95.5
200512,104.2,106.7,101.7,102.3,99.9,107.1,105.8,98.1,,108.6,,113.5,96.6,111.6,100.1,112.3,94.0,107.3,103.0,,101.5,,98.9,108.5,112.6,98.4,104.1,105.8,106.8,127.1,95.8,110.2,144.3,95.2,101.1,104.0,104.5,100.5,106.5,97.9,98.9,94.4,107.5,106.0,97.7,96.8,113.4,101.1,114.9,96.7,108.9,114.9,103.1,102.9,104.1,101.7,100.8,112.0,101.6,103.6,99.6,106.2,105.8,105.8,97.6,102.6,95.9,100.5,101.6,101.0,,106.9,107.4,118.0,109.3,105.6,104.8,104.7,102.2,95.2,95.8,95.2,94.5,94.2,100.6,104.0,103.9,107.8,103.6,101.1,117.4,100.7,104.2,102.0,110.0,106.9,104.5,90.6,107.1,110.6,,100.6,103.3,118.1,109.7,100.0,112.2,98.4,105.4,96.9,100.2,75.4,99.6,97.0,,101.3,101.3,99.8,100.0,99.4,99.6,100.0,100.0,99.6,99.6,99.5,99.5,99.1,,94.0,106.2,110.0,112.9,100.1,100.2,101.4,101.0,102.2,102.0,98.9,101.8,99.6,87.0,87.0,100.1,96.2,88.1,73.3,90.3,136.7,,100.9,97.4,92.1,101.7,103.2,86.2,102.4,,131.5,102.0,103.5,100.0,100.0,99.8,105.6,106.8,145.7,94.7,107.6,111.7,96.6,98.8,96.6,367.4,120.2,99.9,97.8,98.2,98.7,95.7,92.0,91.1,100.4,85.3,97.4,96.2,99.6,95.5
200601,96.7,95.1,101.0,101.5,99.5,94.6,93.8,98.1,,91.5,,88.3,96.6,96.1,99.4,94.7,92.0,93.1,103.0,,86.5,,98.9,90.2,90.6,98.4,81.9,85.8,103.4,103.4,95.8,103.3,132.2,95.2,101.1,97.9,96.2,95.0,103.4,97.9,93.2,94.4,90.7,96.5,94.2,96.8,98.2,101.1,92.1,96.7,99.4,95.6,103.1,101.9,100.9,101.8,101.0,99.4,101.7,103.6,99.6,106.5,105.6,105.6,96.9,102.2,94.6,100.0,100.8,101.4,,102.5,107.3,105.5,82.7,104.0,104.8,103.4,99.9,95.4,96.0,95.5,94.5,93.7,101.0,105.4,104.0,108.0,103.8,101.1,117.3,100.6,104.2,102.0,109.9,107.1,104.7,101.3,107.1,111.1,,101.1,103.3,119.2,109.3,100.1,112.6,97.7,104.6,96.9,100.2,75.4,100.4,97.0,,101.1,100.7,100.0,100.0,100.1,100.0,100.0,100.0,99.6,99.7,99.6,99.6,99.1,,94.2,98.6,110.0,112.9,100.1,100.1,101.4,100.9,102.2,101.8,98.9,101.8,99.6,87.1,87.1,100.0,95.9,88.1,73.7,90.0,136.2,,100.9,97.4,92.0,101.7,103.2,86.2,102.5,,131.5,102.0,103.5,100.0,100.0,99.8,105.6,106.8,146.0,96.7,107.6,111.7,96.6,98.8,96.6,367.4,120.2,99.9,97.8,98.2,98.7,95.7,92.0,91.1,100.4,85.3,97.4,96.2,99.6,95.5
200602,94.8,92.1,101.2,101.7,99.4,91.3,90.5,98.1,,87.1,,83.6,96.6,88.9,99.3,88.0,91.7,89.3,103.0,,78.9,,98.9,94.4,91.6,98.4,68.7,79.3,106.1,89.2,96.3,102.5,136.5,95.2,101.0,95.6,92.7,92.7,104.7,97.9,94.0,94.4,80.6,91.7,92.5,96.8,97.6,101.1,76.6,96.7,101.5,100.0,103.1,101.9,101.1,102.0,101.1,99.8,101.5,102.8,99.3,107.3,105.9,105.9,96.9,101.6,94.5,99.9,101.4,101.4,,103.5,108.1,113.4,77.4,104.6,104.6,104.3,101.1,95.5,96.1,95.6,94.5,93.7,101.0,105.4,104.0,108.4,103.7,101.0,117.3,100.6,104.3,102.1,109.7,107.1,104.2,101.6,107.5,110.8,,101.8,105.1,120.6,109.3,100.1,112.2,97.7,106.4,96.9,100.2,75.4,100.4,97.0,,101.0,99.7,99.1,100.0,97.4,98.5,100.0,100.0,99.7,99.8,99.6,99.7,99.1,,94.1,91.3,110.0,112.9,100.1,100.4,101.4,101.0,102.2,101.8,98.9,101.8,99.6,86.9,86.9,100.2,96.6,88.2,73.9,90.2,133.8,,100.9,97.4,92.1,101.7,103.2,86.2,102.1,,131.5,102.0,103.4,100.0,100.0,99.8,105.6,106.8,144.8,93.2,107.6,111.7,96.6,98.8,96.6,367.4,120.2,99.9,97.8,98.2,98.7,95.7,92.0,91.1,100.4,85.3,97.5,96.3,99.6,95.5
200603,98.8,100.0,101.5,102.0,100.1,99.9,91.3,98.1,,85.8,,85.2,96.6,87.0,98.8,102.0,91.7,103.1,114.4,,95.1,,109.5,103.2,99.2,112.7,95.6,98.7,107.2,111.2,96.2,108.5,148.7,108.4,101.4,96.2,93.6,93.2,106.4,97.9,96.9,94.4,79.7,92.5,92.9,96.8,102.1,101.1,76.6,96.7,103.6,104.2,103.1,102.2,102.7,102.1,101.1,105.5,101.4,102.6,99.5,106.1,105.5,105.5,97.9,102.1,96.8,99.9,101.0,101.1,,105.9,107.2,117.9,98.1,105.8,104.4,104.5,102.4,95.7,96.2,95.9,94.5,93.6,101.0,105.3,103.9,107.8,103.2,101.0,117.0,100.6,104.2,102.1,109.7,107.1,103.7,101.5,107.1,111.2,,100.0,104.5,121.6,108.2,100.0,112.9,97.5,107.2,96.9,100.2,75.4,100.4,97.0,,101.6,102.0,100.6,100.0,101.8,100.9,100.0,100.0,99.7,99.8,99.6,99.7,99.1,,93.9,111.2,110.0,112.9,100.1,100.6,101.3,101.0,102.2,101.8,98.9,101.8,99.0,87.0,87.0,100.5,97.5,88.4,73.8,89.4,132.8,,100.9,97.4,92.0,101.7,102.6,86.2,102.1,,131.5,102.0,103.4,100.0,100.0,99.8,105.6,106.8,146.9,88.6,107.6,111.7,96.6,98.8,96.6,367.4,120.2,99.9,97.8,98.2,98.7,95.7,92.0,91.7,100.4,86.3,97.5,96.3,99.8,95.5
200604,102.2,102.8,101.0,101.5,99.8,103.0,100.5,109.6,,100.7,,102.2,109.6,84.2,99.5,102.0,91.8,102.5,113.8,,95.1,,108.8,103.2,96.7,111.9,95.6,98.7,106.8,111.2,96.1,112.0,148.4,106.8,100.6,103.2,103.5,99.9,106.3,97.9,97.3,101.1,97.4,104.3,93.9,96.8,107.6,110.9,101.8,110.3,111.3,108.0,114.7,102.5,103.1,102.3,101.3,106.5,101.5,102.6,99.7,106.2,105.5,105.5,98.1,102.8,97.5,99.8,100.9,100.8,,105.8,106.3,118.5,98.1,105.6,104.6,104.4,103.4,96.0,96.5,96.2,94.8,93.9,100.2,105.2,104.1,107.7,103.5,100.9,116.3,100.6,104.2,102.0,109.2,107.1,103.2,101.7,107.3,111.3,,99.5,106.1,123.0,108.5,100.3,113.7,97.4,106.2,95.5,98.4,75.8,100.4,96.9,,101.3,100.0,100.4,100.0,101.3,100.7,100.0,100.0,99.7,99.8,99.6,99.7,98.7,,93.7,90.7,110.0,112.9,99.9,100.7,101.2,100.5,102.2,101.8,98.9,101.8,99.0,87.1,87.1,100.8,97.7,88.5,73.8,91.7,132.4,,100.9,97.3,92.0,101.7,102.1,86.2,102.4,,135.5,102.0,103.3,100.0,100.0,99.8,105.6,106.8,148.3,82.5,108.3,112.5,96.6,99.8,97.2,370.7,120.9,99.9,98.3,98.5,98.3,96.6,93.3,91.3,99.4,86.3,98.1,96.5,100.6,96.5
200605,103.0,103.9,101.1,101.6,99.7,104.2,102.5,109.6,,100.7,,102.2,109.1,101.0,99.1,102.0,91.8,103.4,110.7,,95.1,,108.2,103.2,103.9,111.9,95.6,98.7,107.2,111.2,96.1,112.3,148.4,106.8,101.3,104.1,104.9,101.2,105.7,107.7,97.3,101.9,97.4,106.0,92.7,117.6,107.6,110.4,101.8,110.6,111.1,108.0,114.3,102.2,102.6,101.9,100.8,106.1,101.4,102.1,99.9,105.4,105.8,105.8,98.1,102.8,97.3,99.7,101.6,100.5,,105.7,105.5,118.4,98.1,105.5,104.6,104.7,103.4,96.2,96.5,96.5,94.9,94.5,100.0,104.3,104.1,107.7,103.3,100.7,116.2,100.7,104.3,102.1,109.8,107.0,103.8,94.8,107.3,110.3,,100.2,106.1,122.7,108.3,100.5,115.1,98.6,103.5,95.5,98.4,75.9,100.4,96.9,,102.0,100.1,100.3,100.0,101.0,100.5,100.0,100.0,99.7,99.8,99.6,99.7,98.7,,93.7,92.7,110.0,112.9,99.9,102.0,101.2,100.5,102.2,101.8,98.9,101.8,99.0,87.2,87.2,102.5,101.8,88.7,74.0,91.6,132.0,,100.9,97.3,92.0,101.8,101.9,86.2,102.6,,135.5,102.0,103.3,100.0,100.0,99.8,105.6,106.8,144.4,81.0,108.3,112.5,96.8,99.8,97.2,370.7,120.9,99.9,98.3,98.5,98.3,96.6,93.3,91.3,99.4,86.3,98.1,96.5,100.6,96.5
200606,102.9,103.6,101.3,101.7,99.8,103.8,102.3,108.8,,100.7,,102.2,108.3,101.0,99.1,102.0,91.8,103.0,108.9,,95.1,,106.6,103.2,103.9,110.4,95.6,98.7,106.7,111.2,96.1,111.7,148.4,105.5,100.7,104.1,104.8,101.2,105.7,107.2,97.3,102.3,97.4,105.7,95.2,117.2,107.6,109.0,101.8,108.1,111.3,108.0,114.7,102.7,103.3,102.1,101.4,107.6,101.6,102.3,99.9,106.1,105.9,105.9,98.1,102.9,97.3,99.2,101.3,100.7,,105.6,105.6,118.4,98.1,105.4,104.6,104.4,103.6,96.3,96.6,96.5,94.9,94.5,100.1,105.2,104.2,107.6,103.2,100.6,116.3,100.7,104.3,102.0,110.0,106.8,103.8,101.6,107.0,110.3,,100.3,104.6,121.9,108.2,100.5,115.2,97.7,103.8,95.5,98.4,75.9,100.4,96.9,,101.9,99.5,99.1,100.0,97.2,98.5,100.0,100.0,99.7,99.8,99.6,99.7,98.7,,93.7,90.3,110.0,112.9,99.9,102.0,101.2,100.5,102.2,101.8,98.9,101.8,99.0,87.3,87.3,102.4,101.8,88.9,74.2,90.5,129.7,,101.0,97.3,92.0,101.6,101.9,86.2,102.1,,135.5,102.0,103.4,100.0,100.0,99.8,105.6,106.8,145.5,88.5,108.3,112.5,96.8,99.8,97.2,370.7,120.9,99.9,98.3,98.5,98.3,96.6,93.3,91.3,99.4,86.3,98.1,96.5,100.6,96.5
200607,98.9,99.0,101.0,101.5,99.4,98.9,98.5,93.0,,100.7,,102.2,96.1,101.0,97.9,102.0,91.8,98.1,87.1,,95.1,,85.3,103.2,103.9,88.7,95.6,98.7,104.9,111.2,96.1,103.0,132.0,89.0,99.0,98.7,97.1,96.6,103.3,94.5,97.3,93.5,97.4,97.1,95.2,96.4,107.6,88.5,101.8,88.6,99.6,108.0,91.2,102.6,103.5,102.3,101.7,107.6,101.3,101.8,99.5,106.5,105.7,105.7,97.6,102.7,96.2,99.0,101.4,100.6,,103.0,104.2,103.1,98.1,103.0,104.7,102.9,102.1,96.2,96.6,96.5,95.0,94.4,100.2,105.1,104.1,108.0,103.2,100.6,116.1,100.6,104.2,102.0,110.1,106.3,103.7,101.6,107.3,110.2,,99.6,104.9,121.6,108.0,100.5,117.6,97.7,106.2,95.5,98.4,75.9,100.4,96.9,,102.2,100.8,100.5,100.0,101.6,100.9,100.0,100.0,99.7,99.8,99.6,99.7,98.7,,93.7,98.8,110.0,112.9,99.9,102.2,101.2,100.5,102.2,101.8,98.9,101.8,99.0,87.5,87.5,102.7,102.5,89.0,74.7,90.4,127.2,,101.0,97.3,92.0,101.5,101.9,86.2,104.7,,135.5,102.0,103.3,100.0,100.0,99.8,105.6,104.1,142.4,87.9,108.3,112.5,96.8,99.8,97.2,370.7,120.9,99.9,98.3,98.5,98.3,96.6,93.3,91.3,99.4,86.3,98.1,96.5,100.6,96.5
200608,97.0,96.7,100.8,101.3,99.0,96.3,97.0,87.1,,100.7,,102.2,89.8,101.0,97.9,102.0,91.8,95.2,74.8,,95.1,,73.4,103.2,103.9,73.2,95.6,98.7,104.7,111.2,96.1,99.3,126.0,80.7,99.3,96.1,93.3,95.0,103.2,88.5,97.3,90.4,97.4,92.5,95.2,83.0,107.6,79.5,101.8,74.3,94.4,108.0,81.0,102.3,103.4,102.2,101.6,107.6,101.1,101.3,99.3,106.5,105.9,105.9,97.4,102.2,96.2,99.4,101.0,99.5,,102.6,104.0,105.1,98.1,102.5,104.5,101.4,102.8,96.3,96.7,96.5,95.0,94.4,100.2,105.2,104.3,107.7,103.5,100.7,115.7,100.7,104.3,101.9,110.5,106.6,103.7,101.6,107.5,109.2,,101.0,107.2,122.7,108.0,100.6,116.9,97.8,105.3,95.5,98.4,75.9,99.8,96.9,,103.5,102.5,101.6,100.0,104.7,102.6,100.0,100.0,99.7,99.8,99.6,99.7,98.7,,93.8,112.9,110.0,112.9,100.0,103.8,101.2,100.5,102.2,101.8,98.9,101.8,99.0,87.6,87.6,104.9,108.0,89.2,74.5,89.9,125.6,,101.0,97.3,92.0,101.5,101.9,86.2,106.4,,135.5,101.6,103.2,100.0,100.0,99.8,105.6,104.1,140.3,84.5,108.4,112.5,96.8,99.8,97.2,370.7,120.9,99.9,98.3,98.5,98.3,96.6,93.3,91.3,99.4,86.3,98.2,96.8,100.7,96.5
200609,103.4,105.2,101.1,101.6,99.3,105.5,102.9,81.8,,111.9,,117.9,86.8,113.7,99.3,102.0,91.8,107.1,101.6,,104.7,,98.6,112.0,113.4,101.5,108.2,108.4,107.2,111.2,96.1,105.7,140.8,80.7,99.9,103.6,103.9,101.8,106.2,99.4,101.3,97.8,106.1,104.4,102.3,76.0,111.7,99.7,116.0,98.4,108.4,113.8,103.2,102.9,104.7,102.5,102.0,112.0,101.1,101.3,99.4,106.5,105.7,105.7,98.4,103.4,98.4,98.8,100.1,99.1,,105.1,104.1,118.0,98.1,104.4,104.7,103.5,104.2,96.4,96.7,96.7,95.1,94.4,100.2,105.1,104.2,107.7,103.1,100.5,115.5,100.6,104.2,101.9,110.3,106.8,103.9,101.6,107.9,109.5,,101.1,104.7,122.2,108.0,100.6,123.0,98.3,104.9,95.5,98.4,76.0,99.8,96.9,,102.9,99.8,99.2,100.0,97.6,98.7,100.0,100.0,99.7,99.8,99.6,99.7,98.7,,93.8,92.7,110.0,112.9,100.0,103.8,101.2,100.5,102.2,101.8,98.9,101.8,99.0,87.8,87.8,104.8,108.0,89.2,74.2,89.1,124.7,,101.0,97.3,92.0,101.5,101.9,86.2,102.1,,135.5,101.8,103.3,100.0,100.0,99.8,105.6,106.8,139.0,81.2,108.4,112.5,96.8,99.8,97.2,370.7,120.9,99.9,98.3,98.5,98.3,96.6,93.3,91.3,99.4,86.3,98.2,96.8,100.7,96.5
200610,104.8,107.2,101.4,101.9,99.8,107.8,106.7,98.3,,112.1,,117.6,100.0,113.6,99.5,102.0,91.8,107.8,101.6,,105.2,,98.6,112.1,115.2,101.5,109.7,109.1,107.7,111.2,96.1,110.7,141.8,96.9,101.5,104.7,105.4,102.5,106.2,99.4,101.7,97.8,108.5,106.6,102.0,98.0,110.2,99.7,117.5,98.4,107.5,111.9,103.2,103.1,104.6,102.3,101.8,112.0,101.5,101.3,99.6,107.6,106.0,106.0,98.4,103.7,98.4,98.8,100.5,99.3,,106.7,104.8,119.1,112.4,105.2,104.4,104.1,104.1,96.4,96.8,96.7,95.1,94.4,101.2,105.1,104.0,107.6,103.0,100.6,115.6,100.5,104.1,101.9,110.6,106.8,104.1,101.6,108.0,109.3,,101.6,104.3,121.4,108.1,100.7,123.0,98.0,107.1,97.2,100.3,76.0,99.8,96.9,,102.5,99.7,100.0,100.0,100.1,100.0,100.0,100.0,99.7,99.7,99.6,99.7,98.7,,93.8,89.2,109.7,112.9,98.6,103.0,101.2,100.4,102.2,101.8,98.9,101.8,99.0,87.8,87.8,103.8,105.5,89.2,74.8,90.1,124.4,,101.0,97.3,92.1,101.5,101.9,86.2,102.1,,135.5,101.8,103.2,100.0,100.0,99.8,105.6,106.8,138.6,75.2,108.4,112.5,96.8,99.8,97.2,370.7,120.9,99.9,98.3,98.5,98.3,96.6,93.3,91.3,99.4,86.3,98.2,96.8,100.7,96.5
200611,105.0,107.7,101.4,101.9,99.8,108.3,107.1,98.3,,111.1,,116.7,100.0,112.7,100.0,112.7,91.8,108.5,101.6,,104.8,,98.6,111.8,115.6,101.5,108.6,106.6,107.5,123.5,96.1,111.1,142.3,96.9,101.5,104.5,105.2,102.5,106.4,99.4,102.2,97.8,108.1,106.4,102.0,98.0,108.0,99.7,118.0,98.4,107.6,112.1,103.2,102.9,104.5,102.5,101.8,111.3,101.2,101.2,99.7,106.0,106.3,106.3,98.7,103.3,99.0,98.6,100.3,99.5,,106.9,105.4,118.3,113.4,105.2,104.5,104.3,104.1,96.5,96.9,96.8,95.2,94.4,101.2,105.0,103.9,107.8,103.1,100.6,115.3,100.4,104.1,102.0,109.8,106.7,104.3,101.7,108.2,110.6,,101.5,104.8,122.2,107.9,101.2,122.9,98.1,107.2,97.2,100.3,76.0,99.8,96.9,,101.8,99.5,99.2,100.0,97.5,98.7,100.0,100.0,99.7,99.7,99.6,99.7,98.7,,93.8,90.4,110.0,112.9,100.0,101.8,101.2,100.4,102.2,101.8,99.3,101.7,99.2,87.9,87.9,102.2,101.8,89.2,73.2,90.0,121.4,,101.0,97.3,92.1,101.5,101.9,86.2,102.1,,135.5,101.8,103.1,100.0,100.0,99.8,105.3,106.8,136.9,85.0,108.4,112.5,96.8,99.8,97.2,370.7,120.9,99.9,98.3,98.5,98.3,96.6,93.3,91.3,99.4,86.3,98.2,96.8,100.7,96.5
200612,104.7,107.2,101.4,101.9,99.8,107.8,106.3,98.3,,108.9,,116.3,100.0,111.8,100.0,110.0,91.8,108.2,101.6,,105.1,,98.6,112.4,115.6,101.5,107.4,105.6,107.4,123.3,96.1,110.2,141.1,96.9,101.5,104.4,105.0,102.2,106.4,99.4,101.2,97.8,107.7,106.3,101.1,98.0,108.6,99.7,117.5,98.4,107.2,111.4,103.2,103.0,104.1,102.3,101.8,110.0,101.4,101.3,100.1,105.5,107.1,107.1,98.4,102.8,98.6,98.4,99.9,99.8,,106.8,105.1,118.7,113.8,105.0,104.4,104.1,104.3,96.6,96.9,96.8,95.3,94.4,101.1,104.8,103.7,107.6,102.7,100.6,114.8,100.4,104.1,101.9,109.5,106.5,104.2,101.7,108.2,111.4,,101.2,103.2,120.8,107.9,101.1,124.9,97.6,105.3,97.2,100.3,76.0,99.8,96.9,,101.6,100.4,99.8,100.0,99.4,99.6,100.0,100.0,99.7,99.7,99.6,99.7,98.8,,94.1,96.8,110.0,112.9,100.0,101.3,101.2,100.4,102.2,101.8,99.3,101.7,99.2,88.2,88.2,101.6,100.3,89.6,74.6,90.0,120.3,,100.8,97.3,92.0,101.6,101.8,86.2,102.4,,135.5,101.7,103.1,100.0,100.0,99.8,105.3,106.8,136.4,83.3,108.4,112.5,96.8,99.8,97.2,370.7,120.9,99.9,98.3,98.5,98.3,96.6,93.3,91.3,99.4,86.3,98.2,96.8,100.7,96.5
200701,97.3,96.0,100.6,101.1,99.3,95.6,94.8,98.3,,92.2,,92.7,100.0,96.3,99.2,92.8,92.4,94.2,101.6,,88.7,,98.6,95.2,96.2,101.5,87.3,84.4,105.7,99.9,92.9,103.9,131.3,96.9,100.1,97.9,96.2,96.4,103.4,99.4,95.4,97.8,90.0,96.0,93.7,98.0,88.1,99.7,96.6,98.4,98.0,93.0,103.2,101.7,100.8,102.5,101.6,97.2,101.2,101.3,100.1,104.8,106.6,106.6,98.1,102.3,98.1,98.2,100.6,99.7,,102.0,104.3,107.3,85.6,102.4,104.3,102.2,102.6,96.7,97.0,97.0,95.3,94.4,100.7,103.4,103.8,107.7,102.7,100.5,114.7,100.5,104.1,102.0,109.3,106.1,103.6,90.9,108.0,111.6,,100.7,102.4,121.0,108.0,100.8,123.8,97.2,105.0,97.2,100.3,76.0,99.8,96.9,,101.5,100.2,100.0,100.0,100.1,100.0,100.0,100.0,99.7,99.8,99.6,99.7,98.8,,94.3,93.2,110.0,112.9,100.0,101.1,101.4,100.4,102.3,102.1,99.3,101.7,99.8,88.7,88.7,101.2,99.3,89.7,73.7,90.5,121.9,,100.3,97.6,92.0,101.6,101.8,89.0,102.5,,135.5,101.7,103.2,100.0,100.0,99.8,105.4,106.8,136.6,85.6,108.4,112.5,96.8,99.8,97.2,370.7,120.9,99.9,98.3,98.5,98.3,96.6,93.3,91.3,99.4,86.3,98.6,97.7,100.7,96.5
200702,95.1,92.0,101.1,101.5,99.9,91.2,90.7,98.3,,85.8,,86.2,100.0,88.9,100.1,85.7,92.3,88.8,101.6,,83.9,,98.6,93.1,92.1,101.5,74.4,79.4,107.3,76.6,92.8,103.1,135.5,96.9,101.4,96.1,93.7,93.8,104.2,99.4,95.0,97.8,79.2,92.8,95.2,98.0,93.3,99.7,82.0,98.4,100.7,98.3,103.2,101.7,101.2,102.8,102.4,97.0,101.1,101.4,100.1,104.4,105.8,105.8,98.8,102.5,99.7,98.1,100.5,99.2,,102.5,103.3,113.9,78.8,103.5,104.4,103.5,103.3,96.7,97.1,97.0,95.6,94.6,100.7,103.4,103.8,107.6,102.8,100.7,114.5,100.6,104.0,102.1,110.1,106.1,103.0,90.9,107.7,112.0,,100.5,102.0,119.7,107.7,100.9,122.5,96.8,106.6,97.2,100.3,76.0,99.8,96.9,,100.6,99.6,99.2,100.0,97.6,98.6,100.0,100.0,99.7,99.8,99.6,99.7,98.8,,94.2,90.3,110.0,112.9,100.0,100.2,101.4,100.4,102.3,102.3,99.3,101.7,99.8,89.7,89.7,100.0,96.4,90.0,73.8,89.8,122.3,,100.3,97.7,92.1,101.6,101.8,89.0,102.1,,135.5,101.7,102.0,100.0,100.0,100.0,103.1,106.8,138.4,83.3,108.5,112.5,96.8,99.8,97.2,370.7,120.9,99.9,98.3,98.5,98.3,96.6,93.3,92.7,99.4,88.7,98.6,97.9,100.7,96.5
200703,99.2,99.9,101.2,101.7,99.6,99.8,90.9,98.3,,84.6,,83.6,100.0,86.3,99.3,100.3,92.4,103.5,114.2,,98.7,,107.5,106.1,101.2,112.9,99.2,99.0,107.7,105.9,92.8,107.4,141.1,109.6,101.3,96.8,94.5,94.3,105.6,99.4,98.4,97.8,78.3,93.4,98.5,98.0,100.3,99.7,78.8,98.4,103.5,104.1,103.2,102.0,102.6,102.8,102.4,102.3,101.1,101.3,100.2,103.7,105.4,105.4,99.4,103.5,100.0,98.1,101.5,100.0,,105.4,103.5,117.7,100.8,105.1,104.5,104.3,104.0,96.9,97.1,97.1,95.7,94.6,101.0,104.6,103.3,107.6,102.5,100.7,114.5,100.4,104.1,101.9,110.0,106.1,103.0,101.7,107.6,111.2,,100.3,104.6,119.3,107.5,100.5,121.7,97.5,105.5,97.2,100.3,76.1,99.9,96.9,,100.5,100.5,100.6,100.0,101.8,100.9,100.0,100.0,99.7,99.8,99.6,99.7,98.8,,94.0,95.3,110.0,112.9,100.0,100.2,101.4,100.4,102.3,102.3,99.3,101.7,99.8,90.5,90.5,99.9,96.3,90.5,73.9,88.9,121.2,,100.1,97.7,92.0,101.5,101.6,89.0,102.1,,135.5,101.7,101.0,100.0,100.0,100.0,101.2,106.8,142.3,82.2,108.5,112.5,96.8,99.8,97.2,370.7,120.9,99.9,98.3,98.5,98.3,96.6,93.3,92.7,99.4,88.7,98.7,98.0,100.7,96.5
200704,102.9,103.4,101.2,101.7,99.8,103.6,101.1,111.2,,100.9,,104.4,109.6,84.6,99.3,100.3,92.4,103.5,111.8,,98.7,,107.8,106.1,103.1,112.3,99.2,99.0,107.0,105.9,92.8,111.1,140.4,107.6,101.7,103.8,104.4,100.7,106.2,99.4,99.3,102.5,96.8,105.4,98.8,98.0,102.9,112.7,103.7,112.3,111.1,106.4,116.1,102.3,103.3,103.0,102.5,104.7,101.2,101.7,100.5,102.8,105.7,105.7,99.5,103.9,100.0,98.2,101.8,99.9,,105.7,104.7,118.7,100.8,105.3,104.7,104.1,104.2,96.9,97.2,97.1,95.9,94.6,101.2,104.8,103.8,107.6,103.0,100.7,114.0,100.6,104.1,101.9,110.7,106.0,103.2,101.7,107.6,111.1,,100.3,105.6,118.3,107.4,100.7,121.8,97.9,106.8,97.4,100.3,77.8,99.9,97.7,,100.7,100.3,100.4,100.0,101.3,100.7,100.0,100.0,99.7,99.8,99.6,99.7,98.8,,93.8,93.3,110.0,112.9,100.0,100.6,101.4,100.4,102.3,102.3,99.3,101.7,99.8,91.4,91.4,100.5,97.4,91.6,75.1,89.3,119.0,,100.1,98.0,92.1,101.6,101.6,89.0,102.4,,136.2,101.7,101.0,100.0,100.0,100.0,101.2,106.8,142.4,82.5,109.1,113.2,97.4,100.2,97.6,374.4,121.5,99.9,98.8,98.6,98.4,97.1,94.5,92.7,99.4,88.7,99.2,98.5,100.8,97.5
200705,103.6,104.3,100.9,101.3,99.6,104.6,103.2,111.2,,100.9,,104.4,109.6,101.0,99.4,100.3,92.4,104.1,111.7,,98.7,,107.8,106.1,106.6,111.5,99.2,99.0,107.3,105.9,92.8,110.7,139.9,106.7,101.5,105.1,106.2,101.7,105.7,108.1,99.3,102.8,96.8,107.9,101.3,120.2,102.9,112.9,103.7,112.0,110.8,106.4,115.4,102.5,103.4,102.7,102.3,105.9,101.3,101.9,101.1,101.0,105.5,105.5,99.5,103.8,99.6,98.3,102.1,99.7,,105.7,104.5,118.4,100.8,105.1,104.6,104.3,104.6,97.0,97.2,97.2,95.9,94.6,101.2,104.8,104.2,107.5,103.1,100.7,114.1,100.5,104.2,101.9,110.0,105.6,103.0,101.7,107.9,110.6,,100.4,104.4,117.0,108.0,100.8,123.6,98.1,108.4,97.5,100.3,77.8,99.9,97.7,,101.4,100.3,100.3,100.0,101.0,100.5,100.0,100.0,99.8,99.9,99.8,99.8,98.8,,94.1,93.7,110.0,112.9,100.0,101.8,101.4,100.4,102.3,102.3,99.3,101.7,99.8,91.9,91.9,102.1,101.6,91.5,75.9,89.2,114.4,,100.1,98.0,92.1,101.6,101.6,89.0,102.6,,136.2,101.7,101.0,100.0,100.0,100.0,101.2,106.8,141.4,76.5,109.1,113.2,97.4,100.2,97.6,374.4,121.5,99.9,98.8,98.6,98.4,97.1,94.5,92.7,99.4,88.7,99.2,98.5,100.8,97.5
200706,103.3,103.9,100.7,101.0,99.6,104.2,103.0,110.1,,100.9,,104.4,109.4,101.0,99.8,100.3,92.4,103.7,108.8,,98.7,,106.9,106.1,106.6,110.9,99.2,99.0,108.8,105.9,92.8,110.2,138.9,105.8,101.2,104.5,105.4,101.6,105.6,108.7,99.3,102.4,96.8,106.7,99.4,119.8,102.9,110.0,103.7,109.9,110.3,106.4,114.3,102.2,103.3,102.5,102.2,105.9,101.1,102.0,100.9,100.7,105.4,105.4,99.5,104.4,99.6,98.4,101.5,100.2,,105.6,105.1,118.1,100.8,104.7,104.5,104.2,103.6,96.9,97.2,97.1,95.9,94.6,101.1,104.6,104.4,107.4,102.6,100.7,113.5,100.7,104.1,101.9,110.0,106.1,103.6,101.6,107.4,109.8,,99.8,103.9,115.7,107.6,100.9,123.4,97.8,106.9,97.5,100.3,78.0,100.0,97.7,,101.7,99.8,99.1,100.0,97.3,98.6,100.0,100.0,100.0,100.0,99.9,100.0,98.8,,94.1,93.0,110.0,112.9,100.0,102.6,101.5,100.4,102.4,102.5,99.3,101.7,99.8,92.1,92.1,103.1,104.2,92.1,75.8,87.8,113.3,,100.2,98.0,92.0,101.6,101.6,89.0,102.1,,136.2,101.7,101.0,100.0,100.0,100.0,101.2,106.8,140.1,82.9,109.1,113.2,97.4,100.2,97.6,374.4,121.5,99.9,98.8,98.6,98.4,97.1,94.5,92.7,99.4,88.7,99.2,98.5,100.8,97.5
200707,99.5,99.5,100.6,100.8,99.8,99.4,99.0,93.7,,100.9,,104.4,95.2,101.0,99.1,100.3,92.4,99.1,89.3,,98.7,,86.0,106.1,106.6,90.4,99.2,99.0,106.0,105.9,92.8,102.0,125.4,87.8,100.8,99.3,98.1,96.6,102.8,95.1,99.3,92.9,96.8,98.8,99.4,99.3,102.9,91.8,103.7,91.5,99.8,106.4,93.4,102.0,103.2,102.3,102.0,105.9,100.9,101.7,100.8,100.4,104.7,104.7,98.7,104.1,98.2,97.9,101.2,100.5,,102.9,104.9,100.3,100.8,102.5,104.7,102.4,102.9,97.0,97.2,97.3,95.9,94.6,100.9,103.8,104.3,107.4,102.9,100.8,113.5,100.7,104.2,101.9,110.2,106.3,103.0,94.7,107.4,110.8,,99.5,103.6,113.7,107.5,100.8,123.7,98.2,106.6,97.5,100.3,78.0,100.2,97.7,,102.3,101.1,100.5,100.0,101.6,100.9,100.0,100.0,100.0,100.0,99.9,100.0,98.8,,94.1,101.2,110.0,112.9,100.1,103.3,101.5,100.4,102.4,102.5,99.7,101.7,99.8,92.6,92.6,103.9,105.9,92.5,76.0,88.6,116.3,,100.2,98.0,92.0,101.6,101.6,89.0,104.7,,136.2,101.7,101.0,100.0,100.0,100.0,101.2,106.8,140.7,82.0,109.1,113.2,97.4,100.2,97.6,374.4,121.5,99.9,98.8,98.6,98.4,97.1,94.5,92.7,99.4,88.7,99.1,98.4,100.8,97.5
200708,97.8,97.5,100.6,100.9,99.7,97.3,97.1,86.7,,100.9,,104.4,87.8,101.0,98.8,100.3,92.4,97.1,82.0,,98.7,,77.4,106.1,106.6,76.9,99.2,99.0,106.4,105.9,92.8,98.0,119.2,79.1,101.1,96.7,94.4,94.2,103.4,90.7,99.3,86.7,96.8,94.8,99.4,87.8,102.9,84.7,103.7,78.0,93.5,106.4,80.8,101.9,103.2,102.5,102.1,105.9,100.6,101.5,100.5,100.0,104.3,104.3,98.8,102.8,98.9,96.9,100.8,100.2,,102.5,103.6,104.2,100.8,101.6,104.8,101.5,102.6,97.1,97.3,97.4,96.0,94.6,101.0,104.5,104.0,107.4,102.5,100.7,113.3,100.6,104.2,101.9,110.3,106.1,103.0,101.7,106.9,109.6,,99.2,104.4,114.2,107.5,100.6,122.9,98.0,104.0,97.5,100.3,78.0,100.2,97.7,,103.3,102.9,101.6,100.0,104.7,102.6,100.0,100.0,100.0,100.0,99.9,100.0,98.8,,94.1,116.9,110.0,112.9,100.1,104.2,101.5,100.4,102.4,102.5,99.7,101.7,99.8,92.9,92.9,105.2,109.0,92.4,75.8,87.9,115.6,,100.2,98.0,92.0,101.6,101.6,89.0,106.4,,136.2,101.7,101.0,100.0,100.0,100.0,101.2,106.8,135.5,81.2,109.1,113.2,97.4,100.2,97.6,374.4,121.5,99.9,98.8,98.6,98.4,97.1,94.5,92.7,99.4,88.7,99.1,98.4,100.8,97.5
200709,104.0,105.1,100.5,100.9,99.2,105.5,103.4,82.7,,113.4,,119.6,84.1,113.6,99.0,100.3,92.4,107.0,103.0,,108.8,,98.9,109.4,113.7,102.4,111.1,108.0,106.3,105.9,92.8,104.6,132.0,79.1,103.9,105.1,106.3,102.2,105.4,100.6,101.6,97.4,108.0,107.9,105.7,84.6,113.4,102.4,119.9,100.8,110.1,116.4,104.0,102.5,104.4,102.5,102.1,110.7,100.8,101.4,100.6,100.7,104.7,104.7,99.5,104.1,99.9,97.3,100.5,100.7,,104.8,103.5,115.6,100.8,103.6,104.6,104.1,103.5,97.2,97.6,97.6,96.1,94.6,100.6,103.2,103.7,107.0,102.1,100.9,113.0,100.7,104.0,101.9,109.9,106.1,103.0,91.1,106.5,109.2,,99.7,102.4,114.2,107.2,100.8,122.0,97.7,102.0,97.6,100.3,78.6,100.2,97.7,,102.4,100.0,99.2,100.0,97.7,98.7,100.0,100.0,100.0,100.0,99.9,100.0,98.8,,94.5,94.4,110.0,112.9,100.1,103.8,101.4,100.4,102.3,102.5,99.7,101.7,99.8,93.3,93.3,104.6,107.8,92.2,77.6,87.8,113.8,,100.2,98.0,92.2,101.6,101.6,89.0,102.1,,136.2,101.7,101.0,100.0,100.0,100.0,101.2,106.8,135.5,78.9,109.1,113.2,97.4,100.2,97.6,374.4,121.5,99.9,98.8,98.6,98.4,97.1,94.5,92.7,99.4,88.7,99.1,98.4,100.8,97.5
200710,105.1,107.0,101.0,101.2,100.2,107.5,107.4,99.2,,113.1,,120.2,99.3,113.6,99.6,100.3,92.4,107.1,103.0,,108.4,,98.9,110.5,112.5,102.4,111.5,109.0,106.8,105.9,92.8,110.0,133.2,96.5,105.9,105.8,107.2,102.5,105.7,100.6,101.8,97.4,108.8,109.2,105.9,102.3,113.0,102.4,118.8,100.8,110.4,116.9,104.0,102.3,103.9,102.2,102.0,109.1,101.0,101.4,100.8,101.2,104.4,104.4,100.0,104.3,100.6,97.6,101.2,100.0,,105.8,102.7,115.7,114.0,104.1,104.4,104.0,103.8,97.3,97.6,97.6,96.1,95.2,100.7,103.1,103.3,107.0,102.0,100.8,112.3,100.9,104.0,102.0,110.1,106.0,103.0,91.2,106.8,109.5,,99.8,103.7,113.5,107.7,100.2,122.9,97.6,102.7,97.6,100.3,78.7,100.1,97.7,,102.7,100.3,100.0,100.0,100.1,100.0,100.0,100.0,99.9,99.9,99.9,99.9,98.8,,94.6,94.4,110.2,112.9,100.3,104.1,101.4,100.4,102.3,102.5,99.7,101.7,99.8,93.4,93.4,105.0,108.7,92.1,92.9,87.9,113.0,,100.4,98.0,92.3,101.6,101.5,89.0,102.1,,136.2,101.7,101.0,100.0,100.0,100.0,101.2,106.8,134.0,80.8,109.1,113.2,97.4,100.2,97.6,374.4,121.5,99.9,98.8,98.6,98.4,97.1,94.5,92.7,99.4,88.7,99.1,98.4,100.8,97.5
200711,105.7,108.5,101.0,101.4,99.8,109.1,108.8,99.2,,112.7,,121.8,99.3,113.3,99.7,115.0,92.4,109.2,103.0,,108.5,,98.9,112.5,113.5,102.4,111.7,108.4,106.9,124.6,92.8,110.0,132.9,96.5,106.4,105.4,106.7,101.9,105.4,100.6,99.8,97.4,108.3,108.7,106.0,102.3,111.8,102.4,117.7,100.8,109.9,115.9,104.0,102.2,103.9,102.3,102.1,108.8,100.7,100.9,100.6,100.9,104.8,104.8,100.0,103.4,100.9,97.6,102.2,100.0,,105.8,102.8,114.8,113.9,103.9,104.4,104.2,104.1,97.5,97.8,97.8,96.3,95.2,100.9,104.4,103.6,107.0,101.9,100.8,112.8,101.1,104.0,102.1,109.9,106.1,103.0,101.7,106.4,108.6,,100.5,102.0,111.2,107.4,100.1,123.2,98.3,101.2,97.6,100.3,78.7,99.7,97.7,,103.4,100.0,99.1,100.0,97.3,98.6,100.0,100.0,99.9,99.9,99.9,99.9,98.8,,94.7,94.3,110.2,112.9,100.4,105.4,101.4,100.4,102.3,102.4,100.0,101.7,99.8,93.5,93.5,106.7,112.8,92.5,94.5,89.2,115.2,,100.4,98.0,92.3,101.5,101.2,89.0,102.1,,136.2,101.7,100.9,100.0,100.0,100.0,101.1,106.8,133.3,76.5,109.1,113.2,97.4,100.2,97.6,374.4,121.5,99.9,98.8,98.6,98.4,97.1,94.5,92.7,99.4,88.7,99.1,98.4,100.8,97.5
200712,105.3,107.6,101.3,101.7,99.8,108.2,107.3,99.2,,110.1,,119.6,99.3,111.8,99.8,112.2,92.4,108.3,103.0,,105.0,,98.9,112.1,113.3,102.4,109.4,107.0,107.4,123.4,92.8,110.2,134.2,96.5,106.3,105.1,106.2,101.6,105.6,100.6,98.8,97.4,107.3,108.3,106.5,102.3,111.2,102.4,116.2,100.8,109.3,114.6,104.0,102.5,104.1,102.6,102.3,109.0,101.0,101.2,100.7,101.5,104.6,104.6,100.2,103.9,101.0,97.6,102.0,100.4,,106.0,103.5,115.2,114.4,103.9,104.3,104.5,104.2,97.6,97.8,98.0,96.5,95.8,100.7,103.9,103.0,107.0,101.8,100.7,112.5,101.1,104.0,102.0,110.0,105.9,103.0,98.4,106.1,107.9,,100.1,100.2,111.6,107.0,100.0,122.5,98.2,102.1,97.6,100.3,78.8,100.1,97.7,,104.3,101.3,99.7,100.0,99.3,99.5,100.0,100.0,99.9,99.9,99.9,99.9,98.8,,98.5,101.5,110.2,112.9,100.4,106.7,101.4,100.4,102.3,102.4,100.0,101.7,99.8,93.5,93.5,108.4,116.7,93.3,96.8,89.9,110.9,,100.9,98.0,92.7,101.5,101.2,89.0,102.4,,136.2,101.7,100.9,100.0,100.0,100.0,101.1,106.8,133.6,82.2,109.1,113.2,97.4,100.2,97.6,374.4,121.5,99.9,98.8,98.6,98.4,97.1,94.5,92.7,99.4,88.7,99.1,98.4,100.8,97.5
200801,98.1,96.6,101.0,101.5,99.6,96.2,96.1,99.2,,93.8,,94.7,99.3,96.3,99.2,94.7,96.6,94.4,103.0,,88.0,,98.9,93.6,94.0,102.4,87.8,87.0,106.5,97.0,97.3,104.3,124.4,96.5,104.9,98.6,97.3,95.4,103.8,100.6,91.2,97.4,88.6,98.1,100.1,102.3,95.2,102.4,92.7,100.8,100.3,96.7,104.0,101.2,100.5,102.5,102.0,95.2,101.0,101.1,100.7,101.6,104.7,104.7,100.7,104.1,99.7,97.5,102.4,100.4,,100.6,103.5,99.5,84.0,100.8,104.3,101.9,103.3,98.0,98.2,98.4,96.9,96.3,100.9,104.2,103.0,107.0,101.5,100.7,111.9,101.1,104.0,102.1,109.9,105.9,102.7,101.7,106.2,108.0,,99.8,99.7,111.0,107.1,100.7,123.0,99.0,101.9,97.6,100.3,79.2,100.1,97.7,,104.2,101.5,100.0,100.0,100.1,100.0,100.0,100.0,99.9,99.9,99.9,99.9,98.8,,99.4,102.6,110.2,112.9,100.2,106.3,101.5,100.4,102.3,102.4,100.0,101.7,100.5,94.0,94.0,107.8,115.2,93.4,98.5,90.1,109.9,,101.1,98.0,92.7,101.5,101.0,90.1,102.5,,136.2,101.7,100.9,100.0,100.0,99.9,101.1,106.8,133.2,82.3,109.1,113.2,97.4,100.2,97.6,374.4,121.5,99.9,98.8,98.6,98.4,97.1,94.5,92.7,99.4,88.7,99.4,99.3,100.8,97.5
200802,95.7,92.7,101.1,101.4,100.2,92.0,92.9,99.2,,88.4,,90.4,99.3,89.6,99.8,88.9,97.2,89.0,103.0,,83.2,,98.9,93.1,90.6,102.4,76.1,77.0,106.4,80.0,98.6,103.3,125.7,96.5,105.3,96.2,94.0,93.4,103.5,100.6,92.0,97.4,80.2,93.7,99.1,102.3,91.2,102.4,80.2,100.8,99.2,94.4,104.0,101.3,101.0,102.2,101.8,98.0,100.8,101.2,100.4,101.7,104.6,104.6,101.0,104.0,100.7,97.1,101.3,99.9,,101.2,103.1,108.6,76.4,101.6,104.3,102.6,104.3,98.0,98.2,98.3,97.1,96.3,100.8,104.1,102.9,107.2,101.7,100.6,111.3,101.1,104.0,102.2,109.8,105.8,101.3,101.7,106.0,108.1,,98.9,99.8,112.6,107.2,101.0,121.7,98.8,100.4,97.6,100.3,79.3,100.3,97.7,,103.7,100.4,99.2,100.0,97.7,98.6,100.0,100.0,99.9,99.9,99.9,99.9,98.9,,99.4,94.3,109.9,112.6,100.2,105.9,101.6,100.4,102.5,102.4,100.0,101.7,100.5,94.3,94.3,107.3,113.9,94.0,100.4,90.1,109.6,,101.1,98.0,93.6,101.5,101.1,90.1,102.1,,136.2,101.7,100.9,100.0,100.0,99.9,101.1,106.8,132.4,82.3,109.2,113.2,97.4,100.2,97.6,374.4,121.5,99.9,98.8,98.6,98.4,97.1,94.5,92.7,99.4,88.7,99.6,99.9,100.8,97.5
200803,99.6,100.2,101.2,101.5,100.2,100.2,92.8,99.2,,87.0,,88.8,99.3,84.5,99.4,102.7,97.7,102.7,110.3,,100.3,,109.9,105.2,94.8,114.4,101.2,99.4,107.0,106.3,98.9,108.7,132.7,112.8,105.9,97.1,95.0,93.7,104.5,100.6,94.4,97.4,79.3,94.4,101.9,102.3,99.5,102.4,76.9,100.8,104.6,105.2,104.0,101.9,102.5,102.4,102.0,103.3,101.0,101.0,101.0,101.1,104.2,104.2,100.9,103.8,100.9,97.6,100.8,99.9,,104.8,103.6,116.2,100.5,103.0,104.2,104.3,104.4,98.2,98.5,98.6,97.3,96.3,100.8,104.0,102.8,106.8,101.6,100.7,110.9,101.1,104.0,102.2,109.5,105.8,100.8,101.7,106.1,108.1,,99.2,100.1,112.5,107.6,100.9,121.0,99.3,101.0,97.6,100.3,79.3,100.2,97.7,,104.1,101.5,100.6,100.0,101.8,100.9,100.0,100.0,99.9,99.9,99.9,99.9,98.9,,99.4,99.9,109.9,112.6,100.2,106.2,101.6,100.4,102.5,102.4,100.0,101.7,100.5,94.2,94.2,107.6,114.5,95.5,100.1,88.6,109.8,,101.2,98.0,94.2,101.5,100.7,90.1,102.1,,136.2,101.7,100.9,100.0,100.0,99.9,101.1,106.8,130.6,82.3,109.2,113.2,97.4,100.2,97.6,374.4,121.5,99.9,98.8,98.6,98.4,97.1,94.5,92.7,99.4,88.7,99.7,100.0,100.9,97.5
200804,103.4,103.6,101.3,101.6,100.3,103.8,102.3,111.4,,102.6,,107.8,109.3,81.1,100.6,102.7,97.2,102.9,110.6,,100.3,,108.4,105.2,96.9,113.4,101.2,99.4,106.9,106.3,98.3,112.1,132.9,111.0,106.2,104.5,105.6,101.4,105.2,100.6,97.1,105.5,97.2,106.9,102.6,102.3,105.0,113.3,103.2,115.7,112.9,108.6,117.3,101.7,102.4,102.1,101.6,103.6,100.9,101.1,100.8,101.0,104.0,104.0,101.2,104.3,101.4,97.9,100.2,99.3,,104.6,103.3,116.2,100.5,103.0,103.9,104.4,104.3,98.7,99.0,99.0,97.4,96.6,100.7,103.9,102.7,106.9,101.3,100.3,110.9,101.1,103.9,102.1,110.2,106.1,99.2,101.8,105.4,104.7,,99.5,102.5,112.1,106.4,101.4,120.2,99.6,101.5,97.7,99.8,82.2,100.3,99.9,,100.4,101.2,100.4,100.0,101.3,100.7,100.0,100.0,100.0,100.0,100.0,99.9,98.9,,99.3,98.0,109.9,112.6,100.2,99.8,100.2,100.4,100.8,100.7,98.3,100.1,98.9,95.7,95.7,99.8,98.0,97.8,101.5,89.2,111.5,,100.9,98.1,95.0,101.0,100.8,90.1,102.4,,100.0,101.7,100.9,100.0,100.0,99.9,101.1,106.8,129.8,82.2,109.9,113.9,97.7,100.0,98.3,378.8,122.2,100.0,99.2,99.3,99.6,98.3,96.7,92.7,99.4,88.7,99.7,99.0,101.0,98.7
200805,104.0,104.7,101.1,101.3,100.4,105.0,104.7,111.0,,102.6,,107.8,109.5,100.5,101.0,102.7,97.2,103.8,107.7,,100.3,,107.1,105.2,103.7,113.5,101.2,99.4,107.5,106.3,98.3,111.4,131.9,109.3,105.9,105.0,106.5,102.0,105.4,108.3,97.1,104.9,97.2,108.0,102.3,119.8,105.0,111.9,103.2,113.7,112.0,108.6,115.3,101.6,102.4,102.1,101.4,103.8,100.6,101.1,100.5,100.5,104.5,104.5,100.9,104.1,101.1,98.0,99.4,99.3,,104.6,103.4,114.8,100.5,103.0,104.1,104.4,104.9,99.0,99.2,99.2,97.6,96.6,100.7,103.8,103.2,107.0,101.2,100.3,110.1,101.2,104.0,102.1,109.6,105.7,101.5,101.8,105.4,104.5,,99.2,101.6,112.3,106.4,101.7,120.2,99.6,101.6,97.7,99.8,82.2,99.8,99.9,,104.4,101.4,100.3,100.0,101.0,100.5,100.0,100.0,100.0,100.0,100.0,99.9,98.9,,99.3,100.6,109.9,112.6,100.2,106.8,101.5,100.4,102.5,102.4,100.0,101.7,99.7,96.1,96.1,108.5,119.9,97.8,102.9,89.1,110.2,,100.9,98.6,95.8,101.0,100.9,90.1,102.6,,100.0,101.7,100.9,100.0,100.0,99.9,101.1,106.8,128.5,82.2,109.9,114.0,97.9,100.0,98.3,378.8,122.2,100.0,99.2,99.3,99.6,98.3,96.7,92.7,99.4,88.7,99.7,98.9,101.0,98.7
200806,103.8,104.2,101.2,101.3,100.8,104.5,104.2,108.5,,102.6,,107.8,108.6,100.5,101.3,102.7,97.2,103.4,104.7,,100.3,,108.6,105.2,103.7,112.2,101.2,99.4,107.0,106.3,98.3,110.6,130.3,107.9,106.1,104.9,106.2,101.7,104.9,106.6,97.1,104.9,97.2,107.9,103.3,118.6,105.0,112.0,103.2,111.7,111.1,108.6,113.8,101.7,102.3,101.8,101.2,104.6,100.8,101.1,100.7,100.6,104.4,104.4,101.0,104.0,101.0,98.2,99.6,99.4,,104.5,103.1,115.5,100.5,102.7,103.8,104.3,104.7,99.1,99.5,99.4,97.7,96.6,100.6,103.8,103.5,106.9,100.9,100.4,109.5,101.2,103.9,102.2,109.8,105.7,102.2,101.8,105.1,105.0,,98.2,99.6,111.0,107.1,101.7,118.4,98.7,101.6,97.7,99.8,82.2,100.3,99.9,,106.1,101.0,99.1,100.0,97.2,98.5,100.0,100.0,100.0,100.0,100.0,99.9,98.9,,99.3,100.8,109.9,112.6,100.2,109.7,101.5,100.4,102.5,102.4,100.0,101.7,99.7,96.5,96.5,112.4,129.5,98.0,103.4,90.6,108.7,,100.9,98.6,96.3,101.0,100.9,90.1,102.1,,100.0,101.7,101.4,100.0,100.0,99.9,101.9,106.8,127.5,93.0,109.9,114.0,97.9,100.0,98.3,378.8,122.2,100.0,99.2,99.3,99.6,98.3,96.7,92.7,99.4,88.7,99.7,98.9,101.0,98.7
200807,99.8,99.8,100.9,100.9,100.8,99.7,100.4,93.2,,102.6,,107.8,93.9,100.5,100.6,102.7,97.2,98.5,84.6,,100.3,,82.9,105.2,103.7,91.4,101.2,99.4,104.1,106.3,98.3,102.7,118.3,90.8,104.7,99.1,97.9,96.3,103.5,91.1,97.1,93.8,97.2,98.7,103.3,97.3,105.0,89.7,103.2,90.5,99.7,108.6,91.0,101.6,102.3,101.7,101.0,104.6,100.7,100.9,100.6,100.7,104.3,104.3,100.0,104.0,98.7,98.6,100.4,102.4,,102.0,102.5,100.5,100.5,100.4,103.9,102.7,103.6,99.2,99.8,99.6,97.6,96.6,100.6,103.7,103.6,106.1,100.5,100.6,108.6,101.1,104.2,102.2,109.0,105.8,103.1,101.8,105.2,104.0,,99.0,100.0,111.2,106.8,101.6,120.1,98.3,102.1,97.7,99.8,82.2,100.3,99.9,,107.6,102.3,100.5,100.0,101.6,100.9,100.0,100.0,100.0,100.0,100.0,100.0,98.9,,99.3,109.1,109.9,112.6,100.2,111.9,101.5,100.4,102.5,102.4,100.0,101.7,99.7,96.8,96.8,115.2,136.3,98.7,103.6,90.6,110.2,,101.0,98.7,96.6,100.9,100.9,90.1,104.7,,100.0,101.6,101.4,100.0,100.0,99.9,101.9,106.8,126.2,92.9,109.9,114.0,97.9,100.0,98.3,378.8,122.2,100.0,99.2,99.3,99.6,98.3,96.7,92.7,99.4,88.7,99.7,98.9,101.0,98.7
200808,98.1,97.8,100.9,101.0,100.9,97.5,98.9,87.2,,102.6,,107.8,88.3,100.5,100.7,102.7,97.2,96.2,74.3,,100.3,,76.6,105.2,103.7,79.0,101.2,99.4,103.4,106.3,98.3,99.7,114.9,82.2,105.6,96.4,94.0,94.0,102.8,86.0,97.1,88.7,97.2,94.3,103.3,84.9,105.0,81.0,103.2,77.2,94.0,108.6,79.6,101.6,102.3,101.8,101.0,104.6,100.7,101.0,100.3,101.6,103.9,103.9,100.2,104.5,99.2,98.4,98.5,101.9,,101.9,102.0,103.1,100.5,100.0,103.6,102.3,102.7,99.3,99.7,99.6,97.7,97.2,100.5,103.4,103.3,104.9,100.4,100.4,108.1,101.3,104.0,102.2,108.1,105.4,102.8,101.8,104.8,104.0,,97.9,102.0,110.1,106.3,102.1,119.0,98.5,100.2,97.8,99.8,82.2,100.4,99.9,,108.1,103.8,101.6,100.0,104.7,102.6,100.0,100.0,100.0,100.0,100.0,100.0,99.1,,99.3,121.4,109.9,112.6,100.2,112.3,101.5,100.4,102.5,102.4,100.0,101.7,99.7,96.4,96.4,115.8,137.8,98.1,103.2,90.9,108.1,,100.6,98.7,97.0,100.9,100.9,90.1,106.4,,100.0,101.6,101.4,100.0,100.0,99.9,101.9,106.8,123.1,92.7,109.9,114.0,97.9,100.0,98.3,378.8,122.2,100.0,99.2,99.3,99.6,98.3,96.7,92.7,99.4,88.7,99.7,98.9,101.0,98.7
200809,104.5,105.9,100.7,100.9,100.3,106.4,104.7,82.9,,114.8,,119.5,84.0,115.5,101.4,102.7,97.2,107.7,98.7,,106.9,,98.9,113.3,114.3,104.0,112.4,110.9,107.2,106.3,98.3,105.2,125.3,83.2,107.3,104.4,105.3,102.9,104.5,98.0,102.3,99.5,109.1,106.3,104.7,79.2,112.4,101.6,117.7,101.7,108.1,113.0,103.4,102.0,103.5,101.9,101.0,109.3,100.8,101.1,100.4,101.6,104.3,104.3,101.6,104.7,102.3,98.7,98.2,101.7,,104.0,103.1,113.4,100.5,102.2,103.2,103.7,104.4,99.6,99.9,99.9,97.9,97.9,100.7,103.8,102.6,104.9,106.8,100.6,107.9,100.9,103.9,102.2,108.5,105.2,102.7,101.8,105.3,103.8,,101.1,101.1,109.6,106.3,102.0,118.9,98.8,103.1,97.8,99.8,82.2,100.3,99.9,,106.3,101.3,99.2,100.0,97.6,98.7,100.0,100.0,100.0,100.0,100.0,100.0,99.1,,99.3,103.0,109.9,112.6,100.2,110.0,101.5,100.4,102.5,102.4,100.0,102.0,99.5,96.8,96.8,112.7,130.1,100.2,103.6,95.0,107.1,,100.5,98.7,97.0,100.8,100.9,90.1,102.1,,100.0,101.6,101.4,100.0,100.0,99.9,101.9,106.8,123.8,92.8,109.8,114.0,97.9,100.2,98.3,378.8,122.2,100.0,99.2,99.3,99.8,98.4,96.7,92.7,99.4,88.7,99.5,98.6,100.9,98.7
200810,105.7,107.7,100.5,100.4,100.7,108.4,108.4,99.0,,114.0,,119.8,98.9,114.9,101.7,102.7,97.2,107.8,98.7,,106.2,,98.9,112.9,113.8,104.0,112.8,111.9,107.6,106.3,98.3,111.2,128.4,99.6,109.5,105.5,106.9,103.8,104.7,98.0,103.3,99.5,112.0,108.4,104.6,100.0,112.8,101.6,117.8,101.7,107.7,112.1,103.4,102.1,103.6,102.1,101.3,109.2,100.9,101.5,100.4,101.4,104.3,104.3,101.8,104.1,102.7,98.5,98.4,102.7,,105.6,102.9,113.4,120.8,102.2,102.7,103.7,104.6,99.5,99.8,99.9,98.0,97.9,100.6,103.6,102.4,104.7,106.5,100.3,107.6,100.9,103.8,102.4,108.5,104.5,102.7,101.7,105.2,103.5,,101.8,101.1,110.1,105.9,101.8,117.9,98.8,102.7,97.8,99.8,82.2,100.3,99.7,,104.5,101.1,100.0,100.0,100.1,100.0,100.0,100.0,100.0,100.0,100.0,100.0,99.3,,99.4,102.0,107.1,108.9,100.2,106.9,101.6,100.4,102.6,102.5,100.0,102.0,100.0,96.8,96.8,108.5,119.8,100.9,103.4,97.0,103.5,,100.5,98.7,98.0,100.7,100.6,90.1,102.1,,100.0,101.6,101.4,100.0,100.0,99.9,101.9,106.8,123.1,92.6,109.9,114.0,97.9,100.2,98.3,378.8,122.2,100.0,99.2,99.3,99.8,98.4,96.7,92.7,99.4,88.7,99.6,98.7,101.0,98.7
200811,106.2,108.7,100.5,100.5,100.7,109.3,109.0,99.0,,113.3,,119.5,98.9,115.2,101.9,112.9,97.2,109.4,98.7,,106.8,,98.9,112.6,113.9,104.0,112.2,112.1,107.2,121.0,98.3,110.2,126.0,99.6,108.8,105.5,106.9,103.9,104.6,98.0,101.6,99.5,113.4,108.6,103.9,100.0,113.4,101.6,118.3,101.7,106.3,109.4,103.4,102.2,103.7,102.0,102.0,108.6,100.9,101.5,100.8,101.0,104.3,104.3,101.7,103.9,102.6,98.5,97.9,102.2,,105.9,103.4,113.5,122.1,102.2,103.8,103.7,104.6,99.7,99.8,99.9,98.0,98.5,100.4,103.5,102.3,105.0,106.6,100.3,107.8,100.9,103.5,102.3,108.2,103.4,103.1,101.7,104.1,102.5,,100.3,102.0,109.2,104.3,101.1,118.3,99.8,100.8,97.8,99.8,82.2,100.1,99.7,,101.0,100.7,99.2,100.0,97.7,98.7,100.0,100.0,100.0,100.0,100.0,100.0,99.3,,99.4,101.0,107.1,108.9,100.2,100.9,101.6,100.4,102.4,102.5,100.0,102.0,100.0,97.3,97.3,100.8,100.7,101.0,103.4,98.3,97.8,,100.5,98.7,98.2,100.7,100.6,90.1,102.1,,100.0,101.6,101.1,100.0,100.0,99.9,101.9,106.8,123.6,74.4,109.9,114.0,97.9,100.2,98.3,378.8,122.2,100.0,99.2,99.3,99.8,98.4,96.7,92.7,99.4,88.7,99.6,98.7,101.0,98.7
200812,105.8,107.8,100.4,100.4,100.2,108.5,107.4,99.0,,110.1,,116.7,98.9,113.6,102.2,111.0,97.2,108.8,98.7,,105.7,,98.9,112.1,113.2,104.0,109.8,111.0,108.4,121.6,98.3,110.3,125.7,99.6,109.0,105.4,106.6,103.7,104.3,98.0,101.6,99.5,112.8,108.1,104.4,100.0,111.0,101.6,117.9,101.7,106.8,110.3,103.4,102.5,103.8,102.1,101.5,109.3,101.2,101.2,101.3,101.0,104.5,104.5,101.9,104.3,102.7,98.4,98.8,102.4,,105.7,102.5,112.7,122.7,102.2,103.6,103.5,104.8,99.7,100.0,99.9,98.2,98.7,100.3,102.7,102.4,104.1,106.7,100.4,107.2,100.9,103.4,102.3,106.8,102.9,102.3,98.4,104.2,103.1,,100.6,100.0,107.8,104.4,101.3,118.3,99.8,102.5,97.8,99.8,82.5,100.4,99.7,,99.0,101.7,99.7,100.0,99.3,99.5,100.0,100.0,100.0,100.0,100.0,100.0,99.3,,99.6,109.3,107.1,108.9,100.2,96.9,101.6,100.4,102.5,102.5,100.0,102.0,100.0,97.8,97.8,95.5,87.8,100.8,103.5,97.2,94.1,,100.3,98.5,98.7,100.7,100.5,90.1,102.4,,100.0,101.6,101.5,100.0,100.0,99.9,101.9,106.8,122.7,102.3,109.9,114.0,97.9,100.2,98.3,378.8,122.2,100.0,99.2,99.3,99.8,98.4,96.7,92.7,99.4,88.7,99.6,98.7,101.0,98.7
200901,97.3,95.4,100.2,100.2,100.2,95.0,94.4,99.0,,92.3,,89.3,98.9,94.0,100.9,89.2,99.9,93.5,98.7,,87.8,,98.9,89.9,92.0,104.0,86.6,88.0,107.3,94.9,98.7,102.9,114.0,99.6,106.3,97.4,95.6,96.8,101.8,98.0,92.8,99.5,92.7,95.0,95.4,100.0,87.1,101.6,89.8,101.7,96.3,89.1,103.4,101.4,100.8,102.5,101.9,96.6,101.1,101.2,101.1,101.0,104.1,104.1,100.5,103.2,100.0,99.4,98.7,102.1,,100.5,101.6,96.9,92.6,100.6,103.0,101.7,103.3,99.8,100.0,100.0,98.6,98.8,101.0,103.1,102.2,105.1,106.8,100.3,106.9,100.9,103.2,102.4,106.3,101.8,102.2,101.7,103.5,102.5,,100.6,98.5,107.5,104.3,101.8,113.6,99.5,100.0,99.1,99.8,94.8,100.4,99.7,,97.6,101.6,100.1,100.0,100.4,100.1,100.0,100.0,100.0,100.0,100.0,100.0,99.5,,99.9,106.2,107.1,108.9,100.2,94.4,101.7,100.7,102.5,102.6,100.0,102.1,100.0,98.3,98.3,92.3,79.6,100.9,103.4,98.7,95.1,,100.3,99.1,98.8,100.7,100.5,97.2,102.5,,100.0,101.6,101.5,100.0,100.0,99.9,101.9,106.8,119.0,102.3,109.9,114.0,97.9,100.2,98.3,378.8,122.2,100.0,99.2,99.3,99.8,98.4,96.7,92.7,99.4,88.7,99.9,99.4,101.0,98.7
200902,95.5,92.6,100.0,99.9,100.5,91.9,91.3,99.0,,87.9,,83.1,98.9,88.2,101.6,84.0,100.2,89.7,98.7,,84.9,,98.9,88.5,90.3,104.0,76.3,81.1,107.2,83.7,99.2,103.6,115.1,99.6,108.8,95.6,93.0,94.9,102.1,98.0,92.6,99.5,84.7,91.6,97.7,100.0,86.9,101.6,77.1,101.7,97.8,92.4,103.4,101.4,101.0,102.4,102.0,97.4,101.0,101.1,100.9,101.0,104.4,104.4,101.6,103.4,101.7,99.6,99.6,102.2,,100.2,102.4,103.4,82.9,100.4,102.2,101.4,102.7,99.7,99.9,99.9,98.7,98.8,100.8,102.9,101.6,105.3,106.3,100.5,106.2,100.8,103.1,102.3,106.8,101.9,100.5,101.7,103.1,102.5,,100.4,100.0,104.9,103.5,101.8,113.6,99.7,99.2,99.1,99.8,94.8,100.4,99.7,,98.0,100.8,99.2,100.0,97.7,98.7,100.0,100.0,100.0,100.0,100.0,100.0,99.5,,100.3,101.5,107.1,108.9,100.2,95.5,101.7,100.7,102.5,102.6,100.0,102.1,100.0,98.2,98.2,93.7,82.3,101.0,103.3,100.2,109.5,,100.3,99.1,98.8,100.7,100.5,97.2,102.1,,100.0,101.6,101.5,100.0,100.0,100.0,101.9,106.8,117.1,102.2,110.3,114.0,97.9,100.2,98.3,378.8,122.2,100.0,99.2,99.3,99.8,98.4,96.7,99.7,99.4,100.0,100.4,101.0,101.0,98.7
200903,99.1,99.6,100.3,100.2,100.9,99.5,91.5,99.0,,85.3,,82.9,98.9,85.5,101.7,99.3,99.9,102.9,110.7,,99.7,,110.2,104.9,93.3,113.6,101.7,102.5,106.8,105.3,99.2,106.1,119.2,111.1,106.5,96.0,93.3,94.9,103.4,98.0,95.9,99.5,81.9,91.3,101.6,100.0,93.0,101.6,71.1,101.7,102.3,101.4,103.4,102.0,103.0,102.9,102.5,103.6,101.2,101.0,101.3,100.6,103.9,103.9,101.6,102.8,101.8,99.7,99.5,101.8,,104.0,102.5,111.1,108.2,101.9,102.6,103.3,103.2,99.7,99.9,99.9,98.7,98.9,100.9,102.7,102.2,104.8,105.5,100.6,106.1,100.9,102.9,102.4,107.0,101.1,100.1,101.8,103.6,101.9,,101.2,100.1,105.8,104.2,102.0,114.8,100.2,100.3,99.1,99.8,94.8,100.2,99.7,,98.5,101.9,100.6,100.0,101.8,100.9,100.0,100.0,100.0,100.0,100.0,100.0,99.5,,100.2,107.6,107.1,108.9,100.2,96.0,101.7,100.7,102.5,102.6,100.0,102.1,100.0,98.6,98.6,94.3,84.0,101.1,103.2,100.2,107.8,,100.3,99.1,99.0,100.7,100.5,97.2,102.1,,100.0,101.6,101.5,100.0,100.0,100.0,101.9,106.8,117.4,102.2,110.1,114.0,97.9,100.2,98.3,378.8,122.2,100.0,99.2,99.3,99.8,98.4,96.7,99.7,99.4,100.0,99.6,99.8,100.1,98.7
200904,103.1,103.0,99.9,99.7,100.8,103.2,101.9,111.9,,102.5,,104.4,110.6,81.2,101.6,99.3,100.0,102.7,107.8,,99.7,,111.1,104.9,95.3,112.0,101.7,102.5,105.3,105.3,99.0,109.1,119.4,108.7,106.8,104.2,105.2,102.7,103.6,98.0,98.6,107.5,101.0,105.6,101.8,100.0,102.4,113.6,101.3,115.3,111.0,104.0,118.0,101.9,102.9,102.6,102.2,104.1,101.1,101.2,101.1,101.2,103.6,103.6,102.0,103.3,102.6,99.4,98.7,101.7,,103.9,101.7,111.3,108.2,102.1,102.2,103.8,102.8,99.6,99.9,99.6,98.8,98.9,100.4,100.7,103.1,103.5,105.9,100.7,105.8,100.9,102.9,101.9,105.2,101.0,100.1,86.6,103.1,102.4,,99.9,100.1,103.2,104.1,102.0,114.4,99.7,98.6,99.3,99.8,96.1,100.1,99.8,,98.4,100.2,100.4,100.0,101.3,100.7,100.0,100.0,100.0,100.0,100.0,100.0,99.5,,100.0,100.0,101.1,101.7,98.9,96.4,100.4,100.2,100.8,100.6,100.0,100.5,100.0,98.8,98.8,95.1,86.2,101.1,102.4,100.2,106.8,,100.3,99.1,99.2,100.6,101.1,97.9,102.4,,100.0,101.6,101.2,100.0,100.0,100.0,101.9,100.0,116.7,102.2,110.7,114.9,99.4,100.3,98.9,381.7,123.2,100.0,99.8,99.8,100.0,99.5,98.7,99.7,99.4,100.0,99.7,99.3,100.6,99.1
200905,103.9,104.2,100.0,99.7,100.9,104.6,104.3,111.3,,102.5,,104.4,110.2,101.0,101.7,99.3,100.0,104.0,106.8,,99.7,,110.4,104.9,103.2,111.0,101.7,102.5,105.9,105.3,99.0,108.1,118.3,106.7,106.0,105.0,106.2,103.7,103.8,107.7,98.6,107.1,101.0,106.9,98.6,118.4,102.4,113.3,101.3,114.8,110.5,104.0,117.2,102.0,102.5,102.4,102.0,103.2,101.5,101.1,101.6,101.5,103.4,103.4,101.9,102.8,102.4,100.1,99.1,101.4,,103.7,101.3,110.7,108.2,102.2,101.4,103.8,102.7,99.8,100.0,100.0,98.9,98.9,100.5,100.7,103.5,104.8,105.3,100.5,104.9,100.9,102.8,102.0,103.1,101.7,101.5,86.7,103.5,102.5,,100.5,101.6,103.6,104.2,101.9,115.4,100.3,97.3,99.4,99.8,96.5,100.4,99.8,,98.6,100.4,100.3,100.0,101.0,100.5,100.0,100.0,100.0,100.0,100.0,100.0,99.5,,100.0,101.7,101.1,101.7,98.9,96.9,100.4,100.2,100.8,100.6,100.0,100.5,100.0,98.9,98.9,95.9,88.2,100.9,101.4,101.6,105.9,,100.3,99.5,99.3,100.5,101.1,97.9,102.6,,100.0,101.6,100.9,100.0,100.0,100.0,101.3,100.0,117.9,102.3,110.8,114.9,99.7,100.4,98.9,381.7,123.2,100.0,99.8,99.8,100.0,99.5,98.7,99.7,99.4,100.0,99.7,99.3,100.6,99.1
200906,103.4,103.6,99.8,99.6,100.3,103.9,103.7,108.8,,102.5,,104.4,108.8,101.0,101.7,99.3,100.0,103.4,104.1,,99.7,,108.6,104.9,103.2,108.4,101.7,102.5,105.3,105.3,99.0,106.9,116.4,105.0,104.2,104.2,105.2,102.8,103.4,106.4,98.6,105.2,101.0,105.8,101.4,117.1,102.4,109.3,101.3,110.4,109.7,104.0,115.5,101.9,102.8,102.3,101.8,104.6,101.2,100.9,101.3,100.9,103.4,103.4,101.9,102.6,102.2,100.3,99.2,101.4,,103.7,101.7,110.9,108.2,101.6,101.4,104.1,102.4,99.7,99.9,99.8,98.9,98.9,100.3,100.3,103.2,103.9,105.0,100.0,104.5,100.6,102.5,101.5,102.6,100.9,101.7,86.7,103.1,102.1,,100.4,101.0,104.2,104.1,101.4,112.2,101.4,98.8,99.4,99.8,96.5,100.4,99.8,,99.1,99.8,99.0,100.0,97.1,98.4,100.0,100.0,100.0,100.0,100.0,100.0,99.5,,99.9,100.7,101.1,101.7,98.9,97.9,100.4,100.2,100.6,100.6,100.0,100.5,100.0,99.0,99.0,97.2,91.2,101.0,101.2,101.7,106.7,,100.3,99.4,99.3,100.5,101.0,98.6,102.1,,100.0,101.6,100.9,100.0,100.0,100.0,101.3,100.0,115.1,102.1,110.8,114.9,99.7,100.4,98.9,381.7,123.2,100.0,99.8,99.8,100.0,99.5,98.7,99.7,99.4,100.0,99.7,99.3,100.6,99.1
200907,99.1,98.7,100.0,99.7,100.9,98.6,99.3,90.8,,102.5,,104.4,93.7,101.0,101.3,99.3,100.0,98.1,80.1,,99.7,,82.6,104.9,103.2,87.3,101.7,102.5,103.6,105.3,99.0,98.6,106.7,85.2,101.4,98.2,96.8,96.5,100.7,89.6,98.6,92.5,101.0,97.2,101.4,99.8,102.4,88.3,101.3,89.1,95.6,104.0,87.6,101.4,102.7,102.2,101.8,104.6,100.6,100.6,100.5,100.7,102.2,102.2,100.8,102.5,100.4,99.7,98.1,101.3,,100.6,100.9,93.7,108.2,99.7,100.9,102.1,99.4,99.9,100.0,100.1,98.9,98.9,100.6,101.7,102.5,102.5,103.5,99.9,103.5,100.6,102.5,101.5,102.7,99.7,102.3,101.9,102.5,101.9,,99.9,99.3,103.8,103.2,101.1,111.0,101.4,99.0,99.4,99.8,96.5,100.4,99.8,,99.7,100.8,100.5,100.0,101.6,100.9,100.0,100.0,100.0,100.0,100.0,100.0,99.6,,99.9,106.0,101.1,101.7,98.9,98.8,100.4,100.2,100.6,100.5,100.0,100.5,100.0,99.2,99.2,98.3,94.7,100.7,100.9,101.4,107.5,,100.0,99.9,99.8,100.5,101.0,98.6,104.7,,100.0,100.6,100.9,100.0,100.0,100.0,101.3,100.0,115.3,101.9,110.8,114.9,99.7,100.4,98.9,381.7,123.2,100.0,99.8,99.8,100.0,99.5,98.7,99.7,99.4,100.0,99.7,99.3,100.6,99.1
200908,97.5,97.1,100.1,99.8,100.9,96.9,98.1,86.2,,102.5,,104.4,87.4,101.0,102.0,99.3,100.0,96.3,74.0,,99.7,,73.6,104.9,103.2,75.1,101.7,102.5,103.6,105.3,99.0,96.2,103.2,79.4,101.3,95.5,93.0,93.7,100.0,81.9,98.6,86.8,101.0,93.2,101.4,93.0,102.4,78.6,101.3,76.7,90.1,104.0,76.6,101.2,102.6,102.1,101.4,104.6,100.4,100.8,100.3,100.4,101.3,101.3,100.5,102.3,100.0,99.6,98.4,100.7,,100.4,101.4,94.9,108.2,98.9,100.1,100.7,100.0,99.9,100.2,100.1,98.9,98.9,100.5,101.4,102.3,101.7,102.7,99.9,102.4,100.4,102.8,101.5,102.7,99.2,102.2,101.8,102.4,101.6,,99.9,99.5,104.2,103.2,101.0,110.2,101.8,98.7,99.4,99.8,96.5,100.4,99.9,,99.9,102.6,101.6,100.0,104.7,102.6,100.0,100.0,100.0,100.0,100.0,100.0,99.6,,99.9,120.6,101.1,101.7,98.8,98.8,100.4,100.2,100.6,100.5,100.0,100.5,100.0,100.2,100.2,98.3,94.5,100.7,100.5,101.6,106.6,,100.0,99.9,99.3,100.4,100.2,98.6,106.4,,100.0,100.6,100.1,100.0,100.0,100.0,100.0,100.0,111.9,104.3,110.8,114.9,99.7,100.4,98.9,381.7,123.2,100.0,99.8,99.8,100.0,99.5,98.7,99.7,99.4,100.0,99.7,99.3,100.6,99.1
200909,103.3,103.5,100.4,100.1,101.2,103.8,102.7,81.8,,112.8,,113.9,83.5,112.5,103.2,99.3,100.0,105.7,97.2,,106.3,,99.4,108.7,110.6,101.3,109.7,108.7,105.2,105.3,99.0,98.3,109.9,77.7,102.8,104.4,105.4,103.3,102.7,96.4,103.8,99.8,111.2,106.4,106.0,90.4,110.2,100.6,115.8,101.3,106.4,110.0,103.0,101.8,103.6,102.7,102.2,106.7,100.9,100.7,100.9,101.3,101.3,101.3,101.4,102.0,102.0,100.3,98.6,100.9,,102.9,101.9,108.2,108.2,101.3,100.4,102.6,101.0,99.9,100.2,100.1,99.0,98.9,100.4,101.5,102.2,102.5,102.9,99.8,102.6,100.4,102.4,101.3,101.9,99.9,102.2,101.8,102.1,102.0,,99.8,98.6,104.2,102.9,100.7,108.3,101.8,98.5,99.4,99.8,96.5,100.4,99.9,,99.8,100.0,99.2,100.0,97.6,98.7,100.0,100.0,100.0,100.0,100.0,100.0,99.6,,99.8,101.9,101.1,101.7,98.8,99.5,100.4,100.2,100.6,100.5,100.0,100.5,100.0,100.4,100.4,99.3,97.4,100.7,100.3,101.6,104.6,,100.0,99.9,99.3,100.4,100.2,98.6,102.1,,100.0,100.6,100.1,100.0,100.0,100.0,100.0,100.0,109.7,104.6,110.7,114.9,99.7,100.4,98.9,381.7,123.2,100.0,99.8,99.8,99.5,99.5,98.7,99.7,99.4,100.0,99.7,99.3,100.6,99.1
200910,104.2,105.1,99.8,99.5,100.7,105.6,106.7,98.4,,112.3,,114.9,99.0,112.1,103.5,99.3,100.0,105.4,97.2,,106.9,,99.4,109.1,109.5,101.3,109.9,108.0,104.9,105.3,99.0,103.4,108.8,96.2,103.3,104.8,106.1,103.2,102.0,96.4,104.1,99.8,111.0,107.7,104.8,103.7,110.5,100.6,116.3,101.3,105.8,108.9,103.0,101.7,103.5,102.8,101.9,106.7,100.6,100.6,100.4,101.1,101.9,101.9,101.1,101.6,101.3,100.0,99.2,100.9,,104.1,102.0,109.3,117.7,101.6,100.6,103.4,101.7,99.7,100.2,99.7,99.0,98.9,100.2,101.1,100.9,102.1,103.0,99.8,102.7,100.4,98.9,101.0,103.1,98.4,102.0,101.8,101.6,101.2,,98.9,98.8,102.8,102.6,100.7,106.9,101.7,100.0,99.4,99.8,96.6,100.5,99.9,,99.7,100.1,100.0,100.0,100.1,100.0,100.0,100.0,100.0,100.0,100.0,100.0,99.7,,99.8,99.4,101.1,101.7,98.8,99.2,100.2,100.1,100.2,100.2,100.0,100.4,100.0,100.3,100.3,98.9,96.6,100.8,100.8,101.7,102.8,,100.0,99.9,99.3,100.4,100.2,98.7,102.1,,100.0,100.6,100.1,100.0,100.0,100.0,100.0,100.0,109.9,104.5,110.7,114.9,99.7,100.4,98.9,381.7,123.2,100.0,99.8,99.8,99.5,99.5,98.7,99.7,99.4,100.0,99.6,98.8,100.6,99.1
200911,104.5,105.8,100.1,99.9,100.9,106.3,107.1,98.4,,111.1,,114.6,99.0,111.0,103.0,110.4,100.0,106.7,97.2,,107.4,,99.4,108.1,109.8,101.3,109.5,107.9,104.5,117.9,99.0,102.7,108.2,96.2,102.3,104.8,106.0,103.3,102.0,96.4,104.6,99.8,111.0,107.6,104.5,103.7,110.1,100.6,116.4,101.3,105.4,108.0,103.0,101.6,103.3,102.6,101.6,106.5,100.6,100.7,100.5,101.0,102.0,102.0,101.4,102.1,102.1,100.1,99.4,100.2,,104.0,103.1,109.1,114.0,101.6,100.5,103.7,101.7,100.1,100.2,100.3,99.0,99.8,100.3,100.8,100.6,103.5,100.8,99.9,102.1,100.2,98.0,101.1,102.6,99.7,102.2,101.7,101.7,100.9,,98.9,99.6,102.6,102.6,100.6,107.1,101.7,100.0,99.5,99.8,96.7,100.5,99.9,,99.4,99.7,99.2,100.0,97.7,98.7,100.0,100.0,100.0,100.0,100.0,100.0,99.7,,99.8,98.4,101.1,101.7,98.8,98.8,100.0,100.1,100.0,100.2,100.0,100.0,100.0,100.4,100.4,98.5,95.3,100.9,100.7,100.6,104.2,,100.0,99.9,99.3,100.4,100.2,98.8,102.1,,100.0,100.6,100.1,100.0,100.0,100.0,100.0,100.0,111.1,103.9,110.7,114.9,99.7,100.4,98.9,381.7,123.2,100.0,99.8,99.8,99.5,99.5,98.7,99.7,99.4,100.0,99.6,98.8,100.6,99.1
200912,103.8,104.9,100.1,99.9,100.6,105.3,105.6,98.4,,107.7,,112.4,99.0,109.6,102.3,107.9,100.0,105.8,97.2,,107.1,,99.4,107.1,107.9,101.3,106.9,107.3,104.0,116.4,99.0,102.3,107.9,96.2,101.6,104.0,105.1,102.2,101.5,96.4,103.6,99.8,107.6,106.8,104.4,103.7,108.5,100.6,114.4,101.3,104.8,106.7,103.0,101.1,102.3,101.6,100.6,105.3,100.3,100.4,100.1,100.9,101.7,101.7,100.7,101.2,101.0,100.2,98.6,100.2,,103.7,103.3,108.3,111.3,101.4,100.5,103.5,101.6,100.0,100.2,100.1,99.1,99.8,99.8,99.4,100.4,101.3,100.1,99.8,101.2,100.5,96.7,101.2,101.8,97.2,102.1,94.8,101.2,100.6,,98.7,98.7,101.1,102.5,100.5,106.2,101.7,98.5,99.5,99.8,97.2,100.0,99.9,,99.5,100.7,99.8,100.0,99.4,99.6,100.0,100.0,100.0,100.0,100.0,100.0,99.8,,100.1,107.1,101.1,101.7,98.8,98.8,100.0,100.1,100.0,100.1,100.0,100.0,100.0,100.1,100.1,98.4,95.1,101.3,100.5,100.2,105.6,,100.0,99.9,99.3,100.5,100.2,98.8,102.4,,100.0,100.6,100.1,100.0,100.0,100.0,100.0,100.0,110.3,104.7,110.7,114.9,99.7,100.4,98.9,381.7,123.2,100.0,99.8,99.8,99.5,99.5,98.7,99.7,99.4,100.0,99.6,98.8,100.6,99.1
201001,96.9,94.5,98.9,98.9,98.9,94.3,92.6,91.5,100.0,84.7,94.2,86.3,96.8,90.8,101.7,88.3,99.8,92.9,97.6,100.0,90.3,93.9,99.5,85.4,93.6,100.6,88.4,88.4,102.1,80.6,100.0,104.1,102.0,107.4,100.1,97.9,96.6,97.6,101.2,97.6,94.9,100.1,93.3,96.1,99.9,99.4,90.9,101.0,90.6,100.9,96.4,90.4,102.3,100.7,100.8,103.1,101.8,95.3,100.5,100.2,100.2,100.9,101.5,101.5,100.1,101.8,99.3,101.2,99.0,100.5,104.0,98.2,102.5,94.2,84.2,100.0,100.8,101.4,101.2,100.1,100.4,100.2,99.1,99.8,100.0,99.4,100.8,104.0,102.1,100.3,101.9,100.4,96.2,101.6,103.7,98.0,100.0,96.1,100.9,101.0,101.6,98.9,98.1,100.7,102.0,100.5,108.7,101.7,97.5,100.0,100.0,98.3,100.0,99.9,100.2,99.9,100.8,100.1,100.0,100.7,100.2,100.0,100.0,100.0,100.0,100.0,100.0,100.2,100.0,100.1,105.5,101.0,102.2,97.1,99.0,100.1,100.0,100.1,100.0,100.6,100.2,100.0,100.2,100.2,98.6,94.8,99.7,100.8,100.4,105.1,101.6,100.0,100.0,99.3,100.7,100.2,99.9,101.1,99.3,100.0,101.2,101.2,100.0,100.0,100.0,100.0,100.0,110.2,108.5,106.7,109.9,99.5,100.5,98.7,382.2,124.9,100.0,99.9,100.0,99.8,99.6,99.3,99.7,99.4,100.0,99.8,99.7,100.5,99.1
201002,95.9,94.2,99.6,99.5,99.9,93.9,92.1,91.5,100.0,82.5,89.9,82.8,96.8,85.8,101.6,99.1,100.1,92.6,97.6,100.0,85.5,89.0,99.5,83.3,90.1,100.6,79.5,81.3,100.8,98.2,100.0,103.2,101.8,105.6,100.2,95.9,93.8,96.1,101.3,97.6,96.4,100.1,84.4,92.3,97.5,99.4,89.6,101.0,77.7,100.9,96.7,91.1,102.3,100.3,99.9,102.2,101.5,93.5,100.4,100.3,100.1,100.6,100.9,100.9,99.7,101.0,99.4,101.1,98.4,100.4,101.7,96.6,100.5,100.2,75.6,99.8,100.9,99.6,100.9,100.2,100.3,100.3,100.1,99.8,99.8,99.0,99.8,101.7,101.0,100.4,101.6,100.2,96.8,101.7,102.1,98.8,97.9,96.1,100.6,100.4,102.4,96.9,99.2,100.9,102.1,100.4,107.9,100.9,95.8,100.0,100.0,98.4,100.0,99.9,100.0,100.0,99.8,99.2,100.0,96.7,98.0,100.0,100.0,100.0,100.0,100.0,100.0,100.2,100.0,100.1,98.9,101.0,102.2,97.1,99.5,100.0,100.0,100.1,100.0,100.6,100.0,100.0,99.7,99.7,99.4,97.0,99.8,100.3,100.4,103.4,102.5,100.0,100.0,99.5,100.5,100.2,100.0,100.8,99.2,100.0,101.2,101.0,100.0,100.0,100.0,100.0,100.0,108.6,106.7,106.8,109.9,99.5,100.5,98.7,382.2,124.9,100.0,99.9,100.0,99.8,99.6,99.3,99.7,99.4,100.0,100.2,100.8,100.4,99.1
201003,99.6,101.9,100.1,100.1,100.0,102.0,102.4,108.4,107.9,98.4,100.0,100.1,107.6,99.0,101.2,99.1,100.1,100.8,111.2,111.5,100.0,100.0,110.5,99.8,91.4,113.2,100.4,99.9,101.1,98.2,99.9,105.6,104.5,108.2,100.4,95.3,93.1,96.2,101.8,97.6,97.5,100.1,82.9,90.9,97.6,99.4,93.1,101.0,69.6,100.9,97.4,92.4,102.3,100.3,99.9,101.3,100.4,97.0,100.3,100.5,100.4,100.3,100.7,100.7,100.2,101.7,99.6,100.9,99.1,100.2,102.7,101.6,102.2,105.3,100.7,100.9,100.9,101.4,101.1,100.2,100.2,100.2,100.1,99.9,100.0,99.8,100.0,101.1,100.8,100.3,100.9,100.1,97.9,99.6,101.5,98.8,96.6,99.6,100.3,100.9,101.7,97.5,99.8,102.1,101.0,100.0,106.2,101.4,93.3,100.0,100.0,98.4,100.0,99.9,100.0,100.2,101.1,100.6,100.0,102.6,101.4,100.0,100.0,100.0,100.0,100.0,100.0,100.2,100.0,100.1,107.0,101.0,102.2,97.1,99.7,100.0,100.0,99.9,100.0,100.6,100.0,100.0,99.7,99.7,99.7,97.9,100.6,100.4,100.4,101.1,102.7,100.0,100.0,99.8,100.3,100.2,100.0,100.8,99.2,100.0,101.2,100.7,100.0,100.0,100.0,100.0,100.0,107.3,104.8,106.7,109.9,99.5,100.5,98.7,382.2,124.9,100.0,99.9,100.0,99.8,99.6,99.3,99.7,99.4,100.0,100.1,100.6,100.3,99.1
201004,102.1,102.3,100.0,100.0,100.0,102.4,102.2,108.2,107.9,98.4,100.0,100.1,106.4,99.0,100.6,99.1,100.0,101.6,106.7,107.0,100.0,100.0,109.3,99.8,99.7,111.7,100.4,99.9,102.0,98.2,100.0,106.2,104.9,109.2,100.4,103.2,104.8,102.4,101.3,97.6,100.3,107.3,100.4,105.7,101.0,112.9,101.2,111.2,99.7,114.5,106.7,100.2,113.3,99.9,99.7,99.7,100.1,99.1,99.9,100.2,100.1,99.7,99.8,99.8,100.3,100.5,100.5,100.3,99.8,99.9,100.3,101.2,100.3,106.3,100.7,100.5,100.5,101.3,101.2,99.9,100.0,99.9,100.1,99.9,100.2,100.5,100.8,100.4,99.9,100.1,101.2,99.9,103.0,100.2,102.6,99.8,97.1,101.1,100.4,100.6,101.0,98.2,100.9,100.9,100.7,99.9,106.4,101.2,97.5,100.0,100.0,100.1,100.0,100.0,100.0,100.4,99.1,100.4,100.0,101.8,101.0,100.0,100.0,100.0,100.0,100.0,100.0,99.9,100.0,99.9,88.2,101.9,102.2,100.9,100.6,100.0,100.0,99.9,100.0,100.6,100.0,100.0,99.4,99.4,100.8,101.0,100.5,101.0,100.3,101.6,103.7,100.0,100.3,99.9,100.0,100.0,100.0,98.4,99.5,100.0,101.2,100.6,100.0,100.0,100.0,100.0,100.0,104.8,104.4,97.8,96.7,100.0,99.9,100.4,5.9,91.7,100.0,100.0,100.0,100.1,100.1,100.2,100.1,100.2,100.0,100.0,100.0,99.9,100.3
201005,101.9,101.9,100.0,99.9,100.3,102.0,102.0,108.9,105.9,98.4,100.0,100.1,105.7,99.0,100.6,99.1,100.0,101.2,103.9,105.2,100.0,100.0,109.8,99.8,99.7,109.8,100.4,99.9,101.5,98.2,100.0,104.9,103.9,107.4,100.5,103.3,104.8,103.3,101.1,110.6,100.3,106.7,100.4,105.4,101.0,111.9,101.2,110.8,99.7,113.4,106.2,100.2,112.3,99.8,99.8,101.0,99.4,98.6,99.7,99.9,99.6,99.7,100.0,100.0,100.4,100.2,100.4,99.9,100.9,100.8,100.1,101.0,100.3,105.4,100.7,100.6,100.4,101.0,100.5,99.9,99.9,99.8,100.1,99.9,100.1,100.5,101.0,99.5,99.7,100.0,100.7,99.9,104.1,100.4,100.2,100.9,98.9,101.1,99.8,100.2,100.1,97.0,100.6,100.3,99.8,100.0,102.2,101.4,99.1,100.0,100.0,100.3,100.0,100.0,100.0,100.9,99.3,100.3,100.0,101.4,100.7,100.0,100.0,100.0,100.0,100.0,100.0,99.9,100.0,99.9,90.2,101.9,102.2,101.0,101.6,99.9,100.0,99.7,100.0,100.6,100.0,100.0,99.6,99.6,102.1,104.9,100.6,101.1,99.9,100.2,100.6,100.0,100.0,99.9,99.9,100.0,100.0,98.5,99.5,100.0,101.2,100.3,100.0,100.0,100.0,100.0,100.0,100.6,102.4,97.8,96.7,100.2,99.8,100.4,5.9,91.7,100.0,100.0,100.0,100.1,100.1,100.2,100.1,100.2,100.0,100.0,100.0,99.9,100.3
201006,101.5,101.3,100.0,99.9,100.4,101.4,101.3,109.3,101.2,98.4,100.0,100.1,104.1,99.0,99.8,99.1,100.0,100.9,102.9,102.5,100.0,100.0,108.2,99.8,99.7,108.3,100.4,99.9,101.6,98.2,100.0,103.5,102.8,105.2,100.2,102.6,103.8,102.9,100.1,109.8,100.3,106.2,100.4,104.2,101.0,110.3,101.2,107.7,99.7,110.2,104.3,100.2,108.5,99.9,100.2,100.7,99.6,100.3,99.7,99.5,99.6,99.8,100.2,100.2,100.6,99.8,100.7,100.3,101.4,100.5,100.8,100.8,100.6,105.3,100.7,100.5,99.7,100.5,100.4,100.0,99.9,100.0,100.1,99.9,100.2,100.6,100.7,100.3,99.6,99.9,100.8,99.6,104.0,100.8,101.4,101.3,100.5,101.1,99.8,99.7,100.1,96.8,101.6,100.6,99.5,100.0,101.0,100.5,103.0,100.0,100.0,100.6,100.0,100.0,100.0,100.5,98.6,99.0,100.0,95.4,97.6,100.0,100.0,100.0,100.0,100.0,100.0,99.9,100.0,100.0,88.0,101.9,102.2,101.0,101.2,99.9,100.0,99.7,100.0,99.6,100.0,100.0,99.8,99.8,101.5,103.6,99.9,100.8,100.1,97.8,101.0,100.0,100.0,99.9,99.9,100.0,100.0,98.2,99.6,100.0,101.2,100.2,100.0,100.0,100.0,100.0,100.0,97.1,101.7,97.8,96.7,100.2,99.8,100.4,5.9,91.7,100.0,100.0,100.0,100.1,100.1,100.2,100.1,100.2,100.0,100.0,100.0,99.9,100.3
201007,97.4,96.5,99.6,99.4,100.2,96.3,96.6,89.0,91.5,98.4,100.0,100.1,92.6,99.0,98.5,99.1,100.0,97.2,91.6,88.9,100.0,100.0,86.9,99.8,99.7,83.3,100.4,99.9,98.7,98.2,100.0,91.9,92.7,88.8,99.0,96.9,95.7,97.3,98.0,96.1,100.3,93.1,100.4,95.3,101.0,88.0,101.2,89.8,99.7,86.9,93.2,100.2,86.3,99.5,99.8,100.0,99.4,100.3,99.3,99.0,99.4,99.4,99.8,99.8,99.9,100.1,99.1,99.4,101.2,100.1,99.8,98.3,98.5,86.3,100.7,99.2,99.6,99.0,98.8,100.0,99.9,100.1,100.1,99.9,100.1,100.8,100.7,100.3,100.2,100.0,100.0,100.1,104.3,100.8,98.4,101.4,102.3,101.1,99.3,100.0,99.3,96.7,100.2,100.1,99.2,100.0,96.0,100.2,102.0,100.0,100.0,100.6,100.0,100.0,100.0,100.1,99.2,100.6,100.0,102.4,101.4,100.0,100.0,100.0,100.0,100.0,100.0,99.9,100.0,100.0,92.6,98.6,97.8,101.0,100.4,99.9,100.0,99.7,100.0,99.6,100.0,100.0,100.2,100.2,100.6,101.6,100.0,99.7,100.1,101.4,100.8,100.0,100.0,100.2,99.9,100.0,100.0,104.1,99.7,100.0,99.7,99.7,100.0,100.0,100.0,100.0,100.0,97.0,98.1,97.8,96.7,100.2,99.8,100.4,5.9,91.7,100.0,100.0,100.0,100.1,100.1,100.2,100.1,100.2,100.0,100.0,100.0,99.9,100.3
201008,95.7,94.9,99.5,99.4,100.0,94.7,95.2,86.4,85.6,98.4,100.0,100.1,87.4,99.0,98.8,99.1,100.0,95.8,86.6,84.9,100.0,100.0,76.0,99.8,99.7,73.1,100.4,99.9,98.9,98.2,100.0,88.9,89.5,85.3,99.0,93.9,91.4,94.6,97.9,88.2,100.3,86.6,100.4,90.3,101.0,78.1,101.2,78.7,99.7,73.6,87.9,100.2,75.7,99.5,99.5,99.1,99.3,100.3,99.6,99.8,99.4,99.7,99.3,99.3,99.3,99.0,99.2,99.5,100.1,98.9,98.5,97.3,97.1,88.0,100.7,97.8,99.5,96.8,97.9,100.0,99.9,100.2,100.1,99.9,99.8,100.0,100.4,97.2,100.1,99.9,98.6,99.9,103.8,99.6,98.0,100.5,102.6,99.6,99.0,99.5,99.4,95.8,100.5,98.5,99.1,99.9,97.0,100.0,100.9,100.0,100.0,100.6,100.0,100.0,100.0,100.4,103.0,101.6,100.0,107.2,103.9,100.0,100.0,100.0,100.0,100.0,100.0,100.0,100.0,100.0,124.4,98.6,97.8,101.0,100.1,99.9,100.0,99.7,100.0,99.6,100.0,100.0,100.3,100.3,100.1,100.5,99.9,99.1,99.8,100.6,100.7,100.0,100.0,100.3,99.9,100.0,100.0,105.0,100.3,100.0,99.7,99.7,100.0,100.0,100.0,100.0,100.0,96.6,98.0,97.8,96.7,100.2,99.8,100.4,5.9,91.7,100.0,100.0,100.0,100.1,100.1,100.2,100.1,100.2,100.0,100.0,100.0,99.9,100.3
201009,102.0,102.4,100.2,100.2,100.2,102.5,102.6,101.7,100.0,110.3,106.5,100.1,100.6,108.4,99.0,99.1,100.0,103.5,100.5,100.0,106.5,105.4,100.1,108.6,107.6,99.9,108.4,110.1,98.4,98.2,100.0,98.3,98.8,97.3,100.1,103.2,104.9,102.8,99.5,101.2,104.0,100.0,109.6,106.1,100.2,100.2,109.7,99.7,116.9,99.7,103.8,108.4,99.2,99.6,100.0,98.6,99.1,103.9,99.4,99.7,98.8,99.9,99.6,99.6,100.0,98.9,100.8,100.0,100.1,99.2,98.3,100.1,99.4,102.5,100.7,100.1,99.1,100.0,99.7,99.9,99.9,99.9,100.1,99.9,99.9,100.3,99.8,98.8,99.7,99.9,99.8,99.8,101.4,99.1,98.4,100.2,102.4,101.1,98.8,99.2,98.8,96.6,101.0,97.7,99.0,99.9,93.1,98.8,101.9,100.0,100.0,100.6,100.0,100.0,100.0,99.5,98.4,99.2,100.0,96.3,98.0,100.0,100.0,100.0,100.0,100.0,100.0,100.0,100.0,100.0,89.7,98.6,97.8,101.0,99.8,99.9,100.0,99.7,100.0,99.6,100.0,100.0,100.3,100.3,99.8,99.6,99.8,99.0,99.9,101.0,97.8,100.0,100.0,100.3,99.9,100.0,100.0,98.2,100.3,100.0,99.7,99.6,100.0,100.0,100.0,100.0,100.0,94.9,97.1,97.7,96.7,100.2,99.8,100.4,5.9,91.7,100.0,100.0,100.0,100.1,100.1,100.2,100.1,100.2,100.0,99.9,99.7,99.9,100.3
201010,102.1,102.5,100.4,100.5,100.2,102.7,104.3,101.7,100.0,110.8,105.2,112.8,100.6,107.7,99.3,99.1,100.0,103.0,100.5,100.0,106.5,104.8,100.1,108.2,107.0,99.9,108.5,106.7,98.7,98.2,100.0,97.6,98.6,95.7,100.1,102.9,104.4,102.9,99.5,101.2,102.8,100.0,111.1,105.6,100.5,100.2,106.5,99.7,117.0,99.7,102.0,104.8,99.2,99.6,100.1,98.1,99.8,104.0,99.4,100.3,98.8,99.7,99.4,99.4,100.0,98.5,100.7,99.1,100.6,99.8,98.6,101.7,99.7,102.6,111.4,100.1,99.5,99.8,99.3,99.8,99.9,99.6,100.1,99.9,100.2,100.1,99.4,99.6,99.6,99.7,98.5,100.0,98.1,99.8,98.5,100.4,101.1,101.1,100.8,99.4,98.8,108.5,101.0,98.3,99.2,99.9,95.3,99.6,104.2,100.0,100.0,100.7,100.0,100.0,99.9,99.4,99.8,100.0,100.0,100.0,100.0,100.0,100.0,100.0,100.0,100.0,100.0,100.0,100.0,100.0,100.3,98.6,97.8,101.0,99.3,100.1,100.0,100.4,100.0,99.6,100.0,100.0,100.2,100.2,99.1,99.3,100.0,99.4,99.7,97.8,96.6,100.0,100.0,100.3,99.9,99.8,100.0,98.2,101.1,100.0,98.0,99.2,100.0,100.0,100.0,100.0,100.0,96.6,94.4,97.7,96.7,100.2,99.8,100.4,5.9,91.7,100.0,100.0,100.0,100.1,100.1,100.2,100.1,100.2,100.0,99.9,99.7,99.9,100.3
201011,102.9,104.4,100.9,101.2,100.2,104.6,105.4,101.7,100.0,110.7,104.4,111.3,100.6,108.0,99.3,112.3,100.0,105.7,100.5,100.0,105.6,103.4,100.1,109.8,105.9,99.9,107.5,107.2,98.3,120.2,100.0,98.3,100.9,95.1,100.1,102.7,103.7,102.3,99.3,101.2,101.9,100.0,109.7,104.4,100.5,100.2,101.7,99.7,116.2,99.7,103.3,107.3,99.2,100.5,100.2,98.1,100.2,103.9,100.9,100.3,101.9,100.1,99.7,99.7,99.8,99.1,100.4,99.3,100.0,100.0,97.4,101.8,99.4,102.7,112.3,100.2,99.4,99.8,99.5,100.0,99.9,99.9,100.0,100.5,100.0,99.8,99.3,98.5,99.0,99.8,98.3,100.1,96.2,98.4,97.8,100.2,100.4,101.1,100.6,99.7,98.9,109.1,99.0,99.6,99.4,99.8,95.4,97.1,102.7,100.0,100.0,100.7,100.0,100.0,99.9,99.2,99.4,99.2,100.0,96.3,98.2,100.0,100.0,100.0,100.0,100.0,100.0,100.0,100.0,100.0,98.7,98.6,97.8,101.0,99.3,100.1,100.0,100.4,100.0,99.6,100.0,100.0,100.2,100.2,99.1,99.4,99.7,99.2,99.3,96.4,96.4,100.0,100.0,100.2,99.6,99.8,100.0,98.2,101.1,100.0,98.0,98.9,100.0,100.0,100.0,100.0,100.0,94.8,92.1,97.7,96.7,100.2,99.8,100.4,5.9,91.7,100.0,100.0,100.0,100.1,100.1,100.2,100.1,100.2,100.0,99.9,99.7,99.9,100.3
201012,102.1,103.2,100.7,101.1,99.8,103.3,103.4,101.7,100.0,110.3,99.8,106.1,100.6,104.9,99.6,107.5,100.0,104.7,100.5,100.0,105.7,103.4,100.1,106.2,105.8,99.9,105.2,106.7,97.8,115.4,100.0,97.5,99.7,94.7,99.9,102.1,103.0,101.6,99.0,101.2,101.1,100.0,107.3,103.8,99.1,100.2,102.6,99.7,113.4,99.7,102.0,104.8,99.2,100.3,99.9,98.2,99.4,103.6,100.8,100.3,101.8,100.1,98.9,98.9,99.6,99.4,99.9,99.1,99.7,99.7,97.9,101.5,99.6,101.2,111.4,100.2,99.6,99.4,99.5,99.9,99.8,99.9,100.2,100.5,99.8,99.4,97.5,98.5,98.4,99.7,97.6,99.9,94.2,98.1,97.3,99.7,100.3,101.1,100.0,99.4,97.9,107.9,98.1,100.3,99.0,99.7,90.7,97.3,102.2,100.0,100.0,100.7,100.0,100.0,99.9,99.5,101.5,99.8,100.0,99.1,99.5,100.0,100.0,100.0,100.0,100.0,100.0,100.0,100.0,100.2,116.5,98.6,97.8,100.9,99.4,100.0,99.6,100.4,100.0,99.6,100.0,100.0,100.3,100.3,99.2,100.4,99.5,99.3,99.6,93.6,95.5,100.0,100.0,100.5,99.5,99.8,100.0,98.4,101.3,100.0,97.6,98.8,100.0,100.0,100.0,100.0,100.0,91.5,91.8,97.7,96.7,100.2,99.8,100.4,5.9,91.7,100.0,100.0,100.0,100.1,100.1,100.2,100.1,100.2,100.0,99.9,99.7,99.9,100.3
201101,95.4,93.3,100.3,101.0,98.6,93.0,93.7,101.7,100.0,93.7,87.6,82.1,100.6,90.3,99.0,87.0,99.6,92.4,100.5,100.0,89.8,93.5,100.1,86.7,91.2,99.9,87.0,86.6,95.2,87.3,99.4,93.5,97.2,88.1,98.5,96.1,94.6,96.3,96.4,101.2,95.3,100.0,89.6,93.8,91.2,100.2,89.4,99.7,87.6,99.7,94.8,90.4,99.2,99.1,97.4,98.0,99.6,93.0,100.4,100.6,101.7,98.9,98.1,98.1,98.9,98.8,98.7,98.0,99.6,99.3,98.1,96.0,98.7,89.7,85.3,98.6,99.1,98.4,98.7,100.1,99.8,100.3,100.2,100.5,99.7,99.3,97.7,98.7,98.4,99.5,97.8,100.0,93.9,99.1,97.0,99.6,98.8,101.1,99.7,99.2,98.9,107.2,97.5,98.6,99.4,99.7,90.8,95.8,99.8,100.0,100.0,100.7,100.0,100.0,99.9,100.0,101.2,100.1,100.0,100.7,100.2,100.0,100.0,100.0,100.0,100.0,100.0,100.0,100.0,100.2,112.8,98.6,97.8,100.9,100.1,100.0,99.6,100.4,100.0,99.6,100.0,100.0,100.3,100.3,100.1,102.7,100.2,99.5,99.6,91.7,95.6,100.0,100.0,100.4,99.5,99.8,100.0,98.5,101.2,100.0,97.6,99.2,100.0,100.0,100.0,100.0,100.0,93.1,94.7,97.8,96.7,100.2,99.8,100.4,5.9,91.7,100.0,100.0,100.0,100.1,100.1,100.2,100.1,100.2,100.0,100.2,100.4,99.9,100.3
201102,95.3,94.0,100.9,101.4,99.7,93.7,93.3,101.7,100.0,92.6,84.2,76.0,100.6,84.9,98.5,102.3,99.7,94.0,100.5,100.0,88.8,93.6,100.1,85.5,87.8,99.9,79.3,84.6,95.7,107.6,99.3,93.3,95.3,89.7,98.6,94.6,92.5,94.5,96.6,101.2,93.2,100.0,82.9,91.2,91.5,100.2,87.6,99.7,78.6,99.7,95.0,90.8,99.2,99.2,97.3,98.0,99.8,91.9,100.4,100.1,103.5,97.3,99.0,99.0,98.7,98.6,98.8,97.6,99.1,99.9,97.7,95.2,99.2,93.2,78.7,98.3,98.8,97.9,98.8,100.0,99.7,100.1,100.2,100.5,99.7,99.2,98.3,99.5,98.6,99.3,98.0,100.0,94.1,98.7,96.6,100.6,94.8,101.1,99.5,99.0,98.1,106.0,97.3,98.6,99.0,99.8,89.7,95.9,103.2,100.0,100.0,100.7,100.0,100.0,99.9,100.1,99.9,99.2,100.0,96.7,98.0,100.0,100.0,100.0,99.9,100.0,100.0,100.0,100.0,100.2,103.3,98.6,97.8,100.9,100.4,100.0,99.6,100.4,100.0,99.6,100.0,100.0,100.6,100.6,100.5,104.0,100.1,99.7,98.6,90.2,94.7,100.1,99.9,100.4,99.5,99.8,100.0,98.2,101.2,100.0,97.6,99.5,100.0,100.0,100.0,100.0,100.0,95.2,96.7,97.9,96.7,100.2,99.8,100.4,5.9,91.7,100.0,100.0,100.0,100.1,100.1,100.2,100.1,100.2,100.0,100.5,101.5,99.9,100.3
201103,99.0,101.3,101.1,101.6,99.7,101.3,103.7,115.4,108.8,104.7,98.0,97.6,106.6,100.7,98.8,102.3,100.2,101.5,112.8,107.2,100.5,100.7,110.5,100.8,89.7,112.8,99.3,100.3,97.4,107.6,99.8,95.4,95.8,93.8,99.4,95.0,92.7,94.0,96.9,101.2,95.0,100.0,78.6,91.4,96.4,100.2,92.9,99.7,73.7,99.7,97.2,95.2,99.2,99.9,99.0,97.8,100.3,98.6,100.7,99.7,103.0,98.8,98.8,98.8,99.0,99.2,99.5,97.4,99.0,99.5,96.0,99.6,99.6,100.6,99.8,99.5,99.5,99.4,99.1,100.2,99.8,100.4,100.2,100.5,99.3,97.7,98.3,100.1,100.6,99.5,97.7,99.9,95.9,99.6,97.3,99.8,94.2,94.8,99.8,99.4,98.4,107.2,98.6,98.9,99.2,99.8,89.7,95.1,103.3,100.0,100.0,100.8,100.0,99.5,99.9,101.5,101.1,100.6,100.0,102.6,101.4,100.0,100.0,100.0,99.9,100.0,100.0,100.0,100.0,100.2,110.5,98.6,97.8,100.9,102.3,100.0,99.6,100.4,100.0,99.6,100.0,100.0,100.6,100.6,103.0,111.1,99.8,99.5,95.1,89.3,94.8,100.1,99.9,100.4,99.4,99.8,100.0,98.2,101.5,100.0,97.6,99.9,100.0,100.0,100.0,100.0,100.0,92.9,99.6,97.8,96.7,100.2,99.8,100.4,5.9,91.7,100.0,100.0,100.0,100.1,100.1,100.2,100.1,100.2,100.0,100.2,102.0,98.8,100.3
201104,101.5,101.9,100.7,101.3,99.3,101.9,103.6,115.8,108.5,104.7,98.0,97.6,106.0,100.7,98.8,102.3,99.8,102.5,106.9,106.3,100.5,100.7,112.7,100.8,99.3,112.5,99.3,100.3,97.3,107.6,99.5,95.8,96.0,94.6,99.1,102.9,104.3,101.2,97.2,101.2,99.0,107.3,98.4,105.5,97.0,112.5,98.6,112.8,100.5,115.9,106.9,100.3,113.6,99.8,98.8,97.6,100.5,98.1,100.3,99.1,102.7,98.5,100.2,100.2,98.7,100.0,97.9,97.9,99.4,99.2,96.3,99.9,100.5,101.2,99.8,99.5,101.5,99.4,98.7,99.8,99.6,99.8,100.1,100.5,99.2,97.3,99.2,98.2,100.5,99.5,97.4,100.0,99.5,99.1,96.4,99.9,94.5,92.9,100.1,100.1,99.8,109.0,99.1,99.7,98.9,99.8,87.6,95.8,101.7,100.0,100.0,101.0,100.0,99.5,99.9,102.0,100.3,100.3,100.0,100.6,101.0,100.0,100.0,100.0,99.9,100.0,100.0,99.8,100.0,100.0,102.9,99.2,97.8,103.6,103.5,100.0,99.6,100.4,100.0,99.6,100.0,100.0,100.8,100.8,104.4,114.3,101.1,98.5,93.9,88.2,94.5,100.2,99.9,99.9,98.8,99.8,100.0,98.4,101.5,112.1,96.6,99.9,100.0,100.0,100.0,100.0,100.0,91.9,99.6,98.0,97.1,99.9,99.5,101.7,5.9,93.1,100.0,100.4,100.1,100.2,100.7,101.2,100.1,100.2,100.0,99.7,99.9,98.9,100.6
201105,101.3,101.5,100.7,101.3,98.9,101.6,103.3,115.7,104.6,104.7,98.0,97.6,106.2,100.7,99.4,102.3,99.8,102.2,103.2,106.8,100.5,100.7,112.5,100.8,99.3,111.4,99.3,100.3,97.7,107.6,99.5,95.1,95.2,93.6,99.8,102.8,104.3,101.8,97.1,110.9,99.0,106.7,98.4,105.2,97.0,110.9,98.6,112.6,100.5,114.9,106.4,100.3,112.5,99.5,98.6,97.0,100.5,97.9,99.9,99.0,102.5,97.6,100.2,100.2,98.9,100.4,98.0,98.0,99.5,99.6,96.8,100.1,101.2,101.1,99.8,99.5,102.0,99.3,99.1,100.0,99.7,100.1,100.2,100.2,100.1,99.9,100.4,99.5,100.6,99.5,97.0,99.9,101.1,100.1,95.8,100.8,95.8,101.1,100.8,99.5,99.6,108.2,99.3,98.7,98.7,99.8,88.2,105.8,102.7,100.0,100.0,101.0,100.0,100.0,99.9,102.0,100.3,100.2,100.0,100.2,100.8,100.0,100.0,100.0,99.9,100.0,100.0,99.8,100.0,100.0,103.6,99.2,97.8,103.6,103.5,100.0,99.6,100.4,100.0,99.6,99.9,100.0,100.5,100.5,104.5,114.3,102.4,98.7,94.6,88.6,92.9,100.2,99.9,100.4,98.8,99.6,100.0,95.9,101.5,112.1,96.6,99.8,100.0,100.0,100.0,100.0,100.0,88.9,99.4,98.0,97.1,100.1,99.4,101.7,5.9,93.1,100.0,100.4,100.1,100.2,100.7,101.2,100.1,100.2,100.0,99.7,99.9,98.9,100.6
201106,101.0,101.2,101.4,102.3,99.1,101.2,103.3,116.0,104.6,104.7,98.0,97.6,106.6,100.7,99.3,102.3,99.8,101.8,102.0,104.2,100.5,100.7,111.8,100.8,99.3,106.7,99.3,100.3,97.2,107.6,99.5,94.1,93.9,92.6,99.3,102.1,103.4,101.0,96.7,109.9,99.0,104.3,98.4,104.4,97.0,112.4,98.6,110.2,100.5,110.5,105.2,100.3,110.1,99.2,99.1,97.6,100.5,99.4,99.0,98.5,102.2,95.9,100.7,100.7,98.8,99.3,98.5,98.0,99.1,99.5,97.2,99.9,101.0,99.9,99.8,99.2,102.1,99.2,99.1,100.0,99.8,100.1,100.2,100.2,100.0,99.7,99.6,96.8,98.4,99.6,96.7,100.0,102.3,98.8,97.3,99.4,98.4,101.1,100.3,100.0,98.9,107.4,99.4,98.3,98.7,99.5,85.6,105.6,100.0,100.0,100.0,101.0,100.0,100.0,99.9,101.2,99.8,98.9,100.0,94.2,97.6,100.0,100.0,100.0,99.9,100.0,100.0,99.8,100.0,99.9,103.5,99.2,97.8,103.6,102.6,99.9,99.4,100.4,100.0,99.6,99.9,100.0,100.3,100.3,103.4,110.9,105.8,98.6,94.8,88.0,92.3,100.2,99.9,100.4,98.7,99.6,100.0,95.6,101.8,112.1,96.6,98.8,100.0,100.0,100.0,100.0,100.0,89.5,91.9,98.0,97.1,100.1,99.3,101.7,5.9,93.1,100.0,100.4,100.1,100.2,100.8,101.2,100.1,100.2,100.0,99.7,99.9,98.9,100.6
201107,97.7,97.4,101.1,101.9,98.9,97.2,99.0,98.7,95.5,104.7,98.0,97.6,94.9,100.7,98.3,102.3,99.8,98.6,92.9,94.8,100.5,100.7,87.4,100.8,99.3,88.2,99.3,100.3,95.3,107.6,99.5,87.4,90.2,81.8,96.8,97.2,96.5,96.1,96.0,98.8,99.0,91.9,98.4,97.0,97.0,95.6,98.6,95.0,100.5,89.5,94.6,100.3,89.0,98.5,98.8,96.8,100.3,99.4,98.1,97.7,101.0,95.4,99.8,99.8,98.4,99.9,97.3,98.0,99.3,99.6,96.6,97.9,98.6,86.7,99.8,97.7,101.7,98.2,98.9,100.1,99.7,100.4,100.4,100.6,99.3,97.5,99.7,97.9,98.6,99.1,95.7,99.6,102.7,98.8,96.0,98.8,99.6,93.4,100.1,99.1,98.8,106.4,99.3,97.7,98.6,99.7,85.3,106.0,99.1,100.0,100.0,101.0,100.0,100.0,99.9,101.8,101.9,100.4,100.0,101.2,101.4,100.0,100.0,100.0,99.9,100.0,100.0,99.8,100.0,99.9,113.2,102.7,102.6,103.2,102.9,99.9,99.4,100.4,100.0,99.6,99.9,100.0,100.7,100.7,103.8,112.0,106.0,97.5,94.8,84.9,92.4,100.9,99.9,100.5,98.6,99.6,100.0,100.4,101.8,112.1,96.6,99.4,100.0,100.0,100.0,100.0,100.0,88.1,96.3,97.9,97.1,100.0,99.2,101.7,5.9,93.1,100.0,100.4,100.1,100.2,100.8,101.2,100.1,100.2,100.0,99.7,99.9,98.9,100.6
201108,96.2,95.9,100.7,101.6,98.6,95.7,97.3,92.4,91.4,104.7,98.0,97.6,89.4,100.7,98.2,102.3,99.8,97.1,92.2,87.4,100.5,100.7,76.4,100.8,99.3,78.7,99.3,100.3,93.0,107.6,99.5,86.6,89.8,80.5,95.9,94.2,92.4,92.3,96.0,92.7,99.0,81.0,98.4,92.7,97.0,86.1,98.6,85.1,100.5,82.0,90.0,100.3,79.7,98.2,98.4,96.0,100.0,99.4,97.9,98.4,100.2,95.4,99.4,99.4,98.7,99.7,98.4,97.3,99.6,99.1,94.9,97.7,98.5,87.0,99.8,97.6,101.9,97.7,98.4,100.2,99.7,100.5,100.4,100.6,99.1,97.3,99.3,96.6,97.8,99.5,95.8,99.1,102.7,98.4,96.0,99.5,99.5,93.4,99.6,98.8,98.1,106.2,100.0,97.4,98.1,100.1,82.8,104.8,98.0,100.0,100.0,101.0,100.0,100.0,99.9,102.3,103.8,101.5,100.0,106.0,103.9,100.0,100.0,99.9,99.9,99.7,100.0,99.8,100.0,99.9,127.9,102.7,102.6,103.2,103.3,99.9,99.4,100.4,100.0,99.6,99.9,100.0,100.6,100.6,104.3,113.6,105.6,97.5,93.9,83.9,90.5,100.9,99.9,100.5,98.6,99.6,100.0,105.0,101.8,112.1,96.6,99.3,100.0,100.0,100.0,100.0,100.0,87.9,95.7,97.9,97.1,100.0,99.2,101.7,5.9,93.1,100.0,100.4,100.1,100.2,100.8,101.2,100.1,100.2,100.0,99.7,99.9,98.9,100.6
201109,102.0,102.6,100.6,101.3,98.9,102.7,104.7,109.0,102.3,115.7,106.9,97.6,101.6,111.5,99.1,102.3,99.8,104.2,101.7,101.1,106.2,104.3,101.9,112.4,106.5,101.7,108.4,106.8,95.2,107.6,99.5,92.6,92.8,91.3,96.4,103.5,105.5,101.8,97.3,103.0,102.8,98.2,109.7,107.6,103.2,103.5,109.4,103.1,115.8,102.6,104.4,107.8,101.0,98.9,100.1,96.5,100.9,104.9,97.8,98.6,100.9,94.4,100.9,100.9,98.9,99.7,98.9,97.4,99.4,99.5,93.9,99.5,100.1,99.7,99.8,99.0,102.2,98.6,99.1,100.1,99.7,100.3,100.4,100.6,99.2,97.5,98.7,98.2,98.6,99.3,96.1,99.3,101.2,99.8,99.0,99.2,99.9,93.4,99.5,98.5,97.9,106.3,98.8,96.6,97.8,99.9,84.4,105.8,98.1,100.0,100.0,101.0,100.0,100.0,99.9,101.1,100.5,99.0,100.0,95.1,98.0,100.0,100.0,99.9,99.9,99.7,100.0,99.8,100.0,99.9,104.6,102.7,102.6,103.2,102.3,99.9,99.4,100.4,100.0,99.6,99.9,100.0,101.1,101.1,102.9,109.9,105.9,97.6,93.6,82.3,90.6,100.9,100.1,100.8,98.6,99.5,100.0,98.2,101.8,112.1,96.6,99.0,100.0,100.0,100.0,100.0,100.0,83.4,93.9,97.9,97.1,100.0,99.2,101.7,5.9,93.1,100.0,100.4,100.1,100.2,100.8,101.2,100.1,100.2,100.0,99.6,99.6,99.0,100.6
201110,102.4,103.3,100.7,101.4,99.0,103.4,107.4,109.0,102.3,115.7,108.1,115.9,101.6,111.4,99.5,102.3,99.8,103.7,101.7,101.1,107.4,104.1,101.9,110.3,106.4,101.7,109.1,103.7,95.0,107.6,99.5,92.8,93.1,91.2,97.0,103.3,105.2,101.9,97.5,103.0,101.9,98.2,111.0,107.3,102.9,103.5,108.0,103.1,115.7,102.6,102.9,104.8,101.0,99.1,100.5,97.3,101.0,105.0,97.3,98.8,100.9,93.0,103.8,103.8,98.6,99.7,98.5,96.6,99.2,99.4,94.2,102.2,102.8,100.2,115.3,98.9,102.2,98.4,99.4,100.0,99.7,100.1,100.4,100.6,99.0,97.1,97.5,98.1,97.5,99.3,96.1,99.0,96.5,99.4,99.9,99.2,99.8,93.4,99.2,98.3,97.9,106.4,99.6,94.4,97.9,99.4,82.0,104.9,97.2,100.0,100.0,102.5,100.0,100.0,98.7,100.7,100.5,99.9,100.0,98.8,100.0,100.0,100.0,99.9,99.9,99.7,100.0,99.8,100.0,99.9,102.3,102.7,102.6,103.2,101.7,99.9,99.4,100.4,100.0,99.6,99.9,100.0,101.0,101.0,102.2,107.3,105.9,97.3,93.8,81.7,90.1,100.9,100.1,100.9,98.6,99.5,100.0,98.2,101.8,112.1,97.5,98.8,100.0,100.0,100.0,100.0,100.0,81.6,92.4,97.9,97.1,100.0,99.2,101.7,5.9,93.1,100.0,100.4,100.1,100.2,100.8,101.2,100.1,100.2,100.0,99.6,99.6,99.0,100.6
201111,102.9,104.3,100.6,101.1,99.2,104.5,108.0,109.0,102.3,115.0,106.4,115.0,101.6,111.6,99.1,112.2,99.8,105.3,101.7,101.1,107.2,105.8,101.9,109.8,105.0,101.7,108.4,104.4,94.4,120.8,99.5,93.6,95.0,90.8,97.6,103.1,104.8,101.5,97.6,103.0,100.3,98.2,110.9,106.8,102.0,103.5,106.6,103.1,115.2,102.6,101.7,102.5,101.0,99.3,100.8,97.7,101.2,105.4,96.9,98.8,100.8,92.3,106.6,106.6,98.6,99.6,98.2,97.5,99.5,98.7,94.9,102.8,103.1,100.9,118.8,98.8,102.1,98.6,99.3,100.1,99.7,100.4,100.4,100.6,98.9,96.9,96.9,98.6,98.0,99.2,95.5,98.9,95.3,99.0,99.5,99.6,98.9,93.4,98.9,97.9,97.9,106.1,99.3,93.6,98.1,99.0,78.9,104.0,97.5,100.0,100.0,102.5,100.0,100.0,99.6,100.7,99.9,99.1,100.0,95.1,98.1,100.0,100.0,99.9,99.9,99.7,100.0,99.8,100.0,99.9,99.1,102.7,102.6,103.2,101.7,99.9,99.4,100.4,100.0,99.6,100.0,98.9,101.2,101.2,102.2,107.1,105.8,97.9,93.5,83.9,89.5,101.1,100.1,100.9,98.6,99.5,100.0,98.2,101.8,112.1,97.5,99.2,100.0,100.0,100.0,100.0,100.0,84.0,95.3,97.9,97.1,100.0,99.2,101.7,5.9,93.1,100.0,100.4,100.1,100.2,100.8,101.2,100.1,100.2,100.0,99.6,99.6,99.0,100.6
201112,102.1,103.3,100.5,100.9,99.3,103.4,106.3,109.0,102.3,114.3,102.7,109.5,101.6,109.4,99.2,108.8,99.8,104.5,101.7,101.1,108.2,104.5,101.9,106.5,104.1,101.7,104.9,103.5,95.2,117.9,99.5,92.5,93.3,89.9,98.1,102.3,103.6,100.9,97.5,103.0,99.2,98.2,108.8,105.4,100.4,103.5,105.7,103.1,111.1,102.6,100.7,100.4,101.0,99.2,100.9,97.7,101.2,105.6,96.7,99.1,100.1,92.4,107.0,107.0,98.6,99.7,98.3,96.9,99.5,98.5,94.0,101.9,102.5,99.6,116.2,98.4,102.0,97.6,99.2,100.2,99.7,100.5,100.4,100.6,98.6,96.4,95.6,97.2,97.2,99.2,95.6,98.8,94.2,96.7,96.0,99.2,98.7,93.4,98.4,97.7,96.8,106.5,97.3,94.7,97.5,98.9,77.3,104.8,94.1,100.0,100.0,102.5,100.0,100.0,99.6,101.0,100.9,99.7,100.0,97.9,99.5,100.0,100.0,99.9,99.9,99.7,100.0,99.8,100.0,100.1,113.7,97.1,95.1,103.3,101.9,99.8,99.3,100.4,100.0,99.6,100.0,98.9,101.4,101.4,102.5,108.0,105.8,97.8,93.0,83.6,89.2,101.1,100.1,100.7,98.7,99.5,100.0,98.4,101.9,112.1,97.5,99.2,100.0,100.0,100.0,100.0,100.0,83.5,94.8,97.9,97.1,100.0,99.2,101.7,5.9,93.1,100.0,100.4,100.1,100.2,100.8,101.2,100.1,100.2,100.0,99.6,99.6,99.0,100.6
201201,96.1,94.0,100.4,100.9,99.1,93.7,97.6,109.0,102.3,95.7,95.8,90.7,101.6,95.0,98.4,87.0,100.7,92.7,101.7,101.1,90.8,95.0,101.9,89.0,87.9,101.7,85.2,86.5,94.1,90.5,100.4,88.7,91.6,83.2,97.2,97.5,96.8,97.0,96.0,103.0,94.3,98.2,96.3,97.0,94.1,103.5,92.4,103.1,90.7,102.6,95.0,89.0,101.0,99.0,99.9,97.9,102.3,99.3,96.7,99.0,100.4,92.1,107.7,107.7,98.1,99.0,97.4,97.3,99.4,98.9,94.1,96.4,101.2,86.4,90.1,97.0,102.4,97.1,97.6,100.2,99.7,100.5,100.5,100.6,98.7,96.5,95.2,97.3,99.6,99.3,95.9,98.9,93.8,97.4,96.4,99.7,97.5,93.4,98.5,97.4,97.0,105.9,97.7,95.0,97.5,99.0,79.9,104.0,95.2,100.0,100.0,102.5,100.0,100.0,99.6,101.3,101.2,100.0,100.0,99.5,100.2,100.0,100.0,99.9,99.9,99.7,100.0,99.8,100.0,100.2,111.7,99.6,95.1,113.3,102.3,100.3,99.3,100.4,100.0,99.6,101.4,98.9,101.3,101.3,102.9,107.5,105.9,98.1,92.6,83.2,86.3,101.0,100.1,101.0,98.6,99.5,100.0,98.5,101.9,112.1,99.9,99.1,100.0,100.0,99.9,99.9,100.0,82.5,95.3,98.0,97.1,100.0,99.2,101.7,5.9,93.1,100.0,100.4,100.1,100.2,100.8,101.2,100.1,100.2,100.0,99.9,100.3,99.0,100.6
201202,96.0,95.0,100.9,101.4,99.5,94.7,96.9,109.0,102.3,95.4,89.9,84.5,101.6,88.1,98.1,102.7,100.2,94.6,101.7,101.1,96.9,93.4,101.9,89.3,85.0,101.7,79.3,82.5,94.3,109.7,99.9,90.0,91.1,86.7,97.0,95.8,94.5,95.2,95.8,103.0,95.0,98.2,87.3,93.9,95.5,103.5,89.2,103.1,80.5,102.6,96.5,91.9,101.0,98.5,99.2,97.4,101.5,98.4,96.3,99.0,99.8,91.8,107.2,107.2,98.1,99.1,97.9,96.9,98.6,99.2,94.3,96.1,102.5,91.7,87.3,97.0,102.3,95.0,97.7,100.2,99.6,100.6,100.5,100.6,98.5,96.0,95.1,98.4,99.1,99.4,95.8,99.1,93.1,97.6,96.3,100.5,94.4,92.0,98.3,97.7,97.2,106.2,98.1,94.0,97.3,99.0,79.2,103.2,94.7,100.0,100.0,102.5,100.0,99.9,99.4,101.0,99.7,99.1,100.0,95.4,98.0,100.0,100.0,99.9,99.9,99.7,100.0,99.8,100.0,100.1,101.0,99.6,95.1,113.3,102.4,100.3,99.3,100.4,100.0,99.6,101.4,98.9,101.7,101.7,103.0,107.6,106.0,98.0,92.3,83.5,85.8,101.0,100.1,100.5,98.6,99.5,100.0,98.2,101.9,112.1,99.9,98.8,100.0,100.0,99.9,99.9,100.0,83.3,92.8,98.1,97.1,100.0,99.2,101.7,5.9,93.1,100.0,100.4,100.1,100.2,100.8,101.2,100.1,100.2,100.0,100.2,101.4,99.0,100.6
201203,99.2,101.0,100.8,101.3,99.4,101.0,106.4,118.8,110.0,108.6,101.6,103.1,108.8,104.5,98.6,102.7,100.2,100.2,107.5,109.3,102.8,101.2,111.3,102.9,84.9,112.9,99.2,97.9,93.7,109.7,99.9,91.8,91.0,90.7,98.1,96.5,95.4,95.5,96.9,103.0,96.3,98.2,86.4,95.2,98.0,103.5,96.8,103.1,79.0,102.6,96.4,91.8,101.0,98.9,99.8,97.5,101.2,101.2,96.5,99.1,101.0,91.1,107.8,107.8,98.5,99.3,98.6,97.0,98.1,99.6,95.6,100.1,102.9,100.6,105.5,98.0,102.3,96.2,99.7,100.1,99.6,100.3,100.6,100.6,98.5,95.8,95.9,97.4,97.3,99.4,96.1,99.1,94.4,96.5,96.3,99.3,92.5,92.0,98.4,96.8,96.9,106.7,98.5,95.0,97.3,99.0,76.0,102.7,98.3,100.0,100.0,102.5,100.1,99.9,99.4,102.5,100.9,100.5,100.0,101.4,101.4,100.0,100.0,99.9,99.9,99.7,100.0,99.8,100.0,100.1,108.2,99.6,95.1,113.3,104.8,100.3,99.3,100.4,100.0,99.6,101.4,98.9,102.7,102.7,106.1,116.6,105.3,97.7,91.9,82.0,83.9,101.0,100.1,101.4,98.6,99.5,100.0,98.2,102.0,112.1,99.9,98.4,100.0,100.0,99.9,99.9,100.0,84.4,89.5,98.1,97.1,100.0,99.2,101.7,5.9,93.1,100.0,100.4,100.1,100.2,100.8,101.2,100.1,100.2,100.0,100.2,101.4,99.1,100.6
201204,101.4,101.7,101.1,101.8,99.4,101.7,106.0,116.7,109.9,108.6,101.6,103.1,107.9,104.5,99.0,102.7,100.4,101.7,105.1,107.8,102.8,101.2,109.8,102.9,97.1,110.6,99.2,97.9,93.6,109.7,100.1,92.1,91.3,91.1,97.7,102.8,104.7,101.9,96.9,103.0,98.5,107.6,101.5,106.0,99.4,113.1,101.2,111.3,101.2,115.4,105.6,98.3,112.9,98.7,100.1,96.9,101.2,103.4,96.1,98.8,100.7,90.4,107.7,107.7,98.3,98.5,98.3,96.8,98.4,100.1,96.3,100.0,101.1,100.5,105.5,97.8,101.8,97.2,99.3,100.0,99.5,100.3,100.6,100.7,98.6,95.7,96.7,97.1,96.4,99.3,95.6,98.6,98.2,95.8,96.3,99.4,91.9,92.0,99.0,97.0,96.4,110.5,98.3,93.6,97.2,98.6,77.9,104.4,98.0,100.2,100.2,104.8,100.1,99.6,99.4,102.9,100.6,100.3,100.0,100.6,101.0,100.0,100.0,99.9,99.9,99.7,100.0,99.8,100.0,99.9,99.1,105.2,102.6,113.3,105.5,100.3,99.2,100.3,100.0,100.1,101.4,99.1,102.3,102.3,107.0,119.1,106.4,97.9,92.5,78.0,83.3,101.0,100.1,101.4,98.5,99.7,95.4,98.4,102.0,112.1,99.9,98.7,100.0,100.0,99.9,99.9,100.0,83.4,92.1,98.3,97.4,99.9,99.2,101.9,5.9,93.9,100.0,100.6,100.1,100.3,101.4,101.9,102.6,103.5,101.9,100.0,100.2,99.3,100.9
201205,101.2,101.5,101.9,102.7,99.8,101.5,105.7,116.7,106.6,108.6,101.6,103.1,107.8,104.5,99.0,102.7,100.4,101.4,103.4,107.3,102.8,101.2,108.9,102.9,97.1,108.0,99.2,97.9,93.5,109.7,100.1,92.2,92.0,90.7,98.0,102.6,104.4,102.3,96.8,109.5,98.5,106.9,101.5,105.3,99.4,111.4,101.2,110.0,101.2,113.5,105.2,98.3,112.0,98.7,99.9,96.9,100.6,103.4,95.8,99.0,100.6,89.7,109.3,109.3,98.2,98.0,98.2,97.0,98.8,100.3,96.4,99.9,100.6,100.3,105.5,97.4,102.3,97.6,99.7,100.2,99.6,100.6,100.5,100.8,98.9,96.4,97.2,97.7,96.7,99.2,95.7,98.8,99.8,96.3,94.7,99.8,94.7,93.4,98.9,97.0,97.0,111.3,98.5,94.0,97.1,98.6,78.3,102.3,98.1,100.2,100.2,104.8,100.1,99.7,99.4,102.3,100.8,100.2,100.0,100.2,100.8,100.0,100.0,99.9,99.9,99.7,100.0,99.8,100.0,99.9,100.9,105.2,102.6,113.3,104.4,100.2,99.2,100.3,100.0,100.1,101.4,98.0,102.1,102.1,105.6,115.4,106.6,97.7,91.9,75.9,82.7,101.0,100.1,101.4,98.5,99.7,95.4,98.5,102.0,112.1,99.9,98.7,100.0,100.0,99.9,99.9,100.0,82.1,92.2,98.3,97.4,100.0,99.2,101.9,5.9,93.9,100.0,100.6,100.1,100.3,101.4,101.9,102.6,103.5,101.9,100.0,100.2,99.3,100.9
201206,100.9,101.0,101.7,102.5,99.8,101.0,105.6,116.7,105.5,108.6,101.6,103.1,107.6,104.5,99.0,102.7,100.4,100.9,102.9,102.2,102.8,101.2,106.7,102.9,97.1,106.1,99.2,97.9,92.4,109.7,100.1,91.3,91.6,89.0,98.1,102.1,103.7,102.2,96.7,109.2,98.5,106.9,101.5,104.5,99.4,108.8,101.2,108.6,101.2,110.8,103.5,98.3,108.7,98.5,99.8,96.7,101.1,102.9,95.3,98.6,100.4,88.9,110.1,110.1,98.5,97.9,98.4,96.9,99.7,100.3,96.7,99.8,101.2,100.4,105.5,96.8,101.3,97.5,99.7,100.2,99.6,100.6,100.6,100.8,98.8,96.0,96.3,96.0,96.8,99.3,94.1,98.7,101.5,96.5,95.1,99.8,98.7,91.6,99.1,97.0,96.8,112.0,98.9,95.3,97.0,98.6,76.3,102.8,98.4,100.2,100.2,104.8,100.1,100.1,99.4,100.8,100.2,98.9,100.0,94.2,97.6,100.0,100.0,99.9,99.9,99.7,100.0,99.8,100.0,99.8,99.9,105.2,102.6,113.3,102.0,100.2,99.2,100.3,100.0,100.1,101.4,98.0,101.6,101.6,102.6,107.4,106.6,97.3,91.5,72.5,82.7,101.0,100.1,101.2,98.5,99.7,95.4,98.2,100.7,112.1,99.9,98.7,100.0,100.0,99.9,99.9,100.0,78.0,92.1,98.3,97.4,100.1,99.3,101.9,5.9,93.9,100.0,100.6,100.1,100.3,101.4,101.9,102.6,103.5,101.9,100.0,100.2,99.3,100.9
201207,97.9,97.5,101.7,102.4,99.8,97.3,102.2,105.1,97.6,108.6,101.6,103.1,96.7,104.5,98.2,102.7,100.4,97.7,92.0,92.2,102.8,101.2,85.9,102.9,97.1,88.1,99.2,97.9,90.6,109.7,100.1,84.8,87.0,78.8,96.9,97.8,97.7,97.6,96.1,98.4,98.5,95.1,101.5,98.2,99.4,98.0,101.2,94.3,101.2,92.9,94.5,98.3,90.6,98.2,99.6,96.5,100.7,102.9,94.8,98.7,99.6,88.5,110.6,110.6,97.7,97.5,97.0,97.1,99.2,100.2,95.9,97.9,99.8,86.5,105.5,95.0,102.4,96.8,98.3,100.3,99.6,100.8,100.6,100.8,98.6,96.0,96.9,96.8,96.7,99.0,94.0,98.9,101.9,96.4,94.0,94.7,99.0,92.0,98.6,96.7,96.5,109.0,98.7,94.5,97.1,98.5,76.3,102.0,99.4,100.2,100.2,104.8,100.1,100.0,99.4,100.6,101.7,100.4,100.0,101.2,101.4,100.0,100.0,99.9,99.9,99.7,100.0,99.8,100.0,99.8,109.1,105.2,102.6,113.3,101.4,100.2,99.2,100.3,100.0,100.1,101.4,98.0,101.4,101.4,101.8,105.3,106.0,97.3,91.4,71.1,81.1,101.0,100.1,101.3,98.4,99.7,95.4,104.2,100.7,112.1,99.9,98.3,100.0,100.0,99.8,99.8,100.0,78.6,90.0,98.3,97.4,100.1,99.3,101.9,5.9,93.9,100.0,100.6,100.1,100.3,101.4,101.9,102.6,103.5,101.9,100.0,100.2,99.3,100.9
201208,95.9,95.8,101.7,102.4,99.8,95.5,100.0,96.9,93.8,108.6,101.6,103.1,89.0,104.5,97.7,102.7,100.4,96.0,86.9,86.3,102.8,101.2,72.4,102.9,97.1,77.1,99.2,97.9,89.9,109.7,100.1,83.2,86.2,76.1,96.4,93.9,92.0,91.9,95.3,90.9,98.5,78.9,101.5,92.4,99.4,83.1,101.2,81.8,101.2,82.4,88.8,98.3,79.3,98.2,99.5,96.4,100.6,102.9,94.8,99.0,99.5,88.4,110.6,110.6,98.0,98.7,96.9,97.0,99.7,99.3,95.5,97.3,99.1,86.6,105.5,93.8,102.2,95.9,97.7,100.3,99.6,100.7,100.6,100.8,98.5,95.7,95.8,95.5,96.9,99.1,93.9,98.7,102.0,97.4,94.2,91.4,99.1,92.0,98.1,96.4,95.9,106.8,98.8,95.4,96.8,98.3,74.4,102.1,99.1,100.2,100.2,105.2,100.1,100.0,99.4,101.2,104.3,101.5,100.0,106.0,103.9,100.0,100.0,99.9,99.9,99.7,100.0,99.8,100.0,100.0,129.8,105.2,102.6,113.3,101.8,100.0,99.2,100.3,100.0,100.1,101.2,96.7,101.3,101.3,102.3,106.8,106.8,97.5,91.5,68.7,80.3,101.0,100.1,101.3,98.4,99.7,95.4,105.2,100.9,112.1,99.9,98.3,100.0,100.0,99.8,99.8,100.0,75.7,89.7,98.3,97.4,100.1,99.3,101.9,5.9,93.9,100.0,100.6,100.1,100.3,101.4,101.9,102.6,103.5,101.9,100.0,100.2,99.3,100.9
201209,101.8,102.4,101.8,102.5,99.8,102.4,106.9,111.8,103.9,120.2,109.6,103.1,103.0,112.4,97.7,102.7,100.4,103.1,99.7,100.9,105.5,109.5,99.2,110.9,105.2,100.5,108.1,105.2,90.2,109.7,100.1,89.6,90.6,86.4,96.5,103.3,105.5,102.0,96.3,102.0,103.0,99.1,110.9,107.3,101.7,102.9,111.9,101.2,115.7,103.0,105.3,110.0,100.7,98.5,100.1,96.3,100.9,105.0,94.8,98.9,99.9,88.2,111.4,111.4,98.5,98.4,98.4,97.2,99.4,98.8,96.0,99.0,99.5,97.0,105.5,96.0,102.3,97.3,98.5,100.2,99.6,100.5,100.8,100.8,98.6,96.0,95.8,96.6,96.9,99.3,93.9,98.9,102.3,95.4,92.8,91.5,98.9,93.4,98.3,96.1,95.3,108.9,98.6,94.9,96.8,98.2,75.4,101.9,99.5,100.3,100.2,105.2,100.1,100.1,99.4,101.4,100.4,99.0,100.0,95.1,98.0,100.0,100.0,99.9,99.9,99.7,100.0,99.8,100.0,100.0,100.5,105.2,102.6,113.2,103.1,99.9,98.7,100.3,100.0,100.1,101.3,96.7,101.2,101.2,104.1,111.9,107.1,97.2,92.4,67.2,80.2,101.0,100.1,101.4,98.4,99.7,95.4,98.2,100.9,112.1,99.9,98.3,100.0,100.0,99.8,99.8,100.0,72.9,90.0,98.3,97.4,100.1,99.3,101.9,5.9,93.9,100.0,100.6,100.1,100.3,101.4,101.9,102.6,103.5,101.9,100.0,100.2,99.3,100.9
201210,102.2,103.1,101.7,102.4,99.7,103.2,108.5,111.8,103.9,118.3,109.4,114.9,103.0,113.0,98.1,102.7,100.4,103.5,99.7,100.9,105.3,109.6,99.2,111.7,106.6,100.5,108.0,105.9,90.6,109.7,100.1,90.2,91.2,86.8,97.6,103.1,105.1,102.0,95.9,102.0,102.2,99.1,112.0,106.9,101.8,102.9,109.3,101.2,115.8,103.0,103.7,106.7,100.7,98.7,100.4,97.1,101.0,104.9,95.0,99.1,100.0,88.5,111.7,111.7,98.3,98.1,98.6,96.7,99.0,99.4,95.1,100.8,100.4,97.9,114.8,96.5,102.0,97.8,98.7,100.3,99.8,100.5,100.8,100.8,98.6,95.9,96.1,95.5,96.4,99.3,93.9,99.0,97.3,95.9,91.9,94.4,98.4,93.4,98.4,96.4,96.1,110.9,97.8,95.2,96.4,98.3,72.2,102.0,98.9,100.3,100.2,105.3,100.1,100.1,99.7,101.6,100.5,99.9,100.0,98.8,100.0,100.0,100.0,99.9,99.9,99.7,100.0,99.8,100.0,100.0,99.4,105.2,102.6,113.2,103.4,99.9,98.7,100.3,100.0,100.1,101.3,96.7,101.3,101.3,104.4,111.7,107.4,97.1,92.7,67.0,80.4,101.0,100.1,101.4,98.4,99.7,95.4,98.2,100.9,112.1,101.5,98.2,100.0,100.0,99.8,99.8,100.0,70.3,89.9,98.3,97.4,100.1,99.3,101.9,5.9,93.9,100.0,100.6,100.1,100.3,101.4,101.9,102.6,103.5,101.9,100.0,100.2,99.3,100.9
201211,102.4,103.9,101.4,102.1,99.5,104.0,108.9,111.8,103.9,118.8,108.4,113.4,103.0,111.8,98.6,110.9,100.4,104.9,99.7,100.9,104.0,109.0,99.2,109.5,106.3,100.5,108.1,107.1,90.2,121.3,100.1,89.6,91.3,85.3,97.5,102.7,104.5,102.2,97.0,102.0,101.7,99.1,112.3,105.8,100.9,102.9,105.4,101.2,115.2,103.0,103.1,105.5,100.7,98.8,100.2,97.8,100.6,103.6,95.5,99.1,100.6,89.0,111.3,111.3,98.4,98.2,98.2,96.7,99.6,99.4,95.8,101.2,102.1,99.0,115.4,97.0,102.2,96.9,99.0,100.3,99.7,100.6,100.8,100.8,98.2,95.0,95.0,95.5,95.9,99.2,93.2,99.2,95.6,95.3,93.0,93.0,97.5,91.1,98.0,96.1,95.2,111.2,96.7,93.8,96.1,98.4,73.2,101.3,97.1,100.2,100.2,105.3,100.1,100.1,98.5,100.9,100.2,99.1,100.0,95.1,98.1,100.0,100.0,99.9,99.9,99.7,100.0,99.8,100.0,99.9,98.8,105.2,102.6,113.2,102.8,99.9,98.7,100.3,100.0,100.1,101.3,96.7,101.3,101.3,103.7,109.8,106.2,97.2,92.7,65.6,79.9,101.0,100.1,101.4,98.4,99.7,95.4,98.2,100.9,112.1,101.5,97.2,100.0,100.0,99.8,99.8,100.0,68.9,82.8,98.3,97.4,100.1,99.3,101.9,5.9,93.9,100.0,100.6,100.1,100.3,101.4,101.9,102.6,103.5,101.9,100.0,100.2,99.3,100.9
201212,101.8,102.9,101.5,102.3,99.6,102.9,107.8,111.8,103.9,118.9,105.2,110.7,103.0,110.7,96.3,108.3,100.4,103.8,99.7,100.9,103.8,108.0,99.2,108.1,105.2,100.5,104.5,106.1,90.4,117.2,100.1,88.6,90.4,84.2,97.1,102.1,103.5,101.1,95.7,102.0,98.7,99.1,111.0,104.9,100.8,102.9,104.8,101.2,111.9,103.0,102.3,103.9,100.7,99.0,100.5,98.0,100.3,105.0,95.4,99.0,100.3,89.2,111.9,111.9,98.2,98.9,98.2,96.2,98.6,98.9,95.9,101.2,100.8,97.4,116.5,97.3,102.1,97.3,99.2,100.3,99.7,100.6,100.9,100.7,98.0,94.6,94.1,93.5,95.2,99.2,92.5,99.2,94.7,95.8,92.8,92.5,96.9,91.1,97.0,95.6,93.7,107.8,95.6,94.1,95.7,98.1,72.1,101.3,95.6,100.2,100.2,105.3,100.1,100.1,98.5,101.2,101.1,99.7,100.0,97.9,99.5,100.0,100.0,99.9,99.9,99.7,100.0,99.8,100.0,100.1,105.7,105.2,102.6,113.2,103.1,99.9,98.7,100.1,100.0,100.1,101.3,96.7,100.9,100.9,104.0,111.0,106.2,96.0,92.8,63.5,79.3,101.0,100.2,101.4,98.5,99.7,95.4,98.4,101.6,112.1,101.5,97.2,100.0,100.0,99.8,99.8,100.0,66.5,82.7,98.3,97.4,100.1,99.3,101.9,5.9,93.9,100.0,100.6,100.1,100.3,101.4,101.9,102.6,103.5,101.9,100.0,100.2,99.3,100.9
201301,96.4,94.8,101.3,102.0,99.3,94.5,99.4,111.8,103.9,103.5,95.4,90.0,103.0,97.8,98.0,89.2,100.5,93.7,99.7,100.9,91.4,98.6,99.2,93.8,91.9,100.5,89.2,89.8,89.4,93.0,100.0,86.5,88.2,81.4,97.6,97.5,97.0,96.9,95.9,102.0,95.0,99.1,94.2,97.1,96.1,102.9,91.0,101.2,93.7,103.0,96.5,92.2,100.7,98.6,99.1,98.2,100.9,97.6,95.5,98.8,100.1,89.6,112.0,112.0,97.8,99.0,97.2,96.4,98.6,99.0,95.3,96.0,99.4,86.6,92.0,95.5,102.1,96.7,98.8,100.4,99.7,101.0,100.9,100.7,98.0,94.8,93.6,92.9,94.2,99.1,92.6,99.2,94.0,94.6,93.2,92.5,96.7,92.5,96.8,95.9,93.8,107.0,95.4,93.3,95.8,98.0,70.7,100.5,95.3,100.2,100.2,105.4,100.1,100.1,98.5,101.3,100.4,100.0,100.0,99.5,100.2,100.0,100.0,99.9,99.9,99.7,100.0,99.8,100.0,100.2,97.5,105.0,102.4,113.2,103.5,99.7,98.3,100.1,100.0,100.1,101.3,95.8,101.3,101.3,104.6,112.4,106.4,96.8,92.7,64.4,79.7,101.0,100.2,101.5,98.5,99.6,95.4,98.5,101.6,112.1,101.5,97.2,100.0,100.0,99.8,99.8,100.0,68.1,82.6,98.4,97.4,100.1,99.3,101.9,5.9,93.9,100.0,100.6,100.1,100.3,101.4,101.9,102.6,103.5,101.9,100.3,101.0,99.3,100.9
201302,95.5,94.7,101.3,102.0,99.5,94.4,98.2,111.8,103.9,98.8,93.2,83.3,103.0,89.9,98.3,102.8,100.0,94.3,99.7,100.9,88.4,97.3,99.2,88.4,89.3,100.5,81.0,84.8,90.5,110.5,99.3,86.3,88.8,80.5,96.9,95.3,93.8,94.1,96.0,102.0,92.6,99.1,83.2,93.3,94.9,102.9,88.8,101.2,81.1,103.0,96.2,91.7,100.7,98.4,98.4,97.7,100.4,96.3,95.7,98.9,100.4,89.6,112.2,112.2,97.2,98.7,96.6,97.1,96.8,98.7,95.9,94.2,97.6,87.3,83.8,95.7,101.8,95.1,98.7,100.5,99.8,101.1,100.9,100.8,98.0,94.7,93.7,93.1,93.8,99.0,92.7,99.3,94.4,94.6,93.2,92.2,93.8,92.5,97.0,96.1,93.8,108.8,96.0,93.9,95.4,98.2,69.6,100.3,96.5,100.2,100.2,105.4,100.1,99.9,98.8,101.9,100.3,99.1,100.0,95.4,98.0,100.0,100.0,99.9,99.9,99.7,100.0,99.8,100.0,100.2,99.9,105.2,102.6,113.2,104.6,99.7,98.3,100.1,100.0,100.1,101.3,95.8,101.4,101.4,106.0,116.3,106.2,97.0,92.8,65.7,79.4,101.0,100.2,101.4,98.5,99.6,95.4,98.2,101.6,112.1,101.5,97.2,100.0,100.0,99.8,99.8,100.0,69.5,82.6,98.5,97.4,100.1,99.3,101.9,5.9,93.9,100.0,100.6,100.1,100.3,101.4,101.9,102.6,103.5,101.9,100.6,101.9,99.3,100.9
201303,99.1,101.7,101.3,102.0,99.3,101.7,107.1,117.2,111.8,113.1,103.5,102.4,109.7,106.0,98.2,102.8,100.4,102.3,112.1,110.2,99.7,105.3,114.3,103.7,95.4,113.0,99.8,99.8,90.3,110.5,99.8,87.6,88.5,83.5,97.7,95.3,93.8,94.2,96.3,102.0,93.2,99.1,82.7,93.2,98.0,102.9,89.7,101.2,78.7,103.0,97.1,93.5,100.7,98.7,98.9,97.7,100.5,98.1,95.9,99.2,101.5,89.1,111.6,111.6,97.7,99.2,97.4,97.4,97.1,98.6,96.4,98.8,99.0,97.5,104.5,96.3,102.1,96.3,99.8,100.5,99.9,100.9,100.9,100.8,98.0,94.6,94.6,93.2,94.1,99.0,92.7,99.3,95.6,94.5,92.8,91.2,91.9,92.5,97.4,95.7,93.9,110.6,97.0,94.8,95.9,98.1,70.7,100.4,94.6,100.2,100.2,105.4,100.1,99.9,98.8,102.2,101.4,100.5,100.0,101.4,101.4,100.0,100.0,99.9,99.9,99.7,100.0,99.8,100.0,100.1,105.9,105.2,102.6,113.2,104.8,99.7,98.3,100.1,100.0,100.1,101.3,95.8,101.8,101.8,106.3,117.3,105.3,97.1,93.1,65.1,78.9,101.0,100.2,101.6,98.5,99.6,95.4,98.2,101.6,112.1,101.5,97.2,100.0,100.0,99.8,99.8,100.0,69.9,82.6,98.5,97.4,100.1,99.3,101.9,5.9,93.9,100.0,100.6,100.1,100.3,101.4,101.9,102.6,103.5,101.9,100.7,102.0,99.5,100.9
201304,101.4,101.8,101.2,101.8,99.8,101.8,107.0,117.6,110.5,113.1,103.5,102.4,109.6,106.0,98.8,102.8,100.3,102.3,107.7,105.4,99.7,105.3,113.6,103.7,100.0,111.3,99.8,99.8,90.1,110.5,99.7,87.8,89.0,83.6,97.5,103.2,105.1,102.1,96.4,102.0,98.0,109.4,100.9,106.6,99.2,112.1,100.1,113.9,101.7,115.7,105.7,100.5,110.8,99.1,99.5,97.5,100.9,100.3,96.3,99.3,101.6,89.8,111.4,111.4,97.9,99.2,97.7,97.0,97.4,98.2,96.6,98.8,99.1,97.5,104.5,96.5,101.5,96.6,100.0,100.6,99.9,101.2,101.0,100.8,97.9,94.4,95.5,93.6,95.4,99.1,92.6,99.2,98.5,94.7,93.7,91.0,91.8,90.5,97.2,96.1,94.0,108.8,97.2,94.4,95.6,98.1,71.3,100.5,94.3,100.2,100.2,105.8,100.1,99.4,98.8,102.8,100.6,100.3,100.0,100.6,101.0,100.0,100.0,99.9,99.9,99.7,100.0,99.8,100.0,100.1,98.9,105.2,102.6,113.3,106.1,99.7,98.3,100.1,100.0,100.1,101.3,95.8,101.7,101.7,108.0,116.7,106.1,97.0,93.1,66.8,79.1,101.0,100.2,101.6,98.4,99.6,95.4,98.4,101.6,127.4,105.3,97.0,100.0,100.0,99.8,99.8,100.0,69.9,80.6,98.8,97.7,100.7,99.5,102.1,5.9,94.2,100.0,100.7,100.1,100.4,102.0,103.3,106.5,112.0,101.9,100.7,101.5,99.3,102.0
201305,101.3,101.5,101.5,101.8,100.7,101.5,107.1,118.2,109.9,113.1,103.5,102.4,109.9,106.0,99.1,102.8,100.3,101.9,101.9,106.1,99.7,105.3,114.9,103.7,100.0,111.2,99.8,99.8,90.1,110.5,99.7,87.0,87.5,83.0,97.9,102.9,104.7,102.4,96.3,107.7,98.0,109.1,100.9,105.8,99.2,112.8,100.1,111.2,101.7,114.0,104.9,100.5,109.3,99.1,99.4,97.6,100.7,100.4,96.3,99.5,101.7,89.8,111.2,111.2,98.5,99.6,98.3,97.3,98.5,98.6,96.8,98.9,99.7,97.7,104.5,96.5,101.8,96.3,99.8,100.6,99.9,101.1,101.0,100.8,98.0,94.8,96.4,95.0,95.6,99.3,92.5,99.2,100.4,95.1,94.2,91.0,94.8,90.5,96.9,95.4,94.5,109.2,96.1,93.3,95.3,98.1,71.0,100.4,93.3,100.3,100.2,105.8,100.1,100.0,98.8,102.8,100.7,100.2,100.0,100.2,100.8,100.0,100.0,99.9,99.9,99.7,100.0,99.8,100.0,100.1,100.1,105.2,102.6,113.3,105.5,99.7,98.3,100.1,100.0,100.4,101.3,95.8,101.5,101.5,107.2,114.3,106.4,97.0,92.4,68.3,79.5,101.0,100.2,101.6,98.4,99.6,95.4,98.5,101.8,127.4,105.3,98.1,100.0,100.0,99.8,99.8,100.0,71.0,88.7,98.8,97.7,100.7,99.4,102.1,5.9,94.2,100.0,100.7,100.1,100.4,102.0,103.3,106.5,112.0,101.9,100.7,101.5,99.2,102.0
201306,101.1,101.3,101.4,101.7,100.7,101.3,106.9,117.8,109.3,113.1,103.5,102.4,108.7,106.0,99.2,102.8,100.3,101.6,100.4,103.7,99.7,105.3,113.4,103.7,100.0,108.9,99.8,99.8,90.2,110.5,99.7,87.3,87.5,84.1,97.4,102.5,104.0,102.2,96.4,107.9,98.0,108.2,100.9,104.9,99.2,112.4,100.1,108.9,101.7,111.3,103.9,100.5,107.2,99.3,99.8,97.5,101.1,101.3,96.4,99.5,101.9,89.6,112.1,112.1,98.3,99.8,97.6,97.1,99.0,99.0,95.9,99.1,99.7,97.6,104.5,96.2,101.8,97.2,100.3,100.7,99.9,101.5,101.0,100.9,98.1,95.3,95.5,92.0,95.7,99.4,92.4,99.2,100.7,94.2,93.6,90.6,97.9,92.5,96.8,95.4,94.0,109.2,98.5,93.0,94.9,97.5,71.3,100.6,93.0,100.3,100.2,105.9,100.1,100.0,98.8,102.7,100.2,98.9,100.0,94.2,97.6,100.0,100.0,99.9,99.9,99.7,100.0,99.8,100.0,100.1,99.4,105.2,102.6,113.3,105.5,99.7,98.3,100.3,100.0,100.4,101.3,95.8,101.7,101.7,107.1,114.3,106.1,96.7,92.5,67.7,78.2,101.2,100.2,101.7,98.3,99.6,95.4,98.2,102.1,127.4,105.3,98.1,100.0,100.0,99.8,99.8,100.0,69.4,88.7,98.8,97.7,100.8,99.4,102.1,5.9,94.2,100.0,100.7,100.1,100.4,102.0,103.3,106.5,112.0,101.9,100.7,101.6,99.2,102.0
201307,98.7,98.7,101.0,101.2,100.5,98.6,104.5,113.2,101.6,113.1,103.5,102.4,99.0,106.0,98.7,102.8,100.3,99.3,98.5,95.6,99.7,105.3,92.0,103.7,100.0,93.2,99.8,99.8,88.0,110.5,99.7,82.5,84.9,76.2,95.6,98.9,98.9,98.6,94.4,97.6,98.0,100.7,100.9,99.6,99.2,99.9,100.1,98.5,101.7,94.1,94.8,100.5,89.2,98.8,99.7,97.7,100.8,101.3,95.7,99.2,101.1,89.0,111.4,111.4,97.8,99.5,96.9,97.0,98.6,98.8,94.7,97.6,98.4,87.3,104.5,95.0,102.0,96.3,100.1,100.6,99.8,101.4,101.0,100.9,98.1,95.3,95.0,93.4,95.5,99.6,92.7,99.2,101.5,94.5,91.0,90.8,98.1,92.5,96.6,96.0,94.2,109.3,98.3,92.3,94.6,96.9,73.1,100.0,90.4,100.3,100.2,105.9,100.1,100.0,98.8,103.2,101.8,100.4,100.0,101.2,101.4,100.0,100.0,99.9,99.9,99.7,100.0,99.8,100.0,100.1,109.4,105.2,102.6,113.3,106.1,99.7,98.3,100.3,100.0,100.3,101.3,95.6,101.5,101.5,107.9,116.3,105.9,96.9,92.7,67.2,77.6,101.1,100.2,101.8,98.3,99.6,95.4,104.2,102.1,127.4,105.3,98.0,100.0,100.0,99.8,99.8,100.0,67.3,88.7,98.8,97.7,100.8,99.4,102.1,5.9,94.2,100.0,100.7,100.1,100.5,102.0,103.3,106.5,112.0,101.9,100.7,101.6,99.2,102.0
201308,96.6,96.6,101.1,101.4,100.4,96.4,101.4,98.0,97.2,113.1,103.5,102.4,91.4,106.0,98.3,102.8,100.3,97.6,92.2,90.9,99.7,105.3,79.3,103.7,100.0,80.8,99.8,99.8,88.8,110.5,99.7,80.4,84.0,72.3,95.4,95.2,93.6,95.0,93.7,90.8,98.0,91.0,100.9,93.8,99.2,87.8,100.1,84.2,101.7,86.3,87.7,100.5,74.9,98.8,99.4,96.8,100.7,101.3,95.9,99.7,101.5,89.0,110.9,110.9,97.7,98.8,97.0,97.4,98.6,97.4,94.2,96.8,97.5,86.2,104.5,94.2,102.4,94.6,99.9,100.7,99.8,101.4,101.0,100.9,98.0,95.3,95.1,93.2,94.8,99.8,92.6,99.3,101.6,93.7,91.1,90.3,99.7,92.5,96.0,96.0,92.6,106.4,98.9,92.2,94.5,96.8,73.7,99.9,89.2,100.3,100.2,106.6,100.1,100.0,98.8,104.3,103.9,101.5,100.0,106.0,103.9,100.0,100.0,99.9,99.9,99.7,100.0,99.8,100.1,100.2,125.5,105.2,102.6,113.3,107.3,99.7,98.3,100.3,100.0,100.3,101.3,95.6,101.4,101.4,109.6,120.9,106.3,95.8,92.7,67.4,77.4,101.1,100.2,101.8,98.3,99.6,95.4,105.2,102.1,127.4,105.3,98.1,100.0,100.0,99.8,99.9,100.0,66.3,88.7,98.8,97.7,100.8,99.4,102.1,5.9,94.2,100.0,100.7,100.1,100.5,102.0,103.3,106.5,112.0,101.9,100.7,101.6,99.2,102.0
201309,102.5,103.2,101.2,101.6,100.3,103.3,107.6,113.6,106.7,115.9,111.2,102.4,104.7,115.9,98.5,102.8,100.3,104.8,102.1,102.0,106.5,111.1,104.6,111.5,109.8,103.1,110.2,105.5,90.4,110.5,99.7,87.4,88.1,83.9,96.2,104.8,107.3,103.6,96.0,101.0,103.3,103.7,112.2,109.7,104.4,105.0,111.9,103.4,120.2,104.3,103.8,109.3,98.3,99.3,100.8,96.5,101.5,106.6,95.9,99.7,101.6,88.6,111.7,111.7,97.9,98.2,97.4,98.0,98.6,98.1,96.1,98.4,97.8,97.1,104.5,96.1,102.5,95.8,100.6,100.7,99.8,101.5,101.0,100.8,97.9,95.0,93.3,91.9,95.3,99.9,92.5,99.5,99.5,93.9,91.9,89.8,99.0,92.5,96.0,96.5,93.3,105.9,97.3,94.2,94.7,96.8,73.3,99.8,88.2,100.3,100.2,106.6,100.1,100.0,98.8,103.9,100.5,99.0,100.0,95.1,98.0,100.0,100.0,99.9,99.9,99.7,100.0,99.8,100.1,100.2,101.3,105.2,102.6,113.3,107.6,99.6,98.3,100.3,100.0,100.3,101.2,95.0,101.6,101.6,109.9,122.0,106.3,96.8,92.3,67.4,77.2,101.1,100.2,101.8,98.3,99.6,95.4,98.2,102.1,127.4,105.3,98.0,100.0,100.0,99.8,99.9,100.0,65.6,87.8,98.9,97.7,100.8,99.4,102.1,5.9,94.2,100.0,100.7,100.1,100.5,102.0,103.3,106.5,112.0,101.9,101.1,101.6,100.2,102.0
201310,102.8,103.7,101.3,101.6,100.4,103.8,109.0,113.6,106.7,115.8,110.4,113.3,104.7,115.1,97.9,102.8,100.3,104.9,102.1,102.0,106.7,111.0,104.6,111.6,109.9,103.1,109.4,106.4,90.0,110.5,99.7,87.8,88.5,84.3,97.1,104.5,106.8,103.3,96.1,101.0,102.4,103.7,111.8,109.2,103.4,105.0,110.8,103.4,119.5,104.3,101.9,105.6,98.3,99.4,101.1,97.3,101.7,106.2,95.8,99.3,101.9,88.4,111.9,111.9,98.2,98.6,98.1,98.1,98.5,97.2,96.9,100.5,98.9,96.0,116.6,96.5,102.8,96.2,100.2,100.6,99.9,101.3,101.0,100.8,98.1,95.3,93.4,94.9,95.5,100.0,92.9,99.8,97.6,94.2,94.1,89.4,99.6,92.5,96.5,97.3,93.5,108.1,97.8,94.0,94.6,96.8,70.3,100.4,90.7,100.3,100.2,106.6,100.1,100.0,98.6,103.3,100.6,99.9,100.0,98.8,100.0,100.0,100.0,99.9,99.9,99.7,100.0,99.8,100.1,100.2,99.9,105.2,102.6,113.3,106.5,99.6,98.0,100.3,100.0,100.3,101.2,95.0,102.0,102.0,108.5,119.6,106.4,96.8,91.9,66.1,77.3,101.1,100.2,101.9,98.3,99.6,95.4,98.2,102.1,127.4,103.4,98.1,100.0,100.0,99.8,99.9,100.0,69.1,88.7,98.9,97.7,100.8,99.4,102.1,5.9,94.2,100.0,100.7,100.1,100.5,102.0,103.3,106.5,112.0,101.9,101.1,101.6,100.2,102.0
201311,103.0,104.4,101.3,101.8,100.2,104.5,109.4,113.6,106.7,115.8,109.2,111.7,104.7,113.9,98.2,111.5,100.3,106.1,102.1,102.0,105.6,110.0,104.6,112.0,108.5,103.1,109.7,104.9,90.2,122.7,99.7,87.3,88.4,83.5,96.1,104.3,106.3,103.2,96.3,101.0,102.4,103.7,111.0,108.8,101.1,105.0,110.9,103.4,118.9,104.3,99.3,100.2,98.3,99.9,101.9,98.5,101.7,107.9,96.0,99.6,102.7,87.9,112.8,112.8,98.0,98.3,97.7,97.9,98.4,98.3,96.9,100.5,98.8,96.6,117.6,95.7,103.0,96.4,100.1,100.8,99.9,101.5,101.0,100.8,97.8,94.6,92.7,94.3,95.5,99.9,92.7,99.6,94.7,93.6,93.3,88.9,99.5,91.1,96.2,96.5,93.8,108.9,97.0,93.9,94.1,96.8,70.1,99.2,89.1,100.3,100.2,106.6,100.1,100.0,98.6,103.2,100.3,99.1,100.0,95.1,98.1,100.0,100.0,99.9,99.9,99.7,100.0,99.8,100.1,100.2,99.3,105.2,102.6,113.3,106.5,99.6,98.0,100.3,100.0,100.3,101.2,95.0,102.2,102.2,108.4,119.4,106.4,96.9,92.4,65.6,77.3,101.1,100.3,101.9,98.3,99.6,95.4,98.2,102.1,127.4,103.4,98.1,100.0,100.0,99.8,99.9,100.0,67.7,88.7,98.9,97.7,100.8,99.4,102.1,5.9,94.2,100.0,100.7,100.1,100.5,102.0,103.3,106.5,112.0,101.9,101.1,101.6,100.2,102.0
201312,102.4,103.6,101.3,101.8,100.0,103.7,108.4,113.6,106.7,116.1,105.5,109.5,104.7,113.1,97.9,108.3,100.3,105.4,102.1,102.0,105.7,110.1,104.6,109.6,108.1,103.1,108.8,104.3,90.2,120.0,99.7,86.5,88.5,81.6,96.3,103.4,105.0,101.9,95.7,101.0,98.3,103.7,109.4,107.2,97.8,105.0,109.0,103.4,115.3,104.3,100.1,101.9,98.3,100.0,101.9,98.4,101.9,107.5,96.2,99.3,103.6,87.6,113.2,113.2,97.9,98.1,97.6,97.7,98.6,97.9,96.8,100.0,98.3,96.3,116.6,95.8,101.8,95.4,100.6,100.8,100.0,101.7,101.1,100.8,97.6,94.4,92.7,94.1,94.4,99.9,92.6,99.6,94.5,95.1,91.3,89.5,98.3,91.1,95.3,96.2,92.4,106.4,94.5,93.7,93.8,96.8,69.7,98.3,88.6,100.3,100.2,106.6,100.1,100.0,98.6,103.3,101.1,99.7,100.0,97.9,99.5,100.0,100.0,99.9,99.9,99.7,100.0,99.8,100.1,100.4,104.6,105.2,102.6,113.3,106.3,99.5,98.0,100.3,99.6,100.3,101.2,95.0,102.7,102.7,108.2,118.9,106.4,95.7,92.4,66.0,76.7,101.0,100.6,101.9,98.3,99.6,95.4,98.4,102.2,127.4,103.4,98.1,100.0,100.0,99.8,99.9,100.0,66.9,88.7,98.9,97.7,100.8,99.4,102.1,5.9,94.2,100.0,100.7,100.1,100.5,102.0,103.3,106.5,112.0,101.9,101.1,101.6,100.2,102.0
201401,96.7,95.1,101.2,101.8,99.7,94.8,100.1,113.6,106.7,101.8,95.6,92.5,104.7,94.9,97.2,90.6,101.1,94.4,102.1,102.0,91.5,103.4,104.6,91.1,95.0,103.1,92.3,90.4,87.7,90.5,99.9,83.9,87.7,76.7,95.0,98.3,97.8,97.3,94.7,101.0,93.7,103.7,92.6,98.3,92.6,105.0,95.5,103.4,92.7,104.3,96.2,94.1,98.3,99.5,99.9,98.6,101.7,99.0,96.3,99.6,103.6,87.7,114.1,114.1,97.6,98.2,96.5,99.0,98.6,98.4,96.8,94.5,96.7,85.5,88.4,94.6,103.0,94.9,100.3,101.0,100.1,101.9,101.1,100.5,97.6,94.6,92.3,93.8,94.8,99.7,93.0,99.6,93.4,95.4,90.4,89.9,96.3,92.5,94.8,96.2,90.8,105.1,94.5,92.2,93.9,96.9,68.9,98.4,87.3,100.3,100.2,106.8,100.1,100.0,98.6,103.3,100.2,100.0,100.0,99.5,100.2,100.0,100.0,99.9,99.9,99.7,100.0,99.8,100.1,100.5,95.1,105.3,102.6,113.6,106.6,99.5,97.5,100.6,99.6,100.3,101.2,95.0,103.3,103.3,108.6,119.7,106.8,96.3,92.4,66.1,77.6,101.0,100.6,101.9,98.4,99.6,95.4,98.5,102.2,127.4,103.4,98.1,100.0,100.0,99.8,99.9,100.0,66.3,88.7,99.0,97.7,100.8,99.4,102.1,5.9,94.2,100.0,100.7,100.1,100.5,102.0,103.3,106.5,112.0,101.9,101.4,102.6,100.2,102.0
201402,96.7,96.1,101.3,102.0,99.3,95.8,99.7,113.6,106.7,99.2,92.9,87.4,104.7,91.5,97.1,103.5,100.7,96.5,102.1,102.0,95.3,104.5,104.6,95.4,92.1,103.1,86.9,86.5,87.3,111.1,99.6,84.3,86.7,78.2,96.3,97.1,96.0,96.4,95.3,101.0,95.7,103.7,85.5,95.8,93.2,105.0,93.1,103.4,84.7,104.3,96.7,95.1,98.3,99.5,99.4,97.9,101.2,98.9,96.6,100.0,103.5,88.5,114.1,114.1,97.4,97.5,96.7,99.3,98.4,97.9,96.1,93.9,97.2,87.7,84.5,94.1,103.0,94.1,99.8,101.1,100.2,102.2,101.1,100.5,97.5,94.4,92.2,94.7,95.3,99.8,92.7,99.8,93.3,93.4,88.8,89.5,93.0,92.5,94.9,96.3,90.6,105.9,94.5,92.1,93.7,96.9,68.7,98.5,86.5,100.3,100.2,106.8,100.2,100.0,98.6,103.2,100.1,99.1,100.0,95.4,98.0,100.0,100.0,99.9,99.9,99.7,100.0,99.8,100.1,100.5,97.4,105.3,102.6,113.6,106.5,99.5,97.5,100.6,99.6,100.3,101.2,95.0,103.4,103.4,108.5,119.4,106.9,96.4,92.5,66.1,77.2,101.0,100.6,101.9,98.4,99.8,95.4,98.2,102.4,127.4,103.4,98.1,100.0,100.0,99.8,99.9,100.0,66.8,88.7,99.1,97.7,100.8,99.4,102.1,5.9,94.2,100.0,100.7,100.1,100.5,102.0,103.3,106.5,112.0,101.9,101.8,103.7,100.2,102.0
201403,99.4,101.7,101.4,102.0,100.1,101.7,108.0,125.7,110.0,110.8,104.1,102.9,110.6,107.4,96.7,103.5,100.0,102.2,114.5,107.3,101.9,108.3,115.7,105.2,91.4,114.2,102.9,99.7,89.6,111.1,99.2,85.6,86.9,80.5,97.5,96.6,95.1,95.4,95.0,101.0,94.4,103.7,82.2,94.7,92.1,105.0,93.8,103.4,80.3,104.3,96.7,95.1,98.3,100.1,100.4,97.8,102.8,100.9,97.0,100.7,103.3,89.4,113.9,113.9,97.5,97.3,96.9,99.6,98.2,97.8,96.3,98.1,98.2,95.8,104.8,95.9,102.1,94.7,100.5,101.3,100.5,102.4,101.2,100.7,97.6,94.2,92.9,92.7,95.4,99.4,92.1,99.7,93.9,93.2,89.1,89.3,91.6,92.5,95.7,96.6,89.6,109.8,96.1,94.4,94.1,96.8,68.8,98.4,87.0,100.2,100.2,106.8,99.7,100.0,98.6,103.5,101.7,100.5,100.0,101.4,101.4,100.0,100.0,99.9,99.9,99.7,100.0,99.8,100.1,100.4,107.9,105.3,102.6,113.6,106.6,99.5,97.5,100.6,99.6,100.3,101.2,95.0,103.4,103.4,108.6,119.7,106.8,96.0,91.7,66.0,76.2,101.0,100.8,101.8,98.2,99.8,95.4,98.2,102.4,127.4,103.4,98.1,100.0,100.0,99.8,99.9,100.0,67.3,88.7,99.3,97.7,100.8,99.4,102.1,5.9,94.2,100.0,100.7,100.1,100.5,102.0,103.3,106.5,112.0,101.9,102.3,103.8,101.3,102.1
201404,103.6,103.7,105.1,106.0,102.8,103.7,109.3,129.0,112.9,110.8,104.1,102.9,114.3,107.4,99.8,103.5,100.6,104.5,111.9,112.0,101.9,108.3,118.3,105.2,102.1,115.7,102.9,99.7,92.8,111.1,99.6,87.6,88.5,82.6,100.6,105.7,106.7,103.5,98.6,101.0,98.6,112.8,100.7,108.2,97.8,113.0,103.6,114.2,104.5,118.8,107.1,100.2,114.0,103.5,103.0,101.3,105.6,101.7,100.7,103.8,108.4,91.9,118.2,118.2,99.8,99.7,99.1,103.1,100.3,99.6,99.5,100.5,99.3,98.8,104.8,98.9,106.3,97.9,102.8,104.7,103.4,106.2,104.5,104.0,99.7,97.9,96.8,96.3,98.7,101.7,96.1,103.5,103.1,98.5,93.3,92.1,95.0,95.4,98.5,100.4,91.8,113.4,100.6,94.8,96.5,99.1,70.6,101.9,90.3,101.2,101.1,108.7,100.7,102.7,98.6,106.1,106.6,103.1,102.8,103.3,103.9,102.7,102.8,102.2,102.2,102.0,102.3,103.1,102.8,103.4,94.7,137.9,144.8,116.6,108.9,102.1,100.3,103.3,101.8,102.8,103.7,97.8,107.4,107.4,110.8,124.2,109.1,98.8,94.0,68.1,75.2,104.3,103.8,105.6,98.7,100.1,95.4,101.2,107.1,127.4,103.4,100.1,104.0,102.5,101.1,102.1,102.8,68.0,90.9,101.1,99.3,101.2,99.5,103.2,37.0,98.1,100.0,101.1,100.0,100.5,102.8,104.5,108.3,112.5,104.8,104.4,104.8,104.1,104.3
201405,103.6,103.6,104.8,105.7,102.5,103.5,109.0,129.1,110.0,110.8,104.1,102.9,114.2,107.4,99.7,103.5,100.6,104.3,109.9,111.4,101.9,108.3,118.8,105.2,102.1,115.5,102.9,99.7,92.6,111.1,99.6,87.8,88.3,83.3,100.9,105.8,106.7,104.2,98.2,109.9,98.6,112.9,100.7,107.8,97.8,113.4,103.6,112.5,104.5,119.2,107.7,100.2,115.1,103.9,103.5,102.7,104.7,102.9,101.2,104.0,109.1,92.2,118.2,118.2,99.8,99.7,99.1,104.1,99.9,99.9,100.4,100.6,100.2,98.6,104.8,98.8,107.2,98.0,102.6,104.7,103.5,106.2,104.6,104.0,99.6,97.5,96.2,95.5,98.5,102.1,95.8,103.1,104.2,97.9,92.4,92.9,96.6,94.1,98.4,99.7,92.1,113.0,100.4,94.7,96.7,99.3,70.5,101.8,90.5,101.2,101.1,108.7,100.7,103.3,98.6,106.5,106.6,103.0,102.8,102.9,103.6,102.7,102.8,102.2,102.2,102.0,102.3,103.1,102.8,103.4,95.9,137.9,144.8,116.6,109.2,102.1,100.3,103.3,101.8,102.8,103.7,97.8,107.4,107.4,111.2,125.3,109.1,99.1,93.0,66.8,74.7,104.3,103.8,105.6,98.6,100.1,95.4,101.4,107.1,127.4,103.4,100.9,104.0,102.5,102.7,102.8,102.7,67.7,90.9,101.1,99.4,101.6,99.7,103.2,37.0,98.1,100.0,101.1,100.0,100.5,102.8,104.5,108.3,112.5,104.8,104.4,104.7,104.1,104.3
201406,103.1,103.1,104.1,104.7,102.5,103.0,108.7,128.6,107.7,110.8,104.1,102.9,113.5,107.4,99.7,103.5,100.6,103.8,108.2,108.7,101.9,108.3,114.8,105.2,102.1,112.8,102.9,99.7,92.9,111.1,99.6,87.1,88.0,82.2,100.3,105.1,105.7,103.4,97.7,109.4,98.6,110.6,100.7,106.5,97.8,111.3,103.6,109.9,104.5,114.5,107.5,100.2,114.8,103.8,103.9,103.1,104.9,103.5,101.0,103.7,108.9,92.2,117.3,117.3,99.7,99.2,99.1,103.6,99.5,100.5,101.9,100.6,100.5,97.7,104.8,99.0,105.9,97.9,102.8,104.8,103.5,106.3,104.7,104.0,99.5,97.2,96.2,91.9,97.0,101.9,95.0,103.1,104.8,95.3,90.0,93.1,100.3,94.1,98.2,99.9,92.6,111.4,100.7,94.9,96.5,99.3,70.5,102.1,89.7,101.2,101.1,108.8,100.7,103.3,98.6,106.3,106.1,101.7,102.8,96.9,100.5,102.7,102.8,102.3,102.3,102.1,102.4,103.1,102.8,103.4,95.4,137.9,144.8,116.6,109.5,102.1,100.3,103.3,101.8,102.8,103.7,97.8,107.4,107.4,111.6,126.4,108.9,99.0,93.7,66.4,75.8,104.3,104.2,106.0,98.7,100.1,95.4,101.0,107.2,127.4,103.4,99.8,104.0,102.5,102.7,100.9,102.7,67.4,90.9,101.1,99.4,101.6,99.7,103.2,37.0,98.1,100.0,101.1,100.0,100.5,102.8,104.5,108.3,112.5,104.8,104.4,104.7,104.1,104.3
201407,101.0,100.8,104.2,104.8,102.6,100.6,106.2,123.6,99.9,110.8,104.1,102.9,103.4,107.4,99.2,103.5,100.6,101.7,105.5,97.6,101.9,108.3,95.4,105.2,102.1,97.2,102.9,99.7,92.9,111.1,99.6,83.6,86.0,76.4,98.8,101.5,100.3,98.1,96.0,98.4,98.6,97.5,100.7,101.6,97.8,99.7,103.6,100.6,104.5,98.0,98.9,100.2,97.7,104.0,104.4,103.7,105.6,103.5,101.0,103.9,109.1,91.9,117.6,117.6,99.8,100.0,98.9,103.1,99.6,101.8,101.5,99.4,99.5,87.9,104.8,98.0,107.1,97.3,102.4,104.9,103.6,106.6,104.7,104.0,99.5,97.6,95.6,94.5,96.6,102.2,94.3,102.9,105.4,94.8,90.9,93.1,100.6,95.4,97.7,99.7,91.6,109.0,100.5,93.6,96.8,99.2,70.3,101.2,89.7,101.2,101.1,108.8,101.0,103.3,98.6,107.2,109.0,103.3,102.8,104.0,104.3,102.7,102.8,102.3,102.3,102.1,102.4,103.1,102.8,103.4,109.7,143.7,152.5,116.4,110.4,102.1,100.3,103.3,101.8,102.8,103.7,97.8,107.6,107.6,112.8,128.4,108.4,99.3,92.8,64.6,75.0,104.3,104.2,106.0,98.5,100.1,95.4,107.2,107.2,127.4,105.4,99.3,104.0,102.5,102.7,100.0,102.7,65.9,90.9,101.1,99.4,101.6,99.7,103.2,37.0,98.1,100.0,101.1,100.0,100.5,102.8,104.5,108.3,112.5,104.8,104.4,104.7,104.2,104.3
201408,99.3,99.2,104.3,105.0,102.5,98.9,103.8,110.0,99.4,110.8,104.1,102.9,97.0,107.4,99.3,103.5,100.6,100.6,101.8,97.4,101.9,108.3,88.4,105.2,102.1,86.2,102.9,99.7,93.1,111.1,99.6,81.0,84.4,71.7,99.9,98.1,95.5,94.5,96.7,91.4,98.6,87.1,100.7,96.7,97.8,88.0,103.6,89.3,104.5,89.1,91.1,100.2,82.1,103.7,104.5,103.5,106.0,103.5,100.7,104.3,108.8,91.3,116.0,116.0,99.9,100.6,98.8,103.0,99.8,101.6,101.9,98.4,97.2,87.3,104.8,96.5,106.9,96.3,102.3,104.9,103.5,106.6,104.8,104.0,99.4,97.4,95.7,94.3,95.4,101.9,93.8,102.9,104.9,95.0,89.7,93.1,100.7,95.4,97.2,99.1,89.5,107.3,100.5,93.8,96.7,99.1,68.4,101.6,89.4,101.3,101.1,108.6,101.1,103.3,98.6,107.2,111.0,104.3,102.8,108.7,106.8,102.7,102.8,102.3,102.3,102.1,102.4,103.1,102.8,103.4,125.7,143.7,152.5,116.4,110.3,102.1,100.3,103.3,101.8,102.8,103.7,97.8,107.6,107.6,112.6,127.8,108.6,99.1,93.3,65.6,74.4,104.3,104.2,106.0,98.5,100.1,95.4,108.2,107.4,127.4,105.4,98.9,104.0,102.5,102.7,99.1,102.7,67.6,90.9,101.1,99.4,101.6,99.7,103.2,37.0,98.1,100.0,101.1,100.0,100.5,102.8,104.5,108.3,112.5,104.8,104.4,104.7,104.1,104.3
201409,105.3,105.8,104.4,105.0,102.6,105.9,110.6,124.3,106.6,120.0,113.6,102.9,108.8,120.5,99.5,103.5,100.6,107.9,108.6,105.7,108.0,119.4,108.6,115.4,111.3,106.9,112.4,110.5,94.1,111.1,99.6,87.3,89.3,81.0,101.0,107.7,109.1,104.7,97.7,102.3,104.5,104.2,113.3,111.7,104.4,105.1,112.6,105.3,124.4,107.9,107.1,109.5,104.8,104.7,105.8,103.3,106.3,109.4,101.7,105.0,109.8,92.3,115.8,115.8,100.7,100.5,100.4,104.3,99.6,101.6,102.8,100.7,101.5,97.4,104.8,99.0,107.0,97.6,103.1,104.9,103.6,106.5,104.9,104.0,99.4,97.3,95.0,92.9,96.2,101.7,93.9,102.9,101.1,95.5,91.1,94.3,100.1,95.4,97.7,99.2,91.4,110.4,100.4,93.6,96.8,99.3,69.8,101.2,87.8,101.3,101.1,108.8,101.1,103.3,98.6,106.4,107.9,101.9,102.8,97.8,100.9,102.7,102.8,102.4,102.3,102.2,102.5,103.2,102.8,103.4,104.2,143.7,152.5,116.4,109.9,102.1,100.3,103.3,101.8,102.8,103.7,97.8,108.0,108.0,112.2,126.5,108.4,99.1,93.2,65.6,74.4,105.1,104.2,106.0,98.5,100.1,95.4,101.0,107.6,127.4,105.6,98.2,104.0,102.5,102.7,99.1,102.7,64.5,86.5,101.1,99.4,101.6,99.7,103.2,37.0,98.1,100.0,101.1,100.0,100.5,102.8,104.5,108.3,112.5,104.8,104.5,105.2,104.2,104.3
201410,105.9,106.6,103.9,104.5,102.5,106.7,113.0,124.3,106.6,120.3,112.5,119.3,108.8,121.3,99.3,103.5,100.6,108.0,108.6,105.7,108.3,120.0,108.6,115.4,111.4,106.9,111.2,111.8,94.1,111.1,99.6,87.2,89.8,79.9,102.1,107.7,109.0,105.1,97.9,102.3,104.9,104.2,115.0,111.6,102.2,105.1,112.9,105.3,124.8,107.9,104.1,103.4,104.8,104.9,106.2,103.3,107.2,109.2,101.6,105.2,109.7,92.1,117.5,117.5,101.6,101.9,101.6,103.8,100.0,102.3,103.9,103.7,102.1,98.3,122.3,99.5,106.9,98.1,103.1,104.8,103.5,106.2,104.9,104.0,99.4,97.0,94.2,93.8,95.5,102.3,94.0,102.6,97.1,94.9,90.7,93.4,100.7,95.4,97.9,99.2,92.2,112.1,99.1,93.5,96.7,99.3,69.9,101.1,88.8,101.3,101.1,108.8,101.2,103.3,100.9,106.6,108.2,102.7,102.8,101.5,102.9,102.7,102.8,102.4,102.4,102.2,102.5,103.3,102.8,103.4,103.8,143.7,152.5,116.4,109.9,102.1,100.4,103.0,101.8,102.8,103.7,97.8,108.0,108.0,112.2,124.5,108.3,99.1,93.5,63.4,74.8,105.3,104.2,106.0,98.4,100.1,95.4,101.0,106.8,127.4,108.5,98.8,104.0,102.5,102.7,99.1,102.7,65.8,90.9,101.1,99.4,101.6,99.7,103.2,37.0,98.1,100.0,101.1,100.0,100.5,102.8,104.5,108.3,112.5,104.8,104.5,105.2,104.2,104.3
201411,106.5,108.0,104.0,104.5,102.8,108.2,113.4,124.3,106.6,120.3,110.5,116.6,108.8,121.0,100.2,112.9,100.6,110.3,108.6,105.7,108.4,120.6,108.6,116.7,111.7,106.9,111.0,112.2,94.5,126.4,99.6,87.7,90.3,80.6,101.9,107.5,108.6,104.8,97.9,102.3,103.6,104.2,114.9,111.3,100.8,105.1,111.0,105.3,125.6,107.9,102.6,100.4,104.8,105.0,106.1,103.5,106.4,110.1,101.6,105.5,109.7,92.2,118.4,118.4,101.4,101.9,101.0,104.4,99.9,102.6,104.4,103.9,103.2,98.3,120.6,100.0,106.9,98.5,103.6,105.0,103.6,106.6,105.5,104.0,99.3,96.5,93.7,94.2,95.5,102.3,94.2,102.7,96.8,95.1,90.5,93.6,101.1,93.7,98.0,99.0,93.3,111.3,99.4,93.3,96.7,99.5,71.2,100.4,90.2,101.3,101.1,108.7,101.2,103.3,101.3,105.9,108.1,101.9,102.8,97.8,101.0,102.7,102.8,102.4,102.4,102.2,102.5,103.3,102.8,103.4,106.2,143.7,152.5,116.4,108.7,102.1,100.4,103.0,101.8,102.8,103.7,97.8,108.4,108.4,110.6,120.2,108.5,98.4,93.5,62.2,74.9,105.3,104.2,106.4,98.4,100.1,95.4,101.0,107.4,127.4,108.5,98.8,104.0,102.5,102.7,99.1,102.7,67.3,90.9,101.1,99.4,101.6,99.7,103.2,37.0,98.1,100.0,101.1,100.0,100.5,102.8,104.5,108.3,112.5,104.8,104.5,105.2,104.2,104.3
201412,105.7,106.6,104.0,104.6,102.6,106.7,111.0,124.3,106.6,120.4,104.9,110.2,108.8,118.0,100.1,105.4,100.6,109.2,108.6,105.7,108.7,117.8,108.6,113.7,110.2,106.9,108.6,109.6,94.3,124.5,99.6,87.3,90.6,79.6,101.9,106.7,107.3,103.7,97.7,102.3,101.3,104.2,111.7,109.9,99.3,105.1,109.9,105.3,121.6,107.9,101.6,98.5,104.8,105.4,106.3,104.0,106.8,109.2,102.0,105.5,110.4,92.3,119.1,119.1,101.4,102.8,100.9,104.2,99.0,102.7,105.3,103.5,101.9,98.3,119.9,100.2,106.3,98.6,103.5,105.0,103.6,106.6,105.5,104.0,99.1,96.3,94.1,91.3,95.3,101.8,93.7,102.6,96.0,95.6,90.7,93.2,100.3,93.7,97.2,98.9,92.3,108.5,98.1,92.2,96.6,99.5,72.0,100.3,87.2,101.3,101.1,110.6,101.3,103.3,101.3,105.4,108.9,102.5,102.8,100.6,102.4,102.7,102.8,102.4,102.4,102.2,102.5,103.3,102.8,103.6,111.7,143.7,152.5,116.4,107.6,102.2,100.4,103.5,101.8,102.8,103.7,97.8,108.9,108.9,109.1,115.9,108.6,99.1,93.4,62.1,75.1,105.3,104.2,106.4,98.5,100.1,95.4,101.2,108.5,127.4,108.5,98.8,104.0,102.5,102.7,99.1,102.7,65.7,90.9,101.1,99.4,101.6,99.7,103.2,37.0,98.1,100.0,101.1,100.0,100.5,102.8,104.5,108.3,112.5,104.8,104.6,105.2,104.3,104.3
201501,100.4,98.4,103.8,104.3,102.5,98.2,103.1,124.3,106.6,104.7,96.7,90.6,108.8,105.9,100.7,87.0,102.7,98.7,108.6,105.7,97.7,113.0,108.6,97.4,96.8,106.9,92.3,93.5,92.4,95.9,102.8,85.0,89.4,75.6,101.2,102.6,101.5,98.2,96.1,102.3,95.4,104.2,92.8,103.5,97.3,105.1,103.3,105.3,102.5,107.9,98.1,91.4,104.8,105.3,105.6,104.3,106.8,106.0,102.3,105.5,110.5,93.0,118.5,118.5,101.4,102.4,101.0,103.7,99.7,102.3,104.3,98.0,100.9,89.8,91.2,98.9,106.9,97.1,103.2,105.2,103.7,106.8,105.6,104.0,99.3,96.9,93.8,92.8,95.4,101.7,94.5,103.0,95.5,96.5,91.6,93.0,98.5,95.4,97.4,99.0,93.2,107.8,98.4,93.2,96.6,99.6,73.3,100.2,87.5,101.3,101.1,108.4,101.3,103.3,101.3,103.7,108.0,102.8,102.8,102.3,103.1,102.7,102.8,102.4,102.4,102.2,102.5,103.3,102.8,103.7,101.6,143.7,152.5,116.4,105.0,102.3,100.4,103.5,101.8,104.4,103.7,98.3,109.1,109.1,105.7,106.4,108.4,99.1,93.6,64.1,74.5,105.4,104.2,106.5,98.5,100.3,95.4,101.3,108.5,127.4,108.5,98.8,104.0,102.5,102.7,99.1,102.7,65.7,90.9,101.2,99.4,101.6,99.7,103.2,37.0,98.1,100.0,101.1,100.0,100.5,102.8,104.5,108.3,112.5,104.8,104.9,106.1,104.3,104.3
201502,100.1,99.4,103.4,103.7,102.5,99.2,103.2,124.3,106.6,105.2,95.8,87.1,108.8,98.2,100.8,101.8,102.8,100.3,108.6,105.7,96.0,112.8,108.6,94.7,96.1,106.9,85.8,90.7,91.5,115.6,102.8,85.6,89.8,76.8,100.8,100.5,98.3,96.9,96.9,102.3,94.7,104.2,86.1,99.0,97.2,105.1,97.0,105.3,89.7,107.9,98.3,91.9,104.8,105.2,105.7,103.9,107.0,106.7,102.0,105.5,110.2,92.6,119.0,119.0,101.5,102.2,101.6,103.7,99.7,102.8,102.2,96.8,101.0,91.6,83.3,99.0,106.7,96.5,103.2,105.2,103.8,106.8,105.7,104.0,99.2,96.6,93.5,93.5,95.3,101.4,94.0,103.1,95.8,95.2,91.2,93.2,94.4,95.4,97.6,99.0,92.8,110.8,97.6,93.0,96.7,99.6,73.5,100.0,86.9,101.3,101.1,108.5,101.3,103.3,101.2,102.8,107.9,101.9,102.8,98.2,100.9,102.7,102.8,102.4,102.4,102.2,102.5,103.3,102.8,103.7,104.0,143.7,152.5,116.4,103.5,102.3,100.3,103.5,101.8,104.4,103.7,98.3,109.5,109.5,103.7,101.0,108.4,99.2,93.6,63.8,75.0,105.4,104.2,106.5,98.5,100.3,95.4,101.0,108.6,127.4,108.5,98.8,104.0,102.5,102.7,99.1,102.7,64.9,90.9,101.3,99.4,101.6,99.7,103.2,37.0,98.1,100.0,101.1,100.0,100.5,102.8,104.5,108.3,112.5,104.8,105.1,106.8,104.3,104.3
201503,103.1,105.2,103.5,103.8,102.7,105.3,110.5,127.1,109.7,115.2,105.7,104.8,115.2,114.2,101.1,101.8,102.6,107.0,115.6,111.4,104.5,117.3,120.5,108.9,101.6,119.6,103.6,104.7,92.5,115.6,102.5,86.8,89.6,79.2,102.2,100.5,98.4,96.6,97.3,102.3,95.7,104.2,83.3,99.0,98.9,105.1,99.7,105.3,86.8,107.9,100.7,96.7,104.8,105.2,105.3,103.1,107.0,106.1,102.7,105.3,111.9,92.5,117.5,117.5,101.9,102.1,101.9,104.0,100.7,103.4,102.3,101.2,99.7,97.2,107.5,100.8,106.5,97.5,103.3,105.2,103.8,106.8,106.5,104.0,99.3,96.7,94.2,90.9,96.4,101.8,94.0,103.3,97.8,95.9,91.0,93.2,92.9,95.4,97.8,99.1,92.9,112.4,98.9,91.6,96.7,99.2,72.4,100.4,87.6,101.3,101.1,108.5,101.4,102.7,101.2,103.7,109.3,103.3,102.8,104.2,104.3,102.7,102.8,102.4,102.4,102.2,102.5,103.3,102.8,103.6,112.4,143.7,152.5,116.4,104.7,102.3,100.3,103.5,101.8,105.1,103.7,98.3,109.9,109.9,105.3,105.4,108.5,99.3,93.8,64.4,74.7,105.5,104.2,106.5,98.4,100.3,95.4,101.0,108.6,127.4,108.5,98.6,104.0,102.5,102.7,99.1,102.7,67.0,89.0,101.5,99.4,101.6,99.7,103.2,37.0,98.1,100.0,101.1,100.0,100.5,102.8,104.5,108.3,112.5,104.8,105.6,107.8,104.9,104.3
201504,105.5,105.4,103.6,103.9,102.9,105.5,110.8,128.1,110.8,115.2,105.7,104.8,114.5,114.2,103.0,101.8,102.7,107.4,113.0,108.6,104.5,117.3,119.7,108.9,105.6,118.1,103.6,104.7,93.5,115.6,102.7,86.2,88.7,78.7,102.0,108.0,109.2,104.4,97.7,102.3,100.0,113.7,102.4,112.1,100.0,115.8,106.6,118.2,110.8,119.9,105.8,98.8,112.8,105.4,105.0,102.5,106.9,105.9,102.7,105.0,111.7,92.8,119.6,119.6,102.6,102.4,103.1,104.1,101.3,103.8,103.7,101.5,99.5,98.0,107.5,101.4,106.7,98.2,103.4,105.2,103.8,106.7,106.9,104.0,99.9,97.7,95.2,93.5,97.8,101.8,94.8,103.3,102.5,94.6,90.0,93.7,93.9,97.0,97.9,99.6,92.8,112.0,100.2,90.7,97.1,99.4,71.8,100.3,86.3,101.9,101.8,108.9,101.4,102.8,101.2,103.6,108.3,103.1,102.8,103.3,103.9,102.7,102.8,102.4,102.4,102.2,102.5,103.3,101.8,103.4,103.6,143.7,152.5,116.4,104.5,102.8,100.5,103.7,101.8,105.4,104.4,99.9,110.5,110.5,104.9,104.4,107.2,98.8,93.9,65.4,75.3,105.5,104.2,106.5,98.3,100.3,92.3,101.2,108.5,127.4,108.5,99.2,104.0,102.5,102.7,99.1,102.7,66.7,93.8,102.6,101.2,101.7,99.8,103.7,68.1,101.7,100.0,101.6,100.1,108.4,105.2,105.8,109.9,115.9,104.8,105.0,105.4,104.5,105.3
201505,105.4,105.0,103.5,103.7,102.8,105.1,110.4,128.1,108.6,115.2,105.7,104.8,113.7,114.2,102.6,101.8,102.7,107.0,111.5,108.2,104.5,117.3,116.9,108.9,105.6,118.1,103.6,104.7,92.9,115.6,102.7,85.3,86.7,78.7,102.0,107.8,108.9,105.2,97.9,111.1,100.0,113.6,102.4,111.3,100.0,115.6,106.6,115.8,110.8,118.3,104.8,98.8,110.8,105.5,105.2,103.5,107.1,104.9,102.8,105.0,112.0,92.7,119.3,119.3,103.7,103.4,104.0,104.2,102.9,103.7,106.5,101.7,100.0,97.8,107.5,101.4,106.8,98.8,103.7,105.2,103.9,106.5,107.1,104.0,100.1,98.1,96.0,93.4,100.1,102.1,95.0,103.3,103.4,94.6,90.1,93.7,96.2,97.0,98.3,100.0,93.5,113.2,100.2,91.3,97.1,99.4,72.3,100.8,87.4,101.9,101.8,108.9,101.4,103.3,101.2,103.9,108.5,103.0,102.8,102.9,103.6,102.7,102.8,102.4,102.4,102.2,102.5,103.3,101.8,103.4,105.7,143.7,152.5,116.4,105.0,102.8,100.5,103.7,101.8,105.4,104.4,99.9,111.0,111.0,105.6,106.3,107.2,99.1,94.0,65.3,75.1,105.5,104.2,106.5,98.3,100.3,92.3,101.4,108.5,127.4,108.5,99.2,104.0,102.5,102.7,99.1,102.7,63.2,93.9,102.6,101.3,101.7,100.1,103.7,68.1,101.7,100.0,101.6,100.1,108.6,105.1,105.8,109.9,115.9,104.8,105.0,105.4,104.5,105.3
201506,105.2,104.7,103.5,103.7,102.9,104.7,110.1,127.2,106.8,115.2,105.7,104.8,113.1,114.2,103.1,101.8,102.7,106.7,110.5,107.1,104.5,117.3,116.2,108.9,105.6,114.8,103.6,104.7,92.4,115.6,102.7,84.7,86.7,77.6,101.3,107.4,108.0,104.6,97.8,111.3,100.0,111.7,102.4,110.2,100.0,115.1,106.6,113.0,110.8,114.4,104.5,98.8,110.2,106.0,106.1,103.7,107.7,107.5,102.9,105.0,112.3,92.7,120.9,120.9,104.1,103.6,104.3,104.5,103.8,103.9,105.2,101.6,99.7,96.8,107.5,101.1,107.1,98.4,104.5,105.5,103.9,107.0,107.2,104.3,100.2,98.1,95.1,95.5,100.0,101.6,94.6,103.3,103.3,94.2,88.9,93.5,99.5,97.0,98.5,99.7,93.0,113.2,99.9,93.5,97.1,99.3,72.4,100.8,90.1,101.9,101.8,108.9,101.4,103.3,101.2,104.2,108.0,101.7,102.8,96.9,100.5,102.7,102.8,102.4,102.4,102.2,102.5,103.3,101.8,103.4,105.4,143.7,152.5,116.4,105.6,102.8,100.5,103.7,101.8,105.4,104.4,99.9,110.8,110.8,106.4,108.4,107.1,98.5,94.1,66.1,74.9,105.5,104.2,106.5,98.3,100.3,92.3,101.0,108.5,127.4,108.5,99.2,104.0,102.5,102.7,99.1,102.7,65.2,93.9,102.6,101.2,101.7,100.1,103.7,68.1,101.7,100.0,101.6,100.1,108.6,104.9,105.8,109.9,115.9,104.8,105.0,105.4,104.5,105.3
201507,102.4,101.4,103.5,103.7,102.8,101.3,106.5,113.7,99.3,115.2,105.7,104.8,101.7,114.2,102.3,101.8,102.7,103.9,103.5,96.7,104.5,117.3,92.2,108.9,105.6,95.4,103.6,104.7,92.3,115.6,102.7,79.4,84.1,68.6,99.0,103.1,101.8,99.8,96.3,99.3,100.0,100.4,102.4,103.9,100.0,96.6,106.6,101.6,110.8,96.1,93.8,98.8,88.7,106.1,106.1,104.2,107.3,107.5,103.1,104.9,112.7,92.9,120.8,120.8,104.5,104.4,104.2,104.6,104.9,104.1,105.6,100.1,98.8,89.5,107.5,99.7,107.1,96.9,102.9,105.6,104.0,107.1,107.5,104.3,100.3,98.5,97.9,93.8,99.9,102.0,94.7,103.3,103.7,94.9,89.0,93.5,101.3,97.0,98.5,100.5,92.7,112.4,100.1,93.1,97.3,99.5,72.3,101.6,89.3,101.9,101.8,108.9,101.4,103.3,101.2,104.7,109.5,103.3,102.8,104.0,104.3,102.7,102.8,102.4,102.4,102.2,102.5,103.3,101.9,103.4,114.8,143.7,152.5,116.6,105.8,102.9,100.5,104.1,101.8,105.4,104.4,99.9,112.2,112.2,106.6,108.9,106.7,98.2,93.6,66.4,75.0,105.5,104.7,106.6,98.3,100.1,92.3,107.2,107.9,127.4,108.5,99.7,104.0,102.5,102.7,99.1,102.7,63.5,97.5,102.5,101.2,101.7,100.1,103.7,68.1,101.7,100.0,101.6,100.1,108.6,104.8,105.8,109.9,115.9,104.8,105.0,105.4,104.5,105.3
201508,101.0,100.0,103.6,104.0,102.6,99.8,104.3,106.9,93.3,115.2,105.7,104.8,95.1,114.2,102.1,101.8,102.7,102.4,100.7,92.9,104.5,117.3,80.7,108.9,105.6,85.0,103.6,104.7,91.3,115.6,102.7,79.1,83.1,68.5,100.1,100.4,97.6,96.1,96.5,94.0,100.0,89.5,102.4,99.5,100.0,87.4,106.6,91.5,110.8,87.4,89.7,98.8,80.5,106.3,106.1,103.7,107.7,107.5,103.6,105.9,112.8,93.6,120.1,120.1,104.8,103.9,104.2,104.4,106.6,104.5,104.8,99.3,97.9,88.7,107.5,99.6,106.9,94.5,103.5,105.6,104.1,107.2,107.6,104.3,100.2,98.3,97.0,93.5,99.3,101.8,94.5,103.2,103.7,93.8,89.2,93.4,101.5,97.0,98.4,100.3,92.3,112.4,100.4,93.1,97.3,99.9,69.4,101.3,88.8,101.9,101.8,109.0,101.4,103.3,101.2,104.4,111.5,104.3,102.8,108.7,106.8,102.7,102.8,102.4,102.4,102.2,102.5,103.3,102.1,103.4,130.1,143.7,152.5,116.6,104.8,102.9,100.5,104.1,101.8,105.4,104.4,100.0,113.0,113.0,105.2,105.0,107.1,99.0,93.6,66.6,74.7,105.5,104.7,106.7,98.3,100.1,92.3,108.2,107.9,127.4,108.5,99.7,104.0,102.5,102.7,99.1,102.7,64.1,97.5,102.5,101.2,101.7,100.1,103.7,68.1,101.7,100.0,101.6,100.1,108.6,104.8,105.8,109.9,115.9,104.8,105.0,105.4,104.5,105.3
201509,107.1,106.9,103.4,103.7,102.6,107.1,111.8,121.8,104.7,123.4,116.6,104.8,108.9,127.0,102.5,101.8,102.7,110.1,109.1,104.1,111.5,122.5,107.7,116.6,114.8,108.5,113.2,113.2,94.6,115.6,102.7,84.6,86.1,77.2,103.6,110.0,111.3,106.4,98.0,103.9,104.6,105.8,118.2,114.6,105.3,106.1,116.3,108.0,129.4,107.2,105.8,111.1,100.6,107.2,107.8,104.4,109.0,111.5,104.0,106.5,114.3,92.8,120.9,120.9,105.1,104.5,104.3,104.9,107.0,105.8,104.8,101.2,99.3,95.4,107.5,101.9,106.9,97.0,104.4,105.6,104.1,107.2,107.6,104.3,100.1,98.1,96.3,92.9,99.6,101.8,95.3,103.3,100.7,94.6,89.3,93.3,100.7,97.0,98.0,101.0,89.3,112.2,100.0,92.0,97.1,100.1,70.4,101.0,88.3,101.9,101.8,109.0,101.4,103.3,101.2,103.4,108.4,101.9,102.8,97.8,100.9,102.7,102.8,102.4,102.4,102.2,102.5,103.3,101.9,103.4,108.6,143.7,152.5,116.6,103.8,102.8,100.5,104.1,101.8,105.4,104.4,98.9,113.1,113.1,104.0,101.9,106.7,98.2,92.9,67.7,75.3,105.5,104.7,106.6,98.3,100.1,92.3,101.0,107.9,127.4,108.5,99.7,104.0,102.5,102.7,99.1,102.7,61.4,97.5,102.6,101.2,101.7,100.1,103.7,68.1,101.7,100.0,101.6,100.1,108.6,104.8,105.8,109.9,115.9,104.8,105.3,105.9,104.8,105.3
201510,107.7,107.8,103.5,103.8,102.9,108.0,114.4,121.8,104.7,124.3,115.7,121.0,108.9,128.9,103.1,101.8,102.7,110.2,109.1,104.1,112.1,123.2,107.7,115.7,115.4,108.5,113.4,112.7,94.5,115.6,102.7,84.8,85.4,78.0,104.7,109.8,110.7,106.1,98.7,103.9,102.8,105.8,118.1,113.9,102.4,106.1,116.4,108.0,127.7,107.2,104.8,109.1,100.6,107.8,109.0,105.5,110.8,111.7,104.3,106.9,114.6,93.1,121.0,121.0,105.8,105.0,105.0,106.8,107.6,106.4,104.6,104.6,99.9,95.8,127.9,102.0,107.1,97.9,104.6,105.5,104.1,106.9,107.6,104.3,100.0,97.7,95.4,92.8,98.9,102.0,95.4,103.2,96.0,94.6,88.7,93.5,99.3,97.0,97.6,100.5,88.5,110.9,98.7,92.5,97.1,99.9,70.4,100.2,87.5,102.2,101.8,109.0,101.4,103.3,114.6,103.1,108.5,102.7,102.8,101.5,102.9,102.7,102.8,102.5,102.4,102.3,102.5,103.4,101.9,103.4,106.6,143.7,152.5,116.6,103.4,102.7,100.5,103.6,101.8,105.4,104.6,98.6,112.9,112.9,103.4,100.6,106.4,98.3,92.1,66.3,75.3,105.6,104.6,106.8,98.3,100.1,92.3,101.0,108.0,127.4,108.2,99.7,104.0,102.5,104.8,98.5,102.7,59.8,96.2,102.6,101.2,101.7,100.1,103.7,68.1,101.7,100.0,101.6,100.1,108.6,104.8,105.8,109.9,115.9,104.8,105.2,105.8,104.8,105.3
201511,108.4,109.4,103.7,104.1,102.8,109.6,115.3,121.8,104.7,125.4,115.9,118.4,108.9,128.5,103.5,113.4,102.7,112.5,109.1,104.1,112.9,123.8,107.7,116.1,113.9,108.5,114.1,113.4,95.5,131.9,102.7,85.6,86.9,78.4,104.7,109.7,110.3,106.5,98.3,103.9,103.4,105.8,119.9,113.4,104.2,106.1,113.0,108.0,127.5,107.2,102.3,104.0,100.6,108.3,110.3,106.3,111.8,114.2,104.4,106.9,115.4,92.4,121.8,121.8,105.7,105.3,104.6,107.2,107.2,106.7,105.8,105.1,100.2,96.4,130.1,102.3,107.0,98.4,104.4,105.8,104.2,107.2,107.6,105.2,99.9,97.6,94.3,91.8,98.6,101.9,95.4,103.0,94.8,93.9,87.9,93.2,103.4,97.0,97.1,100.8,88.1,107.9,98.7,92.6,97.1,99.8,71.9,99.3,87.9,102.3,101.8,109.0,101.4,103.3,118.9,103.0,108.0,101.9,102.8,97.8,101.0,102.7,102.8,102.5,102.4,102.3,102.5,103.4,101.9,103.4,105.3,143.7,152.5,116.6,103.1,102.7,100.7,103.6,101.8,105.4,104.6,98.6,112.5,112.5,103.1,99.2,106.3,98.3,92.8,68.4,75.3,105.6,105.9,106.7,98.4,100.1,92.3,101.0,108.0,127.4,108.2,100.0,104.0,102.5,104.8,98.5,102.7,59.3,98.3,102.6,101.2,101.7,100.1,103.7,68.1,101.7,100.0,101.6,100.1,108.6,104.8,105.8,109.9,115.9,104.8,105.2,105.8,104.8,105.3
201512,107.6,108.2,103.6,103.8,102.8,108.4,113.4,121.8,104.7,125.1,110.0,115.2,108.9,125.6,103.5,107.1,102.7,111.3,109.1,104.1,111.9,124.2,107.7,114.5,113.0,108.5,112.5,111.8,94.9,128.3,102.7,85.5,87.8,76.9,105.9,108.6,108.6,105.9,98.3,103.9,102.0,105.8,118.1,111.0,101.8,106.1,107.7,108.0,123.3,107.2,101.3,102.1,100.6,108.5,110.9,107.3,111.9,115.2,104.3,106.6,115.1,92.7,121.7,121.7,105.7,104.7,104.6,107.4,108.1,107.0,104.3,104.9,99.6,95.9,128.9,102.5,107.1,98.6,104.3,105.8,104.2,107.3,107.7,105.2,99.9,97.6,94.1,92.4,98.3,102.1,95.6,102.8,93.9,93.9,87.6,93.7,104.0,97.0,96.9,100.3,86.9,106.8,98.2,93.5,96.8,99.7,72.1,99.1,90.2,102.3,101.8,109.0,101.5,103.3,118.9,102.4,108.9,102.5,102.8,100.6,102.4,102.7,102.8,102.5,102.4,102.3,102.5,103.4,101.9,103.8,111.0,143.7,152.5,116.6,101.9,102.7,100.6,103.6,101.8,105.4,104.6,98.6,113.0,113.0,101.6,95.3,106.5,98.0,92.9,67.0,75.2,105.7,105.9,106.7,98.4,100.1,92.3,101.2,108.0,127.4,108.2,100.0,104.0,102.5,104.8,98.5,102.7,59.8,98.3,102.6,101.2,101.7,100.1,103.7,68.1,101.7,100.0,101.6,100.1,108.6,104.8,105.8,109.9,115.9,104.8,105.2,105.8,104.8,105.3
201601,102.1,99.7,103.2,103.4,102.7,99.6,105.7,121.8,104.7,110.3,103.9,94.8,108.9,111.5,103.1,89.3,107.7,100.3,109.1,104.1,97.6,115.6,107.7,95.2,98.7,108.5,97.5,94.5,95.1,98.3,109.5,82.6,85.1,73.4,104.3,104.1,102.2,100.2,97.9,103.9,95.1,105.8,98.0,103.9,97.7,106.1,101.8,108.0,101.6,107.2,97.3,94.0,100.6,108.4,109.9,107.3,112.6,109.9,104.7,106.3,115.3,93.5,121.8,121.8,106.2,104.8,105.1,106.9,109.5,107.8,104.1,98.6,98.9,87.8,92.7,101.6,106.9,97.8,104.8,105.8,104.2,107.3,107.7,105.2,99.9,97.6,94.1,93.2,98.8,102.3,95.9,103.1,93.9,95.0,89.4,93.8,100.1,97.0,96.9,100.6,87.0,106.3,97.9,92.8,96.7,100.0,71.7,99.6,91.5,102.3,101.8,109.0,101.5,103.3,118.9,101.3,108.0,102.8,102.8,102.3,103.1,102.7,102.8,102.5,102.4,102.3,102.5,103.4,101.9,103.9,101.2,143.7,152.5,116.6,100.2,102.9,100.6,103.7,102.8,105.4,104.9,98.6,113.7,113.7,99.2,88.6,106.5,98.0,92.9,67.9,74.7,105.7,105.9,106.7,98.4,100.1,92.3,101.3,108.0,127.4,108.2,100.0,104.0,102.5,104.8,98.5,102.7,59.9,98.3,102.7,101.2,101.7,100.1,103.7,68.1,101.7,100.0,101.6,100.1,108.6,104.8,105.8,109.9,115.9,104.8,105.5,106.6,104.7,105.3
201602,102.6,101.7,103.7,103.9,103.0,101.6,105.6,121.8,104.7,109.0,101.1,90.9,108.9,106.1,103.4,103.3,108.1,103.8,109.1,104.1,104.3,114.4,107.7,94.3,99.5,108.5,94.4,95.0,95.3,119.5,109.3,83.5,84.5,76.0,104.9,102.8,100.4,98.4,98.0,103.9,96.2,105.8,88.0,101.6,98.1,106.1,100.4,108.0,93.6,107.2,98.5,96.5,100.6,108.3,109.9,107.7,112.9,108.6,104.5,106.1,114.6,93.7,121.9,121.9,106.6,104.5,105.0,107.9,111.0,108.1,105.2,98.3,100.0,90.2,91.5,101.7,107.1,95.6,104.8,106.0,104.3,107.5,107.7,105.2,99.8,97.2,93.8,93.6,97.5,102.2,95.7,103.1,93.1,94.6,89.1,93.7,95.8,97.0,97.2,99.9,89.0,107.6,97.7,93.1,96.7,99.9,71.9,99.5,92.7,102.3,101.8,109.0,101.5,103.3,117.8,100.7,107.9,101.9,102.8,98.2,100.9,102.7,102.8,102.5,102.5,102.3,102.5,103.4,101.9,104.0,103.4,143.7,152.5,116.6,99.2,102.9,100.6,103.7,102.8,105.4,104.9,98.6,115.1,115.1,97.9,85.0,106.5,98.1,92.9,67.8,75.0,105.7,105.9,106.8,98.3,100.0,92.3,101.0,107.8,127.4,108.2,100.0,104.0,102.5,104.8,98.5,102.7,59.6,98.3,103.2,101.2,101.7,100.1,103.7,68.1,101.7,100.0,101.6,100.1,108.6,104.8,105.8,109.9,115.9,104.8,107.1,111.6,104.9,105.3
201603,105.3,107.1,103.6,103.7,103.3,107.3,114.1,129.4,112.8,119.6,110.5,108.1,117.8,121.2,102.3,103.3,108.2,109.1,111.9,113.4,108.4,120.6,122.7,108.7,102.2,119.9,107.5,106.8,95.8,119.5,109.3,84.4,84.8,77.0,106.8,102.5,99.8,98.3,98.3,103.9,98.4,105.8,84.9,100.8,98.8,106.1,102.4,108.0,88.7,107.2,97.7,94.7,100.6,108.6,110.6,108.2,113.3,110.2,104.5,106.2,115.4,93.0,122.1,122.1,107.0,105.1,105.4,108.7,111.3,107.9,105.7,102.7,100.8,95.4,114.2,102.6,106.9,97.3,104.6,106.1,104.5,107.6,108.0,105.2,100.1,97.3,93.8,92.9,99.0,102.5,95.3,103.0,97.6,95.5,88.4,93.4,93.9,97.0,98.3,100.2,91.1,111.2,99.1,93.4,97.0,99.8,72.7,100.2,94.4,102.2,101.8,109.0,101.5,102.8,117.8,100.6,109.3,103.3,102.8,104.2,104.3,102.7,102.8,102.5,102.5,102.3,102.5,103.4,101.9,103.9,112.2,143.7,152.5,116.6,98.8,102.9,100.6,103.7,102.8,105.4,104.9,98.6,115.6,115.6,97.4,83.8,106.5,98.1,92.9,67.7,74.8,105.7,105.9,106.8,98.3,100.0,92.3,101.0,107.9,127.4,108.2,99.8,104.0,102.5,104.8,98.5,102.7,59.4,96.9,103.2,101.2,101.7,100.1,103.7,68.1,101.7,100.0,101.6,100.1,108.6,104.8,105.8,109.9,115.9,104.8,107.2,111.9,104.9,105.3
201604,107.9,107.7,103.5,103.6,103.4,107.9,114.1,130.7,111.4,119.6,110.5,108.1,117.0,121.2,102.7,103.3,108.0,110.2,112.4,112.2,108.4,120.6,124.7,108.7,108.2,118.3,107.5,106.8,96.5,119.5,109.4,84.8,84.4,78.3,106.7,110.0,110.6,105.8,99.1,103.9,100.4,114.0,106.4,113.4,101.2,116.1,108.3,118.5,113.1,121.4,108.6,101.6,115.5,108.7,110.7,108.4,113.5,109.9,104.7,106.2,116.5,92.4,121.8,121.8,107.7,106.2,106.3,108.5,111.6,107.9,106.5,103.2,102.1,95.5,114.2,102.9,107.0,98.2,104.6,106.3,104.8,107.8,108.1,105.3,100.5,97.3,95.0,91.0,97.1,102.5,95.7,103.0,101.1,94.9,86.6,93.1,94.6,97.0,98.0,99.9,89.1,112.5,99.3,92.6,96.9,99.5,72.4,100.1,92.5,103.1,102.8,110.4,101.6,102.8,117.8,101.0,108.4,103.1,102.8,103.6,103.9,102.7,102.8,102.5,102.6,102.3,102.6,103.5,101.9,103.7,103.1,144.2,152.6,118.4,99.9,102.9,100.6,103.7,102.8,105.4,104.9,98.6,116.2,116.2,98.9,87.7,106.9,98.2,93.0,66.3,74.9,105.7,105.9,106.9,98.4,100.1,92.3,101.5,108.0,127.4,108.2,99.4,104.0,102.5,104.8,97.5,102.7,59.7,98.3,104.0,102.8,101.8,100.1,104.0,99.2,105.3,100.0,102.2,100.5,116.7,104.4,107.2,109.9,115.9,104.8,106.2,106.1,105.1,107.9
201605,107.8,107.3,103.4,103.5,103.4,107.5,113.8,130.3,110.1,119.6,110.5,108.1,116.3,121.2,102.6,103.3,108.0,109.8,110.1,110.9,108.4,120.6,123.5,108.7,108.2,117.9,107.5,106.8,95.4,119.5,109.4,84.0,83.6,77.4,106.4,109.9,110.5,106.5,98.9,111.7,100.4,114.1,106.4,112.9,101.2,114.9,108.3,117.7,113.1,120.6,107.9,101.6,114.2,108.7,111.0,109.1,113.2,110.6,104.5,106.3,116.2,92.2,121.9,121.9,108.1,106.4,106.8,109.0,112.5,107.8,104.9,103.1,102.1,94.5,114.2,102.8,107.1,98.2,104.6,106.4,105.0,107.8,108.1,105.3,100.6,97.7,94.5,92.1,98.8,102.5,95.7,103.1,102.4,95.4,87.7,92.9,97.3,97.0,98.2,99.8,88.2,112.9,99.0,92.8,96.9,99.4,72.6,100.8,94.2,103.2,102.8,110.4,101.6,103.4,117.8,101.1,108.3,103.0,102.8,103.1,103.6,102.7,102.8,102.5,102.6,102.3,102.6,103.6,101.9,103.7,102.8,144.2,152.6,118.4,100.4,102.9,100.6,103.7,102.8,105.4,104.9,98.6,116.7,116.7,99.4,89.1,107.5,98.3,93.0,66.5,74.6,105.7,106.1,107.3,98.4,100.1,92.3,102.0,108.0,127.4,108.2,98.9,104.0,102.5,104.8,96.5,102.7,60.1,98.3,104.0,102.9,102.2,100.5,104.0,99.2,105.3,100.0,102.2,100.5,116.7,104.3,107.2,109.9,115.9,104.8,106.2,106.2,105.1,107.9
201606,107.3,106.8,103.6,103.5,103.6,106.9,113.4,130.3,108.0,119.6,110.5,108.1,114.6,121.2,102.4,103.3,108.0,109.3,109.0,108.2,108.4,120.6,121.3,108.7,108.2,115.0,107.5,106.8,95.1,119.5,109.4,82.7,82.3,76.1,105.3,109.0,109.1,105.4,98.4,111.2,100.4,111.0,106.4,111.5,101.2,112.7,108.3,114.1,113.1,117.1,105.8,101.6,110.1,108.8,111.4,109.2,113.7,111.3,104.4,106.2,116.4,91.8,122.3,122.3,108.3,106.1,106.6,110.0,113.8,107.9,105.3,102.7,101.0,94.4,114.2,102.3,107.5,98.2,103.1,106.3,104.9,107.6,108.2,105.3,100.8,98.3,96.3,92.7,98.9,102.7,95.4,103.3,103.0,95.0,88.7,93.2,102.1,97.0,98.3,99.0,89.1,112.5,99.4,93.1,96.9,99.5,73.0,100.7,96.8,103.2,102.8,110.6,101.5,103.4,117.8,101.7,108.0,101.7,102.8,97.1,100.5,102.7,102.8,102.5,102.6,102.3,102.6,103.6,101.9,103.8,104.3,144.2,152.6,118.4,101.5,102.7,100.8,103.7,102.8,95.3,104.9,98.8,116.4,116.4,100.9,93.3,107.5,98.0,93.0,65.1,74.6,105.8,106.2,107.3,98.4,101.2,92.3,101.0,108.3,127.4,108.2,98.9,104.0,102.5,104.8,96.5,102.7,59.9,98.3,104.0,102.9,102.2,100.5,104.0,99.2,105.3,100.0,102.2,100.5,116.7,104.3,107.2,109.9,115.9,104.8,106.2,106.2,105.1,107.9
201607,104.7,103.9,103.6,103.6,103.6,103.9,109.9,117.8,97.9,119.6,110.5,108.1,105.7,121.2,101.6,103.3,108.0,106.7,102.7,101.4,108.4,120.6,99.3,108.7,108.2,97.2,107.5,106.8,94.2,119.5,109.4,79.1,82.1,68.6,103.3,105.0,103.3,101.2,97.4,105.1,100.4,99.5,106.4,105.3,101.2,102.1,108.3,99.9,113.1,100.1,97.0,101.6,92.4,108.7,111.8,109.9,114.1,111.3,103.9,106.0,116.1,91.0,123.1,123.1,108.2,105.7,106.2,110.4,114.4,108.3,104.3,101.4,99.8,86.3,114.2,101.1,107.0,97.4,103.4,106.4,105.0,107.8,108.2,105.3,100.8,98.2,96.5,92.1,98.9,102.9,94.7,103.4,103.2,94.2,88.5,93.3,102.0,97.0,98.4,98.9,91.2,112.1,99.7,92.9,96.9,99.5,72.7,100.6,97.1,103.2,102.8,110.6,101.5,103.4,117.8,101.8,109.6,103.2,102.8,103.8,104.3,102.7,102.8,102.5,102.6,102.3,102.6,103.6,101.9,103.8,114.1,144.2,152.6,118.4,101.3,102.8,101.0,103.7,102.8,95.3,104.9,98.8,117.6,117.6,100.7,92.8,107.2,98.0,92.9,62.7,73.4,105.8,106.2,107.3,98.4,101.2,92.3,108.2,108.3,127.4,108.2,98.7,104.0,102.5,104.8,96.6,102.7,60.5,96.7,104.0,102.9,102.2,100.5,104.0,99.2,105.3,100.0,102.2,100.5,116.7,104.3,107.2,109.9,115.9,104.8,106.2,106.2,105.1,107.9
201608,103.4,102.8,103.4,103.2,104.2,102.8,108.4,115.3,93.8,119.6,110.5,108.1,98.1,121.2,101.9,103.3,108.0,105.7,100.3,98.2,108.4,120.6,90.2,108.7,108.2,90.7,107.5,106.8,93.9,119.5,109.4,78.2,81.6,66.7,104.1,101.9,98.7,97.4,96.9,96.6,100.4,89.6,106.4,100.2,101.2,88.6,108.3,89.5,113.1,89.3,92.9,101.6,84.1,108.9,112.1,110.0,114.6,111.3,104.1,106.4,116.3,91.1,122.6,122.6,108.4,105.6,106.8,110.2,114.0,108.3,105.3,101.5,100.2,86.7,114.2,101.2,107.2,97.2,102.7,106.4,104.9,107.9,108.3,105.3,100.8,97.9,96.5,91.6,99.1,103.0,95.0,103.4,103.5,94.6,89.2,93.1,102.2,95.7,98.5,98.7,91.7,111.4,99.6,92.2,97.9,99.6,72.6,100.5,95.9,103.2,102.8,111.0,101.5,103.6,117.8,101.9,111.1,104.3,102.8,108.5,106.8,102.7,102.8,102.5,102.6,102.3,102.6,103.6,102.1,103.8,124.8,144.2,152.6,118.4,101.0,102.7,101.0,103.6,102.8,95.3,104.9,98.8,117.8,117.8,100.4,91.8,107.3,98.0,93.0,62.8,73.6,105.8,106.2,107.3,98.4,101.2,92.3,110.8,108.2,127.4,108.2,98.7,104.0,102.5,104.8,96.6,102.7,64.0,96.7,104.0,102.9,102.2,100.5,104.0,99.2,105.3,100.0,102.2,100.5,116.7,104.3,107.2,109.9,115.9,104.8,106.2,106.2,105.1,107.9
201609,108.6,108.5,103.2,102.8,104.0,108.8,113.8,125.6,105.7,119.3,117.6,108.1,111.6,130.4,102.5,103.3,108.0,112.4,107.7,107.4,111.7,126.8,113.6,116.5,118.4,109.8,115.2,115.9,94.5,119.5,109.4,83.0,83.8,74.5,107.9,110.7,111.3,106.4,98.8,106.2,105.7,105.7,115.5,114.5,106.6,106.9,115.6,108.0,128.2,109.7,106.6,110.0,103.3,109.2,112.7,110.8,115.1,112.0,104.2,106.3,116.1,91.5,123.4,123.4,108.9,106.5,107.2,110.7,114.4,108.3,105.6,102.8,101.7,93.4,114.2,102.5,107.2,98.3,103.8,106.5,105.2,107.9,108.2,105.3,100.8,97.9,94.9,91.7,97.0,102.8,94.9,103.4,100.1,96.0,90.5,93.5,101.0,97.0,98.7,99.1,92.9,111.8,99.1,92.4,98.1,99.7,72.6,100.2,95.9,103.2,102.8,111.0,101.5,103.6,117.8,101.3,108.2,101.9,102.8,97.8,100.9,102.7,102.8,102.5,102.6,102.3,102.6,103.6,102.0,103.8,105.7,144.1,152.5,118.4,101.2,102.8,101.0,103.6,102.8,95.3,105.0,98.8,117.8,117.8,100.5,92.5,107.6,97.9,92.5,62.6,73.2,105.8,106.2,107.3,98.4,101.2,92.3,101.0,108.2,127.4,108.2,97.7,104.0,102.5,104.8,96.6,102.7,64.7,89.3,104.1,102.9,102.2,100.5,104.0,99.2,105.3,100.0,102.2,100.5,116.7,104.3,107.2,109.9,115.9,104.8,106.3,106.2,105.3,107.9
201610,109.0,109.3,103.8,103.8,104.0,109.5,116.2,125.6,105.7,119.4,117.3,124.2,111.6,130.4,103.2,103.3,108.0,112.4,107.7,107.4,112.0,128.4,113.6,115.4,118.8,109.8,115.2,116.1,93.4,119.5,109.4,83.1,83.9,74.7,107.3,110.0,110.3,106.9,98.7,106.2,105.9,105.7,118.1,112.8,104.0,106.9,110.7,108.0,126.3,109.7,104.3,105.2,103.3,109.3,112.5,110.3,114.5,112.8,104.3,106.5,116.2,91.7,124.0,124.0,109.1,106.0,107.7,110.4,114.6,108.1,106.8,105.5,102.5,93.0,129.4,102.8,107.5,99.3,104.1,106.5,105.2,107.7,108.3,105.3,100.8,97.9,94.4,91.4,99.1,102.8,94.9,103.6,97.0,94.5,90.1,93.8,101.6,97.0,98.6,98.7,92.7,111.7,97.6,91.2,98.1,99.7,73.3,100.4,98.5,103.2,102.8,111.1,101.6,103.6,119.1,101.4,108.5,102.7,102.8,101.8,102.9,102.7,102.8,102.8,103.1,102.3,102.6,103.5,101.9,103.8,104.8,144.2,152.6,118.4,101.4,102.8,101.0,103.6,102.8,95.3,105.0,99.4,118.5,118.5,100.7,92.8,108.0,97.8,92.5,62.8,73.3,106.5,106.2,107.5,98.4,101.2,92.3,101.0,108.1,127.4,108.2,97.6,104.0,102.5,104.8,96.3,102.7,64.6,89.3,104.1,102.9,102.2,100.5,104.0,99.2,105.3,100.0,102.2,100.5,116.7,104.3,107.2,109.9,115.9,104.8,106.3,106.2,105.3,107.9
201611,109.5,110.6,103.8,103.7,104.1,110.9,116.4,125.6,105.7,120.1,116.9,119.3,111.6,130.9,103.4,112.0,108.0,114.6,107.7,107.4,111.9,129.2,113.6,114.9,120.1,109.8,116.3,118.3,92.8,132.7,109.4,83.5,84.6,74.7,108.2,109.6,109.6,106.9,99.1,106.2,105.4,105.7,117.9,112.0,103.4,106.9,108.8,108.0,124.6,109.7,103.0,102.7,103.3,109.6,113.8,111.0,114.7,116.9,104.0,106.6,116.4,90.6,124.7,124.7,109.1,106.1,107.2,110.2,115.6,108.5,107.4,105.9,102.2,93.7,131.2,103.3,107.7,99.5,104.2,106.6,105.2,108.0,108.3,105.3,100.7,97.7,93.3,91.9,98.9,102.7,94.5,103.6,95.6,95.3,89.6,93.6,101.3,97.0,98.5,97.9,92.8,111.7,97.4,91.4,97.9,99.9,74.2,99.9,97.5,103.2,102.8,111.1,101.5,103.6,119.1,101.6,107.9,101.9,102.8,98.0,101.0,102.7,102.8,102.8,103.1,102.3,102.6,103.5,101.9,103.8,102.3,144.2,152.6,118.4,102.0,102.9,101.0,103.8,102.8,95.3,105.0,99.4,118.4,118.4,101.5,95.1,107.9,97.6,93.1,60.8,73.2,106.5,106.2,107.6,98.4,101.7,92.3,101.0,108.1,127.4,108.2,97.5,104.0,102.5,104.8,96.3,102.7,63.5,88.9,104.1,102.9,102.2,100.5,104.0,99.2,105.3,100.0,102.2,100.5,116.7,104.3,107.2,109.9,115.9,104.8,106.3,106.2,105.3,107.9
201612,108.2,108.7,104.1,104.1,104.1,108.9,113.7,125.6,105.7,119.7,111.2,113.8,111.6,124.7,103.7,104.4,108.0,112.8,107.7,107.4,112.0,126.3,113.6,113.2,119.3,109.8,112.2,117.0,92.2,124.1,109.4,82.5,83.6,73.8,107.5,108.2,107.6,105.7,98.9,106.2,103.3,105.7,114.7,109.5,102.2,106.9,107.9,108.0,116.1,109.7,101.5,99.7,103.3,109.5,113.9,111.3,115.6,115.3,103.7,106.9,115.9,90.4,124.7,124.7,109.4,106.1,107.6,110.9,115.6,108.8,108.8,104.8,101.0,93.2,126.1,103.3,107.6,99.0,103.9,106.9,105.6,108.4,108.3,105.3,100.6,97.5,93.0,89.5,97.8,102.1,94.2,103.2,94.5,95.9,89.6,94.5,101.2,97.0,98.1,97.4,92.5,111.2,95.0,91.2,97.9,100.0,73.5,99.0,98.6,103.2,102.8,111.1,101.5,103.6,119.1,102.0,108.6,102.5,102.8,100.5,102.4,102.7,102.8,102.8,103.1,102.3,102.6,103.5,101.9,104.1,106.9,144.2,152.6,118.4,102.5,102.8,100.9,103.7,102.8,95.3,105.0,99.4,118.8,118.8,102.2,96.8,107.8,98.1,92.9,63.1,72.4,106.4,106.2,107.5,98.4,101.7,92.3,101.5,108.4,127.4,108.2,97.5,104.0,102.5,104.8,96.3,102.7,61.9,89.3,104.1,102.9,102.2,100.5,104.0,99.2,105.3,100.0,102.2,100.5,116.7,104.3,107.2,109.9,115.9,104.8,106.3,106.2,105.3,107.9
